entry_id,surname,position_order,position_raw,year_first_mentioned,place_mentioned,occupation_categories
L1912-00003,ABDELLI,1,"khalifa de Muleur (1872), khalifa de Souk-el-Khemis (1872), khalifa du Cap-Bon. de Medjez et el de Zaghouan (1874). Oukil depuis 1886. Auteur d'un ouvrage sur « La littérature arabe » (1889).",1872,,justice_law;politics_native_admin
L1912-00011,ABRIBAT,1,officier-interprète de l'armée d'Afrique en Algérie el en Tunisie,,,administration
L1912-00011,ABRIBAT,2,interprète judiciaire el juge de paix suppléant à Sousse,,Sousse,justice_law;administration
L1912-00011,ABRIBAT,3,interprète judiciaire à Tunis,,Tunis,administration
L1912-00011,ABRIBAT,4,ancien membre de la Commission scolaire de Sousse,,,
L1912-00011,ABRIBAT,5,membre de la Commission d'examens pour les diplômes d'arabe et l'emploi d'interprète judiciaire.,,,administration
L1912-00022,AFRIGAN,1,"secrétaire-copistebibliothécaire au Théâtre municipal,copiste au Théâtre municipal d'Alger et à l'ancien Théâtre municipal de Tunis (direction Donchet), agent de contentieux, secrétaire-contrôleur général du Théâtre, régisseur général du Palmarium et du Casino du Belvédère. Collaborateur à plusieurs",,,military;administration
L1912-00034,AIACHI,1,"instituteur à Monaslir (1S93), chargé du cours d'arabe u.u lvcée Carnol t'1.894), secrétaire-interprète à la Direction des Contrôles et de l'Agriculture (:IS!.>5),éliidiant en droit (1896 à. 1898), avocat à Sousse depuis 1S98. Président de la Société de Bienfaisance Musulmane de Sousse",1896,Monaslir,justice_law;education_science;administration
L1912-00034,AIACHI,2,membres du Cercle Tunisien .,,,
L1912-00081,ALIX,1,chargé de l'enseignement des lettres à l'école primaire supérieure de Bizerte et professeur de français et d'arabe à l'école primaire supérieure de Sousse,,,education_science
L1912-00081,ALIX,2,président du Comité régional de l'Amicale de l'Enseignement primaire,,,
L1912-00081,ALIX,3,ancien trésorier du Cercle sousslen de la Ligue de l'Enseignement.,,,
L1912-00083,ALLEMAND,1,préparateur et chef de laboratoire à l'Institut Pasleur de Tunis,,,
L1912-00083,ALLEMAND,2,sous-directeur du laboratoire maritime de Sfax,,,administration
L1912-00083,ALLEMAND,3,"professeur au collège Sadiki de Tunis, professeur au collège de Mauriac (Cantal)",,,education_science
L1912-00083,ALLEMAND,4,membre de l'Institut de Carthage et la Société de Géographie commerciale de Paris.,,,
L1912-00089,AMAT J.-C.) 1856,1,"professeur au collège de M o s t a g anem, vérificateur des Poids et Mesures à . Constantine, vice - président de la Société française de bienfaisance.",,,education_science;administration
L1912-00105,ANTERRIEU,1,"avocat,18S4",,,justice_law
L1912-00105,ANTERRIEU,2,"attaché à. Saigon, 24 nov. 93",,,
L1912-00105,ANTERRIEU,3,"4 juge suppléant, 17 mai 1S95",,,justice_law
L1912-00105,ANTERRIEU,4,"substitut à Saigon, août 1S95",,Saigon,justice_law
L1912-00105,ANTERRIEU,5,"juge président à Beutré, nov. 1895",1895,Beutré,justice_law
L1912-00105,ANTERRIEU,6,"lieutenant-juge à Mytho, 20 fêv. 1896",1896,Mytho,justice_law;military
L1912-00105,ANTERRIEU,7,"juge à Saigon, mars 96",,Saigon,justice_law
L1912-00105,ANTERRIEU,8,"juge président à Vinli-I-long, mai 96",,Vinli-I-long,justice_law
L1912-00105,ANTERRIEU,9,"vice-président du Tribunal mixte à Tunis, 11 juin 1896",1896,Tunis,justice_law
L1912-00105,ANTERRIEU,10,"juge à Tunis, 17 mars 1899",1899,Tunis,justice_law
L1912-00105,ANTERRIEU,11,"jirésiclent du Tribunal mixte, avril 1896. Conseiller à la Cour d'appel de Riom.",1896,,justice_law
L1912-00120,ARÈNE,1,": surnuméraire a Paris, commis à. Paris, rédacteur à. la Direction de la Caisse Nationale d'Epargne à Paris, breveté de l'Ecole Professioiineille Supérieure des Postes iol Télégraphes, inspecteur à. Tunis. Vice-président d'honneur de l'Association Amicale des Employés français de l'Office Postal Tun",,Paris,administration
L1912-00120,ARÈNE,2,a obtenu une Médaille de bronze de l'Association.,,,
L1912-00170,ATGER,1,"pasteur à Avôze (Gard) pendant cinq ans, puis missionnaire en Ocôanie, à Tahiti, pendant sept ans",,Avôze,religion
L1912-00170,ATGER,2,"ensuite pasteur au Vans (Ardèche), Puylaurens (Tarn), Bourges (Cher) et Sauve (Gard). Prit sa retraite en 1897 et se retira en Tunisie",1897,,religion
L1912-00170,ATGER,3,décédé à Bir-M'cherga,,Bir-M'cherga,
L1912-00170,ATGER,4,inhumé à Tunis le 17 déc. 1909.,1909,Tunis,
L1912-00175,AUCOUTURIER,1,dessinateur aux ateliers de construction de Comînemlry-Fourclihambault,,,
L1912-00175,AUCOUTURIER,2,chef mécanicien chemin de fer du Nord,,,transport_maritime
L1912-00175,AUCOUTURIER,3,industriel à Tunis.,,Tunis,industry_crafts
L1912-00188,AUZEPY,1,"de 1883-à 1884, à Villefranche-de-Conflant (Pyr.-Or.), directeur des mines des Ambollas",1883,Villefranche-de-Conflant,mining
L1912-00188,AUZEPY,2,"de 1885 à 1888, à. la Guyane française, comme ingénieur-directeur des gisements d'or de Saint-Elie",1885,,engineering_architecture
L1912-00188,AUZEPY,3,"de 1899 à 1891, chef de service à la Vieille-Montagne (district clu sud-est de la France)",1899,,administration
L1912-00188,AUZEPY,4,"de 1891 à 1895, chef d'exploitation aux mines de zinc des Alallnes (Gard)",1891,,mining
L1912-00188,AUZEPY,5,"de 189C à ce jour, en Tunisie, comme directeur des mines de Bon-Jaber",,,mining
L1912-00188,AUZEPY,6,■ ingénieur aux mines -de Sakiet-Sidi-Yousséf,,,engineering_architecture;mining
L1912-00188,AUZEPY,7,"fondateur et administrateur-directeur' de la Société, des Mines de Touireuf. Ingénieur-chef des travaux pour la. Société d'Études minières de l'Onenza.",,,engineering_architecture;administration;mining
L1912-00207,BACH-HAMBA,1,interprète à la Conservation foncière en 1.897,,,administration
L1912-00207,BACH-HAMBA,2,"ad ministruteur du collège Sadiki clu 1"" février 1898 au 31 janvier 1907",1898,,
L1912-00207,BACH-HAMBA,3,"avocat a lums a partir du i"" février 1907. Ancien membre du Conseil de perfectionnement du collège Sadiki",1907,,justice_law
L1912-00207,BACH-HAMBA,4,membre du Comité de la Khaldounia,,,
L1912-00207,BACH-HAMBA,5,trésorier de l'Association des Anciens Elèves du Collège Alaoui,,,
L1912-00207,BACH-HAMBA,6,membre fondateur clu Cercle Tunisien.,,,
L1912-00211,BADER,1,"attaché au service d'Etat-Ma.- jor comme capitaine, puis commandant au 37' d'infanterie et lieutenant-colonel au 4° tirailleurs.",,,military
L1912-00217,BAILLE,1,instituteur à Alais (Nîmes),,Alais,education_science
L1912-00217,BAILLE,2,"professeur à l'Ecole Normale de Grenoble, à celle de Tunis",,,education_science
L1912-00217,BAILLE,3,"inspecteur cle l'Enseignement primaire à. Tunis, 'trésorier de l'Assistance mutuefle entre les fonctionnaires cle l'Enseignement cle la Régence jusqu'en 1907",1907,,administration
L1912-00217,BAILLE,4,président du Comité local cle l'Orphelinat de l'Enseignement primaire.,,,
L1912-00219,BAILLY,1,démissionnaire de l'armée active après dix ans de services,,,
L1912-00219,BAILLY,2,"démissionnaire de la territoriale ayant atteint la limite d'âge. Propriétaire des domaines cle Drâ-Ettamar, près de Kairouan (110 hect.), et Sidi-Saâd, sur la ligne d'Aïn-Aloularès.Gare.Poste.Eau source abondante. 50 k. de Kairouan. Auteur cle plusieurs brochures ayant pour titres-: «L'Agriculture e",1902,,agriculture
L1912-00219,BAILLY,3,"ancien rôdacteui en chef de «El-Djebel», journal publie à Alger",,Alger,
L1912-00219,BAILLY,4,"rédacteur à «El Hakbar», radical algérien",,,
L1912-00219,BAILLY,5,"membre de la presse coloniale. Plusieurs médailles or, argent bronze pour son bétail",,,
L1912-00219,BAILLY,6,hors concours membre du jury. Fit des céréales,,,
L1912-00219,BAILLY,7,s'occupa surtout de l'élevage du cheval et du mouton,,,
L1912-00219,BAILLY,8,exportation importante sur la France. Décédé en 1909.,1909,,
L1912-00228,BARBAIS,1,"cond u c I, e u r des Ponts el Chausr sées",,,
L1912-00228,BARBAIS,2,ofïîcier du génie el ingénieur civil,,,engineering_architecture
L1912-00228,BARBAIS,3,represcnta.nl de la. Société l'Hygiène Générale et Industrielle (Lille),,,military;industry_crafts
L1912-00228,BARBAIS,4,président de la Société de Gymnastique «L'Orientale»,,,
L1912-00228,BARBAIS,5,"représentant de la Société Considère, Peinard el Lossier, cle Paris : bétons freftés",,,
L1912-00228,BARBAIS,6,"cle la. Société des Pieux «Simplex», annexe de Tunisie",,,
L1912-00228,BARBAIS,7,membre de la Chambre de Commerce de Tunis. T u A v AUX : nombreuses constructions comme officier clu génie,,,
L1912-00228,BARBAIS,8,en Algérie : les bordj d'El-Goléa (Sahara),,,
L1912-00228,BARBAIS,9,à Madagascar : le point d'appui de Diégo-Suurez.,,Madagascar,
L1912-00229,BARBARAT,1,"eleve ingénieur des Télégraphes le 1"" nov. 1878",1878,,engineering_architecture
L1912-00229,BARBARAT,2,"sous-ingénieur, ""1"" nov. 1SS0",,,engineering_architecture
L1912-00229,BARBARAT,3,"inspecteur ingénieur 1"" déc. 18SS",,,engineering_architecture;administration
L1912-00229,BARBARAT,4,"ingénieur en chef dû Service des Câbles sous-marins, 1"" nov. 1899",1899,,engineering_architecture
L1912-00229,BARBARAT,5,"directeur du Matériel et de la Construction an Sous^Secrétariat des Postes et Télégraphes, T"" mai 1900",1900,,
L1912-00229,BARBARAT,6,"Inspecteur général, 16 déc 1902",1902,,military;administration
L1912-00229,BARBARAT,7,"inspecteur général de 1"" cl., 26 juillet 1904",1904,,military;administration
L1912-00229,BARBARAT,8,"directeur cle l'Office des Postes et Télégraphes, à Tunis, 1"" août 1908.",1908,Tunis,
L1912-00231,BARBOT,1,compagnon c h a. rp en lier,,,
L1912-00231,BARBOT,2,sous-officier au 5' régiment du génie (chemins de fer),,,military;transport_maritime
L1912-00231,BARBOT,3,chef de district ■ de la voie à l'Est-Algôrien cle 1890 a 1S93,1890,,
L1912-00231,BARBOT,4,"collaboration, comme conducteur cle travaux, a diverses entreprises importantes à Tunis",,Tunis,
L1912-00231,BARBOT,5,"en 1896, implante pour son compte, à Sfax, l'industrie générale clu bâtiment avec outillage mécanique moderne agréé par l'administra lion. Membre de la Conférence Consultative, pour la. 7* circonscription, de 1905 à. 1909",1896,Sfax,military;politics_native_admin;diplomacy
L1912-00231,BARBOT,6,a présenté,,,
L1912-00231,BARBOT,7,i celle assemblée des rapports sur l'application d nia loi sur les faillites cl liquidations judiciaires,,,
L1912-00231,BARBOT,8,sur l'agrandissement du port de Sfax,,,
L1912-00231,BARBOT,9,sur les tracés el conventions des chemins de fer SousscSfax el Sfax-Bou-Thadi et sur l'adduction de l'eau potable à Sfax,,Sfax,transport_maritime
L1912-00231,BARBOT,10,élu en 1906 membre de la Chambre mixte du Sud,1906,,
L1912-00231,BARBOT,11,"a créé el. encouragé de nombreux, groupements, entre aulres : une section cle la. Fédération générale professionnelle des mécaniciens, chauffeurs et professions connexes",,,military
L1912-00231,BARBOT,12,une section cle travailleurs français en Tunisie,,,
L1912-00231,BARBOT,13,"l'enseignement post-scolaire professionnel gratuit, et enfin l'Amical-Club cle Sfax pour l'expansion intellectuelle cle la jeunesse sfaxienne.",,,
L1912-00235,BARET,1,brigadier de chasseurs d'Afrique,,,
L1912-00235,BARET,2,clerc d'huissier pendant quinze ans en Algérie,,,justice_law
L1912-00235,BARET,3,un an employé au Greffe à Tunis,,Tunis,
L1912-00235,BARET,4,un an secrétaire du Parquet à Tunis,,Tunis,
L1912-00235,BARET,5,"huissier depuis le 3 mars 1907, d'abord à Aïn-Draham el ensuite au Kef.",1907,Aïn-Draham,justice_law
L1912-00239,BAROGHE,1,"principal clerc de notaire et d'avoué, secrétaire au Contrôle civil et vice-consulat de France à Tunis (1892-1896)",1892,Tunis,justice_law;diplomacy
L1912-00239,BAROGHE,2,"Membre du Conseil d'administraton du Syndicat professionnel des Hommes d'Affaires de France et des Colonies, 22, boul. Poissonnière, Paris.",,,
L1912-00247,BASTIDE,1,interne des hôpitaux,,,medicine_health
L1912-00247,BASTIDE,2,médecin des Travaux publics du département d'Alger,,,medicine_health
L1912-00247,BASTIDE,3,envoyé en mission à Tunis en 1877,1877,Tunis,
L1912-00247,BASTIDE,4,médecin de société diverses,,,medicine_health
L1912-00247,BASTIDE,5,directeur du service de vaccination,,,
L1912-00247,BASTIDE,6,"médecin en chef cle l'hôpital Saint-Louis. Membre fondateur et Prés, cle la Société française de Bienfaisance pendant dix ans.",,,medicine_health
L1912-00248,BASTIEN,1,"garde général stagiaire, garde général, inspecteur-adjoint, inspecteur el conservateur. Lieutenant-colonel d'infanterie (hors cadres) dans l'armée territoriale.",,,military;administration
L1912-00270,BEL KHODJA,1,"secrétaire, interprète, comptable,principal et chef de comptabilité. Secrétaire de la Khaldoum'a de 1898 à 1902.",1898,,administration;finance_banking
L1912-00281,BENAZET,1,instituteur à Alahdia,,Alahdia,education_science
L1912-00281,BENAZET,2,instituteur à Bizerte,,Bizerte,education_science
L1912-00281,BENAZET,3,. directeur d'école à Tunis,,Tunis,education_science
L1912-00281,BENAZET,4,ancien secrétaire du cercle bizertin de la Ligue de l'Enseignement,,,
L1912-00281,BENAZET,5,ancien secrétaire de l'Amicale de l'Eniséignement primaire,,,
L1912-00281,BENAZET,6,président de la Société «Les Enfants de l'Aude». Diplôme de la. Société des Conférences populaires de la Ligue de l'Enseignement,,,
L1912-00281,BENAZET,7,' lettre de félicitations du Ministre de l'Instruction publique.,,,
L1912-00287,BENETTI,1,professeur au séminaire et au collège de Nice,,,education_science
L1912-00287,BENETTI,2,professeur à l'internat S'-Joseph à Lyon,,Lyon,education_science
L1912-00287,BENETTI,3,vicaire à Tunis,,Tunis,
L1912-00287,BENETTI,4,"curé à Kairouan, à La Marsa et à Ferrvville.",,Kairouan,religion
L1912-00308,BÉRARD,1,instituteur à Tunis (1S85),,Tunis,education_science
L1912-00308,BÉRARD,2,fondat e u r de l'école de Nabeul (1885),1885,,
L1912-00308,BÉRARD,3,"dir. cle l'école de Sfax (1887-1893), directeur de l'annexe du collège Sadiki (18931904). Premier président de l'Amicale de l'Enseignement primaire",1887,,
L1912-00308,BÉRARD,4,co-auleur d'un cours de devoirs de vacances.,,,
L1912-00309,BERGE,1,avocat à la Cour de Paris (1874),1874,,justice_law
L1912-00309,BERGE,2,juge de paix au Kef (1885),1885,,justice_law
L1912-00309,BERGE,3,juge à Tunis (1886),1886,Tunis,justice_law
L1912-00309,BERGE,4,président à Sousse (1888),1888,Sousse,
L1912-00309,BERGE,5,vice-président à Tunis (1890),1890,Tunis,
L1912-00309,BERGE,6,directeur des Services judiciaires au Gouvernement tunisien (1896),1896,,
L1912-00309,BERGE,7,président du Tribunal mixte (1903),1903,,justice_law
L1912-00309,BERGE,8,président du Tribunal de Tunis (1904). Président de l'Alliance française à Tunis de 1900 à 1910.,1904,Tunis,justice_law
L1912-00310,BERGTOLD,1,"répétiteur à Epinal, Bar-le-Duc, Nancy",,Epinal,
L1912-00310,BERGTOLD,2,répétiteur puis professeur au lycée de Tunis.,,,education_science
L1912-00312,BËRIEL,1,rédacteur au Ministère de la Marine,,,
L1912-00312,BËRIEL,2,"secrétaire de M. Aubry, sénateur cle Conslanline",,,
L1912-00312,BËRIEL,3,"chef du secrétariat particulier de, M. Thomson, ministre 1 de la Alarme",,,
L1912-00312,BËRIEL,4,"chef du Secrétariat particulier cle Al. Alapetite, résident général. V.-prés. clé le Société «La Région Lyonnaise», à Tunis.",,Tunis,military
L1912-00314,BERKELEY,1,"lieutenant d'infanterie, vice-consul à Zanzibar (18 8 5), consul (1891), administrateur cle la Compagnie Anglaise de l'AI'rique Orientale (1891-1892)), commissaire et consul général pour le Prol.ee-- •torat britannique de l'Ouganda (1895 1899).",1891,Zanzibar,military;administration;diplomacy
L1912-00316,BERNE,1,"instituteur à Oyonna.x (Ain), collège Alaoui (Tunis), collège Sadiki (Tunis), lycée Carnot (Tunis).",,Oyonna,education_science
L1912-00317,BEROLSHEIMER,1,Ancien secrétaire cle la C h a m b r e de Commerce italienne de Tunis,,,
L1912-00317,BEROLSHEIMER,2,"représentant de la. maison Jansô, de Paris, pour la recherche des mines et des sources par les radiations des corps minéraux",,,mining
L1912-00317,BEROLSHEIMER,3,correspondant de l'Office International de la Presse,,,
L1912-00317,BEROLSHEIMER,4,rédacteur de (d'Index général des Alines cle Tunisie» (un. supplément mensuel de «l'Index» tiendra l'ouvrage toujours à jour).,,,military
L1912-00319,BERTAINCHAND,1,ingénieur agronome,,,engineering_architecture
L1912-00319,BERTAINCHAND,2,essayeur de la Monnaie à Paris,,Paris,
L1912-00319,BERTAINCHAND,3,"ancien président de l'Association amicale des Ingénieurs agronomes. docteur en médecine (1877): mention cle 1"" cl.",1877,,medicine_health;engineering_architecture
L1912-00319,BERTAINCHAND,4,"capitaine de réserve au 7"" d'artillerie à Bizerte. sousingénieur, de 1SS3 à 1892, dans diverses mines et exploitations du centre et du nord de la France",1892,Bizerte,military;engineering_architecture;mining
L1912-00319,BERTAINCHAND,5,entré dans l'administration en 1892 comme contrôleur des Alines de 4* cl.,1892,,administration
L1912-00319,BERTAINCHAND,6,"contrôleur principal au titre métropolitain le 1"" juillet 1908. Président du Groupe cle l'Afrique du Nord des Anciens Elèves de l'Ecole des Alines d'Alais. honorable de la Faculté de Médecine de Paris (1S78)",1908,,medicine_health;administration
L1912-00319,BERTAINCHAND,7,prix de 1.000 francs de l'Académie de Alédecine (1881),1881,,
L1912-00319,BERTAINCHAND,8,médecin militaire de 1877 à 1890,1877,,medicine_health
L1912-00319,BERTAINCHAND,9,"démissionnaire en 1890 comme médecin major de 1"" cl.",1890,,medicine_health
L1912-00319,BERTAINCHAND,10,médecin-chef du Service Pénitentiaire,,,medicine_health
L1912-00319,BERTAINCHAND,11,médecin du collège Alaoui et du lycée Carnot,,,medicine_health
L1912-00319,BERTAINCHAND,12,"membre cle la Conférence Consultative, élu en 1906",1906,,politics_native_admin;diplomacy
L1912-00319,BERTAINCHAND,13,correspondant honoraire du Ministère de l'Instruction publique,,,
L1912-00319,BERTAINCHAND,14,fondateur et premier président du Cercle tunisien de la Ligue de l'Enseignement (1S91-94),,,
L1912-00319,BERTAINCHAND,15,président d'honneur de la Société tunisienne des Habitations à bon marché,,,
L1912-00319,BERTAINCHAND,16,"membre des Sociélés d'Anthropologie de Paris, de Lyon, de Londres. TRAVAUX publications diverses sur-des sujets médicaux, climatologie, démographiques",,,
L1912-00319,BERTAINCHAND,17,"nombreux ouvrages sur l'anthropologie et sur l'ethnographie de l'Afrique du Nord, et sur la colonisation",,,
L1912-00319,BERTAINCHAND,18,"publication d'un livre sur l'origine et la formation de la langue berbère,etc. A fondé, le 10 nov. 1894-, avec MM. Auguste Pavy et Servonnët, aujourd'hui décédés, l'Institut de Carthage",1894,,
L1912-00319,BERTAINCHAND,19,"président de cette Société en 1894 et 1900: secrétaire général depuis 1902 et, comme tel, dirigeant la «Revue Tunisienne» (17 volumes)",1894,,military;administration
L1912-00319,BERTAINCHAND,20,vice-président d'honneur de l'Institut de Carthage,,,
L1912-00319,BERTAINCHAND,21,médaille de bronze en 1889 à l'Exposition. Universelle (exposition d'anthropologie fiunisienne),1889,,
L1912-00319,BERTAINCHAND,22,"deux médailles d'argent et une de bronze au Concours agricole, de 1895 (lait sérilisé et bétail)",1895,,
L1912-00319,BERTAINCHAND,23,médaille d'or de l'Institut de Carthage (1906).,1906,,
L1912-00320,BERTIN,1,"Maître primaire au lycée Carnot de Tunis et instituteur dans diverses villes cle la Régence (La G oulette. Le Kef, Bizerle, Sfax, etc.)",,,education_science
L1912-00320,BERTIN,2,v.- président du Cercle de Alahdia de la Ligue .de 1 Enseignement,,,
L1912-00320,BERTIN,3,"v.-prés. du Cercle de l'Union Française et v.-prés. de la Section tunisienne de l'Art à l'Ecole,à Mahdia.TRAVAux : création de la Bibliothèque populaire cle Alahdia",,Mahdia,
L1912-00320,BERTIN,4,mention honorable là l'Exposition coloniale de Alarseille pour un travail personnel : «Les principales industries kairouannaises. »,,,
L1912-00322,BERTIN,1,"institutrice à La Rochette (Savoie) et à Bizerte, Gafsa, Kairouan. | SJLINT-RAPHA.EL Q TTIN Q T7INA.",,La Rochette,education_science
L1912-00323,BERTRAND,1,administrateur directeur de la Société des Aiefiers de Constructions mécaniques de Tunisie,,,administration
L1912-00323,BERTRAND,2,administrateur-délégué cle la Compagnie Electrique cle Sousse,,,administration
L1912-00323,BERTRAND,3,administrateur-délégué de la Compagnie Electrique cle Bizerle: administrateur de la Société Générale Electrique Tunisienne,,,military;administration
L1912-00323,BERTRAND,4,ancien secrétaire de la Chambre de Commerce,,,
L1912-00323,BERTRAND,5,'membre cle la Conférence Consultative,,,politics_native_admin;diplomacy
L1912-00323,BERTRAND,6,conseiller clu Commerce extérieur de la France,,,
L1912-00323,BERTRAND,7,plusieurs premiers prix au Concours agricole cle Tunis 1907.,1907,,
L1912-00334,BEYNA,1,Entré à la Compagnie Al aérienne à Paris en novembre 1875,1875,Paris,
L1912-00334,BEYNA,2,à Paris jusqu'en 1878,1878,Paris,
L1912-00334,BEYNA,3,"à Oran, caissier en 1878, chef de bureau en 1881, directeur en 1884",1878,Oran,administration
L1912-00334,BEYNA,4,"à Tunis, directeur en 1901.",1901,Tunis,
L1912-00342,BIGNENS,1,"chef mécanicien, chef de dépôt, inspecteur de la Traction à la Compagnie Bône-Guelma",,,administration
L1912-00342,BIGNENS,2,"travaux en Grèce et en Tunisie. Prés, de l'Epargne Tunisienne",,,
L1912-00342,BIGNENS,3,v.-prés. de la Société cle Bienfaisance,,,
L1912-00342,BIGNENS,4,v.-prés. de la .Ligue dé l'Enseignement,,,
L1912-00342,BIGNENS,5,v.-prés. des Droits de l'Homme,,,
L1912-00342,BIGNENS,6,membre de la Société des Ingénieurs coloniaux. Auteur d'un important projet relatif à 3'exploitalion des forces motrices cle la. Medjerda et à l'utilisation de ses eaux pour l'irrigation de toute une vaste contrée et pour les besoins divers des Services publics en général. La réalisation-de ce proje,,,military;engineering_architecture
L1912-00347,BILLY,1,ancien directeur de la Société française de l'Elevage cle l'Autruche en Algérie (18841886),1884,,
L1912-00347,BILLY,2,ancien sous - directeur de la Bergerie nationale de Moudjebeur en Algérie (1887 à 1890),1887,,
L1912-00347,BILLY,3,membre de la Conférence Consultative,,,politics_native_admin;diplomacy
L1912-00347,BILLY,4,membre de la Chambre d'Agriculture,,,
L1912-00347,BILLY,5,v.-prés. du Syndicat des Viticulteurs,,,agriculture
L1912-00347,BILLY,6,vice-président de l'Association Agricole de la Tunisie,,,
L1912-00347,BILLY,7,directeur de la Caisse régionale de Créditmutuel Agricole,,,
L1912-00347,BILLY,8,président du Conseil d'administration de la Caisse régionale de Crédit mutuel Agricole du Nord d.j. la Régence.,,,
L1912-00360,BISGH,1,"engagé volontaire au 12"" d'ard'artillerie le 15 déc. 1854",1854,,
L1912-00360,BISGH,2,"brigadier, brigadier-fourrier, maréchal des logis fourrier, maréchal des logis chef auctit regimeiu.",,,military
L1912-00360,BISGH,3,"passe au vr a artillerie le 1"". juillet 1875",1875,,
L1912-00360,BISGH,4,"sous-lieutenant au 20° d'artillerie, à Verdun, le 15 janv. 1878",1878,Verdun,military
L1912-00360,BISGH,5,"sous-lieutenant aux compagnies à cheval de la 6"" division de cavalerie",,,military
L1912-00360,BISGH,6,lieutenant au •32° d'artillerie,,,military
L1912-00360,BISGH,7,"capitaine de la Direction d'Epinal, à celle de Vernon, au 7' d'artillerie à Rennes, puis à la direction de Tunis, puis au 36' d'artillerie à Clermont-Ferrand",,Rennes,military
L1912-00360,BISGH,8,"major au 3"" bataillon d'artillerie à pied à Bizerte",,Bizerte,
L1912-00360,BISGH,9,chef d'escadron commandant l'artillerie de l'arrondissement de Tunis. Décédé en 1908.,1908,,military
L1912-00366,BLANC,1,secrétaire particulier clu président du Conseil (1892),1892,,
L1912-00366,BLANC,2,rédacteur au Alinistère de. l'Intérieur (1893),1893,,
L1912-00366,BLANC,3,sous-chef de bureau (1898),1898,,administration
L1912-00366,BLANC,4,inspecteur général adjoint (1899),1899,,military;administration
L1912-00366,BLANC,5,inspecteur général (1905),1905,,military;administration
L1912-00366,BLANC,6,chef du Cabinet du sous-secrétaire d'Etat à l'Intérieur (1806),1806,,
L1912-00366,BLANC,7,chef de Cabinet de la Présidence du Conseil (1906-1908),1906,,
L1912-00366,BLANC,8,secrétaire général adjoint (1908-1909) et secrétaire général clu Gouvernement tunisien (1910).,1908,,military;administration
L1912-00368,BLAVIER,1,"avocat attaché aux. tribunaux de la Seine, janv. 1893",1893,,justice_law
L1912-00368,BLAVIER,2,"suppléant rétribué à Souk-el-Arba,. déc. 1894",1894,Souk-el-Arba,
L1912-00368,BLAVIER,4,"de paix, août 1896",1896,,
L1912-00368,BLAVIER,5,"suppléant, à Tunis, 5 mai 1898",1898,Tunis,
L1912-00368,BLAVIER,6,"juge d'instruction . tempoi raire, 11 juillet 1901",1901,,justice_law
L1912-00368,BLAVIER,7,"juge d'instruction, 30 octi 1903",1903,,justice_law
L1912-00368,BLAVIER,8,"procureur de la République à Beaune, 9-fév. 1904",1904,Beaune,justice_law;religion
L1912-00368,BLAVIER,9,"nommé à Gray,.sur sa demande, le 7 mai. 1908.i",1908,Gray,
L1912-00378,BOIANOWSKI,1,"chancelier aux ambassades impériales d'Allemagne, cle Londres, Berne, Le Caire et Ala.rseille.",,,
L1912-00385,BONNEFOND,1,avocat stagiaire à Bourges. (1869),1869,Bourges,justice_law
L1912-00385,BONNEFOND,2,"substitut à Château-Chinon (1875), a Nevers (1878), à Tours (1881)",1875,Château-Chinon,justice_law
L1912-00385,BONNEFOND,3,"procureur cle la République à Doullens (1884), à Saint-Jean-de-Maurienne (1886), à Sousse (1892)",1884,Doullens,justice_law;religion
L1912-00385,BONNEFOND,4,président du Tribunal civil de Sousse (1897).,1897,,justice_law
L1912-00388,BORDENET,1,maître primaire au collège Alaoui,,,
L1912-00388,BORDENET,2,"instituteur à Bizerte, à Tunis (école de, la rue de Colmar), à Zarzis. Anc. secr. adj. à l'Amicale de l'Enseignement primaire.",,Bizerte,education_science
L1912-00401,BORGEL,1,ingénieur-constructeur chez M.Seyrig à -Paris,,,engineering_architecture;industry_crafts
L1912-00401,BORGEL,2,"ingénieur à la Société anonyme des Constructions el, des Ateliers de Wielbrouk (Bruxelles)",,,engineering_architecture
L1912-00401,BORGEL,3,membre cle la Société clés Ingénieur civils de France,,,engineering_architecture
L1912-00401,BORGEL,4,"secrétaire du groupe des anciens élèves cle l'Ecole centrale cle Tunisie. TRAVAUX"": a contribué à. l'étude de projets cle consIniclion métalliques pour l'Egypte, le Portugal, la Turquie, la Belgique, etc., et notamment pour le viaduc cle Brala, sur la frontière gréco-turque",,,
L1912-00401,BORGEL,5,"' le pont de Connerce à Liège et le pont de Sercig, ces deux derniers construits lors de l'Exposition cle Liège de 1905",1905,Liège,
L1912-00401,BORGEL,6,"s'occupe actuellement, à Tunis, en dehors des constructions civiles et métallurgiques, cle questions minières",,Tunis,
L1912-00401,BORGEL,7,fait des rapports après visite et dirige les travaux de recherches.,,,
L1912-00403,BORROMEI,1,"répéliteur à Orange, Toulon, Nice, Aix, Avignon",,Orange,
L1912-00403,BORROMEI,2,professeur Tunis.,,,education_science
L1912-00405,BOST,1,secrétaire-rédacteur des chemins cle fer de l'Etat,,,
L1912-00405,BOST,2,sergent-major d'infanterie,,,
L1912-00405,BOST,3,négociant exportateur en Algérie,,,commerce
L1912-00405,BOST,4,"anc. très, du Cercle Républicain de Bône (Algérie)",,,
L1912-00405,BOST,5,anc. v.-prés. de la Société fraternelle des Anciens Sous-Officiers cies armées cle terre et de mer,,,military
L1912-00405,BOST,6,"prés, de l'Association amicale des Fonctionnaires de la. Direction cle l'Agriculture, du Commerce el de la. Colonisation, à Tunis",,Tunis,administration
L1912-00405,BOST,7,"]irôs. cle «La Truffe», société amicale des Périgoudins en Tunisie.",,,
L1912-00406,BOTTESINI,1,"élève-consul et. viceconsul au'Caire, à Bukaresl, à Bône, à Toulon, à Belgrade",,Bukaresl,diplomacy
L1912-00406,BOTTESINI,2,"Consul général à Smyrne, puis à Tunis.",,Smyrne,military;diplomacy
L1912-00410,BOUBES,1,"avocat à la Cour d'appel cle Paris, attaché au Parquet cle la Seine, attaché au Ministère de la. Justice",,,justice_law
L1912-00410,BOUBES,2,juge suppléant nu Tribunal do Conslunfine et au Tribunal cle Tunis en 1908.,1908,,justice_law
L1912-00416,BOUDET,1,"adjudant au 9° cle ligne et au 4"" tirailleurs. Secr. de la. Société des Afédaillés Militaires (28"" section cle Tunisie)",,,military
L1912-00416,BOUDET,2,"membre fondateur cle la Bibliothèque des sousofficiers au 9"" cle ligne",,,
L1912-00416,BOUDET,3,ancien président de la Bibliothèque des sous-officiers au 4* tirailleurs. Adjudant de territoriale. Médaille d'argent' de l'Alliance françai- - se,,,military
L1912-00416,BOUDET,4,médaille de bronze de la Ligue Nationale contre l'alcoolisme.,,,
L1912-00424,BOUHAGEB,1,médecin cle la Colonie agricole indigène d'El-Ansarine,,,medicine_health
L1912-00424,BOUHAGEB,2,"médecin ,acljoint à. l'hôpital Sadiki",,,medicine_health
L1912-00424,BOUHAGEB,3,.méd e ci n municipal,,,
L1912-00424,BOUHAGEB,4,"médecin de la fékia et dos aliénés. Prés, de la Société sportive «La Musulmane»",,,medicine_health
L1912-00424,BOUHAGEB,5,v.-prés. du Cercle Tunisien,,,
L1912-00424,BOUHAGEB,6,-membre-du Comité cle la Société musicale «La Naceuria»,,,
L1912-00424,BOUHAGEB,7,membre correspondant de la «Revue cle l'Hypnotisme et de la Psychologie physiologique.,,,
L1912-00432,BOUNIN,1,avocat à Bône (1S83),,Bône,justice_law
L1912-00432,BOUNIN,2,juge de paix en Algérie (iSSS),,,justice_law
L1912-00432,BOUNIN,3,avocat à. Bizerte depuis 1892,1892,,justice_law
L1912-00432,BOUNIN,4,"membre de la Conférence Consultative de 1896 à 1904, réélu on 1906 pour quatre ans",1896,,politics_native_admin;diplomacy
L1912-00432,BOUNIN,5,"conseiller municipal cle Bizerte depuis 1893. Prés, de «l'Amicale mutuelle Tunisienne»",1893,,politics_native_admin
L1912-00432,BOUNIN,6,"anc. prés., fondateur, cle «l'Avenir du Prolétariat» el de la «Sociôlê des Anciens sous-officiers en Tunisie»",,,military
L1912-00432,BOUNIN,7,"anc. prés, et membre du Conseil d'administration de diverses sociélés locales",,,
L1912-00432,BOUNIN,8,ancien rédacteur a-u«Pelils Bônois» et au «Courrier de Bône»,,,
L1912-00432,BOUNIN,9,rédacteur de «la Dépêche Tunisienne» à Bizerle (1892-1904),1892,Bizerle,
L1912-00432,BOUNIN,10,"correspondant, cle l'Agence Havas depuis 1899 et de plusieurs journaux de Paris. Médaille d'argent, Alger, 1882.",1899,,
L1912-00443,BOURGEON,1,avocat à la. Cour d'Appel de Dijon (1SS3),,,justice_law
L1912-00443,BOURGEON,2,secrétaire cle la Conférence (18S4),,,
L1912-00443,BOURGEON,3,juge suppléant au Tribunal civil de Dijon (18S5),,,justice_law
L1912-00443,BOURGEON,4,substitut à. Beaime (18S6),,,justice_law
L1912-00443,BOURGEON,5,substitut à. Chalons-surSaône (18S8),,,justice_law
L1912-00443,BOURGEON,6,procureur à Charolles (1890),1890,Charolles,justice_law;religion
L1912-00443,BOURGEON,7,procureur à Beaune (1893),1893,Beaune,justice_law;religion
L1912-00443,BOURGEON,8,procureur à Vienne (1894),1894,Vienne,justice_law;religion
L1912-00443,BOURGEON,9,avocat général à la. Cour d'appel cle Poitiers (1S98),,,justice_law;military
L1912-00443,BOURGEON,10,"procureur à Tunis (1"" cl.) (1904)",1904,Tunis,justice_law;religion
L1912-00443,BOURGEON,11,procureur -général à Poitiers (1911) .Alembre cle plusieurs sociétés savantes el. de plusieurs associations mutuelles ou philanthropiques.,1911,Poitiers,justice_law;military;education_science;religion
L1912-00444,BOURGET,1,"instituteur en France, puis maîlre-adjoint d'écolo normale à Villefranche (Rhône), puis à Alger",,Villefranche,education_science
L1912-00444,BOURGET,2,"chargé de l'économat clans ce dernier établissement, puis au collège Alaoui ù. Tunis à partir de la fondation de col établissement en .1884",1884,,
L1912-00444,BOURGET,3,"fondateur de la Société chorale «La Cigale», qui devint «la Chorale cle Tunis», dont il est aujourd'hui directeur honoraire",,,
L1912-00444,BOURGET,4,"membre de la Société des Auteurs et Compositeurs dramatiques. 'IRAVAUX : a. composé plusieurs oeuvres musicales, un solfège, cle nombreux choeurs d'orphéon : Rhodanus, exécuté par la musique clu 1"" zouaves",,,
L1912-00444,BOURGET,5,des morceaux pour fanfare : « A l'Algérie ! »,,,
L1912-00444,BOURGET,6,des romances et dos choeurs pour les écoles : «LnAluse enfantine »,,,
L1912-00444,BOURGET,7,"trois partitions d'opéra, dont une a été interprétée avec succès au théâtre : «La Sultane», avec Emile Arbinet pour le poème",,,
L1912-00444,BOURGET,8,"«La fêle des myrtes », poésie d'Emile Toubin",,,
L1912-00444,BOURGET,9,"«La Belle .Tu an a », poème. Alédailles d'argent et cle bronze aux expositions cle Tunis 1887 et cle Bône 1890 pour des compositions musicales.",1887,,
L1912-00448,BOUSSEN,1,"Sous-lieulenant à l'Ecole d'application de l'art et du génie (189698), lieutenant d'artillerie au 14°' à Tarbes (1898-1900), lieutenant d'instruction à. Fontainebleau (1900 à 1901), lieutenant au 18' à Toulouse cle 1903-1907.",1896,Tarbes,military
L1912-00461,BRISSE,1,"engagé voiontaire le 20 mai 1873 au 64""",1873,,
L1912-00461,BRISSE,2,caporal le 27 rtov. 1873,1873,,
L1912-00461,BRISSE,3,"sergent lé 1"" juin 1874",1874,,
L1912-00461,BRISSE,4,sergent-major le 9 juillet 1875,1875,,
L1912-00461,BRISSE,5,"sortit n"" 1 de l'Ecole de tir du Ruchard et n° 1 de l'Ecole du camp d'Avor",,,
L1912-00461,BRISSE,6,sous-lieuténant au 138* le 18 déc. 1S77,,,
L1912-00461,BRISSE,7,"suivit, de 1882 àl884, les cours de l'Ecole supérieure de Guerre",1882,,
L1912-00461,BRISSE,8,breveté d'ôtat-major,,,
L1912-00461,BRISSE,9,mention «bien»,,,
L1912-00461,BRISSE,10,lieutenant le 9 juillet 1883,1883,,military
L1912-00461,BRISSE,11,officier d'ordonnance du général commandant la 23° division d'infanterie,,,military
L1912-00461,BRISSE,12,"capitaine au 78"" le 30 nov.",,,military
L1912-00461,BRISSE,13,"àofflcier d'ordonnance du général commandant la 9"" division d'infanterie",,,military
L1912-00461,BRISSE,14,"chef a ._^_^_^. de bataillon le 8, oct. 1899",1899,,
L1912-00461,BRISSE,15,",attaché à. l'étal-major de l'armée (2° bureau)",,,
L1912-00461,BRISSE,16,lieutenant-colonel le 22 déc. 1906,1906,,military
L1912-00461,BRISSE,17,"nommé en 1907 chef ""d'état-major cle la Division d'occupation",1907,,
L1912-00461,BRISSE,18,"a reçu un témoignage de satisfaction (1S96) et trois lettres de satisfaction clu ministre (1891, 1892, 1897).",1891,,
L1912-00463,BROIDO,1,externe des hôpitaux de Paris,,,
L1912-00463,BROIDO,2,médecin sanitaire maritime à bord des Touache,,,medicine_health
L1912-00463,BROIDO,3,directrice de l'infirmerie li our femmes et enfants à Constnntine (A 1 (Telle),,Constnntine,
L1912-00463,BROIDO,4,médecin de l'état civil à Tunis,,Tunis,medicine_health
L1912-00463,BROIDO,5,méI dècin municipal à Maxula-Radès. A Conslanline,,Maxula-Radès,
L1912-00463,BROIDO,6,médecin légiste (première femme chargée cle cet emploi),,,medicine_health
L1912-00463,BROIDO,7,"à Tunis, médecin de l'Amicale des Travaux publics el. de l'Amicale des Postes et Télégraphes",,Tunis,medicine_health
L1912-00463,BROIDO,8,médecin du Bureau de Bienfaisance,,,medicine_health
L1912-00463,BROIDO,9,secrétaire adjointe de la Sociétés des Sciences médicales de Tunis,,,
L1912-00463,BROIDO,10,collaboratrice à un grand nombre de journaux de médecine,,,medicine_health
L1912-00463,BROIDO,11,"a traduit plusieurs ouvrages de médecine. Diplôme d'épidémie : variole, 1906, Gonstantine.",1906,,medicine_health
L1912-00465,BROUTIER DU PAVILLON,1,régisseur du haras de Sidi-Tabet,,,
L1912-00465,BROUTIER DU PAVILLON,2,intendant au domaine de l'Enfida,,,
L1912-00465,BROUTIER DU PAVILLON,3,attaché aux plantations des Ponts et Chaussées. Membre cle la Société d'Horticulture tunisienne et de l'Association des Ancien Elèves des Ecoles d'Agriculture de. Tunis.,,,
L1912-00467,BRULE,1,"institutrice ù Sousse, Kairouan, Tunis (Ecole secondaire Jules-Ferry), Béja et TunisTunis. Ex-cléléguée clu Conseil cle l'Instruction • publique.",,,education_science
L1912-00472,BUISSON,1,professeur de philosophie au gymnase cle Strasbourg (1S681870),1870,,education_science
L1912-00472,BUISSON,2,correspondant du-«Temps» à Londres,,Londres,
L1912-00472,BUISSON,3,"examinateur, à l'Université de Lon- drès",,,
L1912-00472,BUISSON,4,professeur au Bedford-College et à Charleshouse (Angleterre),,Charleshouse,education_science
L1912-00472,BUISSON,5,"chargé de mission comme commissaire français pour organiser la section française à l'Exnosilion d'Hygiène et d'Education de Londres (18S4) et aux. Expositions universelles de la Ville d'Orléans (1885), de Melbroune (1888)",1885,,
L1912-00472,BUISSON,6,rapporteur du jury international pour l'Enseignement primaire à l'Exposition universelle de Paris (1889),1889,,
L1912-00472,BUISSON,7,délégué du Ministère de l'Instruction publique aux Expositions cle Chicago (1.S93) et cle Saint-Louis (1904),1904,,
L1912-00472,BUISSON,8,"anc. prés, de l'Institut de Carthage",,,
L1912-00472,BUISSON,9,v.-prés. de la Société de Géographie commerciale (section tunisienne),,,
L1912-00472,BUISSON,10,v.-prés. cle l'Alliance française à Tunis el cle la Alission laïque.,,Tunis,
L1912-00477,BUSACCA Eugène,1,"interne des hôpitaux de Palerme,médecin et chirurgien de la municipalité de Tavignana, chirurgien en chef de l'hôpital italien Garibaldi depuis 1891. A été directeur de l'hôpital italien G. Garibaldi et président de la Société internationale des sciences médicales de Tunis, membre du Conseil d'admin",1891,,medicine_health
L1912-00479,CABANTOUS,1,"pasteur à Saint-Affrique (Aveyron) et au Bourg-du-Bost (Dordogne). juge cle paix, avocat et juge cle paix",,Saint-Affrique,justice_law;religion
L1912-00479,CABANTOUS,2,viceprésident de la Ligue de l'Enseignement.,,,
L1912-00504,CANAL,1,"1865-1872, agent el conducteur des Ponts et Chaussées à Oran",1865,Oran,engineering_architecture
L1912-00504,CANAL,2,"1872-1900, agent voyer d'arrondissement au Service Vicinal du département d'Oran",1872,,
L1912-00504,CANAL,3,"1901-1908, travaux publics en Tunisie",1901,,
L1912-00504,CANAL,4,attaché aux Travaux de la Marine (construction de la BaePonty et de l'arsenal de Sidi-Abdallah) en qualité cle cher cle service subdivjsionnaire des Travaux hydrauliques de la Marine à la Baie Ponty (Bizerte),,,
L1912-00504,CANAL,5,ancien secrétaire correspondant de la Société de Géographie d'Oran,,,
L1912-00504,CANAL,6,membre de l'Institut de Carthage,,,
L1912-00504,CANAL,7,anciennemeni viceprésident de la Société «l'Algérienne» à. Bizerte: pr. de la Société «L'Algérienne» cle Tunis,,,
L1912-00504,CANAL,8,"v.-prés. de la Ligue Alaritime . française, Section de Bizerte.",,,
L1912-00505,CANAVAGGIO,1,instituteuradjoint à Tunis en 1897,1897,Tunis,education_science
L1912-00505,CANAVAGGIO,2,directeur de l'école franco-n.rbe de la Smala-des-Souassi cle 1897 à 1900.,1897,,
L1912-00572,CHAILLEY,1,pre- - mier clerc d'avoué à Lyon,,Lyon,justice_law
L1912-00572,CHAILLEY,2,"ancien avoué et avocat des contibutions indirectes à Lunéville, de 1903 à 1909",1903,Lunéville,justice_law
L1912-00572,CHAILLEY,3,"avocat à Tunis. Neveu de M. Chailley, rapporteur du budaet. et du général de division Chailley.",,Tunis,justice_law;military
L1912-00573,CHAIX,1,"chef de service aux travaux du port du"" Havre, chef de service à la construction des quais de Saïgon (Cochincbine) et chef de service à la Compagnie des Ports de T.- S.-S.",,,administration
L1912-00596,CHARLËTY,1,"professeur de lycée, professeur âla Faculté des T .étires de Lyon, directeur général de l'Enseignement en Tunisie. Principaux travaux publiés : «Histoire du Saint-Simonisme» (1896)",1896,,military;education_science;administration
L1912-00596,CHARLËTY,2,"«Bibliographie critique de l'histoire de Lyon, 2 vol. (1900)",1900,,
L1912-00596,CHARLËTY,3,«L'enseignement secondaire dans le Rhône-dé 1789 à 1900» (en collaboration avec M. Chabot) (1901),1789,,
L1912-00596,CHARLËTY,4,«Histoire de Lyon» (1903),1903,,
L1912-00596,CHARLËTY,5,«Documents relatifs à la vente des biens nationaux (1907),1907,,
L1912-00596,CHARLËTY,6,direction de la «Revue d'histoire de Lyon»,,,
L1912-00596,CHARLËTY,7,"collaboration à la «Revue de Paris», à la «Revue d'histoire moderne», a la «Révolution française», au «Journal des savants», etc. Membre de la Commission des Documents économiques de la Révolution Française, instituée au Ministère de l'Instruction publique",,,education_science
L1912-00596,CHARLËTY,8,membre du Comité des Travaux historiques,,,
L1912-00596,CHARLËTY,9,correspondant du Ministère de ^Instruction publique et des Beaux-Arts.,,,
L1912-00608,CHAVIGNY,1,"surnuméraire de l'Enregistrement el des Domaines à Quiniper (Finistère), receveur des Domaines à Campile (Corse)",,Quiniper,administration
L1912-00608,CHAVIGNY,2,détaché par le Ministère des Finances et mis à la disposition du Gouvernement tunisien,,,
L1912-00608,CHAVIGNY,3,sous-inspecteur de l'Enregistrement et des Domaines,,,administration
L1912-00608,CHAVIGNY,4,"rédacteur"" au Service des Domaines à la Direction de l'Agriculture à 'l'unis (.1.900)",,,
L1912-00608,CHAVIGNY,5,"rédacteur, puis sons-chef au secrétariat de la même Direction (1901-1904)",1901,,
L1912-00608,CHAVIGNY,6,chef du bureau des Affaires commerciales et industrielles (1905),1905,,industry_crafts
L1912-00608,CHAVIGNY,7,"inspecteur du Service des Domaines (1906). Doux diplômes d'honneur de la «Société nationale des Conférences populaires» pour conférences faites au 4"" zouaves et au 4"" chasseurs. Trois diplômes de collaboration (médailles d'argent) aux Expositions de Hanoï (1905), Liège (1905), Marseille (1906). CHEE",1906,,administration
L1912-00652,CIRIER,1,"uierc Q""avoue a raris, secrétaire d'agréé à Paris, avocat â la Cour' d'Alger, avocat au barreau de Tunis. Membre de la Conférence Consultative",,Paris,justice_law;politics_native_admin;diplomacy
L1912-00652,CIRIER,2,"secrétaire élu de cette assemblée (session de 1910). Ancien bâtonnier à Tunis. Suppléant du Juge de Paix de Tunis (canton Nord). Ancien président de la «Betterave». Censeur de la Banque de l'Algérie. GIROU (Louis-Léon-Joseph), 13 juillet 1873, Villers-Cotterets (Aisne). Avocat au barreau de Tunis, r",1910,Tunis,justice_law;education_science;finance_banking
L1912-00656,CLÉMENT,1,Dans l'armée de 1870 à 18S7,1870,,
L1912-00656,CLÉMENT,2,"attaché au Secrétariat général du Gouvernement tunisien de janvier 1890 au 1"" avril 1904",1890,,military
L1912-00656,CLÉMENT,3,"à la. Direction des Travaux de la. Ville et capitaine commandant les sapeurs-pompiers de Tunis, de mars 1904 à ce jour. Membre actif et commissaire de la. Société de Tir du 110° territorial à Valence: membre fondateur et commissaire de la Société de Secours mutuels des Officiers résidant en Tunisie ",1904,Valence,military
L1912-00656,CLÉMENT,4,membre de l'Union des Sociétés de Gymnastique de France,,,
L1912-00656,CLÉMENT,5,vice-président d'honneur du Club de Gymnastique français â Tunis,,,
L1912-00656,CLÉMENT,6,"membre actif de la Fédération nationale des sapeurs-pompiers italiens. Envoyé comme chef de mission par le Gouvernement Tunisien au Congrès-Concours international de Milan, en 1906, pour y étudier les moyens propres à assurer à Tunis un service de secours et profiter des plus récents perfectionnemen",1906,Tunis,
L1912-00656,CLÉMENT,7,rapport fourni dans ce sens à l'autorité supérieure.,,,
L1912-00659,CLERMONT,1,"répétiteur à Tunis, à Toulouse, professeur à Tunis.",,Tunis,education_science
L1912-00660,CLEYET,1,"Instituteur au collège Alaoui, directeur à Rades, à Kelibia et Tebourba.",,Rades,education_science
L1912-00661,CLIDAT,1,chef de section du ■chemin de fer de Cavignac à Bordeaux de 1S82 à 1892,1892,Bordeaux,administration;transport_maritime
L1912-00661,CLIDAT,2,"membre du Touring-Club, des groupes A, B, et C de l'Assistance Mutuelle Tunisienne», de la «Vincennoise», de la Société des conducteurs, et de l'Association des anciens élèves de l'Ecole supérieure de Commerce et d'Industrie de Bordeaux.",,,
L1912-00671,COHEN,1,Instituteur à. l'école de l'Alliance Israélite de Tunis de 1893 à 1895 et de 1897 a 1902,1893,,education_science
L1912-00671,COHEN,2,instituteur au «cours pratique de commerce». de 1902 à 1904,1902,,education_science
L1912-00671,COHEN,3,directeur-rédacteur en chef du journal «El Nosra.» (1891 et 1S92),1891,,press_letters_arts
L1912-00671,COHEN,4,"rédacteur en chef du «Nasser el Mouhayirine» (1892). Auteur de nombreuses poésies diverses (épiques, lyriques, dramatiques, élégiaques)",1892,,press_letters_arts
L1912-00671,COHEN,5,"auteur de «En Nacer Lahmar» (l'aigle rouge), roman de 600 pages",,,
L1912-00671,COHEN,6,"d'un second roman «Djebel es Soud» et d'un troisième roman en prose rimée, «Amour et fidélité». Directeur-ré• dacteur en chef du journal «Ecb Chamss» (le soleil) en 1904.",1904,,
L1912-00677,COLLIN,1,professeur de travail manuel el de dessin à. l'Ecole supérieure de Eourges (Cher),,,education_science
L1912-00677,COLLIN,2,"professeur de travail manuel et de dessin à l'Ecole normale (collège Alaoui), Tunis",,,education_science
L1912-00677,COLLIN,3,"professeur de dessin au collège Sadiki, au pensionnat des jeunes filles des Soeurs de Saint-Joseph, Tunis. Auteur du «Cours de dessin pour les écoles primaires», publié par la Direction de l'Enseignement",,,education_science
L1912-00677,COLLIN,4,"auteur de la carie en relief de la Tunisie exposée par la Direction de l'Enseignement à l'Exposition universelle de Paris 1889 (4 m. sud 3). Médailles diverses (Paris hors concours, Tunis et Nabeul) pour un grand ouvrage manuscrit «La Décoration polygonale arabe».",1889,,
L1912-00680,COLONNA-CESARI,1,"attaché à la Résidence générale de France à Tunis, attaché au cabinet du Résident Général de France à. Tunis, secrétaire particulier de M. Pichon, ministre des Affaires étrangères",,Tunis,military;administration
L1912-00680,COLONNA-CESARI,2,"vice-consul de France a. Port-au-Prince (Haïti), à Luxembourg et à Tarragone.",,Luxembourg,diplomacy
L1912-00719,COMTE,1,préparateur à l'Ecole Pratique des Hautes Etudes (sections des Sciences naturelles) 1893,1893,,
L1912-00719,COMTE,2,préparateur au Collège de France 1S94-1902,1902,,
L1912-00719,COMTE,3,"Assistant à l'hôpital Sadiki, Tunis, 19021903",1902,,
L1912-00719,COMTE,4,"chef de laboratoire à l'Institut Pasteur, Tunis, 1904-1910",1904,,religion
L1912-00719,COMTE,5,"médecin municipal à Tunis, 1907",1907,Tunis,medicine_health
L1912-00719,COMTE,6,"chef du Service Antipaludique, 1910",1910,,
L1912-00719,COMTE,7,médecin inspecteur près le bureau d'Assistance publique et des Etablissements pénitentiaires de l'Administration générale du Gouvernement Tunisien.,,,medicine_health;military;administration
L1912-00737,CORDEIL,1,"instituteur à Châleauneuf de Mazenc, à La Bégude, à Francillon, à. Upie (Drôme), à l'Ecole normale de Tunis et au lycée. GORDIER (Marcel), 18 janv. 1874, Nîmes (Gard), off. d'Académie, off. du Nichan-lftikhar. .lucre au tribunal civil. Sousse. Oct. 1897.",1874,Châleauneuf,education_science
L1912-00741,COSSON,1,industriel,,,industry_crafts
L1912-00741,COSSON,2,"directeur du «Libre Journal» en 1896 et de la « Tunisie Libéral » en 1908. Inventeur de plusieurs gisements miniers tunisiens et notamment de l'important gisement de fer de l'Oued-Zerga, auquel il est d'ailleurs intéressé. GOSTE (Jean-Eugône-Evariste). 26 oct. 1858. Beaulieu (Corrèze), off. d'Académ",1896,,commerce;mining
L1912-00741,COSSON,3,fournisseur militaire,,,
L1912-00741,COSSON,4,directeur du Service des Pompes Funèbres,,,
L1912-00741,COSSON,5,industrie des pêches maritimes,,,
L1912-00741,COSSON,6,président du Conseil d'Administration du syndicat international d'études au Maroc,,,
L1912-00741,COSSON,7,administrateur des Magasins Généraux,,,administration;commerce
L1912-00741,COSSON,8,ancien trésorier et vice-président de la Chambre de Commerce de Tunis,,,
L1912-00741,COSSON,9,ancien président de la Chambre de Commerce de Bizerte,,,
L1912-00741,COSSON,10,ancien membre de la Conférence Consultative,,,politics_native_admin;diplomacy
L1912-00741,COSSON,11,"membre du Conseil supérieur de l'Assistance Publique, viceprésident des congrès coloniaux",,,
L1912-00741,COSSON,12,"membre de la Chambre de Commerce de Bizerte. Exploration du Maroc, une partie avec la mission Du Gast",,,
L1912-00741,COSSON,13,"Le Riff, avec Delbrel. Conseiller du Commerce extérieur de la France. Médaille d'or Exposition universelle 1900 (industrie des Pêches Maritimes). Décédé a. Vichy 1908.",1900,,
L1912-00750,CRANCIER,1,Receveur de .l'Enregistrement à Margueritles (Gard) et- à. Vence (Alpes-Maritimes),,Margueritles,administration
L1912-00750,CRANCIER,2,"rédacteur, sous-chef, chef de bureau, chef de division à la Direction générale des Finances à Tunis.",,Tunis,military;administration
L1912-00760,CUBISOL,1,"commis, vérificateur et receveur des Douanes. Conseiller municipal de Mahdia.",,,administration;politics_native_admin
L1912-00767,DABRIGEON,1,"pharmacien à Lyon, 1894-96",1894,Lyon,medicine_health
L1912-00767,DABRIGEON,2,"à Bône (Algérie), 1S96-1902, et.à Gabès depuis 1902. Prés, du Cercle Français, prés, de l'Union Commerciale et Agricole de Gabès, v.-prés. et 1res, actuel de la Ligue de l'Enseignement, fondât, et très, du «Livre de la Semaine», fondât, et très, du Comité de surveillance et de patronage de la Biblio",1902,Bône,
L1912-00771,DALLOZ,1,"secrétaire du général Florentin, ancien gouverneur militaire de Paris",,,military;politics_native_admin
L1912-00771,DALLOZ,2,"secrétaire de M. Victor Poupin, ancien député du Jura",,,politics_native_admin
L1912-00771,DALLOZ,3,bibliothécaire-adjoint à la bibliothèque française de Tunis,,,
L1912-00771,DALLOZ,4,"avocat, attaché au Parquet de Tunis",,,justice_law
L1912-00771,DALLOZ,5,"juge de paix suppléant à Souk-el-Arba et à Tunis, i Fut l'un des fondateurs, à Champagnole (Jura), de la Section de la Ligue française pour la défense des droits de l'Homme et du Citoyen.",,Souk-el-Arba,justice_law
L1912-00776,DANINOS,1,"interprète de feu le prince Taïeb, bey du camp",,,administration
L1912-00776,DANINOS,2,"agent de la Compagnie Générale Transatlantique et de la Banque de Tunisie, à Gabès.",,Gabès,military;finance_banking
L1912-00791,DAVID,1,"attaché à. Eugène Flachat, ingénieur en chef des Chemins de fer de l'ouest",,,engineering_architecture;transport_maritime
L1912-00791,DAVID,2,ingénieur directeur des mines du Val-d'Àran,,,engineering_architecture;mining
L1912-00791,DAVID,3,directeur de l'exploitation du chemin de fer du Panama et des études de ses prolongements,,,transport_maritime
L1912-00791,DAVID,4,ingénieur des mines de Jérès,,,engineering_architecture;mining
L1912-00791,DAVID,5,directeur des usines de la Société des Cuivres de France,,,industry_crafts
L1912-00791,DAVID,6,"administrateur des mines de Balan-Banya (Hongrie), de Bor (Serbie), d'Oum-Theboul (Tunisie), etc.",,,administration;mining
L1912-00791,DAVID,7,"administrateur-directeur des mines de cuivre de Cbouishia (Tunisie). Dans l'Extrême-Sud la récoille des dattes a atteint en- 1910-19:11 286.000 quintaux contre 200.0000 en 1909. DAUL (Raoul). 14 mai 1875, Marseille. Off. du Nichan-lftikhar. Commis-rédacteur à la Direction générale des Finances, 12, ",1910,,military;administration;mining
L1912-00792,DAVOUX,1,"instituteur la Lignières-Pré-eni-Pa.il, Villaines-laJuhel (Mayenne), Tunis, Bizerte, Le Goub'ellat, Bir-Hamila. Secrétaire de la commission municipale de Medjez-elBab. Dauphinoise du Sahel (La). 1910 pousse. Bureau : Prés, d'honneur : MM. Dumas,, contrôleur civil et Randet, viceprésident du Tribunal",1910,,justice_law;education_science;administration
L1912-00792,DAVOUX,2,"MM. Taillard, interprète judiciaire, président",,,administration
L1912-00792,DAVOUX,3,"Vidal, directeur d'école, v.-prôsident",,,education_science
L1912-00792,DAVOUX,4,"Fauché, professeur, secrétaire",,,education_science
L1912-00792,DAVOUX,5,"Soullier, employé de commerce, secrétaire-adjoint",,,
L1912-00792,DAVOUX,6,"Vivier, chef de brigade des Monopoles, trésorier.",,,
L1912-00795,DEBON,1,"instituteur à Molhe-d'Aveillans, h Sa.inl-René-de-Chandieu (Isère), à. l'Ecole Normale de Tunis",,Molhe-d'Aveillans,education_science
L1912-00795,DEBON,2,"directeur d'école a.u Kef, à Nabeul",,Nabeul,education_science
L1912-00795,DEBON,3,professeur à El-Asfouria ou Collège Alaoui,,El-Asfouria,education_science
L1912-00795,DEBON,4,ancien professeur de huitième au Lycée Carnot.,,,education_science
L1912-00804,DEFRANCHI,1,"directeur d'école à Enfidaville, 1886-1893, et receveur des Postes el Télégraphes 188S-1893. Instituteur-receveur à Rades 1893-1896",1886,Enfidaville,education_science;administration
L1912-00804,DEFRANCHI,2,"instituteur-receveur à. Chuigguî, 1896-1899",1896,,education_science;administration
L1912-00804,DEFRANCHI,3,"instituteur-receveur à. Sôuk-el-Khemis, ""1899-1.902",1899,,education_science;administration
L1912-00804,DEFRANCHI,4,instituteur-receveur aux Nassen,,,education_science;administration
L1912-00804,DEFRANCHI,5,"directeur d'école et receveur des Postes et Télégraphes au Kram depuis le 8 octobre 1902. Mention honorable à l'Exposition scolaire de Tunis, 1888: médaille de bronze à l'Exposition de Paris, 1890",1902,,education_science;administration
L1912-00804,DEFRANCHI,6,"mention honorable à l'Exposition colon, nationale de Marseille 1.906.",,,agriculture
L1912-00814,DELARUE,1,chef du bureau du personnel du génie au Mini s ter e dp. la Guerre,,,
L1912-00814,DELARUE,2,"cher du 4"" bureau de l'Elaf-Major de ,l'armée (étapes el, chemins de 1er)",,,
L1912-00814,DELARUE,3,commandant le 7° régiment du génie,,,military
L1912-00814,DELARUE,4,"chef d'état-major du 15"" corps d'armée",,,
L1912-00814,DELARUE,5,ancien commandant supérieur de la. défense et gouverneur de Bizerle. Dix ans d'Algérie. Campagnes du Sud-Oranais cl de Madagascar.,,,military;politics_native_admin
L1912-00823,DELORD,1,surnuméraire des lignes téléeranhioues.- 1877,1877,,
L1912-00823,DELORD,2,"commis et commis principal ue direction, inspecteur, receveur principal des Postes et des Télégraphes. Fut appelé en janvier 1878 à faire partie de la Mission télégraphique que la France entretenait dans la Régence depuis 1859.",1878,,administration
L1912-00828,DENCAUSE,1,"officier d'ordonnances du général de Bréart, commandant une brigade du corps expéditionnaire de Tunisie",,,military
L1912-00828,DENCAUSE,2,"instructeur à. l'Ecole de tir de la Valbanne, 1883-18S7",1883,,
L1912-00828,DENCAUSE,3,"campagne de France, 1870-71. campagne de Tunisie, 1S81 (Le Kef, Ghardimaou, Aïn-Draham, Béja, etc.)",1870,,
L1912-00828,DENCAUSE,4,"campagne de Chine, 1900-1901. Président de l'Association des Colons français de la Mornaghia.",1900,,
L1912-00829,DENJEAN-NAVAILLES,1,surveillant général du collège de Cette en 1.889,,,military
L1912-00829,DENJEAN-NAVAILLES,2,professeur au lycée Carnot de Tunis. 1890-1897,1890,,education_science
L1912-00829,DENJEAN-NAVAILLES,3,"professeur à l'Union française de la Jeunesse, Tunis, 1S92. «Dépêche Sfaxienne (La)». 3 mars I 1895, Sfax, 17, rue de la République. Journal politique quotidien et d'informations rapides",1895,,education_science
L1912-00829,DENJEAN-NAVAILLES,4,organe des intérêts du Sud de la. Tunisie,,,
L1912-00829,DENJEAN-NAVAILLES,5,"correspondances journalières de l'Agence Havas et de particuliers. M. Jean Revol, directeur depuis sa fondation",,,
L1912-00829,DENJEAN-NAVAILLES,6,"M. et M'"""" de Ceccaty, secrétaires de la rédaction. Ce journal a-paru sans discontinuer depuis 1895. Abonn' : 20 fr. par an",1895,,
L1912-00829,DENJEAN-NAVAILLES,7,"le numéro 5 cent. « Dépêche Tunisienne (La) »,' 1.SS0, 'l'unis",,,
L1912-00829,DENJEAN-NAVAILLES,8,"bureaux ù. Tunis, 2, av. de Paris et à Paris, 2, rue Meyerbeer. Organe quotidien. Paraît le malin à. 4, 6 ou 8 pages. Le plus fort tirage des journaux de Tunisie. Conseil d'administration : MM. • J.-B. Curtelin, président",,Paris,
L1912-00829,DENJEAN-NAVAILLES,9,"Lecore-Carpentier, Gallini, Proust et A. Zaouche, membres",,,
L1912-00829,DENJEAN-NAVAILLES,10,anciens présidents : MM. A. Homberger el Proust. Directeur politique (depuis la fondation) : M. E. Lecore-Carpenlier. Rédacteur en chef : M. André Duran,,,press_letters_arts
L1912-00829,DENJEAN-NAVAILLES,11,"rédacteurs : MM. Troll, Terryn, Tillot, Pra.t, Pondovaux et Bridier",,,
L1912-00829,DENJEAN-NAVAILLES,12,chef de la comptabilité : M. Malon,,,
L1912-00829,DENJEAN-NAVAILLES,13,"chef de la publicité : M. Saphar. Chef des services parisiens d'informa- : lion : M. Paul Laffilte. Chef des services administratifs parisiens : M. Carcassone. Correspondants en France, en Algérie et dans les principaux centres de la Tunisie. Journal imprimé sur rotatives Marinoni et Derriey, compos",1906,,
L1912-00829,DENJEAN-NAVAILLES,14,"extérieur, 1.0 cent. Téléph. : Tunis, 10",,,
L1912-00829,DENJEAN-NAVAILLES,15,"Paris, 315.1.1.",,,
L1912-00837,DESTRÉES,1,professeur au Collège de Mostagan e m (Algérie) (1872),1872,,education_science
L1912-00837,DESTRÉES,2,"drogman au Consulat général de France à Tunis 18, rue de Rome, Tunis. 2 janv. 1891.",1891,Tunis,military;administration;diplomacy
L1912-00838,DESTREES,1,Contrôleur civil suppléant à Tunis (1897-1901),1897,Tunis,administration
L1912-00838,DESTREES,2,professeur de droit commercial au Lycée de Tunis (1.901-1905),1905,,education_science
L1912-00838,DESTREES,3,"avocat a.u barreau de Tunis, depuis 1.901. Président de l'Association des Anciens Elèves du Lycée de Tunis (de 1.901 à 1.911)",,,justice_law
L1912-00838,DESTREES,4,v.-prés. de la. «Lyre Française»,,,
L1912-00838,DESTREES,5,secrétaire général du Comité du cercle républicain,,,military;administration
L1912-00838,DESTREES,6,"membre et secrétaire du conseil de l'Ordre des Avocats (élu en 1909, 1910 et. 191.1)",1909,,justice_law
L1912-00838,DESTREES,7,"syndic du Syndicat de la presse tunisienne. TiuvÀux : «L'Administration locale en Tunisie », 1 vol. « Le Maroc Inconnu», publié en feuilleton dans le «Courrier de Tunisie». Mission d'études au Maroc (août 1903 à novembre 1903). Fondateur du premier quotidien français du soir le «Courrier de Tunisie»",1903,,
L1912-00841,DHAINE,1,chef de comptabilité et caissier de la Maison Deschamps de Paris (18S3 à. 1887),1887,,
L1912-00841,DHAINE,2,"chef de comptabilité de la maison M. et D. Kahn frères, Paris (1887-89). Caissier principal et chef de la comptabilité «Aux Galeries Métropole», grands magasins de nouveautés de 1899"" a 1.90:1. Actuellement et depuis 1.901, sons-directeur des Etablissements Orosdi-Back, à. Tunis. Ancien secrétaire d",1887,,commerce;finance_banking
L1912-00841,DHAINE,3,"anc. secrétaire el membre k Paris de la Société «L'Union du Commerce», société de secours mutuels, fondée en 1847, depuis 1883. Membre de l'Association des Comptables du déparlement de la Seine, société de secours mutuels depuis 1.8S9",1847,,finance_banking
L1912-00841,DHAINE,4,"membre de la. Société académique de comptabilité, de l'Union des Sociétés de Gymnastique de France, à. Tunis",,,
L1912-00841,DHAINE,5,membre honoraire du Cercle /descrime «Jeanj-Louis»,,,
L1912-00841,DHAINE,6,"membre bienfaiteur de l'Orphelinat des Postes. Commissaire du Congrès des Sociétés de Géographie, Tunis 1.904",,,
L1912-00841,DHAINE,7,conduisit les congressistes il Kairouan el à Sousse.,,Sousse,
L1912-00847,DINGUIZLI,1,"profess au collège Sadiki, 1SSS-1S92",,,
L1912-00847,DINGUIZLI,2,". interprète à. la Section d'Etat du Gouvernement tunisien, 1.892-1900",1900,,administration
L1912-00847,DINGUIZLI,3,"caïd de la banlieue de Tunis, 1900",1900,,politics_native_admin
L1912-00847,DINGUIZLI,4,"président des Municipalités de La Goulelte, Rades, HammamLit et S'-Germain",,,
L1912-00847,DINGUIZLI,5,membre du Comité d'escompte de la Banque de l'Algérie,,,finance_banking
L1912-00847,DINGUIZLI,6,"prés, de la société sportive «La Victoire»",,,
L1912-00847,DINGUIZLI,7,v.-prés. du Comité des Fêtes de Tunis.,,,
L1912-00925,DJILANI,1,"interprète à. la Direction des travaux de la. ville de l'unis, interprète au Gouvernement tunisien, caïd gouverneur des Frechich. A dirigé durant plusieurs années la Société des industries d'Art de Tunisie, société privée parisienne, fondée par M. Pillel, -inspecteur des Beaux-Arts, etc., qui cherch",1901,Metlaoui,administration;politics_native_admin
L1912-00930,DOLOT,1,"chef de bataillon, lieutenantrcolonel et colonel chef du génie à Tunis de 1890 à 1900, puis colonel directeur du génie, enfin nommé le 30 mars 1904 général commandant le 1"" brigade d'infanterie et commandant militaire de: Tunis.",1890,Tunis,military
L1912-00936,DOUBLEDENT,1,"chimiste chez Hinque, Marret et Bonnin, Paris",,,
L1912-00936,DOUBLEDENT,2,"directeur du laboratoire Guillaumin, Paris",,,
L1912-00936,DOUBLEDENT,3,"chimiste au laboratoire du Service des Mines, Tunis. Conférences: «L'air liquide et ses applications industrielles». Publication : «Le Radium».",,,industry_crafts;mining
L1912-00940,DOUGNAC,1,"professeur à l'école primaire supérieure d'Aubeterre, 1893 à 1895",1893,,education_science
L1912-00940,DOUGNAC,2,"professeur k l'Ecole normale d'Alger, 1S95 à 1S98",,,education_science
L1912-00940,DOUGNAC,3,"à l'Ecole normale de aen, 1898-1903, et à l'Ecole normale de Tunis.",1898,,
L1912-00945,DOZEVILLE,1,"commis des Postes à Tunis, 1881, à La Goulette, 1883 à 85, receveur à Djerba, 1885 à 1903, à Sfax, 1903 à J.9UD, a bousse depuis le 1.6 juin 1905. V.-nrés. de la commission municipale de Djerba de 1.887 k 1.900.",1881,Tunis,administration
L1912-00947,DRAMARD,1,"avocat. 1.881: chef du cabinet du Préfet du Rhône, 18S2 à 1-Qi chef du cabinet du Résident Général à. Tunis, 1886 à 1.889",1886,,justice_law;military
L1912-00947,DRAMARD,2,"juge au tribunal, de Tunis. 1889 à 1.904, et vice-nrésident du tribunal depuis décembre 1904.",1889,,justice_law
L1912-00967,DUGLIN,1,"répétiteur à Montargis, Cambrai, Saint-Omer",,Montargis,
L1912-00967,DUGLIN,2,répétiteur et professeur de langue anglaise au lycée Carnot.,,,education_science
L1912-00969,DUMAS,1,avocat à la Cour d'appel de Paris,,,justice_law
L1912-00969,DUMAS,2,"publiciste, 1.883-1S90",,,press_letters_arts
L1912-00969,DUMAS,3,juge de paix suppléant à Saïda,,Saïda,justice_law
L1912-00969,DUMAS,4,juge de paix à Fienda.h et à Souk-el-Arba,,Fienda,justice_law
L1912-00969,DUMAS,5,"juge suppléant, puis substitut à Tunis",,Tunis,justice_law
L1912-00969,DUMAS,6,président du tribunal mixte de Tunisie. Membre titulaire de la Société des Gens de Lettres depuis 1.887. Livres publiés : «Thalie» (1S83),,,justice_law
L1912-00969,DUMAS,7,"«Les Soeurs Ennemies» (1885), chez Marpeu et Flammarion : «Le Joueur» (1886), «La. Belle Veuve» (1.SS7), chez Victor Bavard.",1885,,
L1912-00969,DUMAS,8,"' «Les Français d'Afrique et le. traitement des indigènes» (18S9), chez Challamel",,,
L1912-00969,DUMAS,9,"«Zezia» (1903), chez OUendorf",1903,,
L1912-00969,DUMAS,10,"nombreuses nouvelles littéraires, et collaborateur au «Voltaire», au «Siècle», à la «Revue Bleue», k la «Revue de Paris et de Saint-Pétersbourg», à la «Vie Populaire» et à 1' «Illustration».",,,
L1912-00973,DUPLA,1,"Avocat à la Cour de Toulouse, chargé de travaux particuliers au Secrétariat général du Gouvernement Tunisien (pendant sept mois), chef du contentieux au. Secrétariat (pendant un an), puis juge-rapporteur au tribunal mixte, à Sousse. Deux thèse (reçues avec éloges) : 1° «De l'interposition de personn",1901,Sousse,justice_law;military
L1912-00973,DUPLA,2,2° «Aperçu général sur la mobilisation de la propriété et du crédit hypothécaire,,,military
L1912-00973,DUPLA,3,"étude de critique économique», imprimerie Bouquet, Auch, 1904.",1904,,
L1912-00977,DUPRÊ,1,"Engagé en 1855 au 2* lanciers, sous-lieutenant en 1862, permute pour le 2"" spahis, expéditions de 1862 à 1870, lieutenant en 1868, campagne de 1< rance 1870 comme capitaine du ""2* de marche des chasseurs d'Afrique (devenu le 4-°), capitaine commandant du 2* chasseurs d'Afrique, commandant en 1.882, ",1855,,military;administration
L1912-00977,DUPRÊ,2,détaché aux. Finances depuis 1.S96. Décédé à Tunis en 1909.,1909,Tunis,
L1912-00988,DUVAL,1,"professeur d'histoire, 1880",1880,,education_science
L1912-00988,DUVAL,2,"censeur, 1895",1895,,education_science
L1912-00988,DUVAL,3,"proviseur, 1898.",1898,,education_science
L1912-01012,EL ANNABI,1,"instituteur de 1890 à, 1895, interprète de contrôle de 1895 à, 1900, interprète de mairie de 1900 à 1907. Membre de l'Association des anciens élèves du Collège Sadiki. A abandonné volontairement l'administration après dix-huit ans de services, pour s'adonner à l'agriculture el, à l'industrie.",1890,,education_science;administration
L1912-01013,EL ANNABI,1,instituteur et receveur des Postes et Télégraphes de 1895 à 1902,1895,,education_science;administration
L1912-01013,EL ANNABI,2,secrétaire commis à la Recette et interprète à la Municipalité de Bizerte depuis 1902.,1902,,administration
L1912-01029,ELES,1,"élève-consul attaché au Ministère des Affaires Etrangères à Rome, vice-consul de 2° classe au Consulat général à NewYork, vice-consul de 1"" classe au Consulat général à Tunis.",,Rome,military;diplomacy
L1912-01046,EL KAROUI,1,aide de camp du général Kheïreddme et interprète du Comité exécutif de la commission financière,,,military;administration
L1912-01046,EL KAROUI,2,secrétaire particulier de Mohamed Khasna.dar,,,
L1912-01046,EL KAROUI,3,"secret, de la Commission financière",,,
L1912-01046,EL KAROUI,4,interprète principal aux Affaires étrangères,,,administration
L1912-01046,EL KAROUI,5,chef du bur. des interprètes,,,administration
L1912-01046,EL KAROUI,6,chef du Secrétariat général du Gouvernement tunisien,,,military
L1912-01046,EL KAROUI,7,directeur du collège Sadiki,,,
L1912-01046,EL KAROUI,8,archiviste du Gouvernement tunisien.,,,
L1912-01104,ESSALMI,1,"agriculteur, cadi a Nefta, . à Zaghouan et actuellement à Mateur.",,Nefta,justice_law;agriculture
L1912-01111,EYMON,1,"rédacteur du journal la « Tribuna » de Rome et directeur du journal ]'«Unione», à 'l'unis.",,,press_letters_arts
L1912-01112,FABRY,1,"substitut, juge d'instruction, vice-président, procureur de la. République el président du Tribunal civil de 'l'unis. Conseiller à. la. Cour d'Appel de Paris 1904 el procureur général près la. Cour d'appel de Ca.en (191.1), ancien président, de l'Institut de Carthage, ancien président de la section ",1904,,justice_law;military;religion
L1912-01113,FAGES DE LATOUR,1,"élève ingénieur le 1"" oct. 1882, ingénieur ordinaire le 1"" juillet 1.885, ingénieur en chef le 1"" mars 1904, Directeur Général des Travaux publics le 1"" nov. 1903.",1882,,military;engineering_architecture;administration
L1912-01149,FESQUET,1,"directrice d'école à. Ferryville, 1899 à 1906",1899,,
L1912-01149,FESQUET,2,"directrice de l'école du Bardo, 1.906 à 1910.",1910,,
L1912-01169,FLAMANT,1,institutrice dans le dé- parlement de l'Isère,,,education_science
L1912-01169,FLAMANT,2,"institutrice à l'école Jules-Ferry, économe, puis directrice de l'école aimexe. Membre du Conseil de l'Instruction publique",,,education_science
L1912-01169,FLAMANT,3,membre du Conseil d'administration de l'Amicale primaire en Tunisie.,,,
L1912-01171,FLEURY,1,"sous-lieutenanl au 15"" chasseurs el au 3' spahis et lieutenant au V chasseurs d'Afrique. Conseiller municipal de Tunis depuis 1.898",,,military;politics_native_admin
L1912-01171,FLEURY,2,"prés, des «Enfants du Limousin» depuis 1894",1894,,
L1912-01171,FLEURY,3,"prés, du Cercle d'Escrime français depuis 1899",1899,,
L1912-01171,FLEURY,4,"prés, de la Société des Anciens Chasseurs d'Afrique depuis 1903",1903,,
L1912-01171,FLEURY,5,v.-prés. ùu Comité des fêles de Tunis jusqu'en 1907,1907,,
L1912-01171,FLEURY,6,"membre du Comité d'Hivernage de la ""Tunisie.",,,
L1912-01172,FLOT,1,"professeur de dessin au collège de Beaume-les-Dames, de La Fère, de Châlons-sur-Marne et de Tunis.",,,education_science
L1912-01217,GALLUT,1,"ingénieur à la Cie du Canal de Suez, en Egypte",,,engineering_architecture
L1912-01217,GALLUT,2,"secrétaire du Conseil d'administration de la Cie B.-G. et Prolongements à Paris, inspecteur des services de cette même compagnie en Algérie",,Paris,administration
L1912-01217,GALLUT,3,ingénieur de la. Cie du Port de Bizerte de 1.891 à 1896,1896,,engineering_architecture
L1912-01217,GALLUT,4,"directeur de l'usine de caoutchouc Michelin à. Cler'nioiil-Ferrand, directeur de l'exploitation de la Cie Gle des Eaux pour l'étranger, à Porto (Portugal), directeur des travaux de la ville de Dijon pour laquelle il a. fait l'adduction des eaux de Morcueil.",,Porto,industry_crafts
L1912-01245,GELLÉ,1,"professeur à. Cherbourg, Lisieux, Blida et Tunis. 1865, NapoléonVille (NouvelleOrléans , Etats-Unis d'Amérique), off.",1865,,education_science
L1912-01250,GENTIL,1,"avocat, docteur en droit, 1889",1889,,justice_law
L1912-01250,GENTIL,2,"suppléant rétribué à Kerrala (Algérie), 20 juillet ""1S92",,Kerrala,
L1912-01250,GENTIL,3,"juge de paix à Khenchela, 20 juin 1894, de 3° classe, 25 juillet 1895",1894,Khenchela,justice_law
L1912-01250,GENTIL,4,"juge de paix de TunisNord, 3 juillet 1897",1897,,justice_law
L1912-01250,GENTIL,5,"juge rapporteur au Tribunal mixte, 13 mai |1899",1899,,justice_law
L1912-01250,GENTIL,6,"juge à Tunis, 18 juillet 1.909.",,Tunis,justice_law
L1912-01252,GEORGE,1,Attaché à. la construction de la ligne de Sidi-bel-Abbès à Ras-el-Mâ (Cie de l'Ouesl-Algérion),,Ras-el-Mâ,
L1912-01252,GEORGE,2,"chef de district, chef de section, inspecteur de la voie, inspecteur du service central, ingénieur, chef d'exploitation du réseau tunisien à voie étroite",,,engineering_architecture;administration
L1912-01252,GEORGE,3,ingénieur chef du service du mouvement (Cie Bône-Guelma). Ancien président du groupe de'Tunis de l'Association amicale des Anciens Elèves de l'Ecole cenfraie.,,,engineering_architecture
L1912-01253,GEPT,1,"lieutenant d'arlil. aux batteries à cheval du 38' régiment à Nîmes '(1°' oct. 1892), capitaine à l'atelier de construction de l'artillerie à Lyon (30 déc. 1901), adjoint à l'Intendance militaire à. Paris (24 août 1903), sous-intendant militaire de 3' cl. (30 déc. 1905). Postes occupés en Tunisie : G",1892,Nîmes,military
L1912-01255,GÉRARD,1,"instituteur e:i France, département de la Meuse, ch",,,education_science
L1912-01255,GÉRARD,2,"22 oct. 1898 au 1"" déc. 1903",1898,,
L1912-01255,GÉRARD,3,instituteur à Tunis du 9 déc. 1903 au 1.1. avril 1904,1903,Tunis,education_science
L1912-01255,GÉRARD,4,"instituteur à Bizerle (école primaire supérieure) du 1.1 avril 1904 au 1"" octobre 1907. Instituteur à Soliman depuis le 1"" octobre 1.907.",1904,Bizerle,education_science
L1912-01262,GHILEB,1,"aide de camp de ieu Sadok-Bey de 18(34 à, 1877, vice-président de la Municipalité de 'l'unis en 1877, délégué tunisien à la Commission internationale des finances en 1S78, gouverneur du Kef en 1886, de Soliman en ISSS, de Bizerle en 1S92 et de Nabeul en 1890. Cheikh El-Medina el président de la Muni",1877,,politics_native_admin
L1912-01267,GILBERT,1,"Stagiaire à Barcelone, janvier 1.S94",,Barcelone,
L1912-01267,GILBERT,2,"élève consul k la direction cl sConsulats, 1.8 déc. .1894",1894,,diplomacy
L1912-01267,GILBERT,3,consul suppl. 1894,1894,,diplomacy
L1912-01267,GILBERT,4,"élève consul à la direction des fonctions de secrétaire à Montevideo, 5 nov. 1897",1897,Montevideo,diplomacy
L1912-01267,GILBERT,5,secrétaire d'ambassade de 3'- cl. pour prendre rang du 20 oct. 1S97 au 1.7 mars 1.899,,,
L1912-01267,GILBERT,6,"chargé d'affaires à llucnos-Ayrcs, 30 juillet au 7 ocl. 1899",1899,,diplomacy
L1912-01267,GILBERT,7,"secrétaire à. Montevideo, 29 mars 1900, chargé d'affaires, 16 juin 1900 au i' mai 1901",1900,,diplomacy
L1912-01267,GILBERT,8,"secrétaire de 2' cl., 3 janvier' 1901: attaché à la direction clés Affaires politiques, 2 oct. 1901",1901,,
L1912-01267,GILBERT,9,"chef de cabinet d'i Résident Général à Tunis, 16 avril 1902",1902,Tunis,military
L1912-01267,GILBERT,10,"délégué du ministre des Affaires élrangères au Congrès international de Géographie, Tunis, av-.-'i 1904",1904,,
L1912-01267,GILBERT,11,"«.ll.-clie à, lu. Direction politique, 31 déc. 1.904",,,
L1912-01267,GILBERT,12,"ù Madrid, 8 janv. 1909",1909,,
L1912-01267,GILBERT,13,"secrétaire de 1."" classe à la disposition du Gouverne ment tunisien, 20 déc. 1908",1908,,
L1912-01267,GILBERT,14,"premier se crétaire d'ambassade à Stockholm, ■ \~ fév. 1911.",1911,Stockholm,
L1912-01268,GILBERT,1,"commis à Tunis, 1901, à Sousse, 1902-04, ù. Bizerle, 1.904, et Tunis. Anc. très. adj. de l'Association Amicale des employés de l'Office Postal, anc. v.-prés. et ad. secr. de la société «La Marne». A collaboré k des recherches archéologique en Tunisie dans la région d'El-Djem.",1901,Tunis,administration
L1912-01273,GIRARD,1,"commis des Postes et Télégraphes en France, 1S99",,,administration
L1912-01273,GIRARD,2,"commis des Postes à Tunis, rédacteur à la Direction de l'Office, souschef de section a la même Direction (exploitation électrique), chef, de section au même service, chef de section à la même Direction (comptabilité générale et colis postaux). 1907. Cours d'exploitation électrique à l'Office postal",1907,Tunis,military;administration
L1912-01273,GIRARD,3,"préparation des candidats aux examens de commis dirigeant, de chef de section et de receveur de bureau principal.",,,administration
L1912-01275,GIROU,1,"directeur du «Travailleur Africain », revue illustrée des mines ■ et industries",,,mining
L1912-01275,GIROU,2,"rédacteur à «la Tunisie Française», quotidienne",,,
L1912-01275,GIROU,3,"rédacteur - correspondant de «la Dépêche Sfaxienne», quotidienne. Ancien directeur du «FrancParleur», organe radical-socialiste, hebbomadaire et du «Franc-Tireur». Môdail-"" le d'or pour «le Travailleur» à l'Exposition Coloniale de Marseille 1906.",1906,,
L1912-01277,GIROZ,1,"Dessinateur, industriel, conducteur de travaux de chemins de fer",,,industry_crafts;transport_maritime
L1912-01277,GIROZ,2,"actuellement ingénieur chef du service des installations à la Compagnie des Phosphates de Gafsa, à Metlaoui. TUAVAUX : Montage et lançage ^ .DUS les tabliers métalliques de la ligne MellaouiRedeyeff",,Metlaoui,engineering_architecture;mining
L1912-01277,GIROZ,3,installation des usines de séchage mécanique pour phosphate de la station centrale électrique aux mines de Metlaoui.,,,industry_crafts;mining
L1912-01278,GISTUCCI,1,avocat au barreau de Sousse (1 Imars 1897-30 août 1904),1897,,justice_law
L1912-01278,GISTUCCI,2,bâtonnier de l'Ordre durant les trois der- niôres années de barreau,,,
L1912-01278,GISTUCCI,3,juge de paix suppléant à Sfax (1.6 mars),,Sfax,justice_law
L1912-01278,GISTUCCI,4,"juge de paix titulaire à Kairouan jusqu'en janvier 1.909. Plaide dans l'affaire De Mores, pour un des accusés. Conférence sur Victor Hugo au théâtre de Sousse, lors des fêtes du centenaire.",,Kairouan,justice_law
L1912-01297,GOYET,1,"Administration des Finances (1"" janv. 1898 au 30 oct. 1902)",1898,,
L1912-01297,GOYET,2,"à la Recette municipale depuis le 1"" janv. 1902. Anc. prés, du Club. Athlétique de Tunis. Trois campagnes.",1902,,
L1912-01306,GRENOUILLEAU,1,"attaché au Parquet de Clermont-Ferrand, avocat à Loches et à Clermont.",,Loches,justice_law
L1912-01307,GRENY,1,che! du contentieux dans une grande maison de construction,,,
L1912-01307,GRENY,2,"expert près les tribunaux. V.- prés. de la société «Les Enfants du Centre». Collaboration à des travaux importants, tels que : manufactures de porcelaines, de chaussures, etc.",,,industry_crafts
L1912-01307,GRENY,3,chapelle (avec crypte) des Jésuites à Limoges,,Limoges,
L1912-01307,GRENY,4,château gothique k Lambertye (Dordogne),,,
L1912-01307,GRENY,5,château composite au Vigon (H.-Vienne),,,
L1912-01307,GRENY,6,"théâtre de Tunis et annexes, la rue Léon-Roches, à, Tunis.",,,
L1912-01309,GRESSE,1,"instituteur au collège Alaoui, à Bizer'te,Teboursouk, Medjezel-Bab et Zaghouan. Prés, de l'Amicale de l'Enseignement nrimairp.. 1906: délégué au Conseil de l'Instruction publique, 1907",1906,Bizer'te,education_science
L1912-01309,GRESSE,2,secrétaire du groupe tunisois de la Mission laïque. Collaboration active au Bulletin de l'Amicale primaire,,,
L1912-01309,GRESSE,3,projet de service sanitaire scolaire,,,
L1912-01309,GRESSE,4,rapport sur la collaboration de l'école au reboisement de la Régence,,,
L1912-01309,GRESSE,5,projet de propagande coloniale par l'école. Deux médailles d'or et une médaille d'argent aux Expositions de Tunis el Marseille. Lauréat de la Ligue de l'Enseignement.,,,
L1912-01314,GROSS,1,"commis, vérificateur et receveur des Douanes"". Trois campagnes militaires.",,,administration
L1912-01338,GUIOT,1,Avocat,,,justice_law
L1912-01338,GUIOT,2,suppléant rétribué à Saïda. 29 mars 1894,1894,Saïda,
L1912-01338,GUIOT,3,"juge de paix à. Saint-Clond, 9 mal 1S96",,,justice_law
L1912-01338,GUIOT,4,"3' cl., août .1897",1897,,
L1912-01338,GUIOT,5,"supp. à Sousse et juge au tribunal mixte, 5 mai 1898",1898,Sousse,justice_law
L1912-01338,GUIOT,6,"juge rapporteur h Sousse, 3 juin 1899",1899,,justice_law
L1912-01338,GUIOT,7,"juge au tribunal mixte de Tunis,!"" mai 1903",1903,,justice_law
L1912-01338,GUIOT,8,"substitut à. Saint-Etienne, 14 sept. 1904",1904,,justice_law
L1912-01338,GUIOT,9,"à Amiens, 9 mars 1907.",1907,Amiens,
L1912-01349,HACKSPILL,1,dessinateur chef de district intérimaire et chef de district titulaire.,,,
L1912-01384,HANRIOT,1,"Surnuméraire, 187S",,,
L1912-01384,HANRIOT,2,"rédacteur ordinaire, 1880",1880,,
L1912-01384,HANRIOT,3,adinisible à l'Inspection générale. 1.882,,,military
L1912-01384,HANRIOT,4,"rédacteur principal, 1.891",,,
L1912-01384,HANRIOT,5,"sous-chef de bureau, 1S94",,,administration
L1912-01384,HANRIOT,6,"chef cie bureau, 1900",1900,,
L1912-01384,HANRIOT,7,"Administration centrale des Finances (Direction de la Dette inscrite et du Personnel). Membre de plusieurs sociétés professionnelles, amicales, ou mutuelles",,,
L1912-01384,HANRIOT,8,ancien administrateur. de l'Association des Employés de l'Administration centrale des Finances. Quelques publications économiques dans diverses revues. Cours- préparatoires au concours de rédacteur k l'Administration centrale des Finances,,,administration
L1912-01384,HANRIOT,9,"1892 à, 1897. Anc. secr. de la Commission extra-parlementaire de revision de la loi de 1.853 sur les pensions civiles, 1890-1891",1892,,
L1912-01384,HANRIOT,10,"anc. memb. de la Commission supérieure de classement, au Ministère de la Guerre, des sous-officiers candidats aux emplois civils, 1899 à 1906",1899,,military
L1912-01384,HANRIOT,11,"anc. memb. ou prés, de diverses commission au même ministère.",,,
L1912-01391,HASSAN,1,"capitaine de l'armée sanitaire turque el médecin à l'hôpital militaire de Smyrne. Membre du Cercle Tunisien. A publié une brochure sur «le diabète», rédigé en second le journal «Maternel.» el, en chef le journal «La. Foudre», en Grèce. Condamné poliliifi'i par le régime liainidien pour ses idées lib",,,medicine_health;military
L1912-01403,HENRY,1,Médecin de colonisation à Tozeur de 1900 à 1903,1900,Tozeur,medicine_health
L1912-01403,HENRY,2,"à Aïn-el-Asker depuis 1903 (poste créé). «Etude histologique de la fraction décrôtoire de l'épiclidyme chez les vertébrés supérieurs». Faculté de Nancy, 1900, prix de thèse. Vaccinations dans le Djerid. A publié : «Le Djerid",1903,Aïn-el-Asker,
L1912-01403,HENRY,3,"climatologie, notes médicales, etc.»",,,
L1912-01403,HENRY,4,"«Echomélie du genre hémimôle» (Soc. des Se. méd. de Tunis et Revue de médecine de l'Afrique du Nord, 1903)",1903,,medicine_health
L1912-01403,HENRY,5,"«le Collargol en thérapeutique», Tunis, 1903",1903,,
L1912-01403,HENRY,6,"«Les théories actuelles sur le paludisme» (Maloine, Paris)",,,
L1912-01403,HENRY,7,"«Le paludisme, conception officielle et conceptions dissidentes» (A. Maloine, Paris, 1908)",1908,,
L1912-01403,HENRY,8,"«Bourgeonnement muliaire dans Tostéosarcome» (Bibliographie anatomique, Nancy, 1908).",1908,,
L1912-01407,HERCULAIS,1,"garde-niarino (1770), souslieutenant au régiment d'Orléans-cavalerie (1772), capitaine au régiment de Chartres-dragons (1777). Dans l'Inde en 17S1, il fut nommé, le 25 avril 1787, major à la suite des troupes employées à Pondichéry et, de retour en Europe, quelque temps après, il passa avec :",1770,Pondichéry,military
L1912-01407,HERCULAIS,2,"utorisution au service de l'Espagne. Le 1"" juillet 1792, il fut nommé colonel du 2' régiment des grenadiers de la marine. Au commencement de la révolution, il devint chef de brigade des armées de la République dans le Finistère et fut chargé d'une mission auprès des puissances barbaresques. Cette mi",1792,Paris,military;administration;diplomacy;finance_banking
L1912-01427,HSIN,1,interprète au Service Topographique du 19 fév. 1894 au 19 fév. 1903.,1894,,administration
L1912-01431,HUGUENET,1,à l'état-major des subdivisions de Gronville et Saint - Malo,,,
L1912-01431,HUGUENET,2,du 13' corps d'armée,,,
L1912-01431,HUGUENET,3,"de la subdivision de Bône, du gouvernement militaire de Lyon, du gouvernement de la place forte de IDunkerque, des subdivisions de Caen, du Havre, de Falaise cl de l.isieux, du corps expéditionnaire de Chine, du 13° corps d'armée, de la Division d'occupation de Tunisie. S campagnes, dont 2 de guerre",,,
L1912-01435,HUMBERT,1,"receveur municipal à Monastir, rédacteur au secrétariat général du Gouvernement tunisien et receveur municipal à Sfax depuis mars 1894.",1894,Monastir,military;administration
L1912-01471,JACQUIER,1,"zouave, caporal, sergent rengagé et adjudant",,,military
L1912-01471,JACQUIER,2,"surveillant, puis économe à l'Ecole coloniale d'agriculture. Mention honorable du Ministre de l'Intérieur (dévouement incendie).",,,
L1912-01475,JAULMES,1,"agrégé de grammaire, profeseur aux lycées d'Annecy et de Tunis. Ancien vice-prés, de l'Amicale secondaire.",,,
L1912-01476,JEANGOLAS,1,"receveur au Bardo, à Béja, à Souk-el-Arba, à Gabès et à Bizerte. JEFNA. (V. Aïn-Jefna.)",,Béja,administration
L1912-01480,JOYEUX,1,"instituteur à Poitiers, à Saint-Sauvant, Loudun, Tunis, Teboursouk. Juifs. (V. Israélites.)",,Poitiers,education_science
L1912-01506,KHAIRALLAH,1,"instituteur à. l'annexe du Collège Alaoui, professeur au collège Sadiki, interprète au Tribunal mixte. Président de l'Association des Anciens Elèves du Collège Sadiki. Membre du Cercle tunisien.'",,,education_science;administration
L1912-01559,LACORRE,1,"institutrice à Evron (Mayenne), directrice de l'école primaire de Saint-Saturnin (Mayenne), institutrice à J'écoie ,'lules-Ferry.' à Tunis, directrice de l'école primaire supérieure de Sfax. Prés, de la. Société de 'Toulouse : «La nationale Universitaire». Médaille d'argent à l'Exposition coloniale ",,Evron,education_science
L1912-01560,LACORRE,1,"instituteur à Bizerte, à Mactar, directeur d'école, receveur des Postes à Mactar, Djemmal, Mateur, instituteur au collège Alaoui, à l'école franco-arabe de Sfax, directeur d'école à Bizerte. V.-prés. du Comité de l'Assistance Mutuelle Tunisienne à Bizerte",,Bizerte,education_science;administration
L1912-01560,LACORRE,2,v.-prés. de la Société de Bienfaisance de Bizerte,,,
L1912-01560,LACORRE,3,délégué du Touring-Club de France.,,,
L1912-01561,LACROIX,1,chef de gare à Valence et à Lyon,,Valence,transport_maritime
L1912-01561,LACROIX,2,"inspecteur au B.-G. à Bône, SoukAhras, Tunis et Souk-Ahras. Médaille d'or à. l'Exposition coloniale de Marseille. Lieutenant à la 2° section technique de chemins de fer de campagne jusqu'au moment de son passage en Algérie.",,Bône,military;administration;transport_maritime
L1912-01566,LAFFORGUE,1,"répétiteur au Lycée Carnot .(1899-1900), rédacteur au Gouvernement Tunisien (1900-1905), rédacteur adjoint au Directeur des Services administratifs de la Municipalité de Tunis (1905-1906), professeur de lettres à l'école professionnelle Emile-- Loubet. A publié «l'Epopée de Carthage», en collaborati",1899,,education_science
L1912-01567,LAFITTE,1,"imprimeur a lïjzerie, uirecieur uu «relit Bizerlin», rédacteur en chef de «la Dépêche Tunisienne »', chef de l'Office du Travail à Tunis. Ane. prés, d'honn. du Cercle de la Ligue de l'Enseignement à Bizerte, anc. commiss. de la Société française de Bienfaisance de Tunis",,Tunis,industry_crafts;press_letters_arts
L1912-01567,LAFITTE,2,"anc. vice-prés, du Syndicat de la Presse tunisienne. A PUKLIÉ : (d'Epopée de Carthage» (en vers). Ancien conseiller municipal et d'arrondissement dé Toulouse",,,politics_native_admin
L1912-01567,LAFITTE,3,ancien représentant de Bizerte à la. Conférence Consultative. Médaille de bronze à l'Exposition de Liège,,,politics_native_admin;diplomacy
L1912-01567,LAFITTE,4,médaille d'argent à i'Exposition de Marseille.,,,
L1912-01570,LAGRANGE,1,"receveur de l'Enregistrement dans la Métropole, sousinspecteur de l'Enregistrement, souschef de bureau à la Direction générale des Finances tunisiennes:",,,military;administration
L1912-01573,LAKBEGHE,1,Secrétaire-interprète à l'Administration des Habous et chef du bureau des renseignements de ladite administration,,,administration
L1912-01573,LAKBEGHE,2,"membre du comité de surveillance des infirmeries indigènes de Bizerte et Mateur, membre fondateur de la société musulmane cie bienfaisance de Bizerte, membre de l'Association, des Anciens Elèves du Collège Sadiki",,,
L1912-01573,LAKBEGHE,3,membre sociétaire de la Caisse locale du Crédit agricole mutuel de la. région de Mateur.,,,
L1912-01574,LAKHOUA,1,"se•'orétaire-interprète des contrôles civils du Kef et de Grombalia, khalifat de 1"" classe à Enfidaville, à""Mahdia, caïd des Oulad-bou-Salem et des Chihia à Souk-el-Khemis, président de la commission de voirie de Souk-el-Khemis.",,Enfidaville,administration;politics_native_admin
L1912-01577,LALLIERMONET,1,expéditionnaire dans les greffes des justices de paix d'Orléansville et de Miliana (de juin 1863 à août 1870),1863,,
L1912-01577,LALLIERMONET,2,"Sous-lieutenant en premier de la milice mobile en 1870, à Miliana",1870,Miliana,military
L1912-01577,LALLIERMONET,3,"a renoncé, le 28 septembre 1.870, à son grade pour s'engager au 1"" régiment de tirailleurs. Nommé caporal le 2 octobre, il est dirigé sur Orléans. Près de SainfAignan, il arrête deux Prussiens, dont un officier, déguisés en mobiles, et les l'ait prisonnniers. A fait l'objet, en décembre 1870, d'une ",1870,,
L1912-01577,LALLIERMONET,4,"réformé comme sergent-fourrier, il obtient, le 19 juin 1872, par congé de réforme n° 1, pour blessures et infirmités contractées pendant le service, une gratification renouvelable de 205 francs à laquelle il renonce en faveur de la libération du territoire. Courtier assermenté et arbitre-expert près",1872,Bizerte,justice_law;politics_native_admin;commerce
L1912-01577,LALLIERMONET,5,"enfin, depuis 1909, commissaire-priseur, également à Tunis. Fondateur et membre de la section b'iidéenne de la Ligue de l'Enseignement (1874)",1909,Tunis,
L1912-01577,LALLIERMONET,6,présid. de la Société Ouvrière de secours mutuels « l'Union » (1886-1888),1886,,
L1912-01577,LALLIERMONET,7,"prés, d'honneur à vie de cette société depuis 1.888",,,
L1912-01577,LALLIERMONET,8,fondateur du journal « Les Petites Affiches du département de Constantine» et du premier musée commercial d'Algérie (1886),1886,,
L1912-01577,LALLIERMONET,9,"délégué général à vie de la Société des Sauveteurs, fondée par lui",,,military
L1912-01577,LALLIERMONET,10,administrateur et ordonnateur du bureau de bienfaisance,,,administration
L1912-01577,LALLIERMONET,11,vice-consul du Pérou (1886-1902),1886,,diplomacy
L1912-01577,LALLIERMONET,12,"membre correspondant du 3' Congrès national de la Mutualité, tenu à Paris en 18S9, et un de ses secrétaires",,Paris,
L1912-01577,LALLIERMONET,13,membre fondateur et président d'honneur de la Société des Anciens militaires,,,
L1912-01577,LALLIERMONET,14,v.-prés. d'honn. de la Compagnie des Sauveteurs du Rhône (1896),1896,,
L1912-01577,LALLIERMONET,15,"membre de la. Société des Volontaires de 1.870-7:1, créée en 1.872",,,
L1912-01577,LALLIERMONET,16,fondateur du groupe philippevillois des combattants de 1870-71 (1896),1870,,
L1912-01577,LALLIERMONET,17,"memb. fond, et v.-prés. de la Section cïu «Souvenir Français»",,,
L1912-01577,LALLIERMONET,18,"fondât, de la Section de Vétérans de 1870-71 de Pliilippeville",1870,,
L1912-01577,LALLIERMONET,19,"fondateur de la Société des Vétérans (section de Bizerte, 1902)",1902,,
L1912-01577,LALLIERMONET,20,"v.-prés. actif de la Ligue de l'Enseignement, cercle de Bizerte (1.902)",,,
L1912-01577,LALLIERMONET,21,nommé par le Comité central de Paris délégué de la. Société le «Souvenir français» pour la région de Bizerte (1902),1902,,
L1912-01577,LALLIERMONET,22,"membre fond, et v.-prés. cl'honn. du Cercle bi/.erlin de la Ligue de l'Enseignement",,,
L1912-01577,LALLIERMONET,23,"prés, d'honn. de la Société des Vétérans des Armées de Terre et de Mer",,,
L1912-01577,LALLIERMONET,24,"prés, cl'honn. de la Société «l'Algérienne», de Bizerte (1906)",1906,,
L1912-01577,LALLIERMONET,25,"prés, de la. Société des anciens combattants de 1S70-71, contre l'Allemagne, Tunis (1909). Grande Médaille d'or de la Société ouvrière de secours mutuels l'Union (1886)",1909,,
L1912-01577,LALLIERMONET,26,Méa. d'honn. pour sauvetages dans les incendies (1887),1887,,
L1912-01577,LALLIERMONET,27,"Gr. Médaille d'or du Progrès, décernée par S. M. le Roi d'Itabe (1887)",1887,,
L1912-01577,LALLIERMONET,28,Croix de Mérite du Comité des Récompenses de la Société des Sauveteurs des Alpes-Maritimes (1888),1888,,
L1912-01577,LALLIERMONET,29,Médaille d'honn. de la Mutualité (1889),1889,,
L1912-01577,LALLIERMONET,30,"Méd. d'or gr. module, décernée par le Concours Algérien de la Mutualité (1.890)",,,
L1912-01577,LALLIERMONET,31,Méd. d'or de la Société des Sauveteurs (1891),1891,,
L1912-01577,LALLIERMONET,32,Dipl. d'honn. du Comité Central du Souvenir Français (1896),1896,,
L1912-01577,LALLIERMONET,33,Méd. d'honn. de la Société les Sauveteurs du Rhône (1S97): Méd. d'honn. du Comité central des Vétérans de 1870-71 (1898),1870,,
L1912-01577,LALLIERMONET,34,Méd. d'honn. de la Société humanitaire et hygiénique de Londres (1899),1899,,
L1912-01577,LALLIERMONET,35,Méd. d'ar'g. du Comité central du Souvenir Français (1904): Diplôme de la Ligue de l'Enseignement (1905),1904,,
L1912-01577,LALLIERMONET,36,Rappel de diplôme à l'occasion du Congrès d'Angers de la Ligue de l'Enseignement (1906),1906,,
L1912-01577,LALLIERMONET,37,"Diplôme, avec 1 Méd. d'honn. en or, décerné par le",,,
L1912-01585,LANDEROIN,1,"directeur d'école à Mazangé professeur au collège Alaoui, directeur d'école à Béja, à Gabès",,Mazangé,education_science
L1912-01585,LANDEROIN,2,"à Bizerte depuis le 1"" janv. 1903. Fond, du Cercle gabésien de la Ligue de l'Enseignement et présid. de ce Cercle jusqu'à son départ de Gabès",1903,Bizerte,
L1912-01585,LANDEROIN,3,"prés, du Cercle bizertin de la Ligue de l'Enseignement depuis 1904",1904,,
L1912-01585,LANDEROIN,4,"prés. fond, et actif du «Foyer du Soldat et du Marin» de Bizerte",,,
L1912-01585,LANDEROIN,5,"prés, fond, et actif de sociétés musicales, en France",,,
L1912-01585,LANDEROIN,6,la.uréat de la Ligue depuis 1.903,,,
L1912-01585,LANDEROIN,7,Médaille de bronze pour l'Exposition scolaire de Tunis en 1895,1895,,
L1912-01585,LANDEROIN,8,médaille d'argent à l'Exposition universelle 1.900,,,
L1912-01585,LANDEROIN,9,deux médailles de bronze à l'Exposition de Marseille 1906.,1906,,
L1912-01594,LAVERDET,1,Secrétaire de contrôle (23 janv. 1895),1895,,
L1912-01594,LAVERDET,2,secrétaire lions cie contrôleur suppléant (10 août 1896),1896,,administration
L1912-01594,LAVERDET,3,"contrôleur suppléant de 3"" cl. (14 juillet 1900)",1900,,administration
L1912-01594,LAVERDET,4,"de 2' cl. (1"" janv. 1905).",1905,,
L1912-01596,LAVIGERIE,1,professeur de littérature latine à l'Ecole des Carmes et d'histoire ecclésiastique à la Sorbonne (1854-1861),1854,,education_science
L1912-01596,LAVIGERIE,2,fondateur de l'oeuvre des Ecoles d'Orient. Mission du Liban. Evêque de Nancy (1.863),,,religion
L1912-01596,LAVIGERIE,3,"archevêque d'Alger (1867). Fondateur en Algérie des orphelinats pour enfants indigènes et de l'ordre des Pères Blancs (1868),qui furent chargés des missions d'Afrique. En 1.882, après l'établissement du Protectorat français en Tunisie, le pape Léon XIII donna à. Mgr Lavigerie les titres de Primat d'",1867,,religion
L1912-01597,LEAL,1,"Commissaire spécial à Nantes, Saint-Nazaire, Calais, Dieppe, Annemasse, Lyon (préfecture du Rhône) el Marseille. Fond, et v.-prés. cVbonn. de. la Société fraternelle de secours mutuels du personnel de la police tunisienne. Engagé volontaire pour la durée de la guerre au 18* bataillon de chass. à pie",1870,Nantes,
L1912-01597,LEAL,2,blessure à la poitrine. Engagé volontaire en 1871 au S* régiment de chasseurs à cheval,1871,,
L1912-01597,LEAL,3,"libéré en 1876. A fait, en malité de sous-lieutenant de réserve au L3° régiment de chasseurs à cheval, la îampagne de Tunisie. LE BAS (Jules), 26 juin 1869, Constan,ine, off. du Nichan-Iftikhar. Chef de Drigade des Monopoles à Bizerte. 1888. sous-lieutenant au 120* d'infanterie à Sedan, 18S9",1876,Bizerte,military
L1912-01597,LEAL,4,"lieutenant au 4' bataillon d'Afrique à Gabès, 1891",1891,Gabès,military
L1912-01597,LEAL,5,"officier de renseignements à Aïn-Draham, 1894",1894,Aïn-Draham,
L1912-01597,LEAL,6,"à Matmata, 1895",1895,Matmata,
L1912-01597,LEAL,7,"à Kebili, 1896",1896,Kebili,
L1912-01597,LEAL,8,"chef du Bureau des Affaires indigènes de Médenine, 1S97",,,
L1912-01597,LEAL,9,"de Gabès, 189S",,,
L1912-01597,LEAL,10,"capitaine, 1899",1899,,military
L1912-01597,LEAL,11,"sous-chef du Service des Affaires indigènes et du personnel militaire de la Résidence Générale de France à Tunis, 1906. Membre du Comité directeur de la Section tunisienne de la Société de Géographie commerciale de Paris",1906,Tunis,military
L1912-01597,LEAL,12,correspondant de l'Association des anciens élèves du Prytanée militaire de La Flèche à Tunis.,,Tunis,
L1912-01599,LECA,1,"directeur du «Petit Bônois», uirecieur uu nretu luiusien» et directeur de «la Dépêche Tunisienne». Prés, d'honn. du Syndicat de la Presse tunisienne",,,
L1912-01599,LECA,2,"prés, de la Compagnie des Eaux Thermales et du Domaine de Korbous",,,
L1912-01599,LECA,3,de la- Société des Eaux Naturelles d'Aïn-Garci,,,
L1912-01599,LECA,4,"administrateur délégué de la Société anonyme de l'Imprimerie Rapide de Tunis. """,,,administration
L1912-01600,LEFEBVRE,1,"Professeur à l'Institution du Parangon de Joinville-le-Pont, 1.S90 à 1897",1897,,education_science
L1912-01600,LEFEBVRE,2,professeur à l'Ecole Jules-Ferry (piano et solfège),,,education_science
L1912-01600,LEFEBVRE,3,professeur de piano à l'Ecole de Musique. Compositions diverses pour piano. Membre de l'Association artistique. Concerts et auditions d'élèves.,,,education_science
L1912-01606,LEMAIRE,1,Externe des hôpitaux,,,
L1912-01606,LEMAIRE,2,interne des hôpitaux de Versailles,,,medicine_health
L1912-01606,LEMAIRE,3,"médecin-interne à l'hôpital Sadiki. De mars à juillet 1909. fit un voyage en Tripolilaine, dont il donna le compte rendu dans une conférence faite sous les auspices de la Société de Géographie commerciale de Tunis. Avec MM. Magnier et Amblard, il parcourut la chaîne des djebels tripolitains et recon",1909,Sinaoun,medicine_health
L1912-01610,LEPINEY,1,"propriétaire à Médôa, 1877 à 1.885",1877,Médôa,
L1912-01610,LEPINEY,2,"régisseur du domaine d'Aïn-Schrouna, ferme Altairac, Maison-Carrée (Alger), 1S85 à 1S93",,,
L1912-01610,LEPINEY,3,"professeur d'agriculture et de viticulture à l'Ecole de Rouiba, 1891 a 1901",1891,,education_science
L1912-01610,LEPINEY,4,"directeur de l'Ecole coloniale d'agriculture de Tunis, 1"" mai 1901. A créé le domaine de Tibharine, près de Médéa (Algérie)",1901,,
L1912-01610,LEPINEY,5,"vignoble, verger, aspergière, prairie, céréales, reboisement (500 hect.). Conseiller municipal de Maison-Carrée, 1898-1901. A obtenu : Médaille d'argent (vins). Exposition universelle Paris 1S78",1898,,politics_native_admin
L1912-01610,LEPINEY,6,"Médaille d'or nu concours de la prime d'honneur, Concours général agricole d'Alger, 1.881",,,military
L1912-01610,LEPINEY,7,"Médaille d'argent, (volailles), Concours d'Alger, 1881",1881,,
L1912-01610,LEPINEY,8,membre de la mission phylloxerique envoyée par le Gouvernement général de l'Algérie dans l'Aude et l'Hérault pour l'élude des vignobles envahis par le phylloxéra. Nommé expert communal du Service philloxerique de l'Algérie par arrêté préfectoral de sept. 1883,1883,,military
L1912-01610,LEPINEY,9,"Médaille d'argent (vins) et de bronze (eaux-de-vie) Concours de Bel-Abbôs, 1885",1885,,
L1912-01610,LEPINEY,10,"diplôme de mérite. Ligue du Reboisement d'Algérie, 1883",1883,,
L1912-01610,LEPINEY,11,"diplôme d'honneur (vin blanc), Exposition universelle d'Amsterdam, 1883",1883,,
L1912-01610,LEPINEY,12,"rappel de diplôme d'honn. (Exposition des vins nouveaux), Société d'Agriculture d'Alger, membre du jury, 1.884",,,
L1912-01610,LEPINEY,13,"Médaille d'argent (aména.gemcnt de forêt), Concours agricole de Blida (Algérie), 1SS4",,,
L1912-01610,LEPINEY,14,membre du jury de ce Concours,,,
L1912-01610,LEPINEY,15,"membre du jury du Concours agricole de Boufarik (Algérie), 1887",1887,,
L1912-01610,LEPINEY,16,"délégué régional à. l'Exposition universelle de Paris, 18S9",,,
L1912-01610,LEPINEY,17,commissaire (section des machines) Concours agricole de Mascara (Algérie): commissaire organisateur du concours des charrues indigènes à Maison-Carrée,,Maison-Carrée,
L1912-01610,LEPINEY,18,"commissaire (section des machines) Concours général agricole d'Alger, 1.899",,,military
L1912-01610,LEPINEY,19,"membre du jury au Concours général agricole de Paris, 1902",1902,,military
L1912-01610,LEPINEY,20,"Médaille d'argent ""(collaboration) à l'Exposition universelle de Liège, 1905",1905,,
L1912-01610,LEPINEY,21,"Médaille d'or (collaboration) à l'Exposition Coloniale Nationale de Marseille, 1906",1906,,
L1912-01610,LEPINEY,22,"diplôme d'honneur avec félicitntions du jury pour collections de raisins conservés Exposition de la Société d'Horticulture de Tunisie, oct. 1.907",,,
L1912-01610,LEPINEY,23,"membre du jury nu Concours général agricole de Tunis, avril 1907",1907,,military
L1912-01610,LEPINEY,24,"membre dujury nu Concours agricole de Bizerle, avril 1908.",1908,,
L1912-01614,LESCURE,1,"surnuméraire de l'Enregistrement en 1.890, receveur en 1.894, sous-inspecienr de 1.902 à. 190S",,,administration
L1912-01614,LESCURE,2,"rédacteur aux Finances tunisiennes : stagiaire 1892, titulaire 1.895, sous-chef 1.899, chef 1903 el sous-direeleur 1911.",1892,,
L1912-01615,LESSEPS,1,avocat à la Cour d'appel de Rennes,,,justice_law
L1912-01615,LESSEPS,2,"rédacteur, puis rédacteur principal à la Préfecture de la Semé, trésorier des Bleus de Bretagne. A publié : «L'Histoire de la Bourse du 'Travail de Paris».",,,
L1912-01616,LETOURNEUR,1,"Souschef de cabinet du Ministre de l'Agriculture, 1905-191.0",1905,,
L1912-01616,LETOURNEUR,2,"professeur de droit à l'Institut commercial de Paris. 1"" v.-pr. de l'Association générale de la Presse technique",,,military;education_science
L1912-01616,LETOURNEUR,3,"prés, du Comité d'organisation du 1"" Congrès international de Moto-Culture, Amiens, 1909",1909,,
L1912-01616,LETOURNEUR,4,"commissaire général de l'Exposition d'hygiène de Tunis, 1911",1911,,military
L1912-01616,LETOURNEUR,5,"Fondateur et rédacteur en chef du «Monde agricole», revue technique bi-mensuelle. Médaille d'or à l'Exposition internationale de Quito (Equateur)",,,press_letters_arts
L1912-01616,LETOURNEUR,6,"grand prix à l'Exposition franco-britannique, Londres, 1908.",1908,,
L1912-01617,LEVI,1,chef de clinique et aide-professeur à la Maternité de l'Université de Padoue,,,education_science
L1912-01617,LEVI,2,chirurgien gynécologue titulaire à l'hôpital italien de Tunis,,,medicine_health
L1912-01617,LEVI,3,directeur de cet hôpital,,,
L1912-01617,LEVI,4,.directeur de l'hôpital israélite. Auteur de plusieurs monographies de gynécologie publiées dans le «Bulletin de la Société des Sciences médicales de Tunis».,,,
L1912-01620,LEYGONIE,1,"clerc d'avoué, professeur, commissaire de police à Paris pendant trente-deux ans. «Libéral (Le)». Journal quotidien socialiste indépendant, 65, riie de Naples. Tunis (2° année). Télôph. : 598. Dir. pol.: M. O. Rutily",,Paris,justice_law;education_science
L1912-01620,LEYGONIE,2,"réd. en chef : M. René Bouyac. Abonn"" : un an, 1.8 fr. Le numéro, 5 centimes. NLiberté (La)». 1.906. Premier org. politique bi-hebdoniadaire des revendications des israélites tunisiens rédigé en judéo-arabe. 1, rue I-Iannon, Tunis. Correspondants clans les principaux centres de la Tunisie. Directeur",1911,,
L1912-01626,LIOTIER,1,"avocat à Montpellier, puis à Paris",,Montpellier,justice_law
L1912-01626,LIOTIER,2,suppléant du juge de paix à Collo (Algérie),,Collo,justice_law
L1912-01626,LIOTIER,3,"juge de paix à Gabès, à Sfax, à Tunis (canton Nord), à Tunis (canton Sud)",,Gabès,justice_law
L1912-01626,LIOTIER,4,"substitut à Sousse le 13 oct. 1906. A prononcé les réquisitoires dans les affaires de Kasserine et Argaut. ,",1906,Sousse,justice_law
L1912-01628,LIVET,1,"secrétaire de Contrôle, attaché à la Résidence Générale, sous-chef de cabinet du Résident Général, contrôleur civil suppléant à Tala, Bizerte, Tunis, Sousse, chef d'annexé à Medjez-el-Bab el Teboursouk, contrôleur civil à Gabès. .",,Tala,military;administration
L1912-01629,LOCHE,1,"Substitut à Briançon (I-l.-Alpes), juge au tribunal civil dé Bourgoin (Isère) de 1869 à 1.SS3. A fait, comme capitaine dans la. légion des Hautes-Alpes, la campagne de 1870. Médaille de bronze au Concours agricole de Paris 1891. el à l'Exposition universelle de 1900",1869,Briançon,justice_law;military
L1912-01629,LOCHE,2,Médaille d'or au Concours agricole de Sfa.x 1904,1904,,
L1912-01629,LOCHE,3,Médaille de bronze à l'Exposition coloniale de Marseille 1906.,1906,,
L1912-01630,LOCHE,1,"instituteur public à Tunis. Monastir, Sousse, 'Tébourba et Zaghounn. En 1.S95, secrétaire do contrôle civil à Zahghouan",,Tunis,education_science
L1912-01630,LOCHE,2,"en 1896, secrétaire faisant fonctions de contrôleur civil suppléant à Tala, Gafsa et Kairouan",1896,Tala,administration
L1912-01630,LOCHE,3,"en 1904, nommé receveur municipal à Sousse. Memb. fond, de la Bibliothèque populaire de Kairouan: membre et prés, de la Ligue de l'Enseignement à Kairouan",1904,Sousse,administration
L1912-01630,LOCHE,4,"memb. de la Ligue de l'Enseignement et de la Ligue des Droits de l'Homme à Sousse. Médaille de bronze à l'Exposition de Tunis 1895. Gérant le contrôle civil de Gafsa et juge de paix suppléant au moment de la. catastrophe de Metlaoui, en 1900, il réussit à établir l'identité des victimes européennes ",1895,Sousse,justice_law
L1912-01630,LOCHE,5,il fut félicité par le Résident Général pour sa belle conduite en cette circonstance.,,,military
L1912-01631,LOCHET,1,"entrepreneur de travaux publics. Services militaires : 20 ans, maréchal des logis, maréchal des logis chef, adjudant",,,military;industry_crafts
L1912-01631,LOCHET,2,comptable à l'Armée tunisienne,,,finance_banking
L1912-01631,LOCHET,3,secrétaire à la Chancellerie du NichanIftikhar. Membre de la. société «les Médaillés militaires» de France.,,,
L1912-01635,LOGOTHETTI,1,Secrétaire de légation à Constantinople,,Constantinople,
L1912-01635,LOGOTHETTI,2,juge au Tribunal mixte d'Alexandrie (Egypte),,,justice_law
L1912-01635,LOGOTHETTI,3,"délégué de l'Autriche-Hongrie à la Commission européenne du Danube, à Galalz",,Galalz,
L1912-01635,LOGOTHETTI,4,"consul général à Barcelone, à Milan, à Hambourg et à Tunis, avec rang de ministre plénipotentiaire.",,Barcelone,military;diplomacy
L1912-01640,LOTH,1,"Répétiteur aux lycées de Cou tances el de Rennes, professeur au collège de Vannes et aux lycées d'Aurillac, de Cherbourg, d'AVlençon el de Tunis. Anc. secr. gén. de la Ligue de l'Enseign., prés, de la Mission laïque, anc. prés, de l'Institut de Carthage. Articles dans «le Journal des Débats», «la Dé",,,military;education_science
L1912-01640,LOTH,2,"«Arnoldo Soler, consul d'Espagne à Tunis (1808-1812)»",1808,Tunis,diplomacy
L1912-01640,LOTH,3,«Histoire de la. Tunisie»,,,
L1912-01640,LOTH,4,«La Tunisie el VCEuvre du Protectorat»,,,
L1912-01640,LOTH,5,"«Petite histoire de France el de l'Afrique du Nord» (2 vol., en collaboration avec M. Aurôs). Médailles d'or aux Expositions de Liège, Marseille et Nogenl-sur-Marne.",,,
L1912-01656,MACCOTTA,1,externe des hôpitaux de Pise,,,
L1912-01656,MACCOTTA,2,aicle de la clinique dermosiphilopa.tbique de Pise,,,
L1912-01656,MACCOTTA,3,directeur de l'hôpital italien de Tunis,,,
L1912-01656,MACCOTTA,4,médecin delà Société italienne ouvrière de Tunis. Médecin de plusieurs Compagnies d'assurances.,,,medicine_health;finance_banking
L1912-01667,MAGUY,1,"chef de fanfare fondateur de la musique du 4"" tirailleurs de 1885 à 1896, fondateur de la «Philharmonique» de Sousse",1885,,
L1912-01667,MAGUY,2,professeur de chant dans les écoles de 1SS5 à. 1.896,,,education_science
L1912-01667,MAGUY,3,directeur de «l'Harmonie Sfaxienne»,,,
L1912-01667,MAGUY,4,"fondateur el, directeur de la. section orchestrale de «l'Adelphie musicale et littéraire»",,,
L1912-01667,MAGUY,5,directeur do la section «Esludianlina» de la même société.,,,
L1912-01684,MALINAS,1,médecin aide-major de 2' cl. aux hôpitaux de la division d'Alger (Miliana-Teniet-el-Haad),,,medicine_health
L1912-01684,MALINAS,2,médecin aide-major de 2° cl. au 7° hussards,,,medicine_health
L1912-01684,MALINAS,3,médecinmajor de 2' cl. au 11* cuirass. et au 7' bataillon d'artillerie de forteresse,,,medicine_health
L1912-01684,MALINAS,4,"médecin-major de 2' cl. des hôpitaux en . Tunisie, 18S6-88 (Gafsa, Sousse, AïnDraham)",,,medicine_health
L1912-01684,MALINAS,5,"médecin-major de 1"" cl. du 4' zouaves. 1889-92, puis au 97"" d'infanterie",1889,,medicine_health
L1912-01684,MALINAS,6,"médecin chef du sanatorium deNosi-Comba pendant l'expédition de Madagascar 1S95, et de l'hôpital de Fianaranlson. 1896, puis, à sa rentrée, hôpital militaire de Versailles comme médecin principal de 2' cl.",1896,,medicine_health
L1912-01684,MALINAS,7,"médecin chef de l'hôpital mixte de Nantes et de l'hôpital militaire de Chambéry comme médecin principal de 1"" cl.",,,medicine_health
L1912-01684,MALINAS,8,"médecin chef de l'hôpital militaire de Lille, 1901-02, el directeur du Service de Santé de la Division d'occupation de Tunisie, 1963-08. Admis à faire valoir ses droits à la retraite le 29 janv. 1908. Memb. de l'Association française de Chirurgie",1901,,medicine_health
L1912-01684,MALINAS,9,viceprésident de la Section Scientifique de l'Institut de Carthage,,,
L1912-01684,MALINAS,10,"memb. du Comité directeur de la Société de Géographie commerciale (section tunisienne). Nombreuses publications parues' dans divers journaux, el, recueils scientifiques ayant mérité soit des félicitations du Ministre de la. Guerre, soil la citation nu «Bulletin Officiel», parmi lesquels ont été surt",,,
L1912-01684,MALINAS,11,« De l'orchite paludéenne primitive comme ninnilestai-ion hâtive de l'impnludisme »,,,
L1912-01684,MALINAS,12,« Péritonite aiguë d'origine blennorrhagique»,,,
L1912-01684,MALINAS,13,"«Le sanatorium de Nosi-Conibn» (campagne de Madagascar, 1895)",1895,,
L1912-01684,MALINAS,14,"«L'hôpital provisoire de Finnnrnnlson et, le sud Belsilco» (Madagascar, 1896)",1896,,
L1912-01684,MALINAS,15,"«Fracture du sinus frontal par contusion de la région teinporo-soiircillière droite pur coup de pied de cheval, emphysème progressif, suffocation imminente, trachéotomie, guérison»",,,
L1912-01684,MALINAS,16,«Tuberculose nùliaire aiguë phnrynjo-laryngie » (maladie d'isàinberl),,,
L1912-01684,MALINAS,17,"«Rapport"" à M. le Résident Général de France à Tunis, au nom de la Commission des Etablissements pénitentiaires», 1.903, à la suite (le l'épidémie de typhus el, de In. mort du D' MoIhen.u, qui décida le Ministre des Affaires F. Iran gères à la. construction de la nouvelle prison civile. «.Mutualité ",,Tunis,military
L1912-01684,MALINAS,18,"«Projet, d'assistance médicale indigène en 'Tunisie», in «Revue Tunisienne» et tirage à part, aux frais du Gouvernement du Protectorat, (avec In collaboration du D' Toslivint, niédecinmajor de. 2' cl. attaché à la Direction du Service de Santé militaire)",,,
L1912-01684,MALINAS,19,"«Statistique médicale indigène clans le territoire soumis à. l'autorité militaire depuis 1904» (statistique de 1903), avec la collaboration du médecin-major attaché à la Direction du Service (le Santé el, des médecins des postes du Sud 'Tunisien. Campagnes : contre l'Allemagne (siège de Strasbourg)",1904,,medicine_health
L1912-01684,MALINAS,20,ambulances des postés et avant-postes),,,
L1912-01684,MALINAS,21,ambulances de l'armée de la Loire,,,
L1912-01684,MALINAS,22,"contre la Commune, Paris, hôpital du Gros-Caillou",,,
L1912-01684,MALINAS,23,"en Algérie (1.872-74), deux camp.: en Tunisie (188692), six camp.",1886,,
L1912-01684,MALINAS,24,"à Madagascar (1.895-96), deux camp.",,Madagascar,
L1912-01684,MALINAS,25,"en Tunisie (1905-08), cinq camp.",1905,,
L1912-01684,MALINAS,26,soil dix-sept campagnes. Entré au. service le 7 oct. 1867 comme élève du Service de Santé à l'Ecole de Strasbourg,1867,,
L1912-01684,MALINAS,27,"en cette qualité, pendant le siège, a été proposé avec un certain nomlire de ses camarades pour la. Médaille militaire [qui n'a pu leur être accordée, ses élèves ayant été nommés officiers (médecins s'ous-aides-majors) à litre provisoire]. Une épée d'honneur lui a élé offerte par la. commune de Teni",1874,Madagascar,medicine_health;military
L1912-01692,MARCHIONI,1,Commis à la Direction rie VOflice postal. Tunis,,,administration
L1912-01692,MARCHIONI,2,"receveur des Postes, Mahdia. Prés. fond, de l'Assistance mutuelle tunisienne du groupe de Mahdia",,,administration
L1912-01692,MARCHIONI,3,secr. gén. bon. de celle Société,,,
L1912-01692,MARCHIONI,4,"Prés, du Comité de patronage de la Bibliothèque populaire de Mahdia",,,
L1912-01692,MARCHIONI,5,"viceprés, de In Société de Bienfaisance de Mahdia",,,
L1912-01692,MARCHIONI,6,délégué de l'Amicale des Postes. Rapports et causeries divers sur des questions de mutualité.,,,
L1912-01696,MARINI,1,aide-major de 2' cl. de réserve,,,
L1912-01696,MARINI,2,"interne à l'hôpital civil français de Tunis, 19021906. Médecin cie toutes les sociétés fraternelles de secours des diverses administrations. Médecin de l'Office postal, de la Compagnie des chemins de fer, de la gendarmerie. Thèse sur « la Népbropexie» par un procédé nouveau.",1902,,medicine_health;military;transport_maritime
L1912-01698,MAROT,1,"quartier - maître fourrier des Equipages de la flotte, officier de port à Tunis pendant environ seize ans. Prés, fond, de la sectëon des vétérans des armées de terre el de mer 70-7:1. Dix années de navigation au long cours et n l'Etat. Sénégal, fleuves de La Platn,mer des Indes, îles Marcareignes, e",,Tunis,
L1912-01699,MARQUET,1,"Instituteur en France, puis au collège Alaoui. 'Instituteur-receveur des Postes et Télégraphes.",,,education_science;administration
L1912-01702,MARTEL,1,"journaliste, clerc d'avocat. A fondé avec Prax «le Messager Tunisien», à Tunis",,Tunis,justice_law;press_letters_arts
L1912-01702,MARTEL,2,"a. fondé «le Progrès de Sfax» et a collaboré, à la fondation de «la Dépêche Sfaxienne», qu'il n dirigée seul pendant deux ans.",,,
L1912-01703,MARTIN,1,instituteur clans le Lot-et-Garonne. 1877-92,1877,,education_science
L1912-01703,MARTIN,2,"instituteur à. Tunis, 1.892",,,education_science
L1912-01703,MARTIN,3,"maître adioinl chargé du cours d'histoire et de littérature au collège Alaoui (école normale), 1892-93",1892,,
L1912-01703,MARTIN,4,"directeur de l'école et receveur des postes à Medjez-el-Bab, 1893- 96",1893,Medjez-el-Bab,administration
L1912-01703,MARTIN,5,"directeur de l'Internat primaire de Maxula-Radôs, 1897-191.0. Prés, de la loge «La Volonté»",1897,,
L1912-01703,MARTIN,6,"vice-prés, de la Société «Les Cadets de Gascogne».- A créé le premier internat primaire en Tuni- sie, à Maxula-Ra.dès, 1897.",1897,Maxula-Ra,
L1912-01705,MARTINEAU,1,avocat à. la. Cour de Paris. 1883,1883,,justice_law
L1912-01705,MARTINEAU,2,"avocat au barreau de Tunis, 18S5",,,justice_law
L1912-01705,MARTINEAU,3,"juge de paix suppléant à. La Goulette, 8 mars 1.890: juge de paix suppléant à Souk-el-Arba, 22 sept. 1890",1890,Souk-el-Arba,justice_law
L1912-01705,MARTINEAU,4,"juge de paix suppléant Tunis-Nord, 18 octobre 1892",1892,,justice_law
L1912-01705,MARTINEAU,5,"juge de paix titulaire TunisNord, 3 déc. 1894",1894,,justice_law
L1912-01705,MARTINEAU,6,"juge rapporteur au Tribunal mixle, 3 avril 1.897",,,justice_law
L1912-01705,MARTINEAU,7,"passa le 26 oct. 1.908 juge au Tribunal civil pour siéger à la 3"" Chambre.",,,justice_law
L1912-01707,MARZAG,1,professeur à l'Ecole française de Commerce de Snlonique (Turquie) de 1899 à. 1902,1899,,education_science
L1912-01707,MARZAG,2,secrétaire de l'Association des professeurs français de Salonique de 1.900 à 1.902.,,,education_science
L1912-01710,MASSÉ,1,"conseiller de préfecture honoraire, chef adjoint du secrétariat du Ministre de l'Agriculture, juge de paix à Nogent. Membre de l'Association syndicale des secrétaires .de rédaction des journaux et revues. Explorations et campagnes au Sénégal et au Dahomey (en guerre), 1892-93. Lieutenant d'infanteri",1892,Nogent,justice_law;military;education_science
L1912-01711,MASSÉ,1,avocat à. Montpellier,,,justice_law
L1912-01711,MASSÉ,2,"juge suppl. à Reli/.nne (Algérie), mars 1890",1890,Reli,justice_law
L1912-01711,MASSÉ,3,juge de paix à Djelfa et à Arzew,,Djelfa,justice_law
L1912-01711,MASSÉ,4,"juge suppléant et juge d'instruction à Conslnnline, 12 oct. 1.895: substitut à Moslaganem. 22 juillet 1.899: juge à Sninl-Cluacle. 20 mars 1900: juge d'instruction, 29 murs 1901: procureur, 14 oct. 1.902",1900,Conslnnline,justice_law;religion
L1912-01711,MASSÉ,5,"juge au Tribunal mixte de 'Tunis. 1"" nov. 1908: juge rapporteur, 24 juillet 1909.",1908,,justice_law
L1912-01712,MASSELOT,1,"secrétaire de Contrôle à. Sfax el, Souk-el-Arba",,,
L1912-01712,MASSELOT,2,"contrôleur suppléant, n Kairouan, Sousse, Grombalia",,,administration
L1912-01712,MASSELOT,3,chef de l'annexe de Tozeur,,,
L1912-01712,MASSELOT,4,"contrôleur civil suppléant à Tunis. Etude, publiée en 1903, sur «Les palmiers clans les oasis du Djerid».",1903,Tunis,administration
L1912-01717,MATHIEU,1,ing- MAT — M AU titufeur a. Gremifontaine (Vosges),,,
L1912-01717,MATHIEU,2,instituteur adjoint à Bizerte,,Bizerte,education_science
L1912-01717,MATHIEU,3,"instituteur à Djemmal, au collège Alaoui, à Enfidavijle et directeur de l'école de Mateur. Anc. v.-prés. du Cercle de Mateur de la Ligue de l'Enseignement-",,Djemmal,education_science
L1912-01717,MATHIEU,4,"prés, du Cercle de l'Union.",,,
L1912-01718,MATHIEU,1,"juge de paix à Saïda, mars 1884",1884,Saïda,justice_law
L1912-01718,MATHIEU,2,à Aïn-Temouchent,,Aïn-Temouchent,
L1912-01718,MATHIEU,3,"suppléant rétribué à Oran, 1.885",,Oran,
L1912-01718,MATHIEU,4,"substitut à. Bain a, 1887, et à Tlemcen, 1888. Nommé substitut à Sousse en 1890, procureur en 1.S97, retraité en 1908. Décédé le 27 avril 1908.",1887,Tlemcen,justice_law;religion
L1912-01724,MAUBACQ,1,commis-greffier à la création du Tribunal de Sousse,,,justice_law;administration
L1912-01724,MAUBACQ,2,"greffier à Nabeul, Gronibalia,Tunis (canton Sud) et Sousse (Tribunal civil).",,Nabeul,justice_law
L1912-01728,MAURIN,1,"surnuméraire de l'Enregistrement, des Domaines el du Timbre d'Angouléme et d'Aix-en-Provence",,,
L1912-01728,MAURIN,2,"receveur de l'Enregistrement, des Domaines et du Timbre à Vezzani (Corse)-et à Montlieu (Charente-Inférieure)",,Vezzani,administration
L1912-01728,MAURIN,3,receveur de l'Enregistrement et des Contributions diverses à Kairouan (Tunisie),,Kairouan,administration
L1912-01728,MAURIN,4,"sous-inspecteur de l'Enregistrement, des Domaines el du Timbre",,,administration
L1912-01728,MAURIN,5,sous-chef de bureau à la Direction générale des Finances.,,,military;administration
L1912-01731,MAZET,1,"principal clerc d'avocat- cléfens., greffier de paix, huissier à Sousse.",,Sousse,justice_law
L1912-01733,MAZIËRES,1,"Attaché au Parquet, du Tribunal d'Alger, 1896-98. Nommé avocat-défenseur à Suint-Louis du Sénégal en 1905, n'a pas rejoint pour raison privée. Agent du contentieux du P.-L.- M. à Alger de 1890 à 1906, agent commercial des chemins de fer P.-L.-M. à M'unis de 1.906 à 1909 el ensuite à. Alger. Secr. gé",1896,Suint-Louis,justice_law;transport_maritime
L1912-01733,MAZIËRES,2,membre du Comité de la Société d'Horticulture de Tunisie,,,
L1912-01733,MAZIËRES,3,"memb. du Comité de la Ligue maritime française, section tunisienne",,,
L1912-01733,MAZIËRES,4,memb. correspondant de l'Action coloniale et maritime française,,,
L1912-01733,MAZIËRES,5,memb. de la Société d'Apiculture de Tunisie,,,
L1912-01733,MAZIËRES,6,corresp. de l'Association Agricole de Tunisie,,,
L1912-01733,MAZIËRES,7,"memb. fond, de l'Association amicale et de prévoyance des employés civils d'Algérie. TIÙVAUX : Notices diverses sur le commerce et l'agriculture en 'Tunisie, notamment : «L'exportation des produits agricoles tunisiens en Allemagne», ((Le commerce d'exportation des produits agricoles tunisiens en Sui",,,
L1912-01733,MAZIËRES,8,«Les emballages et les débouchés des raisins de table»,,,
L1912-01733,MAZIËRES,9,"«Le raisin de taille, sa conservation, son, commerce», etc. Voyages en Suisse en :l'907 et à Londres eh 1908 au sujet des débouchés que pourraient trouver dans ce pays les produits tunisiens. Avocat (prestation ' de serment en 1.906). Diplôme-de collaborateur au Concours général agricole de Paris 19",1908,Londres,justice_law;military
L1912-01733,MAZIËRES,10,"Médaille d'argent de la Société de Géographie commerciale, seclion tunisienne, concours annuel de 1907 :'. «Le Djerid».",1907,,
L1912-01736,MEARY,1,"instituteur à Gabès, à Sousse el à M'unis. Anc. membre cl, secrétaire (lu Conseil d'mlminislr. de l'Amicale primaire. A l'ail partie on 1900 du peloton des officiers do réserve de la. 28"" division, en est sorti avec le n° 1 sur 85.",1900,Gabès,education_science
L1912-01774,MERCIER,1,agent général des compagnies d'assurances «Aigle» (incendie et v i e) et <(Zurich» (accidents),,,military;finance_banking
L1912-01774,MERCIER,2,"administrateur des mines de iviienana, près criM-Arouça",,,administration;mining
L1912-01774,MERCIER,3,"anc. près, de la soc. provençale «Lou Mistraou»",,,
L1912-01774,MERCIER,4,ancien syndic-expert près les tribunaux de Sousse el de Tunis.,,,
L1912-01784,METLAOUI-GARE,1,directeur de divers réseaux de tramways en France,,,
L1912-01784,METLAOUI-GARE,2,en dernier lieu directeur du réseau des tramways de Nancy. 'TUAVAUX : a été pendant son séjour à Nancy membre de la Commission de réception à l'Exposition internationale de l'Est de la France,,Nancy,
L1912-01784,METLAOUI-GARE,3,membre du Conseil de la Société Industrielle de l'Est (section Trans- ports),,,industry_crafts
L1912-01784,METLAOUI-GARE,4,membre du Comité des Fêtes de la ville de Nancy. ' Electrification des Tramways de Saint-Quentin,,,
L1912-01784,METLAOUI-GARE,5,"création de nouvelles lignes de tramways à Nancy el dans sa banlieue. Diplôme et.médaille de collaborateur à. l'Exposition de l'Est de la France, Nancy, 1909.",1909,Nancy,
L1912-01790,MICHAUX,1,"ingénieur à Mayence, Chartres et Nancy. Prés"", de la Société des Alsaciens-Lorrains de Tunisie.",,Mayence,engineering_architecture
L1912-01791,MICHAUX,1,": élève-secrétaire de police (15 avril 1901), secrétaire titulaire (15 oct. 1906), commissaire de police (1"" juin 190S).",1901,,
L1912-01792,MICHEL,1,Membre correspondant de la société de Statistique de Paris,,,
L1912-01792,MICHEL,2,délégué des Normands de Paris,,,
L1912-01792,MICHEL,3,"percepteur surnuméraire, vérificateur, rédacteur au Crédit Foncier de France. Auteur d'éludés statistiques, 3 vol. «Les habitants, la propriété», édité chez Rorger-Levrault. Ouvrages couronnés par l'Académie des Sciences morales et politiques. Diverses communications dans les Congrès de l'Associatio",,,administration;agriculture
L1912-01792,MICHEL,4,Médaille de vermeil de l'Association Normande.,,,
L1912-01798,MILLOUD,1,"maître auxiliaire au lycée de . Lyon, répétiteur, puis censeur à Tunis.",,Tunis,education_science
L1912-01799,MINANGOIN,1,agriculteur à Esnon (Yonne) de 1875 à 1892,1875,Esnon,agriculture
L1912-01799,MINANGOIN,2,professeur d'agriculture à Beaune (Côted'Or) de 1892 à 1895,1892,Beaune,education_science
L1912-01799,MINANGOIN,3,"attaché au Ministère de l'Agriculture et mis à la disposition du Gouvernement tunisien le 22 juin 1S95. Prés, de la Société d'Agriculture de Brienon (Yonne), 1875-92",1875,,
L1912-01799,MINANGOIN,4,"fond, du Syndicat Agricole de l'arrondissement de Joigny.",,,
L1912-01806,MIRANDE,1,". géom être attaché aux Travaux pubb'cs,1884-85",1884,,
L1912-01806,MIRANDE,2,ffons d'agent sédentaire a la Direction des Forêts 1.886-91,,,
L1912-01806,MIRANDE,3,"conducteur adjoint aux Travaux publics,1892-97. Propriétaire à Tunis. Créateur clu petit centre de villégiature dit «Saint-Henri», près de Tunis, en 1896.",1892,Tunis,
L1912-01811,MOCQUERYS,1,"chef de prothèse dentaire et premier opérateur clans deux grands cabinets de chirurgie de Paris. Membre du comité de plusieurs sociétés locales (Ligue: de l'Enseignement, secours mutuels, 1 Assistance mutuelle tunisienne)",,,
L1912-01811,MOCQUERYS,2,"anc. .secr. gén. clu Cercle républicain, Sfax). Entomologiste. A créé une collection des insectes du Sud Tunisien : coléoptères et, hyménoptères. Mention honorable à l'Exposition de Marseille (groupe enlom.ologique)",,,
L1912-01811,MOCQUERYS,3,"médaille d'or à l'Exposition d'hygiène de Tunis (1.91.1). Exploration de la Tripolilaine, de Tripoli à Ben-Gardnne. Campagne du Tonkin, 1884-86. Administrateur ""du journal «le Sfax Républicain».",1884,Ben-Gardnne,administration
L1912-01820,MOLCO,1,Interne à la clinique obstétricale et gynécologique de Florence,,,
L1912-01820,MOLCO,2,chirurgien titulaire à l'hôpital italien,,,medicine_health
L1912-01820,MOLCO,3,directeur de l'hôpital italien,,,
L1912-01820,MOLCO,4,"anc. prés, de la Société des sciences médicales de Tunis",,,
L1912-01820,MOLCO,5,médecin de la. ferme-école de Djedeïda,,,medicine_health
L1912-01820,MOLCO,6,secrétaire de l'Alliance Israélite de M'unis.,,,
L1912-01825,MONCHICOURT,1,"contrôleur civil stagiaire à Mactar, à Tunis, attaché au bureau du Contrôle à în. Résidence Générale, contrôleur suppléant à la Résidence Générale, souschef du même bureau.",,Mactar,military;administration
L1912-01828,MONTEFIORE,1,interne des hô- pitaux de Bologna,,,
L1912-01828,MONTEFIORE,2,"méd.-chir. adjoint de l'hôpital italien. Vice.-prés, du Cercle s sportif «Jean-Louis»",,,
L1912-01828,MONTEFIORE,3,"-membre de la Société de Bienfaisance italienne, de la 1 «Anlichi Allievi».",,,
L1912-01830,MONTIGNANT,1,"engagé volontaire le 3 oct. ISSi, retraité le 4 janv. 1907 comme inspecteur de 3' cl. de la garde indigène de l'Indo-Cbinc",1907,,administration
L1912-01830,MONTIGNANT,2,"a. servi aux : 30"" d'inf. de ligne, 4' d'inf. de Marine, 1"" tirailleurs tonkinois, 9° d'inf. de marine et à la garde indigène de l'Indo-Chine. Campagnes: Tonkin, du 20 fév. 1887 au 16 juin 1.889",1887,,
L1912-01830,MONTIGNANT,3,"Annam, Tonkin, Haut-Laos, du 2 sept. 1890 nu 6 mars 1906",1890,,
L1912-01830,MONTIGNANT,4,"campagne contre le Sinm 1893-94. TIUVAUX : chargé clu Bureau topographique de la région supérieure de l'Annam, 95-96",1893,,
L1912-01830,MONTIGNANT,5,"travaux de triangulation de la région comprise entre Hué et Tourane, 1.S96",,,
L1912-01830,MONTIGNANT,6,"travaux d'études d'un tracé de chemin de fer de la côte d'Annam (province de Na-Tinh) à la chaîne annninilo-lnolienne, 1897",1897,,transport_maritime
L1912-01830,MONTIGNANT,7,"mission de délimitation do la frontière nnnnmilo-laolienne entre Savannakhat, Quang-'Vri et Kuong-Bing, 1.899.",,,
L1912-01840,MORIN,1,conducteur des travaux à la fondation des murs et cmais du Dort de Dunkerque par voir- comprimé (entreprise Hersent),,,
L1912-01840,MORIN,2,ingénieur expert du Bureau Veritas,,,engineering_architecture
L1912-01840,MORIN,3,conseiller clu commerce extérieur de la France,,,
L1912-01840,MORIN,4,"chef de section, aux travaux de la Compagnie de la Crau et des Marais de Fos",,,administration
L1912-01840,MORIN,5,"dessinateur, puis sous-ingénieur des bords à la Cie Frais",,,engineering_architecture
L1912-01840,MORIN,6,"inet, à Marseille",,Marseille,
L1912-01840,MORIN,7,"directeur des ateliers \w\veng, à Tarbes",,Tarbes,
L1912-01840,MORIN,8,chargé du service de •enforcement des ponts métalliques clu ces'eau des chemins de fer andalous à Vlalaga (Espagne),,Vlalaga,transport_maritime
L1912-01840,MORIN,9,"ingénieur - directeur des transports maritimes Est-M'unisien el colon, propriétaire du domaine de Ruiguiball, près de Béja ('Tunisie).",,,engineering_architecture;agriculture
L1912-01849,MOUCHARD,1,"sous-lieutenant du génie, 91-92",,,military
L1912-01849,MOUCHARD,2,"élève ingénieur des Postes el Télégraphes, 9294",,,engineering_architecture
L1912-01849,MOUCHARD,3,ingénieur des Postes et Télégraphes à Marseille 94-96,,Marseille,engineering_architecture
L1912-01849,MOUCHARD,4,"ingénieur de l'Office postal tunisien, 1896-1906.",1896,,engineering_architecture
L1912-01857,MOUTET,1,"médecin traitant à. l'hôpital clu Belvédère, médecin chef de l'hôpital de Gafsa, médecin chef de l'hôpital de Gabès. A rempli de 1906 à 1907 les fonctions de médecin municipal de Gabès et depuis celui de médecin de l'Office postal et de l'Union des travailleurs français de La Goulette.",1906,,medicine_health
L1912-01862,MUCCHIELI,1,"facteur, facteur-chef, souschef de gare, chef de gare principal, inspecteur. Prés, de la Fraternelle des chemins de fer français (section de Tunis)",,,administration;transport_maritime
L1912-01862,MUCCHIELI,2,memb. clu Conseil supérieur d'administration de «l'Assistance Mutuelle Tunisienne» depuis sa fondation,,,
L1912-01862,MUCCHIELI,3,memb. du bureau de la société «La Corse».,,,
L1912-01869,MURACCIOLI,1,brigadier du génie monté de 1892 à 1895 en Tunisie,1892,,
L1912-01869,MURACCIOLI,2,"surveillant principal dos Monopoles. Membre du «Prolétariat», de V«Assistance Mutuelle Tunisienne», de la «Ligue de l'Enseignement».",,,
L1912-01875,MUSY,1,"instituteur en France pendant douze ans, puis en congé",,,education_science
L1912-01875,MUSY,2,instituteur-receveur en M'unisie depuis sept ans. Secr. de la Société d'élevage de la. vallée de la. Medjerda,,,education_science;administration
L1912-01875,MUSY,3,observateur météorologique,,,
L1912-01875,MUSY,4,conseiller municipal en France pendant huit ans.,,,politics_native_admin
L1912-01878,NABETH,1,"greffier-notaire, interprète pour la langue arabe près le Tribunal civil de Guelma. el le Tribunal mixle de Sousse. Anc. prés, de la «Patriote», société française d'escrime, de gymnastique el de tir.",,,justice_law;administration
L1912-01896,NESTLER,1,membre de la Chambre de Commerce du Sud (1892),1892,,
L1912-01896,NESTLER,2,"secr. de la Chambre du Sud el membre • le In Conférence Consultative (1894), membre de la Chambre mixte du Centre (1.900), secr. de la Chambre mixle el membre de la Conférence Consultative (1.902).",1894,,politics_native_admin;diplomacy
L1912-01900,NICOLAS,1,"directeur d'école à Djerba, à Kairouan, à. M'unis ol à Bizerte",,Djerba,education_science
L1912-01900,NICOLAS,2,secrétaire de l'Alliance Française à. Bizerte,,,
L1912-01900,NICOLAS,3,"bibliothécaire-archiviste de lu. Soc. de Géographie commerciale de Paris, seclion tunisienne",,,
L1912-01900,NICOLAS,4,"conseiller municipal à Djerba, 1893-94",1893,Djerba,politics_native_admin
L1912-01900,NICOLAS,5,"délégué au Congrès de l'Enseignement à Paris, 1900. Auteur clu Dictionnaire FrançaisArabe (idiome tunisien), édité chez M. Weber, rue de Conslanlino, à. M'unis.",1900,Paris,
L1912-01902,NICOLAS,1,"compositeur-typographe, metteur en pages, correcteur, prole,maîlre imprimeur. A créé pour autrui plusieurs imprimeries en Algérie. A instauré l'Imprimerie Rapide à Tunis",,Tunis,industry_crafts
L1912-01902,NICOLAS,2,directeur de 1SS8 à 1903,1903,,
L1912-01902,NICOLAS,3,"a constamment tenu le triple record des soldats français dans son personnel (27 vers la lin du siècle écoulé, d'après une. circulaire nominative adressée aux chefs d'unités militaires), celui des pères de famille (plus de 60 enfants, d'après une autre circulaire nominative), enfin celui de l'élévati",1888,Constantine,
L1912-01902,NICOLAS,4,a enterré les morts à Villersexel,,Villersexel,
L1912-01902,NICOLAS,5,"a soigné les varioleux au pied- du fort de Joux (ou du Larmont?), où ont été tirés les derniers coups de fusil et de canon de la campagne",,,
L1912-01902,NICOLAS,6,"a exhumé, au même endroit, les chefs allemands enterrés dans la neige et réclamés par leur patrie. Caporal de vétérans. Secrétaire, trésorier, vice - président, président, fondateur, créateur, protagoniste toujours, d'oeuvres émaneipatrices : unions de travailleurs, ligues d'enseignement, sociétés d",,,
L1912-01902,NICOLAS,7,"simple membre toujours dans - les sociétés mutuelles d'assistance. — Délégué du département de Constantine au Congrès National Ouvrier de Lyon, 1878 : onze discours et une étude coloniale où sont exprimés des sentiments analogues à. ceux de Victor Hugo au Banquet de l'Abolition de l'Esclavage présid",1878,,finance_banking
L1912-01902,NICOLAS,8,trois fois vice-président,,,
L1912-01902,NICOLAS,9,trois fois secrétaire,,,
L1912-01902,NICOLAS,10,proclamé «Christ Algérien». Auteur de : FRAGMENTS D'OÏUVRE ÉLUOU nu ES PAR UN RÊVEUR SOCIALISTE,,,
L1912-01902,NICOLAS,11,"épigraphe : « Aperire lorrain yenlilms. Créer, par une méthode économique d'une application certaine, l'aisance universelle, et, simultanément, ouvrir, dans le sens le plus large du mot, l'école à tous, afin que les hommes y acquièrent le savoir el, par le savoir, un surcroît de bien-être, lesquels,",,,
L1912-01902,NICOLAS,12,"épigraphe : « La Tunisie, ancienne Ifrikia, est un coin béni du globe",,,
L1912-01902,NICOLAS,13,"Vimpéri'tie humaine, seule, est responsable du mal dont parfois elle souffre.» De : SUPPRESSION TOTALE, PROGRESSIVE MAIS RAPIDE, DE L'IMPÔT DE CÀPtTATION DIT ""MEDJBA, PAR LES ABRIS- A BESTIAUX, SANS BOURSE DÉLIER",,,
L1912-01902,NICOLAS,14,"même épigraphe que ci-dessus. De : HYGIÈNE ET COLONISATION PAR LA RETENUE DES EAUX, LES ABRIS A BESTIAUX, LES TRAVAUX RUSTIQUES ET L'ÉDUCATION DES FELLAHS",,,
L1912-01902,NICOLAS,15,épigraphe : ((Le huitième fléau de l'Afrique a sa source dans l'esprit d'Ecole dégénéré: ne faire que des.travaux d'un prix élevé,,,
L1912-01902,NICOLAS,16,"telle est..la doctrine. Un ingénieur qui.voudrait s'en affranchir serait- circonvenu.. Et pourtant ! du provisoire -prévu pour dix, vingt, cinquante ans de :durée. permettrait de quintupler les travaux et d'exécuter ceux définitifs avec les richesses acquises pendant la durée du provisoire. Or, avec",1911,,engineering_architecture
L1912-01902,NICOLAS,17,"un lit radicalement antivermine, démontable, portatif en pelits paquets, un racloir-balayeur pour rails de tramway, évitant de laisser les deux tiers des détritus sur la. chaussée, ont reçu chacun une médaille d'argent à l'Exposition d'Hygiène de M'unis 1911. — Possède les dessins, qu'il ne livrera ",1911,,
L1912-01902,NICOLAS,18,"Volontaire français (non pas prétorien), Défendit la patrie anxjours de la défaite",,,
L1912-01902,NICOLAS,19,'Servit les travailleurs,,,
L1912-01902,NICOLAS,20,fut Christ algérien,,,
L1912-01902,NICOLAS,21,". Cerveau fêlé, songeur, coeur aimant",,,
L1912-01902,NICOLAS,22,âme en quête . D'un.idéal humain,,,
L1912-01902,NICOLAS,23,vivant galérien,,,
L1912-01902,NICOLAS,24,". Henrenxlorsque son crâne affronte la tempêté... ■ Vit le jour à Paris, mais peu faubourien",,Paris,
L1912-01902,NICOLAS,25,". - Croyait porter uri.moude , n sa chétive tête : ■ Convient finalement qu'il n'aboutit à rien... Caresse un rêve ardent : des souffrants la conquête. . ■Rcycur fit Fragments d'oeuvre",,,
L1912-01902,NICOLAS,26,aujourd'hui.terrien. De V eau dans le pays de la soif •— malebête ! — Cent autres beauz rêves,,,
L1912-01902,NICOLAS,27,"académicien (!)... Fraternité (mensonge !), il te fait grande fêté, A toi, Progrcs,ide même... Au total : Vaurien,",,,
L1912-01905,NICOUD,1,instituteur adjoint. Est sorti de l'Ecole normale en 1900 et fut. nommé à l'école francoarabe de Sousse en 1902,1900,,education_science
L1912-01905,NICOUD,2,à l'Ecole primaire supérieure de Sousse en 1903,1903,,
L1912-01905,NICOUD,3,à l'Ecole primaire supérieure de Bizerte en 1.904,,,
L1912-01905,NICOUD,4,instituteur à 'Tunis en 1907,1907,,education_science
L1912-01905,NICOUD,5,directeur d'école à Médenine.,,Médenine,education_science
L1912-01906,NIEWENGLOWSKI,1,maître de conférences au collège de Sainte-Barbe,,,
L1912-01906,NIEWENGLOWSKI,2,préparateur de chimie à la Faculté des Sciences de l'Université de Paris,,,
L1912-01906,NIEWENGLOWSKI,3,chargé du service médical du P. C. N. de Paris,,,
L1912-01906,NIEWENGLOWSKI,4,professeur au collège ' Stanislas',,,education_science
L1912-01906,NIEWENGLOWSKI,5,"professeur à l'école Duvignau, de Lannéau",,,education_science
L1912-01906,NIEWENGLOWSKI,6,professeur d'hygiène générale à l'école dentaire française. V.-prés. de la Société d'instruction populaire supérieure,,,military;education_science
L1912-01906,NIEWENGLOWSKI,7,"v.-prés. lion. fond, de la Société d'instruction et d'éducation populaire du canton de Sceaux",,,
L1912-01906,NIEWENGLOWSKI,8,memb. du conseil de l'Association Philotechnique de Paris.,,,
L1912-01909,NORO,1,"maître d'études à Paris, sténographe, courriériste dans les journaux d'art. Officier à la guerre franco-allemande et à la guerre turcomonténégrine, professeur aux écoles d'art industriel de la ville de Paris, fondateur des cours industriels à Alger, trois ans, cours de dessin à Sfax, dix ans. Livres",,Paris,education_science;industry_crafts;press_letters_arts
L1912-01912,NOVAK,1,lieutenant au long cours de la marine marchande austro-hongroise en 1873,1873,,military;commerce
L1912-01912,NOVAK,2,négociant industriel depuis 1880,1880,,commerce;industry_crafts
L1912-01912,NOVAK,3,associé de la Maison Epinat et Novak. Un des fondateurs de la pêche aux alaches à Mahdia en 1871,1871,Mahdia,
L1912-01912,NOVAK,4,"introducteur à. I Mahdia de la première huilerie système français en 1884 et créateur de la saline de Zouila en 1901. Trente médailles or, argent et diplômes d'honneur. Grand prix pour ses huiles d'olives et sel marin.",1884,,
L1912-01921,OLIVIER,1,"engagé volontaire en 1881 au 2"" zouaves, officier le 5 mars 1SS6, lieutenant démissionnaire du 2* zouaves en 1890, secrétaire de Contrôle civil en 1.890, - contrôleur civil suppléant à Grombalia (1895), à Tunis (1896), chef de l'annexe de Djerba (1897), contrôle du Kef 1901, contrôleur de Tala 1904,",1881,Grombalia,military;administration
L1912-01932,OSMAN,1,"interprète de la mission du commandant Ducoeur dans le Haut-Dahomey (Boucle du Niger) (1893) : surveillant général de la Ghana (1.895) : khalifat à Porlo-Farina (caïdat de Bizerte) (1898): caïd des Ouladbou-Salem (Souk-el-Khemis) (1900): caïd de La Regba, à Ghardimaou (1905). Ancien lires, de la Soc",1893,Porlo-Farina,military;administration;politics_native_admin
L1912-01932,OSMAN,2,"prés, de la Municipalité de Teboursouk",,,
L1912-01932,OSMAN,3,"diplôme de prés, d'honneur de l'Assistance Mutuelle Tunisienne (groupe de Ghardimaou)",,,
L1912-01932,OSMAN,4,diplôme d'honn. de membre du jury de l'Exposition de Tunis (1.907).,,,
L1912-01989,PADOVANI,1,"sousofficier dans l'armée active, proposé pour officier à 22 ans pour faits de guerre au Tonkin, versé dans la section technique des chemins de fer à 25 ans. Cie Bône-Guelma",,,transport_maritime
L1912-01989,PADOVANI,2,"cinq ans de service militaire, 1882-87.",1882,,
L1912-01989,PADOVANI,3,"secrétaire de commune mixte, 1888",1888,,
L1912-01989,PADOVANI,4,au B.-G. depuis le 9 juillet 1.889,,,
L1912-01989,PADOVANI,5,chef de gare depuis 1892,1892,,transport_maritime
L1912-01989,PADOVANI,6,"chef de gare à Mateur à l'ouverture de la ligne de Bizerte, 1.894",,Mateur,transport_maritime
L1912-01989,PADOVANI,7,chef de gare à Soukel-Khemis el receveur supplémentaire des.Postes en 1896,1896,Soukel-Khemis,administration;transport_maritime
L1912-01989,PADOVANI,8,"chef de gare à Duvivier, 1897",1897,Duvivier,transport_maritime
L1912-01989,PADOVANI,9,"chef de gare à Djedéïda depuis 1S99. Membre de l'Association Mutuelle tunisienne. Campagnes du Tonkin comme sous-officier au 1"" zouaves, janv. 1.8S5 à oct. 1887. Médaille de bronze pour la culture maraîchère.",1887,Djedéïda,military;transport_maritime
L1912-01990,PAILHÉ,1,"juge de paix suppléant à Souk-el-Arba, juge de paix à Kairouan, juge suppl. au Tribunal de Sousse. Anc. prés, de l'Assist., mutuelle tunisienne à Souk-elArba",,Souk-el-Arba,justice_law
L1912-01990,PAILHÉ,2,présid. du même groupement à Sousse.,,Sousse,
L1912-01996,PASQUIER,1,"receveur des Domaines en Algérie, 1893-94",1893,,administration
L1912-01996,PASQUIER,2,"rédacteur au Gouvernement tunisien, 1894-95",1894,,
L1912-01996,PASQUIER,3,"entré au Service des Domaines en 1895. Contjrôle.ur., sous-inspecteur, enfin chef clu Service depuis avril 1906.",1895,,administration
L1912-01999,PASTOUR,1,externe des hôpitaux de Paris,,,
L1912-01999,PASTOUR,2,interne-major des hôpitaux d'Alger,,,
L1912-01999,PASTOUR,3,aide d'analomie. i Médaille de bronze de l'Assiftance publique de Paris,,,
L1912-01999,PASTOUR,4,lauréat'de la Société de Médecine d'Alger. TRAVAUX • « Corps étrangers de l'oesophage » (thèse),,,medicine_health
L1912-01999,PASTOUR,5,"« Le massage gynécologique». Di./rrses communications à la Société de Médecine d'Alger. Aide-major de 2"" cl. 'je réserve.",,,medicine_health
L1912-02000,PATEL,1,commis de greffes commerciaux et civils et principal clerc d'avoué,,,justice_law;administration
L1912-02000,PATEL,2,"syndic, des huissiers à Sousse et M'unis.",,Sousse,justice_law
L1912-02013,PEAN,1,"surnuméraire de l'Enre 1 gistrement à Versailles, receveur à Maure (ille-el-Vil.), receveur-rédacteur à la direction -de Versailles (S.-et-O.)",,Versailles,administration
L1912-02013,PEAN,2,"sous-inspecteur puis inspecteur à la Direction générale des Finances, à Tunis. Décédé à M'unis le 12 août 1910. .",1910,Tunis,military;administration
L1912-02016,PEIRON,1,"avocat, attaché au Parquet de M'unis, suppléant, à la Justice de paix M'unis-Sud. 1893",1893,,justice_law
L1912-02016,PEIRON,2,"juge de paix à Gabès .1.897. à Sfax 1897, à Sousse 1898, juge rapporteur à Sousse 1903, juge au tribunal mixte à M'unis . 1906. Anc. prés, de la Société llipnique du Siihel. anc. prés, clu Cercle de la Ligue de l'Epseigneinent à Sousse. anc. v.-prés. de la Fédération des Cercles tunisiens de la. Lig",1897,Gabès,justice_law
L1912-02021,PËLONI,1,"commis expéditionnaire au viceroctoral de la. Corse, 1868-70",1868,,administration
L1912-02021,PËLONI,2,"maître - répétiteur au lycée de B asti a, 1870",1870,,
L1912-02021,PËLONI,3,"instituteur adjoint, 1.871",,,education_science
L1912-02021,PËLONI,4,"instituteur titulaire el, dh-eelomd'éoole publique, 1871-1889",1871,,education_science
L1912-02021,PËLONI,5,"en congé de disponibilité avec appointements, 1S891.89:1",,,
L1912-02021,PËLONI,6,"du A juin 1891. à sa. retraite, en. treposeur des Monopoles ù, Nabeul et, à Grombalia.. A dirigé, en 1890-1891, une exploitation oléicole créée à Grombalia en 1.888 par son frère M. Jean Péloni, entrepreneur à Tunis. A publié' une méthode d'enseignement simultané de lecture, d'écriture, de dessin, d",1891,Grombalia,industry_crafts
L1912-02022,PËLONI,1,conducteur des Ponts el Chaussées,,,engineering_architecture
L1912-02022,PËLONI,2,"fabricant de chaux hydrauliq. à Irav (Orne), 1879-82, à Roanne, 1882-85",1879,Irav,industry_crafts
L1912-02022,PËLONI,3,"entrepreneur de travaux de 1885 à ce jour. Prés, clu Syndicat, des Entrepreneurs français de la Régence de M'unis",1885,,industry_crafts
L1912-02022,PËLONI,4,"prés, de ï'Assodation Commerciale et Industrielle de la. Régence de T'unis. A dirigé en France, comme chef de section, les travaux de construction de la. ligne ferrée de Mortagne à. Laigle. entre Tourouvre et Laigle. En M'unisie, a. construit la jetée du port de Mahdia",,,administration;industry_crafts
L1912-02022,PËLONI,5,de nombreux travaux de routes et chemins de fer,,,transport_maritime
L1912-02022,PËLONI,6,l'école coloniale d'Agriculture de M'unis,,,
L1912-02022,PËLONI,7,les bâtiments de l'a pyrotechnie et des approvisionnements de la. flotte à l'arsenal de Skli-Abdallah,,,
L1912-02022,PËLONI,8,les travaux en béton armé des casernes de Bizerte,,,
L1912-02022,PËLONI,9,"un pont de -iO mètres de portée en béton de ciment armé à Béja, etc. Membre de la Chambre de Commerce de M'unis, 1890-190.1",1890,Béja,
L1912-02022,PËLONI,10,secrétaire élu de ce corps 1890-92,1890,,
L1912-02022,PËLONI,11,"vice-prés, de cette assemblée. 1892-96",1892,,
L1912-02022,PËLONI,12,membre de ta. Conférence Consultative de 1.890 à 1896.,1896,,politics_native_admin;diplomacy
L1912-02024,PÉPIN,1,"avocat, 1.8S5: juge suppléant à Châ.lons. 1SSS",,Châ,justice_law
L1912-02024,PÉPIN,2,"substitut à Tournon, 1891, à Bourg, 1892, à Chambéry, 1.896",1891,Tournon,justice_law
L1912-02024,PÉPIN,3,"procureur de la République à Langres, 1901",1901,Langres,justice_law;religion
L1912-02024,PÉPIN,4,"juge à. Alger, 1904",1904,,justice_law
L1912-02024,PÉPIN,5,"juge d'instruction, 1.904",,,justice_law
L1912-02024,PÉPIN,6,"' substitut à. M'unis, 1.904",,,justice_law
L1912-02024,PÉPIN,7,"à Saint-Etienne, 1.906",,Saint-Etienne,
L1912-02024,PÉPIN,8,"procureur de la République à Chatons, 1908.",1908,Chatons,justice_law;religion
L1912-02029,PERPETUA,1,"directeur des écoles de la London Jews Society, 1872-91",1872,,
L1912-02029,PERPETUA,2,"représentant, de commerce depuis 1.891. Secr. gén. du Comité permanent des fêles",,,
L1912-02029,PERPETUA,3,"anc. prés, de la société ((La Croix Verte»",,,
L1912-02029,PERPETUA,4,"anc. secr. et membre du Conseil d'administration de l'hôpital italien, de la Chambre.de commerce italienne et de la Société italienne de Bienfaisance. Livres publiés en italien : «Géographie astronomique», «Gôographia delta Tunisia, sunto per le scuole. di geographia delta Tunisia». En français : «G",,,
L1912-02029,PERPETUA,5,membre de la députaiion scolaire des écoles italien nés,,,
L1912-02029,PERPETUA,6,"ancien président de la délégalioi de la Colonie italienne pour le 25"" anniversaire de la prise de Rome. Administrateur du journal «L'Unione». Médailles d'argent, aux Expositions d'Amsterdam, de Bruges, Sidi-bel-Abbôs. Diplôme de médaille d'or à l'Exposition coloniale de Nogent-sur-Marne.",,,administration
L1912-02050,PHILIPPEAU,1,"conducteur des Ponts et Chaussées à Gabès, à ÏVIedjez-el-Bab et à M'unis. Anc. présid. de la section de M'unisie cie l'Association du personnel des Travaux publics de France et des Colonies",,Gabès,engineering_architecture
L1912-02050,PHILIPPEAU,2,"anc. prés, de la Société amicale el, de secours mutuels du personnel des Travaux publics de Tunisie.",,,
L1912-02053,PIAZZA,1,"receveur de l'Enregistrement, sous-inspecteur, inspecteur",,,administration
L1912-02053,PIAZZA,2,"inspecteur des Contributions diverses, 1.887",,,administration
L1912-02053,PIAZZA,3,chef de division à la Direction générale des Finances. 1895,1895,,military
L1912-02053,PIAZZA,4,"directeur des Contributions diverses, 1900.",1900,,
L1912-02054,PICARD,1,"ingénieur dé l'arrondissement TunisOuest, 1895-1905",1895,,engineering_architecture
L1912-02054,PICARD,2,"de Tunis-Nord, 19051.908",1905,,
L1912-02054,PICARD,3,"de M'unis-Ville, 1.90S. Chargé depuis la. même date de l'inspection des Iravaux communaux de la Régence. Anc. prés, de l'Institut de Carthage",,,
L1912-02054,PICARD,4,v.-prés. d'honneur cluclit Institut,,,
L1912-02054,PICARD,5,délégué du Touring-Club. ',,,
L1912-02062,PINARD,1,"apprenti, puis ouvrier bijoutier, de dix à dix-huit ans",,,
L1912-02062,PINARD,2,"à dix-huit ans, service militaire",,,
L1912-02062,PINARD,3,"ensuite, employé de commerce, de chemin de fer, réporter au «lums Journal», commis-greffier, principal clerc de défenseur, et de nouveau agent commercial",,,justice_law;administration;transport_maritime
L1912-02062,PINARD,4,président clu SyndiBca.t des Représentants de commercé d'AlKger,,,
L1912-02062,PINARD,5,"collaborateur au «Tunis Journal», K'premier journal français créé clans la f Régence",,,
L1912-02062,PINARD,6,à «la. Revue Tunisienne»,,,
L1912-02062,PINARD,7,rédacteur en chef pour la. partie tunisienne de «la. Revue Algérienne». Auteur de chroniques et contes tunisiens,,,press_letters_arts
L1912-02062,PINARD,8,"correspondant tunisien de «l'Akhbar». d'Alger, de «l'Indépendant», de Constantine. À collaboré à un grand nombre de jouiv na.nx. algériens. Chroniqueur aux «Nouvelles», d'Alger, etc. Conseiller municipal d'Alger, ""mai 1908. A traité dans les journaux algériens toutes questions économiques relatives ",1908,,politics_native_admin
L1912-02062,PINARD,9,"puis, dans «la. Dépêche Tunisienne», a traité les .questions économiques algériennes. Pins d'Alep. Les massifs forestiers des plateaux calcaires de la Tunisie du.Centre, qui conservent des restes de boisement, se composent de pins d'Alep. La superficie que recouvre ce peuplement peut être évaluée à ",,,mining
L1912-02075,PLOUCHART,1,"chef de fan rare au 8""'hussards à Verdun, puis au 4"" chasseurs d'Afrique, à Tunis",,Verdun,
L1912-02075,PLOUCHART,2,"anc. direct, de «l'Harmonie Française», à. Tunis",,,
L1912-02075,PLOUCHART,3,secrétaire de la Société des an- oiens chasseurs d'Afrique résidant en M'unisie,,,
L1912-02075,PLOUCHART,4,président de «lT-lairmonie de Medjez-el-Bab» (M'unisie),,,
L1912-02075,PLOUCHART,5,"très, de la Société du «Club Nautique» (Tùnis-La Goulette)",,,
L1912-02075,PLOUCHART,6,"agent secret, bibbothéc. de la. section tunisienne de la Société de Géographie Commerciale de Paris.",,,
L1912-02082,POIVRE,1,"administrateur adjoint de commune mixte, secrétaire particulier du Résident Général à Tunis, contrôleur civil suppléant.",,Tunis,military;administration
L1912-02092,POROT,1,"interne des hôpitaux de Lyon, chef de clinique médicale à. la Faculté de Lyon. M'RAVAUX : 1902 à 1904 : conférences et. travaux pratiques d'analomie pathologique à la Faculté de Lyon",1902,,medicine_health
L1912-02092,POROT,2,1.905 à 1906 : conférences cliniques aux étudiants civils et militaires à l'Hôtel-Dieu de Lyon,1906,,
L1912-02092,POROT,3,de 1.900 à 1.907 : nombreux travaux médicaux concernant sur' tout les maladies nerveuses et les maladies infantiles : une soixantaine de publications.,,,
L1912-02096,PORTERIE,1,"expéditionnaire el opérateur aux. chemins de fer construits par l'Etat, au B.-G. et aux Ponts et Chaussées, chef de district, chef de section, sous-inspecteur, inspecteur de ta. voie et de l'exploitation au B.-G. depuis 1.892. Prés, de la Sociélé amicale et, d'assistance mutuelle du Personnel dirige",1882,,administration;transport_maritime
L1912-02116,PROST,1,"Commis de 1891. à 1897, receveur de 1898 à ce jour.",1891,,administration
L1912-02119,PROUST,1,"commis des Ponts el, Chaussées, dessinateur, chef de bureau au B.-G. Membre du Comité directeur de l'Institut de Carthage, 1.8951.897",,,administration
L1912-02119,PROUST,2,commissaire général des Salons de peinture tunisiens 1895-1.S96-1.897 et 1898,1895,,military
L1912-02119,PROUST,3,"vice-président des ((Prévoyants de l'Avenir», 1899",1899,,
L1912-02119,PROUST,4,"prés. fond, de la Société tunisienne cîes Beaux-Arts, 1904",1904,,
L1912-02119,PROUST,5,"secrétaire de la Société de Géographie commerciale de Paris, section tunisienne, 1904-05-06",1904,,
L1912-02119,PROUST,6,"commiss. gén. du Congrès national des Sociétés françaises de géographie . à Tunis, 1907. Correspondant du «Journal des Arts» de Paris. A collaboré à «la. Revue Algérienne», au ((Minaret», etc. Critique d'art. Diplômes el, médailles aux Expositions de Paris 1900, de Marseille 1906, M'unis 1.907, etc.",1907,Tunis,
L1912-02122,PROVENCE,1,"journaliste pendant trois ans au Havre, au sortir du Lycée",,,press_letters_arts
L1912-02122,PROVENCE,2,rédacteur à «la. Petite République» à. Paris (1.897-1901),1901,,
L1912-02122,PROVENCE,3,chargé par «le Malin» d'assurer le service des informations concernant l'Exposition de 1.900,,,
L1912-02122,PROVENCE,4,collaboration au ((Journal»,,,
L1912-02122,PROVENCE,5,"dirigea, en 1.900, les services d'information clu «Petit Bleu»",,,
L1912-02122,PROVENCE,6,rédacteur à «l'Echo de Paris» (1.91.0),,,
L1912-02122,PROVENCE,7,"rédacteur en chef clu journal hebdoinadaire «La Famille», 1907-1908",1907,,press_letters_arts
L1912-02122,PROVENCE,8,rédacteur en chef du «Courrier de M'unisie» (sept. 1.910). Membre du Syndical de la Presse tunisienne.,,,press_letters_arts
L1912-02123,PUAUX,1,"attaché au cabinet du Ministre des Affaires élran- ] gères, attaché à l'ambassade de France à. Berne. Médaille d'or de la. Société des élèves et anciens élèves de l'Ecole des Sciences politiques.",,,administration
L1912-02124,PUCH,1,"en Algérie, officier d'ordonnance des généraux Colonieu et Walslein-Eslhôrasi",,,
L1912-02124,PUCH,2,"en France, pendant la guerre de 1.8707.1, du général Briand",,,military
L1912-02124,PUCH,3,"commandait le 4"" chasseurs d'Afrique quand il a. pris sa retraite à. la limite d'âge. Propriétaire à. La. Manouba el à Gamarl. Président du Syndicat des Côlons français de La. Manouba. Depuis sa. sortie"" de Saint-Cyr en 1.S64, sauf trois années, toujours en Algérie, puis en M'unisie. A pris part aux",1870,Gamarl,
L1912-02125,PUJAT,1,officier de corps de troupes en France,,,
L1912-02125,PUJAT,2,officier des Affaires indigènes en Algérie,,,
L1912-02125,PUJAT,3,commandant supérieur en Algérie,,,military
L1912-02125,PUJAT,4,commandant militaire à Galles et clans la réserve : adjoint au général commandant militaire de Sousse. M'RAVAUX : travaux de roules,,Galles,military
L1912-02125,PUJAT,5,puits artésiens,,,
L1912-02125,PUJAT,6,lignes de points d'eau dans Je Sahara,,,
L1912-02125,PUJAT,7,construction des bâtiments communaux à El-Oued et à Touggourl,,El-Oued,
L1912-02125,PUJAT,8,"assainissement des oasis de Oued-R'ir el déplacement, des villages de cette région",,,
L1912-02125,PUJAT,9,fixation de dunes,,,
L1912-02125,PUJAT,10,création de palmeraies,,,
L1912-02125,PUJAT,11,travaux hydrauliques,,,
L1912-02125,PUJAT,12,construction du fort Lall'emand et de la ligne de points d'eau reliant Touggourl à cet ouvrage avancé,,,
L1912-02125,PUJAT,13,création de li- ■ gnes de points d'eau de Fort-Lallemand à M'emassinine,,M'emassinine,
L1912-02125,PUJAT,14,détermina lion de remplacement clu fort Flalters,,,
L1912-02125,PUJAT,15,mission d'études sur le commerce transsaharien,,,
L1912-02125,PUJAT,16,"étncle sur la création d'aulrucheries en M'unisie. Commandant de colonnes : BelHeyrane (soutien de la mission d'Atlanoux, 1894)",1894,,military
L1912-02125,PUJAT,17,"M'emassinine (soutien de la mission Foureau-Lamy, 1899). o",1899,,
L1912-02132,RADET,1,"ingénieur à la Société Industrielle des téléphones (service des câbles électriques et câbles sous-marins), au Comptoir des Mines et Grands Travaux, à Tunis",,Tunis,engineering_architecture;industry_crafts;mining
L1912-02132,RADET,2,"directeur du service des mines de la maison Pellet, Azerm et Cie, 1909. Secrétaire adjoint de la .Société de géographie commerciale de Paris (section tunisienne). Le raisin sec vaut, suivant qualité, de 52 à 140 et 150 fr. le quintal rendu à Tunis. Son exportation est à peu près nulle. Les variétés ",1909,Tunis,mining
L1912-02136,RAMONET,1,"maître répétiteur aux lycées de Bayonne et do Périgucux. maître élémentaire à. l'école normale de M'unis, directeur de l'école franco-arabe de M'saken, El-Djem et Sedjoumi.",,,
L1912-02138,RANDET,1,"avocat attaché au Parquet, général à Grenoble, 1890-1893",1890,Grenoble,justice_law;military
L1912-02138,RANDET,2,"suppieani, reirinuc cie ]uge ue paix a AinBoï'da (Constantine), 1S93",,AinBoï'da,
L1912-02138,RANDET,3,"juge de paix à Aiii-el-Arba (Oran), 1.894",,Aiii-el-Arba,justice_law
L1912-02138,RANDET,4,"juge cie paix à Miliana (Alger), 1S95",,Miliana,justice_law
L1912-02138,RANDET,5,"juge suppléant au M'ribunal de Tunis et juge au 'Tribunal mixte, 1898",1898,,justice_law
L1912-02138,RANDET,6,"juge au M'ribunal civil de Tunis, 190Î-",,,justice_law
L1912-02138,RANDET,7,"substitut du Procureur de la République à M'unis, 1905",1905,M'unis,justice_law;religion
L1912-02138,RANDET,8,"procureur à Sousse, 1.908, et vice-président à M'unis, 1.91.1. Anc. v.-prés. de la Société régionale « La Dauphinoise ». Memb. du ""Comité de la Société d'Horticulture de M'unisie. ,",,Sousse,justice_law;religion
L1912-02139,RANDON,1,"instituteur à Pau el à M'unis, directeur d'école à l'unis el, directeur du Petit Lycée. Président de la société régionale «Les enfants du Gard».",,Pau,education_science
L1912-02146,RAUCHER,1,"employé au Comptoir , National d'Escompte de Paris, à Paris, puis chef des titres à la succursale de cet établissement a Tunis",,Paris,
L1912-02146,RAUCHER,2,agent de change depuis 1902. Fondateur et directeur du «Capitaliste Tunisien»,1902,,finance_banking
L1912-02146,RAUCHER,3,ancien administrateur délégué de «l'Action Française»,,,administration
L1912-02146,RAUCHER,4,collaborateur à «la. Dépêche M'unisienne»,,,
L1912-02146,RAUCHER,5,fondateur de la société clu «Saint-Huberl.Club de M'unisie»,,,
L1912-02146,RAUCHER,6,membre du Comité des l'êtes de M'unis. Campagnes clé guerre au Sénégal et au Soudan français (1890-91).,1890,,
L1912-02147,RAVEL,1,surveillant général du collège de Draguignan (Var),,,military
L1912-02147,RAVEL,2,"prés, .à Sousse de l'Association des membres de l'enseignement (baron Taylor).",,Sousse,
L1912-02153,RECLUS,1,"interprète-traducteur assermenté clu génie militaire a Bizerte, 1.901-1.902",,Bizerte,administration
L1912-02153,RECLUS,2,"interprète-traducteur à ta Direction générale des Travaux publics, 1.902-08. Délégué à la Section d'Etal de l'Administration générale du Gouvernement tunisien, 3 nov. .1.910",,,military;administration
L1912-02153,RECLUS,3,"chargé de cours à la chaire publique de langue arabe, oct. 1910. Fils d'Onésime Reclus, neveu d'Elisée Reclus.",1910,,
L1912-02155,REFALO,1,"serre-freins, 1.87S, sous-chef de gare, 1885",1885,,transport_maritime
L1912-02155,REFALO,2,"agent de la. Compagnie à Sousse, 1.88S",,Sousse,
L1912-02155,REFALO,3,inspecteur de 1.896 à ce jour. Conseiller municipal de Sousse,,,administration;politics_native_admin
L1912-02155,REFALO,4,membre de la. Chambre mixte clu Centre,,,
L1912-02155,REFALO,5,membre clu Conseil d'hygiène,,,
L1912-02155,REFALO,6,officier de l'état civil en l'absence clu vice-président délégué.,,,
L1912-02158,REIX,1,"instituteur adjoint en France, 1S90-91",,,education_science
L1912-02158,REIX,2,"à Tunis, 1891-93",1891,Tunis,
L1912-02158,REIX,3,"directeur d'école à T'estour, 1893-95. à Enfrdaville, 1895-1.902, et à Béja, 19p2 à ce jour. V.-prés. du Cercle de Béja de la Ligue française de l'Enseignement",1893,T'estour,education_science
L1912-02158,REIX,4,"v.-prés. de la Société des Amis des arbres (section de Béja). Médailles d'argent à l'Exposition coloniale de Marseille (1906) et au. Concours agricole de Tunis, 1907, pour ses travaux agricoles.",1906,,
L1912-02160,RENAULT,1,"architecte-conducteur des Bâtiments civils en Cochinchine, 1881-82",1881,,engineering_architecture
L1912-02160,RENAULT,2,"chef clu 4"" bureau technique à Panama, 1882-84",1882,Panama,
L1912-02160,RENAULT,3,"entrepreneur à Panama, 18S4-86. Entré au Conservatoire de Paris en octobre 1SS6, débute au théâtre à l'île de La Réunion en 1892",1892,Panama,industry_crafts
L1912-02160,RENAULT,4,"crée à Monte-Carlo le rôle de Tristan dans «Tristan et Yseult», de Wagner, 21 mars 1S93",,Monte-Carlo,
L1912-02160,RENAULT,5,"puis aux théâtres d'Avignon, La Haye, G and, Liège, etc.",,,
L1912-02160,RENAULT,6,"entre à l'Opéra de Paris et y débute, le 1.9 juillet 1897, dans le rôle de Samson, dans «Samson et Dalila»",1897,,
L1912-02160,RENAULT,7,"quitte le théâtre en 1902, après avoir chanté «le Trouvère» à Paris, le 20 juin, pour prendre son service aux Travaux publics le V juillet, suivant. Il portait à l'Opéra le nom de Raynal. V.-prés. du groupe D de l'Assistance Mutuelle 'Tunisienne",1902,Paris,
L1912-02160,RENAULT,8,secr. de l'Institut de Carthage. Mention honorable de la Mutualité. Lettre de félicita ti on clu Préfet de police pour sa. conduite lors de la. catastrophe de SaintMandô. 1.S91.,,,
L1912-02163,REVERDIN,1,"avocat, 1.880",,,justice_law
L1912-02163,REVERDIN,2,"docteur en droit, 1.884",,,
L1912-02163,REVERDIN,3,"juge suppléant à Marseille, 1884",1884,Marseille,justice_law
L1912-02163,REVERDIN,4,"substitut à Draguignan, 1SS7",,Draguignan,justice_law
L1912-02163,REVERDIN,5,"procureur à Sarlène, 1.S88",,Sarlène,justice_law;religion
L1912-02163,REVERDIN,6,"procureur à Ajaccio, 1889",1889,Ajaccio,justice_law;religion
L1912-02163,REVERDIN,7,"procureur à. Albi, 1897",1897,,justice_law;religion
L1912-02163,REVERDIN,8,"avocat général à M'oulouse, 1901",1901,M'oulouse,justice_law;military
L1912-02163,REVERDIN,9,"procureur à M'unis, 191.1.",,M'unis,justice_law;religion
L1912-02165,RËVOGAT,1,colon dans la région de Sousse,,,agriculture
L1912-02165,RËVOGAT,2,service militaire,,,
L1912-02165,RËVOGAT,3,secrétaire de contrôle civil,,,
L1912-02165,RËVOGAT,4,"rédacteur au ((Promeneur». N'a jamais depuis quitté la presse tunisienne, à laquelle il appartient toujours. Syndic du syndical de la Presse tunisienne.",,,
L1912-02166,REVOL,1,"rédacteur à, «Tunis-Journal» en 1885, correspondant de plusieurs journaux de 'Tunisie de 1886 à 1895. Directeur et fondateur de «la Dépêche Sfaxierine», journal quotidien (1.895). «Bulletin Agricole de la Dépêche Sfaxienne», hebdomadaire en 1901. V.-prés. de l'Association des Journalistes français d",1885,,press_letters_arts
L1912-02168,REVOLON,1,"employé de commerce à Annonay et à Saint - Etienne et négociant à M'unis. Prés, du Comité du Congrôs républicain radicalsocialiste en 1906",1906,Annonay,commerce
L1912-02168,REVOLON,2,"très, de la Société française de bienfaisance",,,
L1912-02168,REVOLON,3,"memb. el, une. très, de l'Association commerciale el industrielle de la Régence de M'unis: memb. clu Bureau et, anc. v.-prés. de la société ((Région lyonnaise»",,,industry_crafts
L1912-02168,REVOLON,4,memb. du Comité du Cercle républicain,,,
L1912-02168,REVOLON,5,memb. du Comité permanent des fêtes,,,
L1912-02168,REVOLON,6,"v.-prés. de la section tunisoise du Comité républicain du -commerce, de l'industrie el de l'agriculture. Membre de ta Conférence Consultative (1"" cire, 2"" coll.), élu en 1.907. A publié en 191.0 une brochure intitulée : «L'oeuvre des Français en M'unisie». «Revue de Khroumirie». 20 juillet 1.911. Li",,,politics_native_admin;diplomacy;press_letters_arts
L1912-02168,REVOLON,7,"secrétaire de la. rédaction. M. Anlony Grégoire. Disparue en 1889! Mitre repris en ""1.894 par l'Institut de Carthage, avec adjonction du soustitre : Association tunisienne des Lettres, Sciences et Arts.",1889,,
L1912-02171,REYMOND,1,maréchal des logis de hussards,,,military
L1912-02171,REYMOND,2,agent commercial cie la Compagnie des Vapeurs de charge français,,,
L1912-02171,REYMOND,3,agent de la. Compagnie francotunisienne de Navigation,,,
L1912-02171,REYMOND,4,directeur de l'Esl-M'unisien. Membre du Comité de la. Société française de Bienfaisance,,,
L1912-02171,REYMOND,5,v.- prés. de la société la ((Région Lyonnaise».,,,
L1912-02175,RIBET,1,"secrétaire d'ambassade à Berlin (trois fois), à Bucarest, au Caire, à ta deuxième Conférence de la Paix, au Ministre des Affaires étrangères.",,Berlin,
L1912-02177,RICHARD-NICOLAS,1,avocat-défenseur près le tribunal civil de Bougie,,,justice_law
L1912-02177,RICHARD-NICOLAS,2,"avocat au barreau de M'unis, 1.887",,,justice_law
L1912-02177,RICHARD-NICOLAS,3,"bâtonnier en 1.894 et 1.895. Décédé à Tunis le 18 oct. 1895, y inhumé.",1895,Tunis,
L1912-02186,RIOU,1,commissaire spécial au ministère de l'Intérieur de 1.89S à. 1.900,,,
L1912-02186,RIOU,2,"commissaire do police de 3' cl. à Morlaix (Finistère), 1900-06",1900,Morlaix,
L1912-02186,RIOU,3,"à Brest, 2"" cl..1.906-07,et à M'unis. «Risveglio (II)». Journal en langue italienne, fondé le 8 mai 1.90S, paraissant tous les dimanches, à Tunis.",,Brest,
L1912-02191,ROBERT,1,médecin en chef des hôpitaux militaires de La Rochelle et de Constantine,,,medicine_health
L1912-02191,ROBERT,2,"directeur du Service de Santé de la division de Constantine, puis de la Division d'occupation de la Tunisie. Membre de la Société de Médecine de Nancy. Campagne de 1870 (siège de Strasbourg, armée de la Loire)",1870,,medicine_health
L1912-02191,ROBERT,3,campagnes en Algérie.,,,
L1912-02204,RONDEAU,1,employé de commerce,,,
L1912-02204,RONDEAU,2,"employé agricole à la Société du Nord de l'Afrique, caissier à la Compagnie Transatlantique (agence de Bougie), ancien v.-prés. d é 1 égué de la Municipalité de Ferryville. Très, de la Lyre Ferryvilloise",,,
L1912-02204,RONDEAU,3,"très, général du Comité du Monument du «Farfadet». Peintre amateur. Médaille de bronze de 1"". cl. au Concours agricole de Bougie.",,,military;press_letters_arts
L1912-02205,RONNE,1,vétérinaire municipal et inspecteur des .abattoirs de la ville cle Vienne (Isère),,,medicine_health;administration
L1912-02205,RONNE,2,vétérinaire sanitaire de l'arrondissement de Vienne,,,medicine_health
L1912-02205,RONNE,3,"secrétaire général du Comice agricole et de la Société d'élevage des cantons de Vienne et Roussillon (Isère). Prés, de la Société hippique de Kairouan",,,military;administration
L1912-02205,RONNE,4,v.-prés. de la Ligue de l'Enseignement à Kairouan.,,Kairouan,
L1912-02206,ROQUES,1,"clerc d'avoué en l'élude de M. Lacroix, président de la Chambre des avoués, à Millau, pendant trois ans",,Millau,justice_law
L1912-02206,ROQUES,2,"employé à Kairouan, puis greffier intérimaire en cette ville, 23 juin 1893",1893,Kairouan,justice_law
L1912-02206,ROQUES,3,"secrétaire cle Contrôle fions de greffier-huissier à Gafsa, 29 janv. 1896-18 juill. 1898",1896,Gafsa,justice_law
L1912-02206,ROQUES,4,"secrétaire de Contrôle civil ffons de greffier-huissier à Mactar, 1S juill. 189S-8 mai 1903",1903,Mactar,justice_law
L1912-02206,ROQUES,5,"commis expéditionnaire au Contrôle ci' vil de Sfax du 8 mai 1903 à ce jour. En tournée comme huissier, a rencontré en pleine nuit, le 25 sept. 1896, vers Feriana, une caravane de dix contrebandiers armés qui lui ont tiré dessus",1903,,justice_law;administration
L1912-02206,ROQUES,6,leur a enlevé leurs huit cents kilos de tabacs et dix bêtes de somme,,,
L1912-02206,ROQUES,7,"lettre de félicitations de la Résidence Générale, 26 décembre 1896.",1896,,military
L1912-02213,ROUQUIE,1,"répétiteur aux lycées de Foix'et de Toulouse, préparateur de chimie à la Faculté des sciences de Toulouse, pharmacien à l'hôpital civil français de Tunis. Ane. secr. gén. de la section toulousaine de la Ligue de l'Enseignement",,,medicine_health
L1912-02213,ROUQUIE,2,"a.nc. v.-prés. cle la, Société française cle Bienfaisance de Tunis",,,
L1912-02213,ROUQUIE,3,"secr. de la sociôlô régionale «les Cadets de Gascogne», de Tunis, depuis 1S99.",,,
L1912-02214,ROUSSET,1,"constructeur à. Saint-Etienne, nuis à Tunis et administrateur dans une société de construction. Créateur de diverses industries en Tunisie' (verrerie, brasserie, etc.).",,Tunis,administration;industry_crafts
L1912-02217,ROUVIER,1,rédacteur à l'Agence Havas,,,
L1912-02217,ROUVIER,2,"rédacteur, chargé du bureau cle la Presse au Ministère des affaires étrangères (I"". nov. 1879)",1879,,
L1912-02217,ROUVIER,3,secrétaire d'ambassade cle 2' cl. à Buenos-Ayres(2 mars 1880),1880,Buenos-Ayres,
L1912-02217,ROUVIER,4,"de 1"" cl. à Rio-de-Janeiro (22 janv. 1881)",1881,Rio-de-Janeiro,
L1912-02217,ROUVIER,5,ministre plénipotentiaire à Buenos-Ayres (4 nov. 1S83),,Buenos-Ayres,
L1912-02217,ROUVIER,6,"cle 1"" cl. (6 janv. 1892) et ministre-résident général cle France en Tunisie (18 nov. 1892). M.Rouvier avait été nommé chevalier de la. Légion d'honneur le 5 mai 1871, à 22 ans. Chef du secrétariat à la Direction générale des Travaux publics, 21, avenue BabDjedid, Tunis. Fév. 1895. Entré dans l'admi",1892,,military
L1912-02218,ROUX,1,"sous-lieutenant au 130"" d'infanterie, lieutenant au 46"", capitaine à SA.INT-RAPHA.EL QUINQUINA",,SA,military
L1912-02218,ROUX,2,"major de la 2° division d'infante:lu 1"" corps d'armée, puis du 7"" s d'armée. )Y (Léon), 21 août 1854, Paris, off. vférite agricole, off. du Nichan-Ifti'. -Colon à Ksar-el-Mezoual, près de iseja. Janv.isati. . Prés, du Cercle cle la Ligue de l'Enseignement de Béja",1854,Ksar-el-Mezoual,agriculture
L1912-02218,ROUX,3,"prés, de la Libre pensée de B é j a",,,
L1912-02218,ROUX,4,"prés, du Comité de défense républicaine aux colonies",,,
L1912-02218,ROUX,5,"représ, de la Mission laïque. A créé de toutes pièces le domaine de Ksar-elMezoual, eonsiliprp rin-p IniiQ urne ferme modèle. Elevage et cèles tout spécialement. 4 premiers \- au Concours cle Béja. 1 médaille c, 1 médaille cle vermeil grand nioe des Agriculteurs de France, 4 nielles d'argent, 3 méda",,,military;administration;agriculture
L1912-02218,ROUX,6,"ministre plénipotentiaire, Tunis. services dans l'Administration des Télé•aphes cle 1864 à 1884",1864,,
L1912-02218,ROUX,7,agent consu.ire de France au Kef en 1871,1871,,
L1912-02218,ROUX,8,vicenisul et contrôleur civil en 1884,1884,,administration
L1912-02218,ROUX,9,se•étaire général du Gouvernement dénis 18S9,,,military
L1912-02218,ROUX,10,"consul, consul, général, miistre plénipotentiaire. Travaux d'éplraphie latine et d'épigraphie et de bi liographie arabes.",,,military;diplomacy
L1912-02231,SADOUN,1,"Surnuméraire à la Direction des Contributions diverses, 1S901891",1891,,
L1912-02231,SADOUN,2,"comptable et caissier adjoint à la Recette Munioipale.1891-1903. En 1903 quitte définitiv. l'administration pour se consacrer à son art. Ane. membre fondateur et exécutant, puis administrateur et très, de la Société «l'Esludianlina»",1891,,administration;finance_banking
L1912-02231,SADOUN,3,anc. membre du Comité de propagande de la Société mutuelle Ouvrière israélite,,,
L1912-02231,SADOUN,4,"membre de la Chambre italienne de Commerce et membre de l'Association des Anciens élèves des Ecoles italiennes de Tunis. TJMVAUX : le portrait de M. Massicault, résident général cle France en Tunisie, offert ù, ""la Résidence",,,military
L1912-02231,SADOUN,5,"le portrait cle M. René Millet, résident général cle France en Tunisie",,,military
L1912-02231,SADOUN,6,"le portrait de M. Loubet, président, de la République, offert à l'Ecole professionnelle EmileLoubet",,,
L1912-02231,SADOUN,7,"le portrait de M. Falliôres, président de la République (pastel, grandeur nature, 2""x0""S0). Plusieurs diplômes d'honneur dans diverses Expositions",,,
L1912-02231,SADOUN,8,un premier prix à l'Exposition internationale des BeauxArts italienne (Turin 1911).,1911,,
L1912-02246,SAINT-ROMAS,1,"ingénieur des Ponts et Chaussées à Dax. Sétif, Bône, Alger, puis ingénieur en chef des Ponts et Chaussées à Alger, adjoint au Directeur des Travaux publics.Travaux d'agrandissement des ports de Bône el d'Alger",,Dax,engineering_architecture
L1912-02246,SAINT-ROMAS,2,"projet des chemins cle fer de Dax à Sainl-Sever et cle Bône à La Calle. Distributions d'eau des villes cle Dax el de Bône, etc. Médaille d'argenl à l'Exposition Universelle de 1900.",1900,Sainl-Sever,
L1912-02266,SANSONE,1,"élève architecte chez M. Baldauff, ingénieur",,,engineering_architecture
L1912-02266,SANSONE,2,conducteur des travaux d'installation cle l'usine génératrice de Bab-Sâa.clouii et de la pose des voies de tramways de Tunis,,,industry_crafts
L1912-02266,SANSONE,3,"conducteur des travaux du Casino-Théâtre, architecte de nombreuses constructions particulières.",,,engineering_architecture
L1912-02267,SANTILLANA,1,médecin de la. Communauté israélite portugaise et de l'hôpital israélite,,,medicine_health
L1912-02267,SANTILLANA,2,directeur de l'hôpital israélite,,,
L1912-02267,SANTILLANA,3,médec. cle la Britisch Benevolent Society,,,
L1912-02267,SANTILLANA,4,vice-président du Conseil d'administration de l'hôpital israélite.,,,
L1912-02269,SANTSCHI,1,assistant d'anatomie et d'embryogénie à la Faculté cle Médecine de Lausanne,,,medicine_health
L1912-02269,SANTSCHI,2,assistant de physiologie près le professeur Herzen,,,education_science
L1912-02269,SANTSCHI,3,assistant a. la clinique cle l'Université de Lausanne,,,
L1912-02269,SANTSCHI,4,médecin à Finshaut (Suisse),,Finshaut,medicine_health
L1912-02269,SANTSCHI,5,médecin a J-imis. Membre de la Société Vaudoise des Sciences naturelles,,J-imis,medicine_health
L1912-02269,SANTSCHI,6,membre à vie cle la Société-Entomologique cle France,,,
L1912-02269,SANTSCHI,7,membre cle missions scientifiques dans l'Amérique centrale et l'Amérique du Sud.,,,
L1912-02299,SÉCHERESSE,1,"professeur aux lycées de Rochefort-surMer, cle Toulon, cle Montpellier",,,education_science
L1912-02299,SÉCHERESSE,2,délégué et membre cle l'Alliance Française.,,,
L1912-02309,SEGUIN,1,"à. la Direction de l'Agriculture, du Commerce et de la Colonisation depuis mars 1.896, rédacteur au service des Domaines, au service de la Colonisation, au bureau du Commerce, cle l'Industrie et du Travail. Inspecteur du tra.vail (1"" janvier 1909)",1909,,administration
L1912-02309,SEGUIN,2,"au Maroc (1904-1906) chef 'de bureau à. la délégation des Porteurs de titres de l'emprunt marocain 1904. Lieutenant de réserve au 4"" zouaves.",1904,,military
L1912-02330,SFAR,1,"interprète au Gouvernement Tunisien, chef du bureau de la comptabilité à. l'Administration générale, délégué aux I-Iabous, président du Conseil d'administration des I-labous: président honoraire cle la Khaldounïa",,,military;administration
L1912-02330,SFAR,2,"membre de l'Institut de Carthage. cle la Société de Géographie, du Comité do la Colonie agricole cle Lausanne, du Conseil cle perfectionnement ou collège Sadiki",,,
L1912-02330,SFAR,3,"président honoraire de la Naceuria., etc.",,,
L1912-02338,SICRE DE FONTBRUNE,1,"juge suppléant à Saigon, 18 août. 1897",1897,Saigon,justice_law
L1912-02338,SICRE DE FONTBRUNE,2,"juge suppl. à Tunis, 26 juin 1901",1901,Tunis,justice_law
L1912-02338,SICRE DE FONTBRUNE,3,"juge d'instruction, 1"" mars 1904",1904,,justice_law
L1912-02338,SICRE DE FONTBRUNE,4,"juge d'instruction à Sousse, 30 avril 1.904",,Sousse,justice_law
L1912-02338,SICRE DE FONTBRUNE,5,juge à Tunis ffrib. mixte).,,Tunis,justice_law
L1912-02444,SOGNO,1,"de 1885 à 1898, Ingénieur cle la Cie Royale Asturienne : missions et éludes, exploitation et direction de mines en France el en Tunisie",1885,,engineering_architecture;mining
L1912-02444,SOGNO,2,"à partir cle 1898, ingénieurconseil à",1898,,engineering_architecture
L1912-02444,SOGNO,3,"Tunis. TIÎAVAUX : «Notes sur l'avenir des Mines en Tunisie», Congrès , de la Société de Géographie commerciale de Paris en Tunisie, 1904. Propriétaire à Aïn-Blarka, près de Sidi-NasserAllah (contrôle civil cle Kairouan).",1904,Aïn-Blarka,mining
L1912-02453,SOUCIET,1,officier de Trésorerie,,,
L1912-02453,SOUCIET,2,secrétaire clu receveur principal des Postes de la Seine,,,administration
L1912-02453,SOUCIET,3,"rédacteur au Gouvernement tunisien (deux ans). Ane. prés. fond, de l'Association des colons de La Mornaghia",,,
L1912-02453,SOUCIET,4,"anc. dir. fond, de la Caisse locale de .crédit agricole de la région. Membre de la Chambre d'Agriculture. Décédé en France en 1909.",1909,,
L1912-02454,SOUILHAG,1,"commis des Douanes, commis des Contributions diverses, commis à la Recette générale des Finances, commis aux Postes et Télégraphes, représentant d'entreprise de travaux, entrepreneur de travaux publics",,,military;administration;industry_crafts
L1912-02454,SOUILHAG,2,"publiciste, fondateur du «Libéral», hebdomadaire.",,,press_letters_arts
L1912-02469,SPIRE,1,"avocat 1877, docteur en droit 1879, lauréat cle la Faculté de Nancy, substitut à Segré 7 fév. 1880, à Cholet 24 avril, à Laval 2 juillet, à Agen 30 sept. 1.881, procureur à Sainte-Menehould 8 février 1883, à Troyes 10 mars 1888, avocat général à Amiens 21 juin 1890, procureur à Tunis 28 avril 1.891.",1877,Segré,justice_law;military;religion
L1912-02485,SURDON,1,"maître élémentaire au collège Ala.oui, 1S87-8S",,,
L1912-02485,SURDON,2,"directeur de l'école mixte de Schuiggui, 1888-89: de l'école arabe-française clu Kef, 1889-93",1888,,
L1912-02485,SURDON,3,"de l'école arabe-française cle Djerba, 1893-99. Secr. du Comité de la. fédération clés Cercles tunisiens de la Ligue de l'Enseignement",1893,,
L1912-02485,SURDON,4,"anc. prés, de l'Association amicale des Membres cle l'Enseignement primaire de Tunisie",,,
L1912-02485,SURDON,5,fondateur de la Bibliothèque populaire de Kairouan et du .Cercle kairouanais de la Ligue française cle l'Enseignement.,,,
L1912-02539,TERRAILLON,1,inspecteur principal du matériel et cle la Iraclion des chemins de fer B.-G.,,,administration;transport_maritime
L1912-02539,TERRAILLON,2,chef d'exploitation des chemins cle fer du Nord do l'Espagne,,,
L1912-02539,TERRAILLON,3,ingén. en chef des chemins cle fer B.-G. à Tunis.,,Tunis,
L1912-02551,THERMES,1,"représentant cle commerce et directeur (créateur) de l'usine à chaux d'Hammam-Lif du 1"" août 1.902 au 30 avril 1908 (vendue à la Société anonyme des Chaux et Ciments Thermes). Actuellement administrateur de la Société civile minière de La Mohammêdia.",1908,,administration;industry_crafts
L1912-02553,THIBAUDET,1,"ingénieur chez MM. Sautter et C'°, à Paris (éclairage électrique)",,Paris,engineering_architecture
L1912-02553,THIBAUDET,2,ingénieur de l'entreprise d'éclairage des théâtres de Paris,,,engineering_architecture
L1912-02553,THIBAUDET,3,fabricant de cuivreries pour chemins cle fer et étalages ce magasins à Paris,,Paris,commerce;industry_crafts
L1912-02553,THIBAUDET,4,ingénieur de la C* des Ports T.-S.-S.,,,engineering_architecture
L1912-02564,TIPHAINE,1,"sous-ingénieur à Riom, sousingénieur à Paris",,Riom,engineering_architecture
L1912-02564,TIPHAINE,2,"ingénieur à Nice, puis à Tunis",,Nice,engineering_architecture
L1912-02564,TIPHAINE,3,directeur des Monopoles à Tunis jusqu'en 191.0.,,Tunis,
L1912-02569,TIXIER,1,"chef du laboratoire de chimie biologique à l'hôpital Péan, à Paris (189.5-96)",,Paris,
L1912-02569,TIXIER,2,phai'macien chef de l'hôpital de Djibouti (1898-99).,1898,,
L1912-02574,TOUCON,1,combattant de 1870 aux zouaves (armées du Rhin et de la Loire),1870,,
L1912-02574,TOUCON,2,secrétaire d'avocat à la Cour de Cassation,,,justice_law
L1912-02574,TOUCON,3,avocat-défenseur à Diégo-Suarez (Madagascar),,Diégo-Suarez,justice_law
L1912-02574,TOUCON,4,président par intérim du tribunal,,,
L1912-02574,TOUCON,5,secrétaire du Syndicat de la presse périodique du Sud-Ouést: (en France),,,
L1912-02574,TOUCON,6,"secrétaire général des Sauveteurs Mé- TOÙ — TRÀ daillés du Gouvernement, à Toulouse",,Toulouse,military;administration
L1912-02574,TOUCON,7,"•■• membre de l'Association des Publicistes, délégué général pour la Tunisie",,,military;press_letters_arts
L1912-02574,TOUCON,8,"sociétaire de la Presse républicaine départementale de France depuis 1881. Publication de chroniques judiciaires et d'ar-. ticles de Droit pendant 20 ans dans de grands périodiques français. Rédacteur en chef de «la Fraternité du Rouergue», 1881-83",1881,,press_letters_arts
L1912-02574,TOUCON,9,de « l'Impartial du Midi» et du «Midi» de 1884 à 1901. Correspondant de journaux français en Tunisie. Membre fondateur de l'Amicale de la Presse à Sousse. A sauvé 72 personnes lors des inondations de Toulouse (23 juin 1875).,1884,Sousse,
L1912-02615,USANNAZ-JORIS,1,"avocat à la Cour de Paris, 1898-1901",1898,,justice_law
L1912-02615,USANNAZ-JORIS,2,"avocat à la Cour de Chambéry, 1901-02",1901,,justice_law
L1912-02615,USANNAZ-JORIS,3,"avocat au barreau de Tunis, 1902. Memb. corresp. de l'Académie, de Savoie",1902,,justice_law
L1912-02615,USANNAZ-JORIS,4,memb. de la Société savoisienne d'histoire et d'archéologie.,,,
L1912-02621,VACHEROT,1,"professeur aux lycées de Montluçon, Barle-Duc et Orléans.",,,education_science
L1912-02623,VAISSIË,1,"Juge de Paix en Algérie, juge suppléant et substitut.",,,justice_law
L1912-02626,VALENSI,1,: Attaché au Ministère des Affaires Etrangères,,,
L1912-02626,VALENSI,2,"2"" interprète",,,administration
L1912-02626,VALENSI,3,"1"" interprète",,,administration
L1912-02626,VALENSI,4,général de brigade,,,military
L1912-02626,VALENSI,5,"général de division, chef du Protocole. Chef du Bureau de la Chancellerie du Nichan-Iftildiar.",,,military
L1912-02627,VALENSI,1,"en 1.884, attache a l'Aclm. générale du Gouvernement tunisien",,,military
L1912-02627,VALENSI,2,"- en 1889, chef du Bureau des Communes.",1889,,
L1912-02630,VALENSI,1,avocat au barreau de Marseille,,,justice_law
L1912-02630,VALENSI,2,membre du Conseil de l'ordre,,,
L1912-02630,VALENSI,3,juge d'instruction à Toulon,,Toulon,justice_law
L1912-02630,VALENSI,4,"juge de 1"" cl. au tribunal de Marseille.",,,justice_law
L1912-02632,VALENSI,1,"attache a 1 Administration générale du Gouvernement tunisien,1900",1900,,military
L1912-02632,VALENSI,2,attaché à la Chancellerie du Nich.-irt3kh.ar. 1901,1901,,
L1912-02632,VALENSI,3,"secr. de la Chancellerie du Nichan-Iftikhar, 1907. Secrétaire de la Société de Géographie commerciale, 1903",1907,,
L1912-02632,VALENSI,4,"secr. de la Comrniss. clu Congrès cle géographie coloniale, 1904",1904,,
L1912-02632,VALENSI,5,"Délégué de la Section tunisienne au Congrès de géographie de Saint-Etienne, 1905",1905,,
L1912-02632,VALENSI,6,memb. corresp. du Syndicat de la Presse tunisienne,,,
L1912-02632,VALENSI,7,memb. ' du Syndicat de la Presse coloniale cle Paris,,,
L1912-02632,VALENSI,8,"""memb. de la Ligue des droits cle l'Homme et du Citoyen",,,
L1912-02632,VALENSI,9,memb. do lu. Jeunesse radicale et radicale-socialiste de France.Corresp. cle «la Revue Diplomatique»,,,
L1912-02632,VALENSI,10,du ««Moniteur des Consulats»,,,diplomacy
L1912-02632,VALENSI,11,"des «Echos Parisiens», des «Annales diplomatiques et coloniales ». Collaboration au Rapport des travaux du Congrès de géographie commerciale, 1.904.",,,
L1912-02642,VAQUIË,1,"Juge suppléant rétribué à Nemours, déc. 1903",1903,Nemours,justice_law
L1912-02642,VAQUIË,2,"juge de paix à Tiarel, avril 190S",,Tiarel,justice_law
L1912-02642,VAQUIË,3,"juge suppléant au tribunal de Sousse, oct. 1908, et à Tunis, nov. 1909.",1908,Tunis,justice_law
L1912-02644,VARATASSI,1,magistrat juge consulaire à Constantin ople,,Constantin,justice_law;diplomacy
L1912-02644,VARATASSI,2,"juge président à Cardin, consul à Sniyrne, consul général à Pliilippopoli el à Bukarest, à 'J'unis el à Gènes: de 1905 à 1906. agent officieux du Gouvernement, hellénique à Bukarest, les ministres de Grèce et de Roumanie étant partis en congé avant la rupture des relations diplomatiques. Parti cle T",1905,Cardin,justice_law;military;diplomacy
L1912-02645,VASSEL,1,capitaine au long cours,,,military;transport_maritime
L1912-02645,VASSEL,2,"maître de port, pilote clu canal puis capitaine d'armement el do navigation au canal de Suez, retraité à la suite d'une maladie nerveuse",,,military
L1912-02645,VASSEL,3,"réda.c• teur-ttraduct. à l'Agence Ha vas, à. Paris",,,
L1912-02645,VASSEL,4,rédacteur en chef de «la Dépêche Tunisienne»,,,press_letters_arts
L1912-02645,VASSEL,5,représentant d'usines et inspecteur du do■ maine de Oued-Melah,,,administration;industry_crafts
L1912-02645,VASSEL,6,directeur do la Société d'Aïn-Garci. Anc. memb. du bureau du Comité de défense des intérêts français d'outremer,,,
L1912-02645,VASSEL,7,"anc. prés, du Syndicat des propriétaires de Maxula-Radès",,,
L1912-02645,VASSEL,8,v.-prés. du Salon tunisien de 1.898,,,
L1912-02645,VASSEL,9,"président du Salon tunisien do 1.901: anc. secr. gén. et anc. prés, de l'Institut de Carthage, actuellement v.-prés. d'honneur. Membre du Syndicat de la presse tunisienne.",,,
L1912-02647,VENDEL,1,"■'Fonctionnaire des Travaux publics, 1SS902",,,administration
L1912-02647,VENDEL,2,"imprimeur et publiciste, 1892-1908. Pr. de l'Union des Travailleurs Français à Sousse, 18951901",1892,Sousse,industry_crafts;press_letters_arts
L1912-02647,VENDEL,3,"Prés, de l'Union Musicale de Sousse. 1896-1902",1896,,
L1912-02647,VENDEL,4,"syndic VAUDAINE (Elienne-Jean-Baptisle), 2S mars 18(12. Faromano (Isère), off. d'Académie, off. du Nichan-Iftikhar. Professeur au collège Sadiki et à l'école Emile-Loubel, rue ""Bou-Cbenak, Tunis. 28 nov. 1884. directeur de l'école franco-arabe de Sousse, de l'annexe du collège Alaoui. de l'annexe du",1884,Tunis,education_science;administration
L1912-02647,VENDEL,5,"anc. v.-prés. de l'Amicale de l'Enseignement primaire. pour la Tunisie du Syndicat de la Presse Coloniale, siège à Paris, 1904-08.",1904,Paris,
L1912-02652,VERRIER,1,"instituteur à Giro-Magny, à Belfort, à. Tunis,- à Maxula-Radès.",,Giro-Magny,education_science
L1912-02655,VERSINI,1,"juge de paix suppléant à Souk-el-Arba,. 1892",1892,Souk-el-Arba,justice_law
L1912-02655,VERSINI,2,"juge de paix suppléant à Tunis, 1S95",,Tunis,justice_law
L1912-02655,VERSINI,3,juge de paix du canton Nord de Tunis. Membre de l'Institut de Carthage.,,,justice_law
L1912-02657,VEYRIER,1,"instituteur adjoint à l'école communale de Dieulefit, 1875-76",1875,,education_science
L1912-02657,VEYRIER,2,"maître adjoint à l'Ecole modèle de Dieulefit, 187C-S1",,,
L1912-02657,VEYRIER,3,"délégué maître adjoint à l'Ecole normale de Tulle, 1881-83",1881,,
L1912-02657,VEYRIER,4,Econome de l'Ecole normale du Rhône (1883-84),1883,,
L1912-02657,VEYRIER,5,"commis des Ponts et Chaussées (service du Rhône-fleuve), à Lyon, 1SS4-85",,Lyon,administration
L1912-02657,VEYRIER,6,"maître adjoint à l'école normale cle Tunis (1885). Fond, et dir. de l'école de Bizerte (1885-91)",1885,,
L1912-02657,VEYRIER,7,maître adj. à l'Ecole normale de Tunis (1S91-92),,,
L1912-02657,VEYRIER,8,fondateur et directeur cle l'Ecole payante de la rue de Suède (Tunis) (1892-1900),1892,,
L1912-02657,VEYRIER,9,"directeur de l'annexe de l'Ecole Normale, rue d'Arles, Tunis (1901-1908). De janvier 1.889 à janvier 1891, viceprésident cle la Municipalité cle Bizerte",1901,,
L1912-02657,VEYRIER,10,trésorier du Comité tunisien de l'Orphelinat de l'enseignement primaire depuis que l'oeuvre fonctionne en Tunisie (1892),1892,,
L1912-02657,VEYRIER,11,"très, adjoint, membre du Conseil d'administration de la coopérative l'Epargne Tunisienne (1905-1908). A fondé la Caisse d'Epargne scolaire à Bizerte (1.886). Un des trois fondateurs de l'Amicale de l'Enseign. primaire (1904)",1905,Bizerte,
L1912-02657,VEYRIER,12,"vice-prés, des «Enfants clu Vivarais»",,,
L1912-02657,VEYRIER,13,président délégué de la Mission laïque (1902-1903). A maintes reprises a.rempli les fonctions d'expert en écriture près le Tribunal de Tunis. Conférences aux 'instituteurs et institutrices sur l'enseignement cle l'écriture,1902,,education_science
L1912-02657,VEYRIER,14,délégué de renseignement au Conseil de l'instruction publique (1.904-1905-1906),1905,,
L1912-02657,VEYRIER,15,secr. adj. de la. loge maçonnique de Villefranche-surSa.ône (1.SS4-1S85),,,
L1912-02657,VEYRIER,16,secrétaire de la loge. Nouvelle Carthage (1892-1893),1892,,
L1912-02657,VEYRIER,17,"médaille de bronze (Tunis 1888), d'argent (Paris 1889), d'argent gr. module (Tunis 1895), d'argent (Paris 1909), diplôme d'honneur et médaille de bronze de l'orphelinat cle. l'enseignement. Etant vice-prés, délégué de la. Municipalité de Bi7erte, a fait construire les abattoirs en dehors de la ville",1888,Sidi-Salem,
L1912-02659,VIDAL,1,surveillant général au collège Alaoui à Tunis,,Tunis,military
L1912-02659,VIDAL,2,directeur de l'école franco-arabe à Moknine,,Moknine,
L1912-02659,VIDAL,3,"directeur de l'Ecole primaire super, de Sousse",,,
L1912-02659,VIDAL,4,membre fondateur du Cercle de la Ligue de l'Enseignement à Sousse,,Sousse,
L1912-02659,VIDAL,5,trésorier dudit cercle pendant plusieurs années. Médaille d'argent à l'Exposition coloniale de. Marseille.,,,
L1912-02663,VILLATTE,1,"avocat Quant aux fraie culturaux,ils ne sont généralement pas inférieurs à 350 francs par hectare.",,,justice_law;military
L1912-02668,VINCENT,1,rédacteur à la Direction générale cle l'Enseignement (comptabilité) jusqu'au 30 sept. 1906,1906,,military;administration
L1912-02668,VINCENT,2,économe à l'école EmileLoubet à partir de 1.906 jusqu'en 1909.,1909,,
L1912-02669,VINCENT,1,"professeur à Bar-le-Duc, Vesotil, Vandôme et Tunis. Anc. prés, de l'Association amicale des professeurs et répétiteurs de l'enseignement secondaire, à Tunis.",,Bar-le-Duc,education_science
L1912-02670,VINCENTI,1,"élève h l'Ecole militaire de Saint-Cyr, souslioutenunl au 4° d'infanterie, a servi en cette qualité au 112' d'infanterie, au 2"". zouaves et au 3' tirailleurs",,,
L1912-02670,VINCENTI,2,"chef de bataillon uu 1"" tirailleurs et au 4* tirailleurs. Campagne de guerre de Bou Amama, 1S81-82",,,military
L1912-02670,VINCENTI,3,"campagne de Chine, 1900-01",1900,,
L1912-02670,VINCENTI,4,campagnes d'Algérie et cle Tunisie.,,,
L1912-02672,VIQUIER,1,ingénieur aux houilJières de Rive-de-Gier,,,engineering_architecture
L1912-02672,VIQUIER,2,1900-06,1900,,
L1912-02672,VIQUIER,3,"ingénieur chef de service de la. mine dé Metlaoui, Compagnie de Gafsa.",,,engineering_architecture;administration;mining
L1912-02682,WARTELLE,1,capitaine adjudant-major à l'armée de Ducro't en 1870,1870,,military
L1912-02682,WARTELLE,2,capitaine de territoriale,,,military
L1912-02682,WARTELLE,3,agriculteur de 1868 à 1873,1868,,agriculture
L1912-02682,WARTELLE,4,manufacturier de 1873 à 1900,1873,,industry_crafts
L1912-02682,WARTELLE,5,"à partir de 1900, colon en Tunisie. Viceprés, de l'Associât, agricole de Tunisie.",1900,,agriculture
L1912-02683,WARZÉE,1,"militaire en Algérie, 1879-83",1879,,
L1912-02683,WARZÉE,2,"huissier en Algérie, 1SS3-88",,,justice_law
L1912-02683,WARZÉE,3,"v.-prés. lion, dû Comité des Courses du Sahel (société hippique)",,,
L1912-02683,WARZÉE,4,"anc. délégué à la Conférence Consultative (3° coll. de Sousse). Adjudant d'intendance de réserve, fclJ»'-*•! r ■ -^!• .^ii.aiC3ÏS!^^1""-5>r^VJr°t",,,military;politics_native_admin;diplomacy
L1912-02688,WILLOT-BEAUCHEMIN,1,conducteur des Ponts et Chaussées à Paris et à Boulogne-sur-Mer,,Paris,engineering_architecture
L1912-02688,WILLOT-BEAUCHEMIN,2,chef adjoint clu Service des Travaux cle la Ville cle Tunis. V.-prés. gén. de l'Assistance Mutuelle Tunisienne.,,,
L1912-02690,WITASSE,1,"attaché à l'Agence diplomatique de France au Caire, puis au Consulat général à Gênes. WIRTENSOHN (Eugène), 9 août 1862,. Buhl (Alsace-Lorraine), off. d'Académie, off. du Nichan-Iftikhar. Commissaire de police, lunis. Juillet 1899.",1862,Gênes,military;diplomacy
L1912-02776,VUARNET,1,"secrétaire particulier de M. Besson, maire d'Evian-1 esBains, fondateur du grand Etablissement thermal qu'il dirige actuellement,' secrétaire général de cet établissement en 1892",1892,,military;administration;politics_native_admin
L1912-02776,VUARNET,2,journaliste à Thonon,,Thonon,press_letters_arts
L1912-02776,VUARNET,3,"puis directeur de la Société des dragages cle l'Indo-Chine, à Saigon, mars 1.897. Rentré en France pour cause de maladie devint de nouveau journaliste et collabora aux journaux et revues de la Haute-Savoie. Fondateur à Genève du «Journal Français», organe de la. colonie française en Suisse, dont il ",,Saigon,administration;press_letters_arts;hospitality_services
