person_node,person_name,person_entry_id,resolution,organisation_node,organisation_name,role,tie_source,organisation_founded_year,page,page_url,evidence,organisation_name_raw
NAME:JULES BESSIS,Jules Bessis,,ambiguous,L1912-00085,Alliance Sportive,president,organisation_entry_officer_list,,10,https://gallica.bnf.fr/ark:/12148/bpt6k5505300s/f34.item,"Président : M. Jules Bessis, banquiers",Alliance Sportive
L1912-01601,B Léger,L1912-01601,resolved,L1912-00085,Alliance Sportive,vice_president,organisation_entry_officer_list,,10,https://gallica.bnf.fr/ark:/12148/bpt6k5505300s/f34.item,"vice-présidents : MM. B. Léger, lieutenant des pompiers",Alliance Sportive
NAME:A ILALFON,A Ilalfon,,unmatched,L1912-00085,Alliance Sportive,treasurer,organisation_entry_officer_list,,10,https://gallica.bnf.fr/ark:/12148/bpt6k5505300s/f34.item,"trésorier : M. A. Ilalfon, employé à la Municipalité",Alliance Sportive
NAME:JOSEPH COHEN,Joseph Cohen,,ambiguous,L1912-00085,Alliance Sportive,secretary,organisation_entry_officer_list,,10,https://gallica.bnf.fr/ark:/12148/bpt6k5505300s/f34.item,"Secrétaire : M. Joseph Cohen, professeur",Alliance Sportive
NAME:I IAVOUN,I-Iavoun,,unmatched,L1912-00085,Alliance Sportive,deputy_treasurer,organisation_entry_officer_list,,10,https://gallica.bnf.fr/ark:/12148/bpt6k5505300s/f34.item,"trésorier-adjoint : M. I-Iavoun, employé",Alliance Sportive
L1912-00271,G Bellaïche,L1912-00271,resolved_fuzzy,L1912-00085,Alliance Sportive,deputy_secretary,organisation_entry_officer_list,,10,https://gallica.bnf.fr/ark:/12148/bpt6k5505300s/f34.item,"secrétaire-adjoint : M. G. Bellaïche, employé",Alliance Sportive
NAME:VICTOR SLAMA,Victor Slama,,unmatched,L1912-00085,Alliance Sportive,assessor,organisation_entry_officer_list,,10,https://gallica.bnf.fr/ark:/12148/bpt6k5505300s/f34.item,"assesseurs : MM. Victor Slama, propriétaire, Arthur Sitbon, employé à la",Alliance Sportive
L1912-02391,Arthur Sitbon,L1912-02391,resolved,L1912-00085,Alliance Sportive,assessor,organisation_entry_officer_list,,10,https://gallica.bnf.fr/ark:/12148/bpt6k5505300s/f34.item,"assesseurs : MM. Victor Slama, propriétaire, Arthur Sitbon, employé à la",Alliance Sportive
L1912-01428,Ferdinand Huard,L1912-01428,resolved,L1912-00139,Assistance Mutuelle Tunisienne,president,organisation_entry_officer_list,1901,32,https://gallica.bnf.fr/ark:/12148/bpt6k5505300s/f56.item,"Médaille d'or à l'Exposition Coloniale de Marseille en 1906. Médaille d'argent à l'Exposition des oeuvres sociales au Grand Palais, à Tunis, en 1905. Prés, gén., M. Ferdinand Huard",Assistance Mutuelle Tunisienne
L1912-02688,Villot-Beauchemin,L1912-02688,resolved_fuzzy,L1912-00139,Assistance Mutuelle Tunisienne,president,organisation_entry_officer_list,1901,32,https://gallica.bnf.fr/ark:/12148/bpt6k5505300s/f56.item,"vi-prés. gén., M. de Villot-Beauchemin, ingénieur, directeur-adjoint des Travaux de la Ville de Tunis, et M. Graziani, inspecteur des Domaines à la Direction de l'Agriculture, Tuni",Assistance Mutuelle Tunisienne
NAME:GRAZIANI,Graziani,,unmatched,L1912-00139,Assistance Mutuelle Tunisienne,president,organisation_entry_officer_list,1901,32,https://gallica.bnf.fr/ark:/12148/bpt6k5505300s/f56.item,"vi-prés. gén., M. de Villot-Beauchemin, ingénieur, directeur-adjoint des Travaux de la Ville de Tunis, et M. Graziani, inspecteur des Domaines à la Direction de l'Agriculture, Tuni",Assistance Mutuelle Tunisienne
NAME:GARNIER,Garnier,,unmatched,L1912-00139,Assistance Mutuelle Tunisienne,secretary_general,organisation_entry_officer_list,1901,32,https://gallica.bnf.fr/ark:/12148/bpt6k5505300s/f56.item,"secr. gén., M .Garnier, chef de section au Service Topographique",Assistance Mutuelle Tunisienne
L1912-02585,Tremsal,L1912-02585,resolved,L1912-00139,Assistance Mutuelle Tunisienne,president,organisation_entry_officer_list,1901,32,https://gallica.bnf.fr/ark:/12148/bpt6k5505300s/f56.item,"Président du groupe A : M. Tremsal, chef de Cabinet du Directeur général de l'Enseignement public à Tunis",Assistance Mutuelle Tunisienne
NAME:CONSTANTIN,Constantin,,unmatched,L1912-00139,Assistance Mutuelle Tunisienne,president,organisation_entry_officer_list,1901,32,https://gallica.bnf.fr/ark:/12148/bpt6k5505300s/f56.item,"Président du groupe C :M. Constantin, ingénieur électricien à Tunis",Assistance Mutuelle Tunisienne
L1912-02203,Roman,L1912-02203,resolved_fuzzy,L1912-00139,Assistance Mutuelle Tunisienne,president,organisation_entry_officer_list,1901,32,https://gallica.bnf.fr/ark:/12148/bpt6k5505300s/f56.item,"Président clu groupe D : M. Roman, propriétaire à Tunis",Assistance Mutuelle Tunisienne
L1912-00989,Duvau,L1912-00989,resolved,L1912-00139,Assistance Mutuelle Tunisienne,president,organisation_entry_officer_list,1901,32,https://gallica.bnf.fr/ark:/12148/bpt6k5505300s/f56.item,"Président clu (groupe E : M. Duvau, directeur de l'Office de Colonisation à Tunis",Assistance Mutuelle Tunisienne
NAME:HALLOUIN,Hallouin,,unmatched,L1912-00139,Assistance Mutuelle Tunisienne,president,organisation_entry_officer_list,1901,32,https://gallica.bnf.fr/ark:/12148/bpt6k5505300s/f56.item,"Président du groupe F. : M. Hallouin, inspecteur cle la Compagnie Bône-Guelma.",Assistance Mutuelle Tunisienne
NAME:EDOUARD,Edouard,,unmatched,L1912-00141,Association Agricole de la Tunisie,board_member,organisation_entry_officer_list,1907,34,https://gallica.bnf.fr/ark:/12148/bpt6k5505300s/f58.item,"CONSEIL D'ADMINISTRATION. Prés., M. le comte Edouard cle Warren, domaine d'Echamùnes (Mornag)",Association Agricole de la Tunisie
L1912-02682,Wartelle,L1912-02682,resolved,L1912-00141,Association Agricole de la Tunisie,vice_president,organisation_entry_officer_list,1907,34,https://gallica.bnf.fr/ark:/12148/bpt6k5505300s/f58.item,"v.-prés., MM. Wartelle, à Aïn-Rhelal",Association Agricole de la Tunisie
L1912-00665,Coanet,L1912-00665,resolved,L1912-00141,Association Agricole de la Tunisie,secretary_general,organisation_entry_officer_list,1907,34,https://gallica.bnf.fr/ark:/12148/bpt6k5505300s/f58.item,"secr. gén., M. Coanet, à RasTabia, près Tunis",Association Agricole de la Tunisie
NAME:COSTET,Costet,,unmatched,L1912-00141,Association Agricole de la Tunisie,president,organisation_entry_officer_list,1907,34,https://gallica.bnf.fr/ark:/12148/bpt6k5505300s/f58.item,"COMITÉ DE DIRECTION COMMERCIALE, Présid., M. Costet",Association Agricole de la Tunisie
NAME:COURRAI,Courrai,,unmatched,L1912-00141,Association Agricole de la Tunisie,delegate,organisation_entry_officer_list,1907,34,https://gallica.bnf.fr/ark:/12148/bpt6k5505300s/f58.item,"administ. délégué, M. Courrai",Association Agricole de la Tunisie
NAME:ROLLAND,Rolland,,ambiguous,L1912-00141,Association Agricole de la Tunisie,secretary,organisation_entry_officer_list,1907,34,https://gallica.bnf.fr/ark:/12148/bpt6k5505300s/f58.item,"secr., M. Rolland",Association Agricole de la Tunisie
NAME:S TARDY,S Tardy,,unmatched,L1912-00141,Association Agricole de la Tunisie,assessor,organisation_entry_officer_list,1907,34,https://gallica.bnf.fr/ark:/12148/bpt6k5505300s/f58.item,"assesseurs, MM. S. Tardy et Rebillet",Association Agricole de la Tunisie
NAME:REBILLET,Rebillet,,unmatched,L1912-00141,Association Agricole de la Tunisie,assessor,organisation_entry_officer_list,1907,34,https://gallica.bnf.fr/ark:/12148/bpt6k5505300s/f58.item,"assesseurs, MM. S. Tardy et Rebillet",Association Agricole de la Tunisie
NAME:AYMARD,Aymard,,unmatched,L1912-00141,Association Agricole de la Tunisie,councillor,organisation_entry_officer_list,1907,34,https://gallica.bnf.fr/ark:/12148/bpt6k5505300s/f58.item,"conseillers consultatifs, MM. Aymard, Barrion, Billy, Blaive, Carrier, Deligne, Ducroquet, Ch",Association Agricole de la Tunisie
NAME:BARRION,Barrion,,unmatched,L1912-00141,Association Agricole de la Tunisie,councillor,organisation_entry_officer_list,1907,34,https://gallica.bnf.fr/ark:/12148/bpt6k5505300s/f58.item,"conseillers consultatifs, MM. Aymard, Barrion, Billy, Blaive, Carrier, Deligne, Ducroquet, Ch",Association Agricole de la Tunisie
L1912-00347,Billy,L1912-00347,resolved,L1912-00141,Association Agricole de la Tunisie,councillor,organisation_entry_officer_list,1907,34,https://gallica.bnf.fr/ark:/12148/bpt6k5505300s/f58.item,"conseillers consultatifs, MM. Aymard, Barrion, Billy, Blaive, Carrier, Deligne, Ducroquet, Ch",Association Agricole de la Tunisie
NAME:BLAIVE,Blaive,,unmatched,L1912-00141,Association Agricole de la Tunisie,councillor,organisation_entry_officer_list,1907,34,https://gallica.bnf.fr/ark:/12148/bpt6k5505300s/f58.item,"conseillers consultatifs, MM. Aymard, Barrion, Billy, Blaive, Carrier, Deligne, Ducroquet, Ch",Association Agricole de la Tunisie
L1912-00524,Carrier,L1912-00524,resolved,L1912-00141,Association Agricole de la Tunisie,councillor,organisation_entry_officer_list,1907,34,https://gallica.bnf.fr/ark:/12148/bpt6k5505300s/f58.item,"conseillers consultatifs, MM. Aymard, Barrion, Billy, Blaive, Carrier, Deligne, Ducroquet, Ch",Association Agricole de la Tunisie
NAME:DELIGNE,Deligne,,unmatched,L1912-00141,Association Agricole de la Tunisie,councillor,organisation_entry_officer_list,1907,34,https://gallica.bnf.fr/ark:/12148/bpt6k5505300s/f58.item,"conseillers consultatifs, MM. Aymard, Barrion, Billy, Blaive, Carrier, Deligne, Ducroquet, Ch",Association Agricole de la Tunisie
NAME:DUCROQUET,Ducroquet,,ambiguous,L1912-00141,Association Agricole de la Tunisie,councillor,organisation_entry_officer_list,1907,34,https://gallica.bnf.fr/ark:/12148/bpt6k5505300s/f58.item,"conseillers consultatifs, MM. Aymard, Barrion, Billy, Blaive, Carrier, Deligne, Ducroquet, Ch",Association Agricole de la Tunisie
NAME:BARRION,Barrion,,unmatched,L1912-00141,Association Agricole de la Tunisie,secretary_general,organisation_entry_officer_list,1907,34,https://gallica.bnf.fr/ark:/12148/bpt6k5505300s/f58.item,"secr. gén., M. Barrion",Association Agricole de la Tunisie
NAME:PATRICE,Patrice,,unmatched,L1912-00141,Association Agricole de la Tunisie,deputy_secretary,organisation_entry_officer_list,1907,34,https://gallica.bnf.fr/ark:/12148/bpt6k5505300s/f58.item,"secr. adj., MM. le comte Patrice de Waren, F. Ducroquet",Association Agricole de la Tunisie
L1912-01291,Gounot,L1912-01291,resolved,L1912-00141,Association Agricole de la Tunisie,secretary_general,organisation_entry_officer_list,1907,34,https://gallica.bnf.fr/ark:/12148/bpt6k5505300s/f58.item,"secr. gén., M. Gounot",Association Agricole de la Tunisie
NAME:A LEBUCHER,A Lebucher,,unmatched,L1912-00142,Association Agricole de Takelsa,president,organisation_entry_officer_list,1908,34,https://gallica.bnf.fr/ark:/12148/bpt6k5505300s/f58.item,"MM. A. Lebucher, prés.",Association Agricole de Takelsa
NAME:G LECOLLIER,G Lecollier,,unmatched,L1912-00142,Association Agricole de Takelsa,vice_president,organisation_entry_officer_list,1908,34,https://gallica.bnf.fr/ark:/12148/bpt6k5505300s/f58.item,"G. Lecollier et P. Ber- nard, v.-prés.",Association Agricole de Takelsa
NAME:P BER,P Ber,,unmatched,L1912-00142,Association Agricole de Takelsa,vice_president,organisation_entry_officer_list,1908,34,https://gallica.bnf.fr/ark:/12148/bpt6k5505300s/f58.item,"G. Lecollier et P. Ber- nard, v.-prés.",Association Agricole de Takelsa
NAME:MATTOU,Mattou,,unmatched,L1912-00142,Association Agricole de Takelsa,secretary,organisation_entry_officer_list,1908,34,https://gallica.bnf.fr/ark:/12148/bpt6k5505300s/f58.item,"Mattou, secr.",Association Agricole de Takelsa
NAME:SURLEAU,Surleau,,unmatched,L1912-00142,Association Agricole de Takelsa,deputy_secretary,organisation_entry_officer_list,1908,34,https://gallica.bnf.fr/ark:/12148/bpt6k5505300s/f58.item,"Surleau, secr. adj.",Association Agricole de Takelsa
NAME:SCIALOM,Scialom,,ambiguous,L1912-00143,Association Amicale des Anciens Elèves de l'Alliance Israélite,president,organisation_entry_officer_list,1899,35,https://gallica.bnf.fr/ark:/12148/bpt6k5505300s/f59.item,"Prés., M. le D' Scialom",Association Amicale des Anciens Elèves de l'Alliance Israélite
NAME:JULES BESSIS,Jules Bessis,,ambiguous,L1912-00143,Association Amicale des Anciens Elèves de l'Alliance Israélite,vice_president,organisation_entry_officer_list,1899,35,https://gallica.bnf.fr/ark:/12148/bpt6k5505300s/f59.item,"v.-prés., MM. Jules Bessis et V. Sitruk",Association Amicale des Anciens Elèves de l'Alliance Israélite
NAME:V SITRUK,V Sitruk,,unmatched,L1912-00143,Association Amicale des Anciens Elèves de l'Alliance Israélite,vice_president,organisation_entry_officer_list,1899,35,https://gallica.bnf.fr/ark:/12148/bpt6k5505300s/f59.item,"v.-prés., MM. Jules Bessis et V. Sitruk",Association Amicale des Anciens Elèves de l'Alliance Israélite
L1912-01465,Isaac Lévy,L1912-01465,resolved,L1912-00143,Association Amicale des Anciens Elèves de l'Alliance Israélite,secretary,organisation_entry_officer_list,1899,35,https://gallica.bnf.fr/ark:/12148/bpt6k5505300s/f59.item,"secr., M. Isaac Lévy",Association Amicale des Anciens Elèves de l'Alliance Israélite
NAME:HOUBANI,Houbani,,unmatched,L1912-00143,Association Amicale des Anciens Elèves de l'Alliance Israélite,commissioner,organisation_entry_officer_list,1899,35,https://gallica.bnf.fr/ark:/12148/bpt6k5505300s/f59.item,"commiss., M. Houbani",Association Amicale des Anciens Elèves de l'Alliance Israélite
L1912-01165,Fitoussi,L1912-01165,resolved,L1912-00143,Association Amicale des Anciens Elèves de l'Alliance Israélite,president,organisation_entry_officer_list,1899,35,https://gallica.bnf.fr/ark:/12148/bpt6k5505300s/f59.item,"Ane. prés., MM. Fitoussi et Victor Scialom, avocats",Association Amicale des Anciens Elèves de l'Alliance Israélite
NAME:VICTOR SCIALOM,Victor Scialom,,ambiguous,L1912-00143,Association Amicale des Anciens Elèves de l'Alliance Israélite,president,organisation_entry_officer_list,1899,35,https://gallica.bnf.fr/ark:/12148/bpt6k5505300s/f59.item,"Ane. prés., MM. Fitoussi et Victor Scialom, avocats",Association Amicale des Anciens Elèves de l'Alliance Israélite
L1912-01291,Gounol,L1912-01291,resolved_fuzzy,L1912-00144,Association Amicale des Anciens Elèves de l'Ecole d'Agriculture Coloniale de Tunis,president,organisation_entry_officer_list,1904,35,https://gallica.bnf.fr/ark:/12148/bpt6k5505300s/f59.item,"MM. Gounol,.prés.",Association Amicale des Anciens Elèves de l'Ecole d'Agriculture Coloniale de Tunis
NAME:SOUIIVEL,Souiivel,,unmatched,L1912-00144,Association Amicale des Anciens Elèves de l'Ecole d'Agriculture Coloniale de Tunis,secretary,organisation_entry_officer_list,1904,35,https://gallica.bnf.fr/ark:/12148/bpt6k5505300s/f59.item,"Souiivel, secr.",Association Amicale des Anciens Elèves de l'Ecole d'Agriculture Coloniale de Tunis
L1912-00665,Cornet,L1912-00665,resolved_fuzzy,L1912-00144,Association Amicale des Anciens Elèves de l'Ecole d'Agriculture Coloniale de Tunis,assessor,organisation_entry_officer_list,1904,35,https://gallica.bnf.fr/ark:/12148/bpt6k5505300s/f59.item,"Cornet, Dela.noue, Renoux, Tronche, assess.",Association Amicale des Anciens Elèves de l'Ecole d'Agriculture Coloniale de Tunis
NAME:RENOUX,Renoux,,unmatched,L1912-00144,Association Amicale des Anciens Elèves de l'Ecole d'Agriculture Coloniale de Tunis,assessor,organisation_entry_officer_list,1904,35,https://gallica.bnf.fr/ark:/12148/bpt6k5505300s/f59.item,"Cornet, Dela.noue, Renoux, Tronche, assess.",Association Amicale des Anciens Elèves de l'Ecole d'Agriculture Coloniale de Tunis
NAME:TRONCHE,Tronche,,unmatched,L1912-00144,Association Amicale des Anciens Elèves de l'Ecole d'Agriculture Coloniale de Tunis,assessor,organisation_entry_officer_list,1904,35,https://gallica.bnf.fr/ark:/12148/bpt6k5505300s/f59.item,"Cornet, Dela.noue, Renoux, Tronche, assess.",Association Amicale des Anciens Elèves de l'Ecole d'Agriculture Coloniale de Tunis
L1912-01640,Loth,L1912-01640,resolved,L1912-00145,Association Amicale des Anciens Elèves du Collège Alaoui,honorary_vice_president,organisation_entry_officer_list,1892,35,https://gallica.bnf.fr/ark:/12148/bpt6k5505300s/f59.item,"v.-prés. d'hon., M. Buisson, directeur de l'Enseignement primaire, et M: Loth, directeur du Collège Alaoui",Association Amicale des Anciens Elèves du Collège Alaoui
L1912-00178,L Augias,L1912-00178,resolved,L1912-00145,Association Amicale des Anciens Elèves du Collège Alaoui,president,organisation_entry_officer_list,1892,35,https://gallica.bnf.fr/ark:/12148/bpt6k5505300s/f59.item,"Prés, actif, M. L. Augias, sous^chef de bureau au Gouvernement tunisien",Association Amicale des Anciens Elèves du Collège Alaoui
NAME:A DUVIALARD,A Duvialard,,unmatched,L1912-00145,Association Amicale des Anciens Elèves du Collège Alaoui,vice_president,organisation_entry_officer_list,1892,35,https://gallica.bnf.fr/ark:/12148/bpt6k5505300s/f59.item,"v.-prés.,' M. A. Duvialard, commis des Postes, et M. Larguèche Kh., instituteur",Association Amicale des Anciens Elèves du Collège Alaoui
L1912-01591,Larguèche Kh,L1912-01591,resolved_fuzzy,L1912-00145,Association Amicale des Anciens Elèves du Collège Alaoui,vice_president,organisation_entry_officer_list,1892,35,https://gallica.bnf.fr/ark:/12148/bpt6k5505300s/f59.item,"v.-prés.,' M. A. Duvialard, commis des Postes, et M. Larguèche Kh., instituteur",Association Amicale des Anciens Elèves du Collège Alaoui
NAME:MATLEI,Matleï,,ambiguous_fuzzy,L1912-00145,Association Amicale des Anciens Elèves du Collège Alaoui,secretary_general,organisation_entry_officer_list,1892,35,https://gallica.bnf.fr/ark:/12148/bpt6k5505300s/f59.item,"secr. gén., M. Matleï, secr.-adj,, El Hadi ben Ammar, très, gén., M. A. Laporte, représentant de commerce",Association Amicale des Anciens Elèves du Collège Alaoui
NAME:GERENTE,Gérente,,unmatched,L1912-00145,Association Amicale des Anciens Elèves du Collège Alaoui,assessor,organisation_entry_officer_list,1892,35,https://gallica.bnf.fr/ark:/12148/bpt6k5505300s/f59.item,"assess., MM. Gérente, E. Loubet, L. Josse et Breuil",Association Amicale des Anciens Elèves du Collège Alaoui
NAME:E LOUBET,E Loubet,,unmatched,L1912-00145,Association Amicale des Anciens Elèves du Collège Alaoui,assessor,organisation_entry_officer_list,1892,35,https://gallica.bnf.fr/ark:/12148/bpt6k5505300s/f59.item,"assess., MM. Gérente, E. Loubet, L. Josse et Breuil",Association Amicale des Anciens Elèves du Collège Alaoui
NAME:L JOSSE,L Josse,,unmatched,L1912-00145,Association Amicale des Anciens Elèves du Collège Alaoui,assessor,organisation_entry_officer_list,1892,35,https://gallica.bnf.fr/ark:/12148/bpt6k5505300s/f59.item,"assess., MM. Gérente, E. Loubet, L. Josse et Breuil",Association Amicale des Anciens Elèves du Collège Alaoui
NAME:BREUIL,Breuil,,unmatched,L1912-00145,Association Amicale des Anciens Elèves du Collège Alaoui,assessor,organisation_entry_officer_list,1892,35,https://gallica.bnf.fr/ark:/12148/bpt6k5505300s/f59.item,"assess., MM. Gérente, E. Loubet, L. Josse et Breuil",Association Amicale des Anciens Elèves du Collège Alaoui
NAME:MANVILLE,Manville,,unmatched,L1912-00145,Association Amicale des Anciens Elèves du Collège Alaoui,president,organisation_entry_officer_list,1892,35,https://gallica.bnf.fr/ark:/12148/bpt6k5505300s/f59.item,"Ont été successivement présid. en premier, MM. le marquis de Manville, Bianchi et P. Normant, et présidents en second, MM. David, directeur d'école, et Inversin, employé à la Munic",Association Amicale des Anciens Elèves du Collège Alaoui
NAME:BIANCHI,Bianchi,,unmatched,L1912-00145,Association Amicale des Anciens Elèves du Collège Alaoui,president,organisation_entry_officer_list,1892,35,https://gallica.bnf.fr/ark:/12148/bpt6k5505300s/f59.item,"Ont été successivement présid. en premier, MM. le marquis de Manville, Bianchi et P. Normant, et présidents en second, MM. David, directeur d'école, et Inversin, employé à la Munic",Association Amicale des Anciens Elèves du Collège Alaoui
NAME:P NORMANT,P Normant,,unmatched,L1912-00145,Association Amicale des Anciens Elèves du Collège Alaoui,president,organisation_entry_officer_list,1892,35,https://gallica.bnf.fr/ark:/12148/bpt6k5505300s/f59.item,"Ont été successivement présid. en premier, MM. le marquis de Manville, Bianchi et P. Normant, et présidents en second, MM. David, directeur d'école, et Inversin, employé à la Munic",Association Amicale des Anciens Elèves du Collège Alaoui
L1912-00791,David,L1912-00791,resolved,L1912-00145,Association Amicale des Anciens Elèves du Collège Alaoui,president,organisation_entry_officer_list,1892,35,https://gallica.bnf.fr/ark:/12148/bpt6k5505300s/f59.item,"Ont été successivement présid. en premier, MM. le marquis de Manville, Bianchi et P. Normant, et présidents en second, MM. David, directeur d'école, et Inversin, employé à la Munic",Association Amicale des Anciens Elèves du Collège Alaoui
NAME:INVERSIN,Inversin,,ambiguous,L1912-00145,Association Amicale des Anciens Elèves du Collège Alaoui,president,organisation_entry_officer_list,1892,35,https://gallica.bnf.fr/ark:/12148/bpt6k5505300s/f59.item,"Ont été successivement présid. en premier, MM. le marquis de Manville, Bianchi et P. Normant, et présidents en second, MM. David, directeur d'école, et Inversin, employé à la Munic",Association Amicale des Anciens Elèves du Collège Alaoui
NAME:BRUNEL,Brunel,,unmatched,L1912-00146,Association Amicale des Employés français de l'Office Postal Tunisien,president,organisation_entry_officer_list,1904,35,https://gallica.bnf.fr/ark:/12148/bpt6k5505300s/f59.item,"MM. Maroque, prés., Brunel et Ollier, vice-prés.",Association Amicale des Employés français de l'Office Postal Tunisien
NAME:OLLIER,Ollier,,unmatched,L1912-00146,Association Amicale des Employés français de l'Office Postal Tunisien,president,organisation_entry_officer_list,1904,35,https://gallica.bnf.fr/ark:/12148/bpt6k5505300s/f59.item,"MM. Maroque, prés., Brunel et Ollier, vice-prés.",Association Amicale des Employés français de l'Office Postal Tunisien
NAME:BENTEJAC,Bentejac,,unmatched,L1912-00146,Association Amicale des Employés français de l'Office Postal Tunisien,secretary,organisation_entry_officer_list,1904,35,https://gallica.bnf.fr/ark:/12148/bpt6k5505300s/f59.item,"Bentejac, secr.",Association Amicale des Employés français de l'Office Postal Tunisien
NAME:BREUIL,Breuil,,unmatched,L1912-00146,Association Amicale des Employés français de l'Office Postal Tunisien,deputy_secretary,organisation_entry_officer_list,1904,35,https://gallica.bnf.fr/ark:/12148/bpt6k5505300s/f59.item,"Breuil, secr.-adj.",Association Amicale des Employés français de l'Office Postal Tunisien
NAME:MARTINI,Martini,,ambiguous_fuzzy,L1912-00146,Association Amicale des Employés français de l'Office Postal Tunisien,deputy_treasurer,organisation_entry_officer_list,1904,35,https://gallica.bnf.fr/ark:/12148/bpt6k5505300s/f59.item,"Martini, trés.-adj.",Association Amicale des Employés français de l'Office Postal Tunisien
L1912-00071,Alessandri,L1912-00071,resolved,L1912-00146,Association Amicale des Employés français de l'Office Postal Tunisien,president,organisation_entry_officer_list,1904,35,https://gallica.bnf.fr/ark:/12148/bpt6k5505300s/f59.item,"Bourrusl, Capot, Dozeville et Fortier, administrateur. — Ont été successivement présidents : MM. Alessandri, 1904-1905",Association Amicale des Employés français de l'Office Postal Tunisien
NAME:MARCILLE,Marcille,,unmatched,L1912-00147,Association Amicale des Fonctionnaires de la Direction de l'Agriculture,president,organisation_entry_officer_list,1906,35,https://gallica.bnf.fr/ark:/12148/bpt6k5505300s/f59.item,"Prés.,' M. Marcille",Association Amicale des Fonctionnaires de la Direction de l'Agriculture
NAME:BROU,Brou,,unmatched,L1912-00147,Association Amicale des Fonctionnaires de la Direction de l'Agriculture,vice_president,organisation_entry_officer_list,1906,35,https://gallica.bnf.fr/ark:/12148/bpt6k5505300s/f59.item,"v.-prés., M. Brou",Association Amicale des Fonctionnaires de la Direction de l'Agriculture
L1912-02270,Sarabusi,L1912-02270,resolved,L1912-00147,Association Amicale des Fonctionnaires de la Direction de l'Agriculture,secretary,organisation_entry_officer_list,1906,35,https://gallica.bnf.fr/ark:/12148/bpt6k5505300s/f59.item,"secr.,M. Sarabusi",Association Amicale des Fonctionnaires de la Direction de l'Agriculture
NAME:COURTADE,Courtade,,unmatched,L1912-00147,Association Amicale des Fonctionnaires de la Direction de l'Agriculture,board_member,organisation_entry_officer_list,1906,35,https://gallica.bnf.fr/ark:/12148/bpt6k5505300s/f59.item,"membres du bureau, MM. Courtade, L. Blanc, Girod, Haiouni et Verrv. président en 1907, M. Bost",Association Amicale des Fonctionnaires de la Direction de l'Agriculture
NAME:L BLANC,L Blanc,,ambiguous,L1912-00147,Association Amicale des Fonctionnaires de la Direction de l'Agriculture,board_member,organisation_entry_officer_list,1906,35,https://gallica.bnf.fr/ark:/12148/bpt6k5505300s/f59.item,"membres du bureau, MM. Courtade, L. Blanc, Girod, Haiouni et Verrv. président en 1907, M. Bost",Association Amicale des Fonctionnaires de la Direction de l'Agriculture
NAME:GIROD,Girod,,ambiguous_fuzzy,L1912-00147,Association Amicale des Fonctionnaires de la Direction de l'Agriculture,board_member,organisation_entry_officer_list,1906,35,https://gallica.bnf.fr/ark:/12148/bpt6k5505300s/f59.item,"membres du bureau, MM. Courtade, L. Blanc, Girod, Haiouni et Verrv. président en 1907, M. Bost",Association Amicale des Fonctionnaires de la Direction de l'Agriculture
NAME:HAIOUNI,Haiouni,,unmatched,L1912-00147,Association Amicale des Fonctionnaires de la Direction de l'Agriculture,board_member,organisation_entry_officer_list,1906,35,https://gallica.bnf.fr/ark:/12148/bpt6k5505300s/f59.item,"membres du bureau, MM. Courtade, L. Blanc, Girod, Haiouni et Verrv. président en 1907, M. Bost",Association Amicale des Fonctionnaires de la Direction de l'Agriculture
NAME:VERRV,Verrv,,unmatched,L1912-00147,Association Amicale des Fonctionnaires de la Direction de l'Agriculture,board_member,organisation_entry_officer_list,1906,35,https://gallica.bnf.fr/ark:/12148/bpt6k5505300s/f59.item,"membres du bureau, MM. Courtade, L. Blanc, Girod, Haiouni et Verrv. président en 1907, M. Bost",Association Amicale des Fonctionnaires de la Direction de l'Agriculture
L1912-00405,Bost,L1912-00405,resolved,L1912-00147,Association Amicale des Fonctionnaires de la Direction de l'Agriculture,board_member,organisation_entry_officer_list,1906,35,https://gallica.bnf.fr/ark:/12148/bpt6k5505300s/f59.item,"membres du bureau, MM. Courtade, L. Blanc, Girod, Haiouni et Verrv. président en 1907, M. Bost",Association Amicale des Fonctionnaires de la Direction de l'Agriculture
NAME:RAPP,Rapp,,unmatched,L1912-00148,Association Amicale dès Fonctionnaires de l'Administration Centrale de l'Armée Tunisienne,secretary,organisation_entry_officer_list,1909,35,https://gallica.bnf.fr/ark:/12148/bpt6k5505300s/f59.item,Rapp. secr.,Association Amicale dès Fonctionnaires de l'Administration Centrale de l'Armée Tunisienne
NAME:SURLEAU,Surleau,,unmatched,L1912-00148,Association Amicale dès Fonctionnaires de l'Administration Centrale de l'Armée Tunisienne,assessor,organisation_entry_officer_list,1909,35,https://gallica.bnf.fr/ark:/12148/bpt6k5505300s/f59.item,"Surleau, Finnocchi, assess",Association Amicale dès Fonctionnaires de l'Administration Centrale de l'Armée Tunisienne
NAME:FINNOCCHI,Finnocchi,,ambiguous_fuzzy,L1912-00148,Association Amicale dès Fonctionnaires de l'Administration Centrale de l'Armée Tunisienne,assessor,organisation_entry_officer_list,1909,35,https://gallica.bnf.fr/ark:/12148/bpt6k5505300s/f59.item,"Surleau, Finnocchi, assess",Association Amicale dès Fonctionnaires de l'Administration Centrale de l'Armée Tunisienne
L1912-01219,Gamet,L1912-01219,resolved,L1912-00148,Association Amicale dès Fonctionnaires de l'Administration Centrale de l'Armée Tunisienne,past_president,organisation_entry_officer_list,1909,35,https://gallica.bnf.fr/ark:/12148/bpt6k5505300s/f59.item,"Ancien président, M. Gamet.",Association Amicale dès Fonctionnaires de l'Administration Centrale de l'Armée Tunisienne
NAME:GUSTAVE ROLLAND,Gustave Rolland,,ambiguous,L1912-00149,Association Amicale des Ingénieurs Agronomes,president,organisation_entry_officer_list,1879,36,https://gallica.bnf.fr/ark:/12148/bpt6k5505300s/f60.item,"Prés., M. Gustave Rolland, vice-président, M. W. de Vaumas",Association Amicale des Ingénieurs Agronomes
NAME:COUPIN,Coupin,,unmatched,L1912-00149,Association Amicale des Ingénieurs Agronomes,secretary,organisation_entry_officer_list,1879,36,https://gallica.bnf.fr/ark:/12148/bpt6k5505300s/f60.item,"secrétaire, M. Coupin",Association Amicale des Ingénieurs Agronomes
L1912-00319,Berlainchand,L1912-00319,resolved_fuzzy,L1912-00149,Association Amicale des Ingénieurs Agronomes,past_president,organisation_entry_officer_list,1879,36,https://gallica.bnf.fr/ark:/12148/bpt6k5505300s/f60.item,"Anciens présidents : MM. Berlainchand, Malet, Coupin J.-B., Barrion",Association Amicale des Ingénieurs Agronomes
L1912-01681,Malet,L1912-01681,resolved,L1912-00149,Association Amicale des Ingénieurs Agronomes,past_president,organisation_entry_officer_list,1879,36,https://gallica.bnf.fr/ark:/12148/bpt6k5505300s/f60.item,"Anciens présidents : MM. Berlainchand, Malet, Coupin J.-B., Barrion",Association Amicale des Ingénieurs Agronomes
NAME:COUPIN J B,Coupin J.-B,,unmatched,L1912-00149,Association Amicale des Ingénieurs Agronomes,past_president,organisation_entry_officer_list,1879,36,https://gallica.bnf.fr/ark:/12148/bpt6k5505300s/f60.item,"Anciens présidents : MM. Berlainchand, Malet, Coupin J.-B., Barrion",Association Amicale des Ingénieurs Agronomes
NAME:BARRION,Barrion,,unmatched,L1912-00149,Association Amicale des Ingénieurs Agronomes,past_president,organisation_entry_officer_list,1879,36,https://gallica.bnf.fr/ark:/12148/bpt6k5505300s/f60.item,"Anciens présidents : MM. Berlainchand, Malet, Coupin J.-B., Barrion",Association Amicale des Ingénieurs Agronomes
NAME:NOMBREUX,Nombreux,,unmatched,L1912-00149,Association Amicale des Ingénieurs Agronomes,member,organisation_entry_officer_list,1879,36,https://gallica.bnf.fr/ark:/12148/bpt6k5505300s/f60.item,Nombreux travaux particuliers des membres.,Association Amicale des Ingénieurs Agronomes
L1912-00576,Chamboncel,L1912-00576,resolved,L1912-00150,Association Amicale des Membres de l'Enseignement Primaire de Tunisie,president,organisation_entry_officer_list,1904,36,https://gallica.bnf.fr/ark:/12148/bpt6k5505300s/f60.item,"Médailles cle bronze à l'Exposition coloniale de Marseille en 1906. Présid., M. Chamboncel .! er. nand), v.-prés., M""' Mathieu, v.-prés . M. Débart",Association Amicale des Membres de l'Enseignement Primaire de Tunisie
NAME:MATHIEU,Mathieu,,ambiguous,L1912-00150,Association Amicale des Membres de l'Enseignement Primaire de Tunisie,president,organisation_entry_officer_list,1904,36,https://gallica.bnf.fr/ark:/12148/bpt6k5505300s/f60.item,"Médailles cle bronze à l'Exposition coloniale de Marseille en 1906. Présid., M. Chamboncel .! er. nand), v.-prés., M""' Mathieu, v.-prés . M. Débart",Association Amicale des Membres de l'Enseignement Primaire de Tunisie
NAME:JOLY LOUYS,Joly Louys,,unmatched,L1912-00150,Association Amicale des Membres de l'Enseignement Primaire de Tunisie,secretary,organisation_entry_officer_list,1904,36,https://gallica.bnf.fr/ark:/12148/bpt6k5505300s/f60.item,"secr., MM. Joly, Louys et Candille, M""* Mouroux",Association Amicale des Membres de l'Enseignement Primaire de Tunisie
L1912-00308,Bérard,L1912-00308,resolved,L1912-00150,Association Amicale des Membres de l'Enseignement Primaire de Tunisie,president,organisation_entry_officer_list,1904,36,https://gallica.bnf.fr/ark:/12148/bpt6k5505300s/f60.item,"Ane. prés. : en 1905, M. Bérard",Association Amicale des Membres de l'Enseignement Primaire de Tunisie
NAME:LUBAC,Lubac,,unmatched,L1912-00151,Association Amicale des Professeurs et Répétiteurs de l'Enseignement Secondaire en Tunisie,president,organisation_entry_officer_list,1908,36,https://gallica.bnf.fr/ark:/12148/bpt6k5505300s/f60.item,"M. Lubac, profess. au Lycée Carnot, prés.",Association Amicale des Professeurs et Répétiteurs de l'Enseignement Secondaire en Tunisie
L1912-02008,Pauthier,L1912-02008,resolved,L1912-00151,Association Amicale des Professeurs et Répétiteurs de l'Enseignement Secondaire en Tunisie,treasurer,organisation_entry_officer_list,1908,36,https://gallica.bnf.fr/ark:/12148/bpt6k5505300s/f60.item,"M"""" Pouget, maîtresse chargée des cours à l'école Jules-Ferry, et M. Pauthier, professeur au Lycée Carnot, v.-prés., M. Girard, professeur au Lycée Carnot, 1res",Association Amicale des Professeurs et Répétiteurs de l'Enseignement Secondaire en Tunisie
L1912-01273,Girard,L1912-01273,resolved,L1912-00151,Association Amicale des Professeurs et Répétiteurs de l'Enseignement Secondaire en Tunisie,treasurer,organisation_entry_officer_list,1908,36,https://gallica.bnf.fr/ark:/12148/bpt6k5505300s/f60.item,"M"""" Pouget, maîtresse chargée des cours à l'école Jules-Ferry, et M. Pauthier, professeur au Lycée Carnot, v.-prés., M. Girard, professeur au Lycée Carnot, 1res",Association Amicale des Professeurs et Répétiteurs de l'Enseignement Secondaire en Tunisie
L1912-01587,Langlois Palou,L1912-01587,resolved,L1912-00151,Association Amicale des Professeurs et Répétiteurs de l'Enseignement Secondaire en Tunisie,president,organisation_entry_officer_list,1908,36,https://gallica.bnf.fr/ark:/12148/bpt6k5505300s/f60.item,Ane. prés. : MM. Langlois Palou et Vincent.,Association Amicale des Professeurs et Répétiteurs de l'Enseignement Secondaire en Tunisie
NAME:VINCENT,Vincent,,ambiguous,L1912-00151,Association Amicale des Professeurs et Répétiteurs de l'Enseignement Secondaire en Tunisie,president,organisation_entry_officer_list,1908,36,https://gallica.bnf.fr/ark:/12148/bpt6k5505300s/f60.item,Ane. prés. : MM. Langlois Palou et Vincent.,Association Amicale des Professeurs et Répétiteurs de l'Enseignement Secondaire en Tunisie
NAME:JEAN PELONI,Jean Péloni,,ambiguous,L1912-00152,Association Commerciale et Industrielle ae ia nctjenec ue Tunis,board_member,organisation_entry_officer_list,,36,https://gallica.bnf.fr/ark:/12148/bpt6k5505300s/f60.item,"CONSEIL D'ADMINISTRATION élu par l'assemblée générale constitutive du 24 avril 1908:MM. Jean Péloni, conseiller du. commerce extérieur de la France, entrepreneur de travaux publics",Association Commerciale et Industrielle ae ia nctjenec ue Tunis
NAME:GENEVAY,Genevay,,unmatched,L1912-00152,Association Commerciale et Industrielle ae ia nctjenec ue Tunis,president,organisation_entry_officer_list,,36,https://gallica.bnf.fr/ark:/12148/bpt6k5505300s/f60.item,"Genevay, Azerm, Nani, G. Calo et S. Boccara, vi-prés.",Association Commerciale et Industrielle ae ia nctjenec ue Tunis
L1912-00200,Azerm,L1912-00200,resolved,L1912-00152,Association Commerciale et Industrielle ae ia nctjenec ue Tunis,president,organisation_entry_officer_list,,36,https://gallica.bnf.fr/ark:/12148/bpt6k5505300s/f60.item,"Genevay, Azerm, Nani, G. Calo et S. Boccara, vi-prés.",Association Commerciale et Industrielle ae ia nctjenec ue Tunis
L1912-02767,Nani,L1912-02767,resolved,L1912-00152,Association Commerciale et Industrielle ae ia nctjenec ue Tunis,president,organisation_entry_officer_list,,36,https://gallica.bnf.fr/ark:/12148/bpt6k5505300s/f60.item,"Genevay, Azerm, Nani, G. Calo et S. Boccara, vi-prés.",Association Commerciale et Industrielle ae ia nctjenec ue Tunis
L1912-00494,G Calo,L1912-00494,resolved,L1912-00152,Association Commerciale et Industrielle ae ia nctjenec ue Tunis,president,organisation_entry_officer_list,,36,https://gallica.bnf.fr/ark:/12148/bpt6k5505300s/f60.item,"Genevay, Azerm, Nani, G. Calo et S. Boccara, vi-prés.",Association Commerciale et Industrielle ae ia nctjenec ue Tunis
NAME:S BOCCARA,S Boccara,,unmatched,L1912-00152,Association Commerciale et Industrielle ae ia nctjenec ue Tunis,president,organisation_entry_officer_list,,36,https://gallica.bnf.fr/ark:/12148/bpt6k5505300s/f60.item,"Genevay, Azerm, Nani, G. Calo et S. Boccara, vi-prés.",Association Commerciale et Industrielle ae ia nctjenec ue Tunis
L1912-02171,Reymond,L1912-02171,resolved,L1912-00152,Association Commerciale et Industrielle ae ia nctjenec ue Tunis,secretary_general,organisation_entry_officer_list,,36,https://gallica.bnf.fr/ark:/12148/bpt6k5505300s/f60.item,"Reymond, secr. gén.",Association Commerciale et Industrielle ae ia nctjenec ue Tunis
NAME:GUINLE,Guinle,,unmatched,L1912-00152,Association Commerciale et Industrielle ae ia nctjenec ue Tunis,deputy_secretary,organisation_entry_officer_list,,36,https://gallica.bnf.fr/ark:/12148/bpt6k5505300s/f60.item,"Guinle et V. Nunès, secr. adj.",Association Commerciale et Industrielle ae ia nctjenec ue Tunis
NAME:BENZIMRA,Benzimra,,unmatched,L1912-00152,Association Commerciale et Industrielle ae ia nctjenec ue Tunis,councillor,organisation_entry_officer_list,,36,https://gallica.bnf.fr/ark:/12148/bpt6k5505300s/f60.item,"Benzimra, Bodineau, Boulier, Couderc, Duprey, Germonneau,Martz, Luciani Paul, Borsini, Nessim Haddad el El Fourrali Mohamed, Lavaux, Enriquez, Colliard, Colombe, Caen, A. Bensasson",Association Commerciale et Industrielle ae ia nctjenec ue Tunis
NAME:BODINEAU,Bodineau,,unmatched,L1912-00152,Association Commerciale et Industrielle ae ia nctjenec ue Tunis,councillor,organisation_entry_officer_list,,36,https://gallica.bnf.fr/ark:/12148/bpt6k5505300s/f60.item,"Benzimra, Bodineau, Boulier, Couderc, Duprey, Germonneau,Martz, Luciani Paul, Borsini, Nessim Haddad el El Fourrali Mohamed, Lavaux, Enriquez, Colliard, Colombe, Caen, A. Bensasson",Association Commerciale et Industrielle ae ia nctjenec ue Tunis
NAME:BOULIER,Boulier,,ambiguous_fuzzy,L1912-00152,Association Commerciale et Industrielle ae ia nctjenec ue Tunis,councillor,organisation_entry_officer_list,,36,https://gallica.bnf.fr/ark:/12148/bpt6k5505300s/f60.item,"Benzimra, Bodineau, Boulier, Couderc, Duprey, Germonneau,Martz, Luciani Paul, Borsini, Nessim Haddad el El Fourrali Mohamed, Lavaux, Enriquez, Colliard, Colombe, Caen, A. Bensasson",Association Commerciale et Industrielle ae ia nctjenec ue Tunis
L1912-00744,Couderc,L1912-00744,resolved,L1912-00152,Association Commerciale et Industrielle ae ia nctjenec ue Tunis,councillor,organisation_entry_officer_list,,36,https://gallica.bnf.fr/ark:/12148/bpt6k5505300s/f60.item,"Benzimra, Bodineau, Boulier, Couderc, Duprey, Germonneau,Martz, Luciani Paul, Borsini, Nessim Haddad el El Fourrali Mohamed, Lavaux, Enriquez, Colliard, Colombe, Caen, A. Bensasson",Association Commerciale et Industrielle ae ia nctjenec ue Tunis
L1912-00977,Duprey,L1912-00977,resolved_fuzzy,L1912-00152,Association Commerciale et Industrielle ae ia nctjenec ue Tunis,councillor,organisation_entry_officer_list,,36,https://gallica.bnf.fr/ark:/12148/bpt6k5505300s/f60.item,"Benzimra, Bodineau, Boulier, Couderc, Duprey, Germonneau,Martz, Luciani Paul, Borsini, Nessim Haddad el El Fourrali Mohamed, Lavaux, Enriquez, Colliard, Colombe, Caen, A. Bensasson",Association Commerciale et Industrielle ae ia nctjenec ue Tunis
L1912-01258,Germonneau,L1912-01258,resolved,L1912-00152,Association Commerciale et Industrielle ae ia nctjenec ue Tunis,councillor,organisation_entry_officer_list,,36,https://gallica.bnf.fr/ark:/12148/bpt6k5505300s/f60.item,"Benzimra, Bodineau, Boulier, Couderc, Duprey, Germonneau,Martz, Luciani Paul, Borsini, Nessim Haddad el El Fourrali Mohamed, Lavaux, Enriquez, Colliard, Colombe, Caen, A. Bensasson",Association Commerciale et Industrielle ae ia nctjenec ue Tunis
NAME:MARTZ,Martz,,unmatched,L1912-00152,Association Commerciale et Industrielle ae ia nctjenec ue Tunis,councillor,organisation_entry_officer_list,,36,https://gallica.bnf.fr/ark:/12148/bpt6k5505300s/f60.item,"Benzimra, Bodineau, Boulier, Couderc, Duprey, Germonneau,Martz, Luciani Paul, Borsini, Nessim Haddad el El Fourrali Mohamed, Lavaux, Enriquez, Colliard, Colombe, Caen, A. Bensasson",Association Commerciale et Industrielle ae ia nctjenec ue Tunis
L1912-01645,Luciani Paul,L1912-01645,resolved,L1912-00152,Association Commerciale et Industrielle ae ia nctjenec ue Tunis,councillor,organisation_entry_officer_list,,36,https://gallica.bnf.fr/ark:/12148/bpt6k5505300s/f60.item,"Benzimra, Bodineau, Boulier, Couderc, Duprey, Germonneau,Martz, Luciani Paul, Borsini, Nessim Haddad el El Fourrali Mohamed, Lavaux, Enriquez, Colliard, Colombe, Caen, A. Bensasson",Association Commerciale et Industrielle ae ia nctjenec ue Tunis
NAME:BORSINI,Borsini,,unmatched,L1912-00152,Association Commerciale et Industrielle ae ia nctjenec ue Tunis,councillor,organisation_entry_officer_list,,36,https://gallica.bnf.fr/ark:/12148/bpt6k5505300s/f60.item,"Benzimra, Bodineau, Boulier, Couderc, Duprey, Germonneau,Martz, Luciani Paul, Borsini, Nessim Haddad el El Fourrali Mohamed, Lavaux, Enriquez, Colliard, Colombe, Caen, A. Bensasson",Association Commerciale et Industrielle ae ia nctjenec ue Tunis
L1912-01350,Nessim Haddad,L1912-01350,resolved,L1912-00152,Association Commerciale et Industrielle ae ia nctjenec ue Tunis,councillor,organisation_entry_officer_list,,36,https://gallica.bnf.fr/ark:/12148/bpt6k5505300s/f60.item,"Benzimra, Bodineau, Boulier, Couderc, Duprey, Germonneau,Martz, Luciani Paul, Borsini, Nessim Haddad el El Fourrali Mohamed, Lavaux, Enriquez, Colliard, Colombe, Caen, A. Bensasson",Association Commerciale et Industrielle ae ia nctjenec ue Tunis
NAME:LAVAUX,Lavaux,,unmatched,L1912-00152,Association Commerciale et Industrielle ae ia nctjenec ue Tunis,councillor,organisation_entry_officer_list,,36,https://gallica.bnf.fr/ark:/12148/bpt6k5505300s/f60.item,"Benzimra, Bodineau, Boulier, Couderc, Duprey, Germonneau,Martz, Luciani Paul, Borsini, Nessim Haddad el El Fourrali Mohamed, Lavaux, Enriquez, Colliard, Colombe, Caen, A. Bensasson",Association Commerciale et Industrielle ae ia nctjenec ue Tunis
NAME:ENRIQUEZ,Enriquez,,ambiguous,L1912-00152,Association Commerciale et Industrielle ae ia nctjenec ue Tunis,councillor,organisation_entry_officer_list,,36,https://gallica.bnf.fr/ark:/12148/bpt6k5505300s/f60.item,"Benzimra, Bodineau, Boulier, Couderc, Duprey, Germonneau,Martz, Luciani Paul, Borsini, Nessim Haddad el El Fourrali Mohamed, Lavaux, Enriquez, Colliard, Colombe, Caen, A. Bensasson",Association Commerciale et Industrielle ae ia nctjenec ue Tunis
NAME:RENE LAVAU,René Lavau,,unmatched,L1912-00152,Association Commerciale et Industrielle ae ia nctjenec ue Tunis,president,organisation_entry_officer_list,,36,https://gallica.bnf.fr/ark:/12148/bpt6k5505300s/f60.item,"BUREAUX DES GROUPES PROFESSIONNELS ALIMENTATION : MM. René Lavau, prés.",Association Commerciale et Industrielle ae ia nctjenec ue Tunis
NAME:ENRIQUEZ,Enriquez,,ambiguous,L1912-00152,Association Commerciale et Industrielle ae ia nctjenec ue Tunis,vice_president,organisation_entry_officer_list,,36,https://gallica.bnf.fr/ark:/12148/bpt6k5505300s/f60.item,"Enriquez, v.-prés.",Association Commerciale et Industrielle ae ia nctjenec ue Tunis
NAME:JEAN COLLIARD,Jean Colliard,,unmatched,L1912-00152,Association Commerciale et Industrielle ae ia nctjenec ue Tunis,secretary,organisation_entry_officer_list,,36,https://gallica.bnf.fr/ark:/12148/bpt6k5505300s/f60.item,"Jean Colliard, secr",Association Commerciale et Industrielle ae ia nctjenec ue Tunis
NAME:MAGASIN GENERAL,Magasin Général,,unmatched,L1912-00152,Association Commerciale et Industrielle ae ia nctjenec ue Tunis,director,organisation_entry_officer_list,,36,https://gallica.bnf.fr/ark:/12148/bpt6k5505300s/f60.item,"COMMERCE URBAIN : MM. Colombe, directeur du Magasin Général, prés.",Association Commerciale et Industrielle ae ia nctjenec ue Tunis
NAME:PALAIS,Palais,,unmatched,L1912-00152,Association Commerciale et Industrielle ae ia nctjenec ue Tunis,director,organisation_entry_officer_list,,36,https://gallica.bnf.fr/ark:/12148/bpt6k5505300s/f60.item,"A. Coen, directeur du Palais Arabe,v.-prés.",Association Commerciale et Industrielle ae ia nctjenec ue Tunis
NAME:BLOEH,Bloeh,,unmatched,L1912-00152,Association Commerciale et Industrielle ae ia nctjenec ue Tunis,secretary,organisation_entry_officer_list,,36,https://gallica.bnf.fr/ark:/12148/bpt6k5505300s/f60.item,"Bloeh, pharmacien, secr",Association Commerciale et Industrielle ae ia nctjenec ue Tunis
L1912-02073,Marcel Plessix,L1912-02073,resolved,L1912-00152,Association Commerciale et Industrielle ae ia nctjenec ue Tunis,president,organisation_entry_officer_list,,36,https://gallica.bnf.fr/ark:/12148/bpt6k5505300s/f60.item,"SPÉCIALITÉS DIVERSES : Marcel Plessix, prés.",Association Commerciale et Industrielle ae ia nctjenec ue Tunis
NAME:V BENSASSON,V Bensasson,,ambiguous,L1912-00152,Association Commerciale et Industrielle ae ia nctjenec ue Tunis,vice_president,organisation_entry_officer_list,,36,https://gallica.bnf.fr/ark:/12148/bpt6k5505300s/f60.item,"V. Bensasson, v.-prés.",Association Commerciale et Industrielle ae ia nctjenec ue Tunis
L1912-00961,Ducros,L1912-00961,resolved_fuzzy,L1912-00152,Association Commerciale et Industrielle ae ia nctjenec ue Tunis,secretary,organisation_entry_officer_list,,36,https://gallica.bnf.fr/ark:/12148/bpt6k5505300s/f60.item,"Ducros, secr",Association Commerciale et Industrielle ae ia nctjenec ue Tunis
NAME:DEPUIS,Depuis,,unmatched,L1912-00153,Association Coopérative des Colons d'Aïn-el-Asker et de Bir-M'cherga,member,organisation_entry_officer_list,1900,37,https://gallica.bnf.fr/ark:/12148/bpt6k5505300s/f61.item,"Depuis, constituée sous forme de société coopérative ayant un but agricole plus spécialement déterminé. 52 membres",Association Coopérative des Colons d'Aïn-el-Asker et de Bir-M'cherga
NAME:MEDAILLE,Médaille,,unmatched,L1912-00153,Association Coopérative des Colons d'Aïn-el-Asker et de Bir-M'cherga,president,organisation_entry_officer_list,1900,37,https://gallica.bnf.fr/ark:/12148/bpt6k5505300s/f61.item,"Médaille d'argent au Concours agricole de Tunis 1907. M. G. Houde, prés.",Association Coopérative des Colons d'Aïn-el-Asker et de Bir-M'cherga
NAME:CASINLERE,Casinlère,,unmatched,L1912-00153,Association Coopérative des Colons d'Aïn-el-Asker et de Bir-M'cherga,vice_president,organisation_entry_officer_list,1900,37,https://gallica.bnf.fr/ark:/12148/bpt6k5505300s/f61.item,"M. de la Casinlère, v.-prés.",Association Coopérative des Colons d'Aïn-el-Asker et de Bir-M'cherga
NAME:JEAN,Jean,,unmatched,L1912-00153,Association Coopérative des Colons d'Aïn-el-Asker et de Bir-M'cherga,secretary,organisation_entry_officer_list,1900,37,https://gallica.bnf.fr/ark:/12148/bpt6k5505300s/f61.item,"M. Jean cle la Casinière, secr.",Association Coopérative des Colons d'Aïn-el-Asker et de Bir-M'cherga
NAME:OBERL,Oberl,,unmatched,L1912-00153,Association Coopérative des Colons d'Aïn-el-Asker et de Bir-M'cherga,delegate,organisation_entry_officer_list,1900,37,https://gallica.bnf.fr/ark:/12148/bpt6k5505300s/f61.item,"MM. Oberl, Mabillant, Muzart, délégués",Association Coopérative des Colons d'Aïn-el-Asker et de Bir-M'cherga
NAME:MABILLANT,Mabillant,,unmatched,L1912-00153,Association Coopérative des Colons d'Aïn-el-Asker et de Bir-M'cherga,delegate,organisation_entry_officer_list,1900,37,https://gallica.bnf.fr/ark:/12148/bpt6k5505300s/f61.item,"MM. Oberl, Mabillant, Muzart, délégués",Association Coopérative des Colons d'Aïn-el-Asker et de Bir-M'cherga
NAME:MUZART,Muzart,,unmatched,L1912-00153,Association Coopérative des Colons d'Aïn-el-Asker et de Bir-M'cherga,delegate,organisation_entry_officer_list,1900,37,https://gallica.bnf.fr/ark:/12148/bpt6k5505300s/f61.item,"MM. Oberl, Mabillant, Muzart, délégués",Association Coopérative des Colons d'Aïn-el-Asker et de Bir-M'cherga
L1912-01423,Houde,L1912-01423,resolved,L1912-00153,Association Coopérative des Colons d'Aïn-el-Asker et de Bir-M'cherga,president,organisation_entry_officer_list,1900,37,https://gallica.bnf.fr/ark:/12148/bpt6k5505300s/f61.item,"Ane. prés. : • MM. 'P. Teulère, J. de Morry et Houde",Association Coopérative des Colons d'Aïn-el-Asker et de Bir-M'cherga
NAME:KLIAIRAILAH,Kliairaîlah,,unmatched,L1912-00154,Association des Anciens Elèves du Collège Sadiki,president,organisation_entry_officer_list,1905,37,https://gallica.bnf.fr/ark:/12148/bpt6k5505300s/f61.item,Bureau : MM'. Kliairaîlah. prés.,Association des Anciens Elèves du Collège Sadiki
NAME:AMOR BOUHAGEB,Amor Bouhageb,,ambiguous,L1912-00154,Association des Anciens Elèves du Collège Sadiki,vice_president,organisation_entry_officer_list,1905,37,https://gallica.bnf.fr/ark:/12148/bpt6k5505300s/f61.item,"Amor Bouhageb, v.- prés.",Association des Anciens Elèves du Collège Sadiki
NAME:HADI TAHAR,Hadi Tahar,,ambiguous,L1912-00154,Association des Anciens Elèves du Collège Sadiki,deputy_secretary,organisation_entry_officer_list,1905,37,https://gallica.bnf.fr/ark:/12148/bpt6k5505300s/f61.item,"Hadi Tahar, secr.-adj.",Association des Anciens Elèves du Collège Sadiki
NAME:ALI BNCH I IAMBA,Ali Bnch-i-Iamba,,unmatched,L1912-00154,Association des Anciens Elèves du Collège Sadiki,member,organisation_entry_officer_list,1905,37,https://gallica.bnf.fr/ark:/12148/bpt6k5505300s/f61.item,"Ali Bnch-i-Iamba, très.: Mohamed enna.di, Aziz Hayounni, Chadli Okbi, Recliid ben Moustefa, Mohamed Bacli-Hamba, Mohamed Châbini, .Ahmed Châtias, membres",Association des Anciens Elèves du Collège Sadiki
NAME:MOHAMED,Mohamed,,ambiguous,L1912-00154,Association des Anciens Elèves du Collège Sadiki,member,organisation_entry_officer_list,1905,37,https://gallica.bnf.fr/ark:/12148/bpt6k5505300s/f61.item,"Ali Bnch-i-Iamba, très.: Mohamed enna.di, Aziz Hayounni, Chadli Okbi, Recliid ben Moustefa, Mohamed Bacli-Hamba, Mohamed Châbini, .Ahmed Châtias, membres",Association des Anciens Elèves du Collège Sadiki
NAME:AZIZ HAYOUNNI,Aziz Hayounni,,unmatched,L1912-00154,Association des Anciens Elèves du Collège Sadiki,member,organisation_entry_officer_list,1905,37,https://gallica.bnf.fr/ark:/12148/bpt6k5505300s/f61.item,"Ali Bnch-i-Iamba, très.: Mohamed enna.di, Aziz Hayounni, Chadli Okbi, Recliid ben Moustefa, Mohamed Bacli-Hamba, Mohamed Châbini, .Ahmed Châtias, membres",Association des Anciens Elèves du Collège Sadiki
NAME:CHADLI OKBI,Chadli Okbi,,unmatched,L1912-00154,Association des Anciens Elèves du Collège Sadiki,member,organisation_entry_officer_list,1905,37,https://gallica.bnf.fr/ark:/12148/bpt6k5505300s/f61.item,"Ali Bnch-i-Iamba, très.: Mohamed enna.di, Aziz Hayounni, Chadli Okbi, Recliid ben Moustefa, Mohamed Bacli-Hamba, Mohamed Châbini, .Ahmed Châtias, membres",Association des Anciens Elèves du Collège Sadiki
NAME:RECLIID,Recliid,,unmatched,L1912-00154,Association des Anciens Elèves du Collège Sadiki,member,organisation_entry_officer_list,1905,37,https://gallica.bnf.fr/ark:/12148/bpt6k5505300s/f61.item,"Ali Bnch-i-Iamba, très.: Mohamed enna.di, Aziz Hayounni, Chadli Okbi, Recliid ben Moustefa, Mohamed Bacli-Hamba, Mohamed Châbini, .Ahmed Châtias, membres",Association des Anciens Elèves du Collège Sadiki
NAME:MOHAMED BACLI HAMBA,Mohamed Bacli-Hamba,,ambiguous,L1912-00154,Association des Anciens Elèves du Collège Sadiki,member,organisation_entry_officer_list,1905,37,https://gallica.bnf.fr/ark:/12148/bpt6k5505300s/f61.item,"Ali Bnch-i-Iamba, très.: Mohamed enna.di, Aziz Hayounni, Chadli Okbi, Recliid ben Moustefa, Mohamed Bacli-Hamba, Mohamed Châbini, .Ahmed Châtias, membres",Association des Anciens Elèves du Collège Sadiki
NAME:MOHAMED CHABINI,Mohamed Châbini,,ambiguous,L1912-00154,Association des Anciens Elèves du Collège Sadiki,member,organisation_entry_officer_list,1905,37,https://gallica.bnf.fr/ark:/12148/bpt6k5505300s/f61.item,"Ali Bnch-i-Iamba, très.: Mohamed enna.di, Aziz Hayounni, Chadli Okbi, Recliid ben Moustefa, Mohamed Bacli-Hamba, Mohamed Châbini, .Ahmed Châtias, membres",Association des Anciens Elèves du Collège Sadiki
L1912-00031,Ahmed Châtias,L1912-00031,resolved,L1912-00154,Association des Anciens Elèves du Collège Sadiki,member,organisation_entry_officer_list,1905,37,https://gallica.bnf.fr/ark:/12148/bpt6k5505300s/f61.item,"Ali Bnch-i-Iamba, très.: Mohamed enna.di, Aziz Hayounni, Chadli Okbi, Recliid ben Moustefa, Mohamed Bacli-Hamba, Mohamed Châbini, .Ahmed Châtias, membres",Association des Anciens Elèves du Collège Sadiki
L1912-01124,Fnure-Dère,L1912-01124,resolved_fuzzy,L1912-00155,Association des Colons Français de Béja,president,organisation_entry_officer_list,1901,37,https://gallica.bnf.fr/ark:/12148/bpt6k5505300s/f61.item,"MM. Fnure-Dère, prés.",Association des Colons Français de Béja
NAME:A BOUTET,A Boutet,,ambiguous_fuzzy,L1912-00155,Association des Colons Français de Béja,vice_president,organisation_entry_officer_list,1901,37,https://gallica.bnf.fr/ark:/12148/bpt6k5505300s/f61.item,A. Boutet. v.-prés.,Association des Colons Français de Béja
NAME:F FABRE,F Fabre,,ambiguous_fuzzy,L1912-00155,Association des Colons Français de Béja,secretary,organisation_entry_officer_list,1901,37,https://gallica.bnf.fr/ark:/12148/bpt6k5505300s/f61.item,"F. Fabre, secr.",Association des Colons Français de Béja
NAME:CLARY,Clary,,unmatched,L1912-00155,Association des Colons Français de Béja,assessor,organisation_entry_officer_list,1901,37,https://gallica.bnf.fr/ark:/12148/bpt6k5505300s/f61.item,Clary et Ga.bet. assess,Association des Colons Français de Béja
NAME:J LECLERC,J Leclerc,,unmatched,L1912-00155,Association des Colons Français de Béja,president,organisation_entry_officer_list,1901,37,https://gallica.bnf.fr/ark:/12148/bpt6k5505300s/f61.item,Ane. prés.: M. J. Leclerc et C. Carrier .,Association des Colons Français de Béja
L1912-00524,C Carrier,L1912-00524,resolved,L1912-00155,Association des Colons Français de Béja,president,organisation_entry_officer_list,1901,37,https://gallica.bnf.fr/ark:/12148/bpt6k5505300s/f61.item,Ane. prés.: M. J. Leclerc et C. Carrier .,Association des Colons Français de Béja
NAME:DOUTE,Douté,,unmatched,L1912-00156,Association des colons français de lardin-Miliane,member,organisation_entry_officer_list,1909,37,https://gallica.bnf.fr/ark:/12148/bpt6k5505300s/f61.item,Association des colons français de lardin-Miliane. 25 oc. 1909. But : défense des intérêts professionnels de ses membres et des intérêts généraux de la localité. Président : M. Dou,Association des colons français de lardin-Miliane
NAME:ROUBAUD,Roubaud,,unmatched,L1912-00156,Association des colons français de lardin-Miliane,vice_president,organisation_entry_officer_list,1909,37,https://gallica.bnf.fr/ark:/12148/bpt6k5505300s/f61.item,"vice-président : M. Roubaud, père",Association des colons français de lardin-Miliane
NAME:WALCB,Walcb,,unmatched,L1912-00156,Association des colons français de lardin-Miliane,assessor,organisation_entry_officer_list,1909,37,https://gallica.bnf.fr/ark:/12148/bpt6k5505300s/f61.item,"assesseurs : MM. Walcb, Roubaud, fils.",Association des colons français de lardin-Miliane
NAME:ROUBAUD,Roubaud,,unmatched,L1912-00156,Association des colons français de lardin-Miliane,assessor,organisation_entry_officer_list,1909,37,https://gallica.bnf.fr/ark:/12148/bpt6k5505300s/f61.item,"assesseurs : MM. Walcb, Roubaud, fils.",Association des colons français de lardin-Miliane
NAME:GILLES,Gilles,,unmatched,L1912-00157,Association des Colons Français de Massicault,president,organisation_entry_officer_list,1906,37,https://gallica.bnf.fr/ark:/12148/bpt6k5505300s/f61.item,"MM. Gilles, prés.",Association des Colons Français de Massicault
L1912-01706,Martinier,L1912-01706,resolved,L1912-00157,Association des Colons Français de Massicault,vice_president,organisation_entry_officer_list,1906,37,https://gallica.bnf.fr/ark:/12148/bpt6k5505300s/f61.item,"Martinier, v.-prés.",Association des Colons Français de Massicault
NAME:MESCLOU,Mesclou,,unmatched,L1912-00157,Association des Colons Français de Massicault,assessor,organisation_entry_officer_list,1906,37,https://gallica.bnf.fr/ark:/12148/bpt6k5505300s/f61.item,"Mesclou et Charrion, assesseurs.",Association des Colons Français de Massicault
NAME:CHARRION,Charrion,,unmatched,L1912-00157,Association des Colons Français de Massicault,assessor,organisation_entry_officer_list,1906,37,https://gallica.bnf.fr/ark:/12148/bpt6k5505300s/f61.item,"Mesclou et Charrion, assesseurs.",Association des Colons Français de Massicault
L1912-01124,Faure-Dère,L1912-01124,resolved,L1912-00158,Association des Colons Français des Nefza,president,organisation_entry_officer_list,1907,37,https://gallica.bnf.fr/ark:/12148/bpt6k5505300s/f61.item,"MM. Faure-Dère, prés.",Association des Colons Français des Nefza
L1912-01611,Leroy,L1912-01611,resolved,L1912-00158,Association des Colons Français des Nefza,secretary,organisation_entry_officer_list,1907,37,https://gallica.bnf.fr/ark:/12148/bpt6k5505300s/f61.item,"Leroy, secr",Association des Colons Français des Nefza
NAME:F J RELIER,F.-J Relier,,unmatched,L1912-00159,Association des Comptables,president,organisation_entry_officer_list,1906,38,https://gallica.bnf.fr/ark:/12148/bpt6k5505300s/f62.item,"MM. F.-J. Relier, prés.",Association des Comptables
NAME:BATTESTI,Battesti,,unmatched,L1912-00159,Association des Comptables,president,organisation_entry_officer_list,1906,38,https://gallica.bnf.fr/ark:/12148/bpt6k5505300s/f62.item,"Battesti el Scialom, vi-prés.",Association des Comptables
L1912-00416,E Bouden,L1912-00416,resolved_fuzzy,L1912-00159,Association des Comptables,deputy_secretary,organisation_entry_officer_list,1906,38,https://gallica.bnf.fr/ark:/12148/bpt6k5505300s/f62.item,"E. Bouden, secr.-adj.",Association des Comptables
NAME:J BONAN,J Bonan,,ambiguous,L1912-00159,Association des Comptables,assessor,organisation_entry_officer_list,1906,38,https://gallica.bnf.fr/ark:/12148/bpt6k5505300s/f62.item,"Dianottx, Bonan J., assess., MM. J. Bonan et Grosrenaud, prés, honor",Association des Comptables
L1912-01313,Grosrenaud,L1912-01313,resolved,L1912-00159,Association des Comptables,assessor,organisation_entry_officer_list,1906,38,https://gallica.bnf.fr/ark:/12148/bpt6k5505300s/f62.item,"Dianottx, Bonan J., assess., MM. J. Bonan et Grosrenaud, prés, honor",Association des Comptables
NAME:BARRION,Barrion,,unmatched,L1912-00160,Association des Elèves des Ecoles d'Agriculture en Tunisie,vice_president,organisation_entry_officer_list,1902,38,https://gallica.bnf.fr/ark:/12148/bpt6k5505300s/f62.item,"v.-prés., M. Barrion",Association des Elèves des Ecoles d'Agriculture en Tunisie
NAME:BOEUF,Boeuf,,ambiguous,L1912-00160,Association des Elèves des Ecoles d'Agriculture en Tunisie,secretary_general,organisation_entry_officer_list,1902,38,https://gallica.bnf.fr/ark:/12148/bpt6k5505300s/f62.item,"secr. gén., M. Boeuf",Association des Elèves des Ecoles d'Agriculture en Tunisie
L1912-01594,Laverdet,L1912-01594,resolved,L1912-00160,Association des Elèves des Ecoles d'Agriculture en Tunisie,deputy_secretary,organisation_entry_officer_list,1902,38,https://gallica.bnf.fr/ark:/12148/bpt6k5505300s/f62.item,"secr.- adj., M. Laverdet",Association des Elèves des Ecoles d'Agriculture en Tunisie
NAME:ROY,Roy,,unmatched,L1912-00160,Association des Elèves des Ecoles d'Agriculture en Tunisie,president,organisation_entry_officer_list,1902,38,https://gallica.bnf.fr/ark:/12148/bpt6k5505300s/f62.item,"Prés., M. Roy",Association des Elèves des Ecoles d'Agriculture en Tunisie
NAME:CHAUSSE,Chausse,,unmatched,L1912-00160,Association des Elèves des Ecoles d'Agriculture en Tunisie,vice_president,organisation_entry_officer_list,1902,38,https://gallica.bnf.fr/ark:/12148/bpt6k5505300s/f62.item,"v.-prés., M. Chausse",Association des Elèves des Ecoles d'Agriculture en Tunisie
NAME:LAMORRE,Lamorre,,ambiguous_fuzzy,L1912-00160,Association des Elèves des Ecoles d'Agriculture en Tunisie,secretary,organisation_entry_officer_list,1902,38,https://gallica.bnf.fr/ark:/12148/bpt6k5505300s/f62.item,"secr., M. Lamorre",Association des Elèves des Ecoles d'Agriculture en Tunisie
NAME:SECTION,Section,,unmatched,L1912-00160,Association des Elèves des Ecoles d'Agriculture en Tunisie,member,organisation_entry_officer_list,1902,38,https://gallica.bnf.fr/ark:/12148/bpt6k5505300s/f62.item,"TRAVAUX : indépendamment cle voeux divers tendant à. obtenir une amélioration de la situation matérielle et morale de ses membres, la Section a collaboré avec l'Amicale de Tunisie ",Association des Elèves des Ecoles d'Agriculture en Tunisie
NAME:AI HOUETTE,Aï Houette,,unmatched,L1912-00160,Association des Elèves des Ecoles d'Agriculture en Tunisie,past_president,organisation_entry_officer_list,1902,38,https://gallica.bnf.fr/ark:/12148/bpt6k5505300s/f62.item,Ancien président : Aï. Houette,Association des Elèves des Ecoles d'Agriculture en Tunisie
NAME:PAGANO,Pagano,,unmatched,L1912-00160,Association des Elèves des Ecoles d'Agriculture en Tunisie,member,organisation_entry_officer_list,1902,38,https://gallica.bnf.fr/ark:/12148/bpt6k5505300s/f62.item,"Nombre de membres : 215. CONSEIL D'ADMINISTRATION : MM. Pagano, chef cle gare à Djebel-Djelloud, prés.",Association des Elèves des Ecoles d'Agriculture en Tunisie
NAME:KLENTZ,Klentz,,unmatched,L1912-00160,Association des Elèves des Ecoles d'Agriculture en Tunisie,secretary_general,organisation_entry_officer_list,1902,38,https://gallica.bnf.fr/ark:/12148/bpt6k5505300s/f62.item,"secr. général, Klentz el Touyan, rédacteurs",Association des Elèves des Ecoles d'Agriculture en Tunisie
NAME:GREGOIRE,Grégoire,,unmatched,L1912-00160,Association des Elèves des Ecoles d'Agriculture en Tunisie,member,organisation_entry_officer_list,1902,38,https://gallica.bnf.fr/ark:/12148/bpt6k5505300s/f62.item,"Grégoire, employé au service cle Traction à Tunis, Nicollet, Dessanlî et Imberl, membres.",Association des Elèves des Ecoles d'Agriculture en Tunisie
L1912-01904,Nicollet,L1912-01904,resolved_fuzzy,L1912-00160,Association des Elèves des Ecoles d'Agriculture en Tunisie,member,organisation_entry_officer_list,1902,38,https://gallica.bnf.fr/ark:/12148/bpt6k5505300s/f62.item,"Grégoire, employé au service cle Traction à Tunis, Nicollet, Dessanlî et Imberl, membres.",Association des Elèves des Ecoles d'Agriculture en Tunisie
NAME:DESSANLI,Dessanlî,,unmatched,L1912-00160,Association des Elèves des Ecoles d'Agriculture en Tunisie,member,organisation_entry_officer_list,1902,38,https://gallica.bnf.fr/ark:/12148/bpt6k5505300s/f62.item,"Grégoire, employé au service cle Traction à Tunis, Nicollet, Dessanlî et Imberl, membres.",Association des Elèves des Ecoles d'Agriculture en Tunisie
L1912-01443,Imberl,L1912-01443,resolved_fuzzy,L1912-00160,Association des Elèves des Ecoles d'Agriculture en Tunisie,member,organisation_entry_officer_list,1902,38,https://gallica.bnf.fr/ark:/12148/bpt6k5505300s/f62.item,"Grégoire, employé au service cle Traction à Tunis, Nicollet, Dessanlî et Imberl, membres.",Association des Elèves des Ecoles d'Agriculture en Tunisie
NAME:ALLIA,Allia,,unmatched,L1912-00161,Associazione délia stampa italiane in Tunisi,president,organisation_entry_officer_list,1911,38,https://gallica.bnf.fr/ark:/12148/bpt6k5505300s/f62.item,"Bureau : MM. Allia, président",Associazione délia stampa italiane in Tunisi
NAME:IMPARIALE,Impariale,,unmatched,L1912-00161,Associazione délia stampa italiane in Tunisi,vice_president,organisation_entry_officer_list,1911,38,https://gallica.bnf.fr/ark:/12148/bpt6k5505300s/f62.item,"Marquis Impariale et Paternoslro, vice-président",Associazione délia stampa italiane in Tunisi
NAME:BONURA,Bonura,,unmatched,L1912-00161,Associazione délia stampa italiane in Tunisi,secretary_general,organisation_entry_officer_list,1911,38,https://gallica.bnf.fr/ark:/12148/bpt6k5505300s/f62.item,"Bonura, secrétaire gén.",Associazione délia stampa italiane in Tunisi
L1912-00098,Angelotli,L1912-00098,resolved_fuzzy,L1912-00161,Associazione délia stampa italiane in Tunisi,councillor,organisation_entry_officer_list,1911,38,https://gallica.bnf.fr/ark:/12148/bpt6k5505300s/f62.item,"G. Muccio el Montelene, conseillers, Angelotli, Socldu et de Benedelli, syndics.",Associazione délia stampa italiane in Tunisi
NAME:SOCLDU,Socldu,,unmatched,L1912-00161,Associazione délia stampa italiane in Tunisi,councillor,organisation_entry_officer_list,1911,38,https://gallica.bnf.fr/ark:/12148/bpt6k5505300s/f62.item,"G. Muccio el Montelene, conseillers, Angelotli, Socldu et de Benedelli, syndics.",Associazione délia stampa italiane in Tunisi
NAME:BENEDELLI,Benedelli,,unmatched,L1912-00161,Associazione délia stampa italiane in Tunisi,councillor,organisation_entry_officer_list,1911,38,https://gallica.bnf.fr/ark:/12148/bpt6k5505300s/f62.item,"G. Muccio el Montelene, conseillers, Angelotli, Socldu et de Benedelli, syndics.",Associazione délia stampa italiane in Tunisi
NAME:A M,A1M,,unmatched,L1912-00162,Associazione fra gli Antichi Alievi délie Scuole Italiane in Tunisi,vice_president,organisation_entry_officer_list,1902,38,https://gallica.bnf.fr/ark:/12148/bpt6k5505300s/f62.item,"v.-prés., A1M. le prof",Associazione fra gli Antichi Alievi délie Scuole Italiane in Tunisi
NAME:F BAUSELLI,F Bauselli,,unmatched,L1912-00162,Associazione fra gli Antichi Alievi délie Scuole Italiane in Tunisi,secretary,organisation_entry_officer_list,1902,38,https://gallica.bnf.fr/ark:/12148/bpt6k5505300s/f62.item,"secr., M. F. Bauselli",Associazione fra gli Antichi Alievi délie Scuole Italiane in Tunisi
NAME:MAURIZIO LUMBROSO,Maurizio Lumbroso,,ambiguous,L1912-00162,Associazione fra gli Antichi Alievi délie Scuole Italiane in Tunisi,secretary,organisation_entry_officer_list,1902,38,https://gallica.bnf.fr/ark:/12148/bpt6k5505300s/f62.item,vice - secrétaire : Maurizio Lumbroso,Associazione fra gli Antichi Alievi délie Scuole Italiane in Tunisi
NAME:MAL A GAGLIARDO,MAL A Gagliardo,,unmatched,L1912-00162,Associazione fra gli Antichi Alievi délie Scuole Italiane in Tunisi,councillor,organisation_entry_officer_list,1902,38,https://gallica.bnf.fr/ark:/12148/bpt6k5505300s/f62.item,"conseillers: MAL A. Gagliardo, Alario Vais, Werlemberg, A. Ramelïa, C. Sauges, P. Soria, E. Parienle, Cappellano, A. Nunez",Associazione fra gli Antichi Alievi délie Scuole Italiane in Tunisi
NAME:ALARIO VAIS,Alario Vais,,unmatched,L1912-00162,Associazione fra gli Antichi Alievi délie Scuole Italiane in Tunisi,councillor,organisation_entry_officer_list,1902,38,https://gallica.bnf.fr/ark:/12148/bpt6k5505300s/f62.item,"conseillers: MAL A. Gagliardo, Alario Vais, Werlemberg, A. Ramelïa, C. Sauges, P. Soria, E. Parienle, Cappellano, A. Nunez",Associazione fra gli Antichi Alievi délie Scuole Italiane in Tunisi
NAME:WERLEMBERG,Werlemberg,,unmatched,L1912-00162,Associazione fra gli Antichi Alievi délie Scuole Italiane in Tunisi,councillor,organisation_entry_officer_list,1902,38,https://gallica.bnf.fr/ark:/12148/bpt6k5505300s/f62.item,"conseillers: MAL A. Gagliardo, Alario Vais, Werlemberg, A. Ramelïa, C. Sauges, P. Soria, E. Parienle, Cappellano, A. Nunez",Associazione fra gli Antichi Alievi délie Scuole Italiane in Tunisi
NAME:A RAMELIA,A Ramelïa,,unmatched,L1912-00162,Associazione fra gli Antichi Alievi délie Scuole Italiane in Tunisi,councillor,organisation_entry_officer_list,1902,38,https://gallica.bnf.fr/ark:/12148/bpt6k5505300s/f62.item,"conseillers: MAL A. Gagliardo, Alario Vais, Werlemberg, A. Ramelïa, C. Sauges, P. Soria, E. Parienle, Cappellano, A. Nunez",Associazione fra gli Antichi Alievi délie Scuole Italiane in Tunisi
L1912-02265,C Sauges,L1912-02265,resolved_fuzzy,L1912-00162,Associazione fra gli Antichi Alievi délie Scuole Italiane in Tunisi,councillor,organisation_entry_officer_list,1902,38,https://gallica.bnf.fr/ark:/12148/bpt6k5505300s/f62.item,"conseillers: MAL A. Gagliardo, Alario Vais, Werlemberg, A. Ramelïa, C. Sauges, P. Soria, E. Parienle, Cappellano, A. Nunez",Associazione fra gli Antichi Alievi délie Scuole Italiane in Tunisi
NAME:P SORIA,P Soria,,unmatched,L1912-00162,Associazione fra gli Antichi Alievi délie Scuole Italiane in Tunisi,councillor,organisation_entry_officer_list,1902,38,https://gallica.bnf.fr/ark:/12148/bpt6k5505300s/f62.item,"conseillers: MAL A. Gagliardo, Alario Vais, Werlemberg, A. Ramelïa, C. Sauges, P. Soria, E. Parienle, Cappellano, A. Nunez",Associazione fra gli Antichi Alievi délie Scuole Italiane in Tunisi
L1912-01994,E Parienle,L1912-01994,resolved_fuzzy,L1912-00162,Associazione fra gli Antichi Alievi délie Scuole Italiane in Tunisi,councillor,organisation_entry_officer_list,1902,38,https://gallica.bnf.fr/ark:/12148/bpt6k5505300s/f62.item,"conseillers: MAL A. Gagliardo, Alario Vais, Werlemberg, A. Ramelïa, C. Sauges, P. Soria, E. Parienle, Cappellano, A. Nunez",Associazione fra gli Antichi Alievi délie Scuole Italiane in Tunisi
L1912-02744,Cappellano,L1912-02744,resolved_fuzzy,L1912-00162,Associazione fra gli Antichi Alievi délie Scuole Italiane in Tunisi,councillor,organisation_entry_officer_list,1902,38,https://gallica.bnf.fr/ark:/12148/bpt6k5505300s/f62.item,"conseillers: MAL A. Gagliardo, Alario Vais, Werlemberg, A. Ramelïa, C. Sauges, P. Soria, E. Parienle, Cappellano, A. Nunez",Associazione fra gli Antichi Alievi délie Scuole Italiane in Tunisi
NAME:A NUNEZ,A Nunez,,unmatched,L1912-00162,Associazione fra gli Antichi Alievi délie Scuole Italiane in Tunisi,councillor,organisation_entry_officer_list,1902,38,https://gallica.bnf.fr/ark:/12148/bpt6k5505300s/f62.item,"conseillers: MAL A. Gagliardo, Alario Vais, Werlemberg, A. Ramelïa, C. Sauges, P. Soria, E. Parienle, Cappellano, A. Nunez",Associazione fra gli Antichi Alievi délie Scuole Italiane in Tunisi
L1912-01931,Cesare Ortona,L1912-01931,resolved,L1912-00162,Associazione fra gli Antichi Alievi délie Scuole Italiane in Tunisi,president,organisation_entry_officer_list,1902,38,https://gallica.bnf.fr/ark:/12148/bpt6k5505300s/f62.item,"Ane. prés., Dr Cesare Ortona",Associazione fra gli Antichi Alievi délie Scuole Italiane in Tunisi
L1912-00768,Léonce Daliot,L1912-00768,resolved,L1912-00163,Association générale des Etudiants de Tunisie,member,organisation_entry_officer_list,1907,39,https://gallica.bnf.fr/ark:/12148/bpt6k5505300s/f63.item,"Membres act.: 75. Memb. honor.: 100. Membres d'honn: .15. Memb. fond.: 10. Membres donat.: 10. Prés., M. Léonce Daliot",Association générale des Etudiants de Tunisie
NAME:CHARLES PIETRA,Charles Piétra,,ambiguous,L1912-00163,Association générale des Etudiants de Tunisie,vice_president,organisation_entry_officer_list,1907,39,https://gallica.bnf.fr/ark:/12148/bpt6k5505300s/f63.item,"v.-prés., MAI. Charles Piétra, Edmond Delordç secr.- gén. fond.. M. Théodore Va.lensi",Association générale des Etudiants de Tunisie
L1912-00823,Edmond Delordç,L1912-00823,resolved_fuzzy,L1912-00163,Association générale des Etudiants de Tunisie,vice_president,organisation_entry_officer_list,1907,39,https://gallica.bnf.fr/ark:/12148/bpt6k5505300s/f63.item,"v.-prés., MAI. Charles Piétra, Edmond Delordç secr.- gén. fond.. M. Théodore Va.lensi",Association générale des Etudiants de Tunisie
NAME:EDMOND BOCCARA,Edmond Boccara,,unmatched,L1912-00163,Association générale des Etudiants de Tunisie,deputy_treasurer,organisation_entry_officer_list,1907,39,https://gallica.bnf.fr/ark:/12148/bpt6k5505300s/f63.item,"trés.-adj., M. Edmond Boccara",Association générale des Etudiants de Tunisie
L1912-00361,J Bismuth,L1912-00361,resolved,L1912-00163,Association générale des Etudiants de Tunisie,commissioner,organisation_entry_officer_list,1907,39,https://gallica.bnf.fr/ark:/12148/bpt6k5505300s/f63.item,"commiss., MAI. J. Bismuth, René Delord, ean Machwil-z, Jean Moulin",Association générale des Etudiants de Tunisie
L1912-00823,René Delord,L1912-00823,resolved,L1912-00163,Association générale des Etudiants de Tunisie,commissioner,organisation_entry_officer_list,1907,39,https://gallica.bnf.fr/ark:/12148/bpt6k5505300s/f63.item,"commiss., MAI. J. Bismuth, René Delord, ean Machwil-z, Jean Moulin",Association générale des Etudiants de Tunisie
NAME:JEAN MOULIN,Jean Moulin,,unmatched,L1912-00163,Association générale des Etudiants de Tunisie,commissioner,organisation_entry_officer_list,1907,39,https://gallica.bnf.fr/ark:/12148/bpt6k5505300s/f63.item,"commiss., MAI. J. Bismuth, René Delord, ean Machwil-z, Jean Moulin",Association générale des Etudiants de Tunisie
NAME:VALENSI THEODORE,Valensi Théodore,,ambiguous,L1912-00163,Association générale des Etudiants de Tunisie,president,organisation_entry_officer_list,1907,39,https://gallica.bnf.fr/ark:/12148/bpt6k5505300s/f63.item,"Valensi Théodore, prés.",Association générale des Etudiants de Tunisie
NAME:AFILLOU,Afillou,,unmatched,L1912-00163,Association générale des Etudiants de Tunisie,treasurer,organisation_entry_officer_list,1907,39,https://gallica.bnf.fr/ark:/12148/bpt6k5505300s/f63.item,exposition du peintre Afillou.,Association générale des Etudiants de Tunisie
NAME:CARBONNEL,Carbonnel,,unmatched,L1912-00164,Association générale du Personnel Français de l'Office postal tunisien,president,organisation_entry_officer_list,1905,39,https://gallica.bnf.fr/ark:/12148/bpt6k5505300s/f63.item,"MM. Carbonnel, prés.",Association générale du Personnel Français de l'Office postal tunisien
NAME:LEPIDI,Lepidi,,unmatched,L1912-00164,Association générale du Personnel Français de l'Office postal tunisien,vice_president,organisation_entry_officer_list,1905,39,https://gallica.bnf.fr/ark:/12148/bpt6k5505300s/f63.item,"Lepidi, v.-prés.",Association générale du Personnel Français de l'Office postal tunisien
L1912-00181,Aurange,L1912-00181,resolved,L1912-00164,Association générale du Personnel Français de l'Office postal tunisien,secretary,organisation_entry_officer_list,1905,39,https://gallica.bnf.fr/ark:/12148/bpt6k5505300s/f63.item,"Aurange, secr.",Association générale du Personnel Français de l'Office postal tunisien
NAME:ANSIDEI,Ansidei,,unmatched,L1912-00164,Association générale du Personnel Français de l'Office postal tunisien,deputy_secretary,organisation_entry_officer_list,1905,39,https://gallica.bnf.fr/ark:/12148/bpt6k5505300s/f63.item,"Ansidei, secr. adj.",Association générale du Personnel Français de l'Office postal tunisien
L1912-02191,Robert,L1912-02191,resolved,L1912-00164,Association générale du Personnel Français de l'Office postal tunisien,president,organisation_entry_officer_list,1905,39,https://gallica.bnf.fr/ark:/12148/bpt6k5505300s/f63.item,"Ane. prés. : MM. Robert, Aubry, Ga.yral, Aubry et Bltaubô. TRAVAUX : rapports et 'éludes sur questions si",Association générale du Personnel Français de l'Office postal tunisien
L1912-00174,Aubry,L1912-00174,resolved,L1912-00164,Association générale du Personnel Français de l'Office postal tunisien,president,organisation_entry_officer_list,1905,39,https://gallica.bnf.fr/ark:/12148/bpt6k5505300s/f63.item,"Ane. prés. : MM. Robert, Aubry, Ga.yral, Aubry et Bltaubô. TRAVAUX : rapports et 'éludes sur questions si",Association générale du Personnel Français de l'Office postal tunisien
L1912-00174,Aubry,L1912-00174,resolved,L1912-00164,Association générale du Personnel Français de l'Office postal tunisien,president,organisation_entry_officer_list,1905,39,https://gallica.bnf.fr/ark:/12148/bpt6k5505300s/f63.item,"Ane. prés. : MM. Robert, Aubry, Ga.yral, Aubry et Bltaubô. TRAVAUX : rapports et 'éludes sur questions si",Association générale du Personnel Français de l'Office postal tunisien
L1912-01993,Afineo Paolo,L1912-01993,resolved_fuzzy,L1912-00165,Associazione Patriottica Italia di Mutua Soccorso fra gli Opérai in Tunisi,vice_president,organisation_entry_officer_list,1863,39,https://gallica.bnf.fr/ark:/12148/bpt6k5505300s/f63.item,"v.-prés., M. Afineo Paolo et Al",Associazione Patriottica Italia di Mutua Soccorso fra gli Opérai in Tunisi
L1912-00067,Petrucci Alberto,L1912-00067,resolved_fuzzy,L1912-00165,Associazione Patriottica Italia di Mutua Soccorso fra gli Opérai in Tunisi,secretary,organisation_entry_officer_list,1863,39,https://gallica.bnf.fr/ark:/12148/bpt6k5505300s/f63.item,"secr., M. Petrucci Alberto",Associazione Patriottica Italia di Mutua Soccorso fra gli Opérai in Tunisi
NAME:ERICE MILIANI,Erice Miliani,,unmatched,L1912-00165,Associazione Patriottica Italia di Mutua Soccorso fra gli Opérai in Tunisi,secretary,organisation_entry_officer_list,1863,39,https://gallica.bnf.fr/ark:/12148/bpt6k5505300s/f63.item,"vicesecr., M. Erice Miliani",Associazione Patriottica Italia di Mutua Soccorso fra gli Opérai in Tunisi
L1912-00094,Nicolo Ancona,L1912-00094,resolved,L1912-00165,Associazione Patriottica Italia di Mutua Soccorso fra gli Opérai in Tunisi,councillor,organisation_entry_officer_list,1863,39,https://gallica.bnf.fr/ark:/12148/bpt6k5505300s/f63.item,"conseillers, MM. Nicolo Ancona, Gaetano Banti, Lopinto, Sampieri, Paolo Brignone",Associazione Patriottica Italia di Mutua Soccorso fra gli Opérai in Tunisi
NAME:GAETANO BANTI,Gaetano Banti,,unmatched,L1912-00165,Associazione Patriottica Italia di Mutua Soccorso fra gli Opérai in Tunisi,councillor,organisation_entry_officer_list,1863,39,https://gallica.bnf.fr/ark:/12148/bpt6k5505300s/f63.item,"conseillers, MM. Nicolo Ancona, Gaetano Banti, Lopinto, Sampieri, Paolo Brignone",Associazione Patriottica Italia di Mutua Soccorso fra gli Opérai in Tunisi
NAME:LOPINTO,Lopinto,,unmatched,L1912-00165,Associazione Patriottica Italia di Mutua Soccorso fra gli Opérai in Tunisi,councillor,organisation_entry_officer_list,1863,39,https://gallica.bnf.fr/ark:/12148/bpt6k5505300s/f63.item,"conseillers, MM. Nicolo Ancona, Gaetano Banti, Lopinto, Sampieri, Paolo Brignone",Associazione Patriottica Italia di Mutua Soccorso fra gli Opérai in Tunisi
L1912-02264,Sampieri,L1912-02264,resolved_fuzzy,L1912-00165,Associazione Patriottica Italia di Mutua Soccorso fra gli Opérai in Tunisi,councillor,organisation_entry_officer_list,1863,39,https://gallica.bnf.fr/ark:/12148/bpt6k5505300s/f63.item,"conseillers, MM. Nicolo Ancona, Gaetano Banti, Lopinto, Sampieri, Paolo Brignone",Associazione Patriottica Italia di Mutua Soccorso fra gli Opérai in Tunisi
L1912-00460,Paolo Brignone,L1912-00460,resolved,L1912-00165,Associazione Patriottica Italia di Mutua Soccorso fra gli Opérai in Tunisi,councillor,organisation_entry_officer_list,1863,39,https://gallica.bnf.fr/ark:/12148/bpt6k5505300s/f63.item,"conseillers, MM. Nicolo Ancona, Gaetano Banti, Lopinto, Sampieri, Paolo Brignone",Associazione Patriottica Italia di Mutua Soccorso fra gli Opérai in Tunisi
NAME:VULGARISER,Vulgariser,,unmatched,L1912-00166,Association sténo graphique unitaire,member,organisation_entry_officer_list,1897,39,https://gallica.bnf.fr/ark:/12148/bpt6k5505300s/f63.item,BUT : Vulgariser la sténographie et former des employés sténo-dactylographes pour le commerce et l'industrie. 19 membres,Association sténo graphique unitaire
L1912-02663,Vilatte L.-E,L1912-02663,resolved_fuzzy,L1912-00166,Association sténo graphique unitaire,president,organisation_entry_officer_list,1897,39,https://gallica.bnf.fr/ark:/12148/bpt6k5505300s/f63.item,"A1A1. Vilatte L.-E., prés.",Association sténo graphique unitaire
L1912-00493,Caleca Nonce,L1912-00493,resolved,L1912-00166,Association sténo graphique unitaire,vice_president,organisation_entry_officer_list,1897,39,https://gallica.bnf.fr/ark:/12148/bpt6k5505300s/f63.item,"' Caleca Nonce, v.-prés.",Association sténo graphique unitaire
NAME:LEVY DAVID,Lévy David,,ambiguous,L1912-00166,Association sténo graphique unitaire,secretary,organisation_entry_officer_list,1897,39,https://gallica.bnf.fr/ark:/12148/bpt6k5505300s/f63.item,"secr., Lévy David",Association sténo graphique unitaire
L1912-02263,Semama,L1912-02263,resolved_fuzzy,L1912-00166,Association sténo graphique unitaire,assessor,organisation_entry_officer_list,1897,39,https://gallica.bnf.fr/ark:/12148/bpt6k5505300s/f63.item,"assesseurs, Semama, Habib Nessim, Touki Ange"". M. Villate est président depuis la fondation du groupe",Association sténo graphique unitaire
NAME:HABIB NESSIM,Habib Nessim,,unmatched,L1912-00166,Association sténo graphique unitaire,assessor,organisation_entry_officer_list,1897,39,https://gallica.bnf.fr/ark:/12148/bpt6k5505300s/f63.item,"assesseurs, Semama, Habib Nessim, Touki Ange"". M. Villate est président depuis la fondation du groupe",Association sténo graphique unitaire
NAME:TOUKI ANGE,Touki Ange,,unmatched,L1912-00166,Association sténo graphique unitaire,assessor,organisation_entry_officer_list,1897,39,https://gallica.bnf.fr/ark:/12148/bpt6k5505300s/f63.item,"assesseurs, Semama, Habib Nessim, Touki Ange"". M. Villate est président depuis la fondation du groupe",Association sténo graphique unitaire
NAME:ALASI,Alasi,,unmatched,L1912-00167,Associazione Tunisina délia Stampa Italiana,president,organisation_entry_officer_list,1911,39,https://gallica.bnf.fr/ark:/12148/bpt6k5505300s/f63.item,"Bureau : MM. Avocat Alasi, rédacteur en chef de la «Patria», président",Associazione Tunisina délia Stampa Italiana
L1912-00477,Busacca,L1912-00477,resolved,L1912-00167,Associazione Tunisina délia Stampa Italiana,vice_president,organisation_entry_officer_list,1911,39,https://gallica.bnf.fr/ark:/12148/bpt6k5505300s/f63.item,"D' Busacca, corresp. de la «Ragione» de Rome, vice-président",Associazione Tunisina délia Stampa Italiana
NAME:PETRUCCI,Petrucci,,unmatched,L1912-00167,Associazione Tunisina délia Stampa Italiana,treasurer,organisation_entry_officer_list,1911,39,https://gallica.bnf.fr/ark:/12148/bpt6k5505300s/f63.item,"Petrucci, corresp. de la « Gazetta Coloniale» de Naples, trésorier",Associazione Tunisina délia Stampa Italiana
L1912-00460,Brignone,L1912-00460,resolved,L1912-00167,Associazione Tunisina délia Stampa Italiana,secretary,organisation_entry_officer_list,1911,39,https://gallica.bnf.fr/ark:/12148/bpt6k5505300s/f63.item,"secrétaire, Dr Brignone, directeur de la «Patria» el Ugo Fabbri, rédacteur à la «Patria», conseillers.",Associazione Tunisina délia Stampa Italiana
NAME:TITO CASTELFRANCO,Tito Castelfranco,,unmatched,L1912-00225,Banque Commerciale Tunisienne,director,organisation_entry_officer_list,,47,https://gallica.bnf.fr/ark:/12148/bpt6k5505300s/f71.item,"Directeur, M. Tito Castelfranco.",Banque Commerciale Tunisienne
L1912-00776,Daninos,L1912-00776,resolved,L1912-00226,Banque Franco-Tunisienne de Prêts mobiliers et Mont-de-Piété de Tunisie,director,organisation_entry_officer_list,,47,https://gallica.bnf.fr/ark:/12148/bpt6k5505300s/f71.item,Directeur M. Daninos.,Banque Franco-Tunisienne de Prêts mobiliers et Mont-de-Piété de Tunisie
NAME:SEMAINE,Semaine,,unmatched,L1912-00469,BRUNET,president,organisation_entry_officer_list,1877,78,https://gallica.bnf.fr/ark:/12148/bpt6k5505300s/f102.item,"A écrit de nombreux articles relatifs à l'assistance médicale aux. indigènes et à la chirurgie (communications à l'Académie de Âlédecine, à la Société cle Chirurgie, articles publi",BRUNET
L1912-00961,B Duclos,L1912-00961,resolved,L1912-00483,Cadets de Gascogne,archivist_librarian,organisation_entry_officer_list,1899,81,https://gallica.bnf.fr/ark:/12148/bpt6k5505300s/f105.item,"archiviste, M. B. Duclos",Cadets de Gascogne
L1912-00134,Aspergés,L1912-00134,resolved,L1912-00483,Cadets de Gascogne,deputy_treasurer,organisation_entry_officer_list,1899,81,https://gallica.bnf.fr/ark:/12148/bpt6k5505300s/f105.item,"trés.-adj., M. Aspergés",Cadets de Gascogne
NAME:LASSERAND,Lasserand,,unmatched,L1912-00483,Cadets de Gascogne,assessor,organisation_entry_officer_list,1899,81,https://gallica.bnf.fr/ark:/12148/bpt6k5505300s/f105.item,"assess., MM. Lasserand',Dubourg,Barthe- rolte, Thuillier, DT Cadiergues, Samaran, Cousluriou,Vaissié, Desperoux",Cadets de Gascogne
NAME:DUBOURG,Dubourg,,unmatched,L1912-00483,Cadets de Gascogne,assessor,organisation_entry_officer_list,1899,81,https://gallica.bnf.fr/ark:/12148/bpt6k5505300s/f105.item,"assess., MM. Lasserand',Dubourg,Barthe- rolte, Thuillier, DT Cadiergues, Samaran, Cousluriou,Vaissié, Desperoux",Cadets de Gascogne
NAME:BARTHE,Barthe,,unmatched,L1912-00483,Cadets de Gascogne,assessor,organisation_entry_officer_list,1899,81,https://gallica.bnf.fr/ark:/12148/bpt6k5505300s/f105.item,"assess., MM. Lasserand',Dubourg,Barthe- rolte, Thuillier, DT Cadiergues, Samaran, Cousluriou,Vaissié, Desperoux",Cadets de Gascogne
NAME:THUILLIER,Thuillier,,unmatched,L1912-00483,Cadets de Gascogne,assessor,organisation_entry_officer_list,1899,81,https://gallica.bnf.fr/ark:/12148/bpt6k5505300s/f105.item,"assess., MM. Lasserand',Dubourg,Barthe- rolte, Thuillier, DT Cadiergues, Samaran, Cousluriou,Vaissié, Desperoux",Cadets de Gascogne
NAME:DT CADIERGUES,DT Cadiergues,,unmatched,L1912-00483,Cadets de Gascogne,assessor,organisation_entry_officer_list,1899,81,https://gallica.bnf.fr/ark:/12148/bpt6k5505300s/f105.item,"assess., MM. Lasserand',Dubourg,Barthe- rolte, Thuillier, DT Cadiergues, Samaran, Cousluriou,Vaissié, Desperoux",Cadets de Gascogne
NAME:SAMARAN,Samaran,,unmatched,L1912-00483,Cadets de Gascogne,assessor,organisation_entry_officer_list,1899,81,https://gallica.bnf.fr/ark:/12148/bpt6k5505300s/f105.item,"assess., MM. Lasserand',Dubourg,Barthe- rolte, Thuillier, DT Cadiergues, Samaran, Cousluriou,Vaissié, Desperoux",Cadets de Gascogne
NAME:COUSLURIOU,Cousluriou,,unmatched,L1912-00483,Cadets de Gascogne,assessor,organisation_entry_officer_list,1899,81,https://gallica.bnf.fr/ark:/12148/bpt6k5505300s/f105.item,"assess., MM. Lasserand',Dubourg,Barthe- rolte, Thuillier, DT Cadiergues, Samaran, Cousluriou,Vaissié, Desperoux",Cadets de Gascogne
L1912-02623,Vaissié,L1912-02623,resolved,L1912-00483,Cadets de Gascogne,assessor,organisation_entry_officer_list,1899,81,https://gallica.bnf.fr/ark:/12148/bpt6k5505300s/f105.item,"assess., MM. Lasserand',Dubourg,Barthe- rolte, Thuillier, DT Cadiergues, Samaran, Cousluriou,Vaissié, Desperoux",Cadets de Gascogne
NAME:DESPEROUX,Desperoux,,unmatched,L1912-00483,Cadets de Gascogne,assessor,organisation_entry_officer_list,1899,81,https://gallica.bnf.fr/ark:/12148/bpt6k5505300s/f105.item,"assess., MM. Lasserand',Dubourg,Barthe- rolte, Thuillier, DT Cadiergues, Samaran, Cousluriou,Vaissié, Desperoux",Cadets de Gascogne
NAME:TOUTES,Toutes,,unmatched,L1912-00490,Caisse Agricole Coopérative d'Aïn-elAsker,member,organisation_entry_officer_list,1904,84,https://gallica.bnf.fr/ark:/12148/bpt6k5505300s/f108.item,Toutes opérations de crédit mutuel agricole. 36 membres,Caisse Agricole Coopérative d'Aïn-elAsker
NAME:CASINIERE,Casinière,,unmatched,L1912-00490,Caisse Agricole Coopérative d'Aïn-elAsker,founder,organisation_entry_officer_list,1904,84,https://gallica.bnf.fr/ark:/12148/bpt6k5505300s/f108.item,"Dix membres fondateurs : MAI. de la Casinière, Houde, Mabilon, Mercier, de Alory, Obert Edouard, Obert Lucien, Rousseaux, Vinvent, Volet",Caisse Agricole Coopérative d'Aïn-elAsker
L1912-01423,Houde,L1912-01423,resolved,L1912-00490,Caisse Agricole Coopérative d'Aïn-elAsker,founder,organisation_entry_officer_list,1904,84,https://gallica.bnf.fr/ark:/12148/bpt6k5505300s/f108.item,"Dix membres fondateurs : MAI. de la Casinière, Houde, Mabilon, Mercier, de Alory, Obert Edouard, Obert Lucien, Rousseaux, Vinvent, Volet",Caisse Agricole Coopérative d'Aïn-elAsker
NAME:MABILON,Mabilon,,unmatched,L1912-00490,Caisse Agricole Coopérative d'Aïn-elAsker,founder,organisation_entry_officer_list,1904,84,https://gallica.bnf.fr/ark:/12148/bpt6k5505300s/f108.item,"Dix membres fondateurs : MAI. de la Casinière, Houde, Mabilon, Mercier, de Alory, Obert Edouard, Obert Lucien, Rousseaux, Vinvent, Volet",Caisse Agricole Coopérative d'Aïn-elAsker
NAME:MERCIER,Mercier,,ambiguous,L1912-00490,Caisse Agricole Coopérative d'Aïn-elAsker,founder,organisation_entry_officer_list,1904,84,https://gallica.bnf.fr/ark:/12148/bpt6k5505300s/f108.item,"Dix membres fondateurs : MAI. de la Casinière, Houde, Mabilon, Mercier, de Alory, Obert Edouard, Obert Lucien, Rousseaux, Vinvent, Volet",Caisse Agricole Coopérative d'Aïn-elAsker
NAME:ALORY,Alory,,unmatched,L1912-00490,Caisse Agricole Coopérative d'Aïn-elAsker,founder,organisation_entry_officer_list,1904,84,https://gallica.bnf.fr/ark:/12148/bpt6k5505300s/f108.item,"Dix membres fondateurs : MAI. de la Casinière, Houde, Mabilon, Mercier, de Alory, Obert Edouard, Obert Lucien, Rousseaux, Vinvent, Volet",Caisse Agricole Coopérative d'Aïn-elAsker
L1912-02191,Obert Edouard,L1912-02191,resolved_fuzzy,L1912-00490,Caisse Agricole Coopérative d'Aïn-elAsker,founder,organisation_entry_officer_list,1904,84,https://gallica.bnf.fr/ark:/12148/bpt6k5505300s/f108.item,"Dix membres fondateurs : MAI. de la Casinière, Houde, Mabilon, Mercier, de Alory, Obert Edouard, Obert Lucien, Rousseaux, Vinvent, Volet",Caisse Agricole Coopérative d'Aïn-elAsker
L1912-02191,Obert Lucien,L1912-02191,resolved_fuzzy,L1912-00490,Caisse Agricole Coopérative d'Aïn-elAsker,founder,organisation_entry_officer_list,1904,84,https://gallica.bnf.fr/ark:/12148/bpt6k5505300s/f108.item,"Dix membres fondateurs : MAI. de la Casinière, Houde, Mabilon, Mercier, de Alory, Obert Edouard, Obert Lucien, Rousseaux, Vinvent, Volet",Caisse Agricole Coopérative d'Aïn-elAsker
NAME:ROUSSEAUX,Rousseaux,,unmatched,L1912-00490,Caisse Agricole Coopérative d'Aïn-elAsker,founder,organisation_entry_officer_list,1904,84,https://gallica.bnf.fr/ark:/12148/bpt6k5505300s/f108.item,"Dix membres fondateurs : MAI. de la Casinière, Houde, Mabilon, Mercier, de Alory, Obert Edouard, Obert Lucien, Rousseaux, Vinvent, Volet",Caisse Agricole Coopérative d'Aïn-elAsker
NAME:VINVENT,Vinvent,,ambiguous_fuzzy,L1912-00490,Caisse Agricole Coopérative d'Aïn-elAsker,founder,organisation_entry_officer_list,1904,84,https://gallica.bnf.fr/ark:/12148/bpt6k5505300s/f108.item,"Dix membres fondateurs : MAI. de la Casinière, Houde, Mabilon, Mercier, de Alory, Obert Edouard, Obert Lucien, Rousseaux, Vinvent, Volet",Caisse Agricole Coopérative d'Aïn-elAsker
NAME:VOLET,Volet,,unmatched,L1912-00490,Caisse Agricole Coopérative d'Aïn-elAsker,founder,organisation_entry_officer_list,1904,84,https://gallica.bnf.fr/ark:/12148/bpt6k5505300s/f108.item,"Dix membres fondateurs : MAI. de la Casinière, Houde, Mabilon, Mercier, de Alory, Obert Edouard, Obert Lucien, Rousseaux, Vinvent, Volet",Caisse Agricole Coopérative d'Aïn-elAsker
L1912-01423,Houde,L1912-01423,resolved,L1912-00490,Caisse Agricole Coopérative d'Aïn-elAsker,president,organisation_entry_officer_list,1904,84,https://gallica.bnf.fr/ark:/12148/bpt6k5505300s/f108.item,"MM. Houde, prés.",Caisse Agricole Coopérative d'Aïn-elAsker
NAME:MABILON,Mabilon,,unmatched,L1912-00490,Caisse Agricole Coopérative d'Aïn-elAsker,vice_president,organisation_entry_officer_list,1904,84,https://gallica.bnf.fr/ark:/12148/bpt6k5505300s/f108.item,"Mabilon, v.-prés.",Caisse Agricole Coopérative d'Aïn-elAsker
NAME:VACON,Vacon,,unmatched,L1912-00490,Caisse Agricole Coopérative d'Aïn-elAsker,secretary,organisation_entry_officer_list,1904,84,https://gallica.bnf.fr/ark:/12148/bpt6k5505300s/f108.item,"Le Vacon, secr.",Caisse Agricole Coopérative d'Aïn-elAsker
L1912-01291,Gounot,L1912-01291,resolved,L1912-00491,Caisse Régionale de Crédit Mutuel Agricole du Nord de la Régence,vice_president,organisation_entry_officer_list,1905,84,https://gallica.bnf.fr/ark:/12148/bpt6k5505300s/f108.item,"le comte E. cle Waren et Gounot, v.-prés.",Caisse Régionale de Crédit Mutuel Agricole du Nord de la Régence
NAME:CHARMETANT,Charmetant,,unmatched,L1912-00491,Caisse Régionale de Crédit Mutuel Agricole du Nord de la Régence,secretary_general,organisation_entry_officer_list,1905,84,https://gallica.bnf.fr/ark:/12148/bpt6k5505300s/f108.item,"Charmetant, secr.-gén",Caisse Régionale de Crédit Mutuel Agricole du Nord de la Régence
NAME:AIN EL ASKER,Aïn-el-Asker,,unmatched,L1912-00491,Caisse Régionale de Crédit Mutuel Agricole du Nord de la Régence,director,organisation_entry_officer_list,1905,84,https://gallica.bnf.fr/ark:/12148/bpt6k5505300s/f108.item,"Directeur des Caisses Locales cle Crédit Alutuel Agricole : Aïn-el-Asker, .M. G. Houde",Caisse Régionale de Crédit Mutuel Agricole du Nord de la Régence
NAME:BONETTE,Bonette,,unmatched,L1912-00548,Cercle Civil Français de Gabès,president,organisation_entry_officer_list,1897,100,https://gallica.bnf.fr/ark:/12148/bpt6k5505300s/f124.item,"prés lion., M. Bonette",Cercle Civil Français de Gabès
L1912-00767,Dabrigeon,L1912-00767,resolved,L1912-00548,Cercle Civil Français de Gabès,president,organisation_entry_officer_list,1897,100,https://gallica.bnf.fr/ark:/12148/bpt6k5505300s/f124.item,"prés., M. Dabrigeon",Cercle Civil Français de Gabès
L1912-01682,Malfilâtre,L1912-01682,resolved,L1912-00548,Cercle Civil Français de Gabès,secretary,organisation_entry_officer_list,1897,100,https://gallica.bnf.fr/ark:/12148/bpt6k5505300s/f124.item,"secr., M. Malfilâtre",Cercle Civil Français de Gabès
NAME:ALBERTINI,Albertini,,ambiguous,L1912-00548,Cercle Civil Français de Gabès,assessor,organisation_entry_officer_list,1897,100,https://gallica.bnf.fr/ark:/12148/bpt6k5505300s/f124.item,"assess., MM. Albertini, Laurent et Maubé.",Cercle Civil Français de Gabès
L1912-01593,Laurent,L1912-01593,resolved_fuzzy,L1912-00548,Cercle Civil Français de Gabès,assessor,organisation_entry_officer_list,1897,100,https://gallica.bnf.fr/ark:/12148/bpt6k5505300s/f124.item,"assess., MM. Albertini, Laurent et Maubé.",Cercle Civil Français de Gabès
NAME:MAUBE,Maubé,,unmatched,L1912-00548,Cercle Civil Français de Gabès,assessor,organisation_entry_officer_list,1897,100,https://gallica.bnf.fr/ark:/12148/bpt6k5505300s/f124.item,"assess., MM. Albertini, Laurent et Maubé.",Cercle Civil Français de Gabès
L1912-01171,Fleury,L1912-01171,resolved,L1912-00550,Cercle d'Escrime Français,president,organisation_entry_officer_list,1899,100,https://gallica.bnf.fr/ark:/12148/bpt6k5505300s/f124.item,"M. le Résident Général : MM. le baron Fleury, prés.",Cercle d'Escrime Français
L1912-01607,Lemanski,L1912-01607,resolved,L1912-00550,Cercle d'Escrime Français,vice_president,organisation_entry_officer_list,1899,100,https://gallica.bnf.fr/ark:/12148/bpt6k5505300s/f124.item,"Dr Lemanski et X..., v.- prés.",Cercle d'Escrime Français
NAME:BAIZEAU,Baizeau,,unmatched,L1912-00550,Cercle d'Escrime Français,secretary,organisation_entry_officer_list,1899,100,https://gallica.bnf.fr/ark:/12148/bpt6k5505300s/f124.item,"Baizeau, secr.",Cercle d'Escrime Français
NAME:COMBES,Combes,,ambiguous,L1912-00550,Cercle d'Escrime Français,deputy_secretary,organisation_entry_officer_list,1899,100,https://gallica.bnf.fr/ark:/12148/bpt6k5505300s/f124.item,"de Combes, secr.- adj.",Cercle d'Escrime Français
NAME:BOISSONNAS,Boissonnas,,unmatched,L1912-00550,Cercle d'Escrime Français,commissioner,organisation_entry_officer_list,1899,100,https://gallica.bnf.fr/ark:/12148/bpt6k5505300s/f124.item,"Boissonnas et Geofl'roy-Sainfe-J-Jilaire, commiss",Cercle d'Escrime Français
NAME:GEOFL ROY SAINFE J JILAIRE,Geofl'roy-Sainfe-J-Jilaire,,unmatched,L1912-00550,Cercle d'Escrime Français,commissioner,organisation_entry_officer_list,1899,100,https://gallica.bnf.fr/ark:/12148/bpt6k5505300s/f124.item,"Boissonnas et Geofl'roy-Sainfe-J-Jilaire, commiss",Cercle d'Escrime Français
NAME:SBRANA,Sbrana,,ambiguous,L1912-00552,Cercle International «L'Union»,president,organisation_entry_officer_list,1895,100,https://gallica.bnf.fr/ark:/12148/bpt6k5505300s/f124.item,"Prés., M. le D' Sbrana",Cercle International «L'Union»
NAME:C DIAEONO,C Diaeono,,ambiguous_fuzzy,L1912-00552,Cercle International «L'Union»,vice_president,organisation_entry_officer_list,1895,100,https://gallica.bnf.fr/ark:/12148/bpt6k5505300s/f124.item,"v.-prés., M. C. Diaeono",Cercle International «L'Union»
NAME:MOHAMED MUBROUK,Mohamed Mubrouk,,ambiguous,L1912-00552,Cercle International «L'Union»,commissioner,organisation_entry_officer_list,1895,100,https://gallica.bnf.fr/ark:/12148/bpt6k5505300s/f124.item,"commiss., MM. R. Sa.cuto et Mohamed Mubrouk",Cercle International «L'Union»
NAME:GABRIEL MEDINA,Gabriel Médina,,ambiguous,L1912-00552,Cercle International «L'Union»,president,organisation_entry_officer_list,1895,100,https://gallica.bnf.fr/ark:/12148/bpt6k5505300s/f124.item,"Ane. prés., MM'.' Gabriel Médina, Victor Sacuto, S. Barush",Cercle International «L'Union»
NAME:VICTOR SACUTO,Victor Sacuto,,unmatched,L1912-00552,Cercle International «L'Union»,president,organisation_entry_officer_list,1895,100,https://gallica.bnf.fr/ark:/12148/bpt6k5505300s/f124.item,"Ane. prés., MM'.' Gabriel Médina, Victor Sacuto, S. Barush",Cercle International «L'Union»
NAME:S BARUSH,S Barush,,unmatched,L1912-00552,Cercle International «L'Union»,president,organisation_entry_officer_list,1895,100,https://gallica.bnf.fr/ark:/12148/bpt6k5505300s/f124.item,"Ane. prés., MM'.' Gabriel Médina, Victor Sacuto, S. Barush",Cercle International «L'Union»
L1912-01482,Jules,L1912-01482,resolved_fuzzy,L1912-00554,Cercle du Progrès,vice_president,organisation_entry_officer_list,,100,https://gallica.bnf.fr/ark:/12148/bpt6k5505300s/f124.item,"Jules liessis et V. Bensasson, v.-prés.",Cercle du Progrès
NAME:V BENSASSON,V Bensasson,,ambiguous,L1912-00554,Cercle du Progrès,vice_president,organisation_entry_officer_list,,100,https://gallica.bnf.fr/ark:/12148/bpt6k5505300s/f124.item,"Jules liessis et V. Bensasson, v.-prés.",Cercle du Progrès
L1912-01702,Marcel Cauwel,L1912-01702,resolved_fuzzy,L1912-00554,Cercle du Progrès,secretary,organisation_entry_officer_list,,100,https://gallica.bnf.fr/ark:/12148/bpt6k5505300s/f124.item,"Marcel Cauwel, secr.",Cercle du Progrès
NAME:ZAOUCHE,Zaouche,,ambiguous,L1912-00556,Cercle Tunisien,president,organisation_entry_officer_list,1908,100,https://gallica.bnf.fr/ark:/12148/bpt6k5505300s/f124.item,"Zaouche, prés.",Cercle Tunisien
NAME:H BOU HADJEB,H Bou Hadjeb,,unmatched,L1912-00556,Cercle Tunisien,vice_president,organisation_entry_officer_list,1908,100,https://gallica.bnf.fr/ark:/12148/bpt6k5505300s/f124.item,"H. Bou Hadjeb, v.-prés.",Cercle Tunisien
NAME:HAIOUNI AZIZ,Haïouni Aziz,,unmatched,L1912-00556,Cercle Tunisien,secretary,organisation_entry_officer_list,1908,100,https://gallica.bnf.fr/ark:/12148/bpt6k5505300s/f124.item,"Haïouni Aziz, secr.",Cercle Tunisien
NAME:HASSEN GUELLATY,Hassen Guellaty,,ambiguous,L1912-00556,Cercle Tunisien,commissioner,organisation_entry_officer_list,1908,100,https://gallica.bnf.fr/ark:/12148/bpt6k5505300s/f124.item,"Ïîach-Hamba, Hassen Guellaty, Khaïrallah et Abdesselem Zaouche, commiss.",Cercle Tunisien
L1912-01506,Khaïrallah,L1912-01506,resolved,L1912-00556,Cercle Tunisien,commissioner,organisation_entry_officer_list,1908,100,https://gallica.bnf.fr/ark:/12148/bpt6k5505300s/f124.item,"Ïîach-Hamba, Hassen Guellaty, Khaïrallah et Abdesselem Zaouche, commiss.",Cercle Tunisien
NAME:ABDESSELEM ZAOUCHE,Abdesselem Zaouche,,ambiguous,L1912-00556,Cercle Tunisien,commissioner,organisation_entry_officer_list,1908,100,https://gallica.bnf.fr/ark:/12148/bpt6k5505300s/f124.item,"Ïîach-Hamba, Hassen Guellaty, Khaïrallah et Abdesselem Zaouche, commiss.",Cercle Tunisien
L1912-02398,Smaja,L1912-02398,resolved,L1912-00557,Cercle de l'Union,president,organisation_entry_officer_list,1910,100,https://gallica.bnf.fr/ark:/12148/bpt6k5505300s/f124.item,"MM. Smaja, prés.",Cercle de l'Union
NAME:J ATTAL,J Attal,,unmatched,L1912-00557,Cercle de l'Union,secretary,organisation_entry_officer_list,1910,100,https://gallica.bnf.fr/ark:/12148/bpt6k5505300s/f124.item,"J. Attal, secr.",Cercle de l'Union
NAME:MACTAR,Mactar,,unmatched,L1912-00578,Chambre d'Agriculture du Nord,member,organisation_entry_officer_list,1895,103,https://gallica.bnf.fr/ark:/12148/bpt6k5505300s/f127.item,"Siège à Tunis, rue d'Allemagne, n"" 4: 15 membres : 5 pour le caïdat. de la. banlieue de Tunis, 1 pour le caïdat de Zaghonan. 1 pour le caïdat de Tebourba, 2 pour le contrôle civil ",Chambre d'Agriculture du Nord
L1912-00521,Carnières,L1912-00521,resolved,L1912-00578,Chambre d'Agriculture du Nord,president,organisation_entry_officer_list,1895,103,https://gallica.bnf.fr/ark:/12148/bpt6k5505300s/f127.item,"BUREAU: MM. de Carnières, prés.",Chambre d'Agriculture du Nord
L1912-02020,Louis Pelletier,L1912-02020,resolved,L1912-00578,Chambre d'Agriculture du Nord,vice_president,organisation_entry_officer_list,1895,103,https://gallica.bnf.fr/ark:/12148/bpt6k5505300s/f127.item,"Louis Pelletier, v.-prés.",Chambre d'Agriculture du Nord
L1912-00106,Antoine Terras,L1912-00106,resolved,L1912-00578,Chambre d'Agriculture du Nord,secretary_general,organisation_entry_officer_list,1895,103,https://gallica.bnf.fr/ark:/12148/bpt6k5505300s/f127.item,"Antoine Terras, secr. gén.",Chambre d'Agriculture du Nord
L1912-02102,Poterie,L1912-02102,resolved,L1912-00578,Chambre d'Agriculture du Nord,member,organisation_entry_officer_list,1895,103,https://gallica.bnf.fr/ark:/12148/bpt6k5505300s/f127.item,"Poterie, Sof, Trouche, Truelle, membres",Chambre d'Agriculture du Nord
L1912-02443,Sof,L1912-02443,resolved,L1912-00578,Chambre d'Agriculture du Nord,member,organisation_entry_officer_list,1895,103,https://gallica.bnf.fr/ark:/12148/bpt6k5505300s/f127.item,"Poterie, Sof, Trouche, Truelle, membres",Chambre d'Agriculture du Nord
NAME:TROUCHE,Trouche,,unmatched,L1912-00578,Chambre d'Agriculture du Nord,member,organisation_entry_officer_list,1895,103,https://gallica.bnf.fr/ark:/12148/bpt6k5505300s/f127.item,"Poterie, Sof, Trouche, Truelle, membres",Chambre d'Agriculture du Nord
NAME:TRUELLE,Truelle,,unmatched,L1912-00578,Chambre d'Agriculture du Nord,member,organisation_entry_officer_list,1895,103,https://gallica.bnf.fr/ark:/12148/bpt6k5505300s/f127.item,"Poterie, Sof, Trouche, Truelle, membres",Chambre d'Agriculture du Nord
NAME:JEAN MARIE TERRAS,Jean-Marie Terras,,unmatched,L1912-00578,Chambre d'Agriculture du Nord,president,organisation_entry_officer_list,1895,103,https://gallica.bnf.fr/ark:/12148/bpt6k5505300s/f127.item,"Ane. prés., MM. Jean-Marie Terras, de 1892 à 1896, de Carnières, depuis 1896.",Chambre d'Agriculture du Nord
L1912-00521,Carnières,L1912-00521,resolved,L1912-00578,Chambre d'Agriculture du Nord,president,organisation_entry_officer_list,1895,103,https://gallica.bnf.fr/ark:/12148/bpt6k5505300s/f127.item,"Ane. prés., MM. Jean-Marie Terras, de 1892 à 1896, de Carnières, depuis 1896.",Chambre d'Agriculture du Nord
L1912-00478,A Busuttil,L1912-00478,resolved,L1912-00580,Chambre de Commerce Britannique,president,organisation_entry_officer_list,1899,103,https://gallica.bnf.fr/ark:/12148/bpt6k5505300s/f127.item,"BUREAU : MM. A. Busuttil, prés.",Chambre de Commerce Britannique
NAME:G MIFSUD,G Mifsud,,ambiguous,L1912-00580,Chambre de Commerce Britannique,vice_president,organisation_entry_officer_list,1899,103,https://gallica.bnf.fr/ark:/12148/bpt6k5505300s/f127.item,"G. Mifsud et E. Nani, v.-prés.",Chambre de Commerce Britannique
L1912-02767,E Nani,L1912-02767,resolved,L1912-00580,Chambre de Commerce Britannique,vice_president,organisation_entry_officer_list,1899,103,https://gallica.bnf.fr/ark:/12148/bpt6k5505300s/f127.item,"G. Mifsud et E. Nani, v.-prés.",Chambre de Commerce Britannique
NAME:E AZUELOS,E Azuelos,,unmatched,L1912-00580,Chambre de Commerce Britannique,secretary,organisation_entry_officer_list,1899,103,https://gallica.bnf.fr/ark:/12148/bpt6k5505300s/f127.item,"E. Azuelos, secr.",Chambre de Commerce Britannique
NAME:C SALIBA,C Saliba,,ambiguous,L1912-00580,Chambre de Commerce Britannique,member,organisation_entry_officer_list,1899,103,https://gallica.bnf.fr/ark:/12148/bpt6k5505300s/f127.item,"C. Saliba, Mac Inerny, S. Tabone, E. Licari, S. Xuereb, membres.",Chambre de Commerce Britannique
L1912-01451,Mac Inerny,L1912-01451,resolved,L1912-00580,Chambre de Commerce Britannique,member,organisation_entry_officer_list,1899,103,https://gallica.bnf.fr/ark:/12148/bpt6k5505300s/f127.item,"C. Saliba, Mac Inerny, S. Tabone, E. Licari, S. Xuereb, membres.",Chambre de Commerce Britannique
L1912-02500,S Tabone,L1912-02500,resolved,L1912-00580,Chambre de Commerce Britannique,member,organisation_entry_officer_list,1899,103,https://gallica.bnf.fr/ark:/12148/bpt6k5505300s/f127.item,"C. Saliba, Mac Inerny, S. Tabone, E. Licari, S. Xuereb, membres.",Chambre de Commerce Britannique
NAME:E LICARI,E Licari,,ambiguous,L1912-00580,Chambre de Commerce Britannique,member,organisation_entry_officer_list,1899,103,https://gallica.bnf.fr/ark:/12148/bpt6k5505300s/f127.item,"C. Saliba, Mac Inerny, S. Tabone, E. Licari, S. Xuereb, membres.",Chambre de Commerce Britannique
L1912-02779,S Xuereb,L1912-02779,resolved,L1912-00580,Chambre de Commerce Britannique,member,organisation_entry_officer_list,1899,103,https://gallica.bnf.fr/ark:/12148/bpt6k5505300s/f127.item,"C. Saliba, Mac Inerny, S. Tabone, E. Licari, S. Xuereb, membres.",Chambre de Commerce Britannique
NAME:CONSUL,Consul,,unmatched,L1912-00581,Chambre de Commerce Italienne,honorary_president,organisation_entry_officer_list,1884,103,https://gallica.bnf.fr/ark:/12148/bpt6k5505300s/f127.item,"Prés, d'honn., M. le Consul général d'Italie",Chambre de Commerce Italienne
L1912-00172,G Atlia,L1912-00172,resolved_fuzzy,L1912-00581,Chambre de Commerce Italienne,president,organisation_entry_officer_list,1884,103,https://gallica.bnf.fr/ark:/12148/bpt6k5505300s/f127.item,"MM. G. Atlia, prés.",Chambre de Commerce Italienne
NAME:S CANINO,S Canino,,unmatched,L1912-00581,Chambre de Commerce Italienne,vice_president,organisation_entry_officer_list,1884,103,https://gallica.bnf.fr/ark:/12148/bpt6k5505300s/f127.item,"S. Canino et Luigi Rey, v.-prés.",Chambre de Commerce Italienne
NAME:LUIGI REY,Luigi Rey,,ambiguous,L1912-00581,Chambre de Commerce Italienne,vice_president,organisation_entry_officer_list,1884,103,https://gallica.bnf.fr/ark:/12148/bpt6k5505300s/f127.item,"S. Canino et Luigi Rey, v.-prés.",Chambre de Commerce Italienne
NAME:V BOCCARA,V Boccara,,unmatched,L1912-00581,Chambre de Commerce Italienne,secretary,organisation_entry_officer_list,1884,103,https://gallica.bnf.fr/ark:/12148/bpt6k5505300s/f127.item,V. Boccara secr.,Chambre de Commerce Italienne
NAME:ANE,Ane,,unmatched,L1912-00581,Chambre de Commerce Italienne,president,organisation_entry_officer_list,1884,103,https://gallica.bnf.fr/ark:/12148/bpt6k5505300s/f127.item,Ane. prés.,Chambre de Commerce Italienne
L1912-00274,Bellot,L1912-00274,resolved,L1912-00582,Chambre de Commerce de Tunis,president,organisation_entry_officer_list,1885,103,https://gallica.bnf.fr/ark:/12148/bpt6k5505300s/f127.item,"Bellot, prés.",Chambre de Commerce de Tunis
L1912-02019,PelleL,L1912-02019,resolved_fuzzy,L1912-00582,Chambre de Commerce de Tunis,vice_president,organisation_entry_officer_list,1885,103,https://gallica.bnf.fr/ark:/12148/bpt6k5505300s/f127.item,PelleLv.-prés.,Chambre de Commerce de Tunis
L1912-00273,Bellissen,L1912-00273,resolved,L1912-00582,Chambre de Commerce de Tunis,secretary,organisation_entry_officer_list,1885,103,https://gallica.bnf.fr/ark:/12148/bpt6k5505300s/f127.item,"Bellissen, secr.",Chambre de Commerce de Tunis
L1912-02649,Auguste Ventre,L1912-02649,resolved,L1912-00582,Chambre de Commerce de Tunis,president,organisation_entry_officer_list,1885,103,https://gallica.bnf.fr/ark:/12148/bpt6k5505300s/f127.item,Ane. prés.: Auguste Ventre. 1885 à 1887. 1891 à 1893. 1895 à 1S96,Chambre de Commerce de Tunis
NAME:KAIROUAN,Kairouan,,unmatched,L1912-00583,Chambre mixte du Centre,member,organisation_entry_officer_list,1892,104,https://gallica.bnf.fr/ark:/12148/bpt6k5505300s/f128.item,"Se compose de 12 membres et comprend les contrôles de Sousse (10 membres), de Kairouan et de Tliala (2 membres)",Chambre mixte du Centre
NAME:TLIALA,Tliala,,unmatched,L1912-00583,Chambre mixte du Centre,member,organisation_entry_officer_list,1892,104,https://gallica.bnf.fr/ark:/12148/bpt6k5505300s/f128.item,"Se compose de 12 membres et comprend les contrôles de Sousse (10 membres), de Kairouan et de Tliala (2 membres)",Chambre mixte du Centre
NAME:CHAMBRES,Chambres,,unmatched,L1912-00583,Chambre mixte du Centre,treasurer,organisation_entry_officer_list,1892,104,https://gallica.bnf.fr/ark:/12148/bpt6k5505300s/f128.item,"Mêmes condition pour ""l'électoral et l'éligibilité que les autres Chambres",Chambre mixte du Centre
L1912-00404,Borlino,L1912-00404,resolved_fuzzy,L1912-00583,Chambre mixte du Centre,president,organisation_entry_officer_list,1892,104,https://gallica.bnf.fr/ark:/12148/bpt6k5505300s/f128.item,"BUHE.AU : MM. Guillcmard, président: Borlino, v.-prés.",Chambre mixte du Centre
L1912-00507,Canton,L1912-00507,resolved,L1912-00583,Chambre mixte du Centre,secretary,organisation_entry_officer_list,1892,104,https://gallica.bnf.fr/ark:/12148/bpt6k5505300s/f128.item,"Canton, secrétaire",Chambre mixte du Centre
NAME:LEFRONF,Lefronf,,unmatched,L1912-00583,Chambre mixte du Centre,treasurer,organisation_entry_officer_list,1892,104,https://gallica.bnf.fr/ark:/12148/bpt6k5505300s/f128.item,"Lefronf, trésorier",Chambre mixte du Centre
NAME:DEMANGE,Démange,,unmatched,L1912-00583,Chambre mixte du Centre,member,organisation_entry_officer_list,1892,104,https://gallica.bnf.fr/ark:/12148/bpt6k5505300s/f128.item,"Démange, Dupoux, Epinal, Grunig, Lotte, Mauras, Rofalo, Rielmann,membres",Chambre mixte du Centre
L1912-00976,Dupoux,L1912-00976,resolved,L1912-00583,Chambre mixte du Centre,member,organisation_entry_officer_list,1892,104,https://gallica.bnf.fr/ark:/12148/bpt6k5505300s/f128.item,"Démange, Dupoux, Epinal, Grunig, Lotte, Mauras, Rofalo, Rielmann,membres",Chambre mixte du Centre
NAME:EPINAL,Epinal,,ambiguous_fuzzy,L1912-00583,Chambre mixte du Centre,member,organisation_entry_officer_list,1892,104,https://gallica.bnf.fr/ark:/12148/bpt6k5505300s/f128.item,"Démange, Dupoux, Epinal, Grunig, Lotte, Mauras, Rofalo, Rielmann,membres",Chambre mixte du Centre
NAME:GRUNIG,Grunig,,unmatched,L1912-00583,Chambre mixte du Centre,member,organisation_entry_officer_list,1892,104,https://gallica.bnf.fr/ark:/12148/bpt6k5505300s/f128.item,"Démange, Dupoux, Epinal, Grunig, Lotte, Mauras, Rofalo, Rielmann,membres",Chambre mixte du Centre
L1912-01847,Lotte,L1912-01847,resolved_fuzzy,L1912-00583,Chambre mixte du Centre,member,organisation_entry_officer_list,1892,104,https://gallica.bnf.fr/ark:/12148/bpt6k5505300s/f128.item,"Démange, Dupoux, Epinal, Grunig, Lotte, Mauras, Rofalo, Rielmann,membres",Chambre mixte du Centre
L1912-01726,Mauras,L1912-01726,resolved_fuzzy,L1912-00583,Chambre mixte du Centre,member,organisation_entry_officer_list,1892,104,https://gallica.bnf.fr/ark:/12148/bpt6k5505300s/f128.item,"Démange, Dupoux, Epinal, Grunig, Lotte, Mauras, Rofalo, Rielmann,membres",Chambre mixte du Centre
L1912-02155,Rofalo,L1912-02155,resolved_fuzzy,L1912-00583,Chambre mixte du Centre,member,organisation_entry_officer_list,1892,104,https://gallica.bnf.fr/ark:/12148/bpt6k5505300s/f128.item,"Démange, Dupoux, Epinal, Grunig, Lotte, Mauras, Rofalo, Rielmann,membres",Chambre mixte du Centre
L1912-02182,Rielmann,L1912-02182,resolved_fuzzy,L1912-00583,Chambre mixte du Centre,member,organisation_entry_officer_list,1892,104,https://gallica.bnf.fr/ark:/12148/bpt6k5505300s/f128.item,"Démange, Dupoux, Epinal, Grunig, Lotte, Mauras, Rofalo, Rielmann,membres",Chambre mixte du Centre
L1912-02191,Gabriel Robert,L1912-02191,resolved,L1912-00583,Chambre mixte du Centre,past_president,organisation_entry_officer_list,1892,104,https://gallica.bnf.fr/ark:/12148/bpt6k5505300s/f128.item,"Anciens présidents : MM. Gabriel Robert, de .1.896 à. 1901: Docteur Lambert. de ""1902 à 1904",Chambre mixte du Centre
L1912-01579,Lambert,L1912-01579,resolved,L1912-00583,Chambre mixte du Centre,past_president,organisation_entry_officer_list,1892,104,https://gallica.bnf.fr/ark:/12148/bpt6k5505300s/f128.item,"Anciens présidents : MM. Gabriel Robert, de .1.896 à. 1901: Docteur Lambert. de ""1902 à 1904",Chambre mixte du Centre
L1912-02135,Raichlen,L1912-02135,resolved_fuzzy,L1912-00664,Club Nautique,president,organisation_entry_officer_list,,119,https://gallica.bnf.fr/ark:/12148/bpt6k5505300s/f143.item,"Bureau : MM. Raichlen, prés.",Club Nautique
L1912-00311,Berhaull,L1912-00311,resolved_fuzzy,L1912-00664,Club Nautique,vice_president,organisation_entry_officer_list,,119,https://gallica.bnf.fr/ark:/12148/bpt6k5505300s/f143.item,"Berhaull et Victor Roy, v.-prés.",Club Nautique
NAME:VICTOR ROY,Victor Roy,,unmatched,L1912-00664,Club Nautique,vice_president,organisation_entry_officer_list,,119,https://gallica.bnf.fr/ark:/12148/bpt6k5505300s/f143.item,"Berhaull et Victor Roy, v.-prés.",Club Nautique
NAME:RAIMBAUD,Raimbaud,,unmatched,L1912-00664,Club Nautique,deputy_secretary,organisation_entry_officer_list,,119,https://gallica.bnf.fr/ark:/12148/bpt6k5505300s/f143.item,"Raimbaud, secr. adj.",Club Nautique
NAME:ROY,Roy,,unmatched,L1912-00686,Comité d'Action Républicaine aux Colonies,president,organisation_entry_officer_list,1907,123,https://gallica.bnf.fr/ark:/12148/bpt6k5505300s/f147.item,"MM. Roy, prés.",Comité d'Action Républicaine aux Colonies
NAME:P EZON,P'ezon,,unmatched,L1912-00686,Comité d'Action Républicaine aux Colonies,vice_president,organisation_entry_officer_list,1907,123,https://gallica.bnf.fr/ark:/12148/bpt6k5505300s/f147.item,"P'ezon et Carrier, -v.-prés.",Comité d'Action Républicaine aux Colonies
L1912-00524,Carrier,L1912-00524,resolved,L1912-00686,Comité d'Action Républicaine aux Colonies,vice_president,organisation_entry_officer_list,1907,123,https://gallica.bnf.fr/ark:/12148/bpt6k5505300s/f147.item,"P'ezon et Carrier, -v.-prés.",Comité d'Action Républicaine aux Colonies
NAME:FEDERATION,Fédération,,unmatched,L1912-00687,Comité d'Action Républicaine aux Colonies,president,organisation_entry_officer_list,,123,https://gallica.bnf.fr/ark:/12148/bpt6k5505300s/f147.item,"Comité d'Action Républicaine aux Colonies. (Section de Tunis) : MM. Victor Communaux, prés, de la Fédération de' la Ligue de l'Enseignement, prés.",Comité d'Action Républicaine aux Colonies
L1912-00342,Bignens,L1912-00342,resolved,L1912-00687,Comité d'Action Républicaine aux Colonies,vice_president,organisation_entry_officer_list,,123,https://gallica.bnf.fr/ark:/12148/bpt6k5505300s/f147.item,"Bignens, v.-prés.",Comité d'Action Républicaine aux Colonies
NAME:LOUIS THOMAS,Louis Thomas,,ambiguous,L1912-00687,Comité d'Action Républicaine aux Colonies,secretary,organisation_entry_officer_list,,123,https://gallica.bnf.fr/ark:/12148/bpt6k5505300s/f147.item,"Louis Thomas, secr.",Comité d'Action Républicaine aux Colonies
L1912-00969,Ducas,L1912-00969,resolved_fuzzy,L1912-00687,Comité d'Action Républicaine aux Colonies,deputy_secretary,organisation_entry_officer_list,,123,https://gallica.bnf.fr/ark:/12148/bpt6k5505300s/f147.item,"Ducas, secr.-adj.",Comité d'Action Républicaine aux Colonies
NAME:PROUST,Proust,,ambiguous,L1912-00689,Comité directeur,president,organisation_entry_officer_list,,123,https://gallica.bnf.fr/ark:/12148/bpt6k5505300s/f147.item,"Proust, président",Comité directeur
NAME:LECORE CARPENTIER,Lecore-Carpentier,,unmatched,L1912-00689,Comité directeur,vice_president,organisation_entry_officer_list,,123,https://gallica.bnf.fr/ark:/12148/bpt6k5505300s/f147.item,"Lecore-Carpentier, G. Attia, J.-M. Terras, Watrin, v.-prés.",Comité directeur
L1912-00172,G Attia,L1912-00172,resolved,L1912-00689,Comité directeur,vice_president,organisation_entry_officer_list,,123,https://gallica.bnf.fr/ark:/12148/bpt6k5505300s/f147.item,"Lecore-Carpentier, G. Attia, J.-M. Terras, Watrin, v.-prés.",Comité directeur
NAME:J M TERRAS,J.-M Terras,,unmatched,L1912-00689,Comité directeur,vice_president,organisation_entry_officer_list,,123,https://gallica.bnf.fr/ark:/12148/bpt6k5505300s/f147.item,"Lecore-Carpentier, G. Attia, J.-M. Terras, Watrin, v.-prés.",Comité directeur
L1912-02685,Watrin,L1912-02685,resolved,L1912-00689,Comité directeur,vice_president,organisation_entry_officer_list,,123,https://gallica.bnf.fr/ark:/12148/bpt6k5505300s/f147.item,"Lecore-Carpentier, G. Attia, J.-M. Terras, Watrin, v.-prés.",Comité directeur
L1912-00240,Baron,L1912-00240,resolved,L1912-00689,Comité directeur,member,organisation_entry_officer_list,,123,https://gallica.bnf.fr/ark:/12148/bpt6k5505300s/f147.item,"Baron, Barrion, Berthier, A. Bussulil, B. Couiféas, C. Fabbri, Fitoussi, Baron Fleury, Guesnier, Guy de Farconconnel, Comte Landon de Longeville, D' Leiranski, Mucoli, Pierre Omess",Comité directeur
NAME:BARRION,Barrion,,unmatched,L1912-00689,Comité directeur,member,organisation_entry_officer_list,,123,https://gallica.bnf.fr/ark:/12148/bpt6k5505300s/f147.item,"Baron, Barrion, Berthier, A. Bussulil, B. Couiféas, C. Fabbri, Fitoussi, Baron Fleury, Guesnier, Guy de Farconconnel, Comte Landon de Longeville, D' Leiranski, Mucoli, Pierre Omess",Comité directeur
NAME:BERTHIER,Berthier,,unmatched,L1912-00689,Comité directeur,member,organisation_entry_officer_list,,123,https://gallica.bnf.fr/ark:/12148/bpt6k5505300s/f147.item,"Baron, Barrion, Berthier, A. Bussulil, B. Couiféas, C. Fabbri, Fitoussi, Baron Fleury, Guesnier, Guy de Farconconnel, Comte Landon de Longeville, D' Leiranski, Mucoli, Pierre Omess",Comité directeur
NAME:A BUSSULIL,A Bussulil,,unmatched,L1912-00689,Comité directeur,member,organisation_entry_officer_list,,123,https://gallica.bnf.fr/ark:/12148/bpt6k5505300s/f147.item,"Baron, Barrion, Berthier, A. Bussulil, B. Couiféas, C. Fabbri, Fitoussi, Baron Fleury, Guesnier, Guy de Farconconnel, Comte Landon de Longeville, D' Leiranski, Mucoli, Pierre Omess",Comité directeur
NAME:B COUIFEAS,B Couiféas,,unmatched,L1912-00689,Comité directeur,member,organisation_entry_officer_list,,123,https://gallica.bnf.fr/ark:/12148/bpt6k5505300s/f147.item,"Baron, Barrion, Berthier, A. Bussulil, B. Couiféas, C. Fabbri, Fitoussi, Baron Fleury, Guesnier, Guy de Farconconnel, Comte Landon de Longeville, D' Leiranski, Mucoli, Pierre Omess",Comité directeur
NAME:C FABBRI,C Fabbri,,unmatched,L1912-00689,Comité directeur,member,organisation_entry_officer_list,,123,https://gallica.bnf.fr/ark:/12148/bpt6k5505300s/f147.item,"Baron, Barrion, Berthier, A. Bussulil, B. Couiféas, C. Fabbri, Fitoussi, Baron Fleury, Guesnier, Guy de Farconconnel, Comte Landon de Longeville, D' Leiranski, Mucoli, Pierre Omess",Comité directeur
L1912-01165,Fitoussi,L1912-01165,resolved,L1912-00689,Comité directeur,member,organisation_entry_officer_list,,123,https://gallica.bnf.fr/ark:/12148/bpt6k5505300s/f147.item,"Baron, Barrion, Berthier, A. Bussulil, B. Couiféas, C. Fabbri, Fitoussi, Baron Fleury, Guesnier, Guy de Farconconnel, Comte Landon de Longeville, D' Leiranski, Mucoli, Pierre Omess",Comité directeur
L1912-01171,Fleury,L1912-01171,resolved,L1912-00689,Comité directeur,member,organisation_entry_officer_list,,123,https://gallica.bnf.fr/ark:/12148/bpt6k5505300s/f147.item,"Baron, Barrion, Berthier, A. Bussulil, B. Couiféas, C. Fabbri, Fitoussi, Baron Fleury, Guesnier, Guy de Farconconnel, Comte Landon de Longeville, D' Leiranski, Mucoli, Pierre Omess",Comité directeur
L1912-01325,Guesnier,L1912-01325,resolved_fuzzy,L1912-00689,Comité directeur,member,organisation_entry_officer_list,,123,https://gallica.bnf.fr/ark:/12148/bpt6k5505300s/f147.item,"Baron, Barrion, Berthier, A. Bussulil, B. Couiféas, C. Fabbri, Fitoussi, Baron Fleury, Guesnier, Guy de Farconconnel, Comte Landon de Longeville, D' Leiranski, Mucoli, Pierre Omess",Comité directeur
L1912-01343,Guy,L1912-01343,resolved,L1912-00689,Comité directeur,member,organisation_entry_officer_list,,123,https://gallica.bnf.fr/ark:/12148/bpt6k5505300s/f147.item,"Baron, Barrion, Berthier, A. Bussulil, B. Couiféas, C. Fabbri, Fitoussi, Baron Fleury, Guesnier, Guy de Farconconnel, Comte Landon de Longeville, D' Leiranski, Mucoli, Pierre Omess",Comité directeur
NAME:LANDON,Landon,,ambiguous_fuzzy,L1912-00689,Comité directeur,member,organisation_entry_officer_list,,123,https://gallica.bnf.fr/ark:/12148/bpt6k5505300s/f147.item,"Baron, Barrion, Berthier, A. Bussulil, B. Couiféas, C. Fabbri, Fitoussi, Baron Fleury, Guesnier, Guy de Farconconnel, Comte Landon de Longeville, D' Leiranski, Mucoli, Pierre Omess",Comité directeur
NAME:LEIRANSKI,Leiranski,,unmatched,L1912-00689,Comité directeur,member,organisation_entry_officer_list,,123,https://gallica.bnf.fr/ark:/12148/bpt6k5505300s/f147.item,"Baron, Barrion, Berthier, A. Bussulil, B. Couiféas, C. Fabbri, Fitoussi, Baron Fleury, Guesnier, Guy de Farconconnel, Comte Landon de Longeville, D' Leiranski, Mucoli, Pierre Omess",Comité directeur
L1912-02159,Remy,L1912-02159,resolved,L1912-00690,Comité d'initiative du N.-O,vice_president,organisation_entry_officer_list,,123,https://gallica.bnf.fr/ark:/12148/bpt6k5505300s/f147.item,"vice-présidents, MM. llanoun et Remy",Comité d'initiative du N.-O
NAME:MAZURKIEWIEZ,Mazurkiewiez,,unmatched,L1912-00690,Comité d'initiative du N.-O,secretary_general,organisation_entry_officer_list,,123,https://gallica.bnf.fr/ark:/12148/bpt6k5505300s/f147.item,"secrétaire général, M. Mazurkiewiez. huissier à Soukel-Arba.",Comité d'initiative du N.-O
L1912-02172,Reynaud,L1912-02172,resolved,L1912-00690,Comité d'initiative du N.-O,treasurer,organisation_entry_officer_list,,123,https://gallica.bnf.fr/ark:/12148/bpt6k5505300s/f147.item,"trésorier, M. N.: secrétaire, M. Reynaud.",Comité d'initiative du N.-O
L1912-00964,Duffau,L1912-00964,resolved,L1912-00691,Comité local de l'Orphelinat de l'Enseignement primaire de France,secretary,organisation_entry_officer_list,1886,123,https://gallica.bnf.fr/ark:/12148/bpt6k5505300s/f147.item,"Duffau, secr.",Comité local de l'Orphelinat de l'Enseignement primaire de France
L1912-00507,Canton,L1912-00507,resolved,L1912-00691,Comité local de l'Orphelinat de l'Enseignement primaire de France,member,organisation_entry_officer_list,1886,123,https://gallica.bnf.fr/ark:/12148/bpt6k5505300s/f147.item,"Canton, Guillot, Combaz, Khemis, Vaudaine, membres",Comité local de l'Orphelinat de l'Enseignement primaire de France
L1912-01337,Guillot,L1912-01337,resolved,L1912-00691,Comité local de l'Orphelinat de l'Enseignement primaire de France,member,organisation_entry_officer_list,1886,123,https://gallica.bnf.fr/ark:/12148/bpt6k5505300s/f147.item,"Canton, Guillot, Combaz, Khemis, Vaudaine, membres",Comité local de l'Orphelinat de l'Enseignement primaire de France
L1912-00682,Combaz,L1912-00682,resolved,L1912-00691,Comité local de l'Orphelinat de l'Enseignement primaire de France,member,organisation_entry_officer_list,1886,123,https://gallica.bnf.fr/ark:/12148/bpt6k5505300s/f147.item,"Canton, Guillot, Combaz, Khemis, Vaudaine, membres",Comité local de l'Orphelinat de l'Enseignement primaire de France
NAME:KHEMIS,Khemis,,unmatched,L1912-00691,Comité local de l'Orphelinat de l'Enseignement primaire de France,member,organisation_entry_officer_list,1886,123,https://gallica.bnf.fr/ark:/12148/bpt6k5505300s/f147.item,"Canton, Guillot, Combaz, Khemis, Vaudaine, membres",Comité local de l'Orphelinat de l'Enseignement primaire de France
NAME:VAUDAINE,Vaudaine,,unmatched,L1912-00691,Comité local de l'Orphelinat de l'Enseignement primaire de France,member,organisation_entry_officer_list,1886,123,https://gallica.bnf.fr/ark:/12148/bpt6k5505300s/f147.item,"Canton, Guillot, Combaz, Khemis, Vaudaine, membres",Comité local de l'Orphelinat de l'Enseignement primaire de France
L1912-00529,Carton,L1912-00529,resolved,L1912-00693,Comité des Sites et Monuments Pittoresques du Touring-Club de France,president,organisation_entry_officer_list,1906,123,https://gallica.bnf.fr/ark:/12148/bpt6k5505300s/f147.item,"MM. le Dr Carton, prés.",Comité des Sites et Monuments Pittoresques du Touring-Club de France
NAME:ANTIQUITES,Antiquités,,unmatched,L1912-00693,Comité des Sites et Monuments Pittoresques du Touring-Club de France,director,organisation_entry_officer_list,1906,123,https://gallica.bnf.fr/ark:/12148/bpt6k5505300s/f147.item,"Merlin, directeur des Antiquités, et Pauthierprofesseur au lycée Carnot,v.-prés.",Comité des Sites et Monuments Pittoresques du Touring-Club de France
NAME:FRETIN,Fretin,,unmatched,L1912-00693,Comité des Sites et Monuments Pittoresques du Touring-Club de France,secretary_general,organisation_entry_officer_list,1906,123,https://gallica.bnf.fr/ark:/12148/bpt6k5505300s/f147.item,"Fretin, professeur au lycée Carnot, secr. gén.",Comité des Sites et Monuments Pittoresques du Touring-Club de France
NAME:FERIOUILLET,Feriouillet,,unmatched,L1912-00693,Comité des Sites et Monuments Pittoresques du Touring-Club de France,secretary,organisation_entry_officer_list,1906,123,https://gallica.bnf.fr/ark:/12148/bpt6k5505300s/f147.item,"Feriouillet, secr",Comité des Sites et Monuments Pittoresques du Touring-Club de France
L1912-01702,Marcel Trelat,L1912-01702,resolved_fuzzy,L1912-00703,Compagnie des Chemins de fer de Bône-Guelma et prolongements,president,organisation_entry_officer_list,,125,https://gallica.bnf.fr/ark:/12148/bpt6k5505300s/f149.item,"Président du Conseil d'administration : M. Marcel Trelat, 87, avenue de Wagran, à Paris",Compagnie des Chemins de fer de Bône-Guelma et prolongements
L1912-02246,Sainl-Roinas,L1912-02246,resolved_fuzzy,L1912-00703,Compagnie des Chemins de fer de Bône-Guelma et prolongements,director,organisation_entry_officer_list,,125,https://gallica.bnf.fr/ark:/12148/bpt6k5505300s/f149.item,"Directeur de la Compagnie : M. Sainl-Roinas, ingénieur en chef des Ponls-et-Chaussées, à Tunis",Compagnie des Chemins de fer de Bône-Guelma et prolongements
L1912-02135,Louis Raichlen,L1912-02135,resolved_fuzzy,L1912-00708,Compagnie générale Transatlantique,director,organisation_entry_officer_list,,127,https://gallica.bnf.fr/ark:/12148/bpt6k5505300s/f151.item,Télôph. 16. Directeur : M. Louis Raichlen.,Compagnie générale Transatlantique
NAME:LEON,Léon,,unmatched,L1912-00715,Compagnie des stations hivernales africaines,president,organisation_entry_officer_list,1900,129,https://gallica.bnf.fr/ark:/12148/bpt6k5505300s/f153.item,"Conseil (l'administration : MM. Léon flrosdi, président",Compagnie des stations hivernales africaines
L1912-01702,Marcel Ballot,L1912-01702,resolved_fuzzy,L1912-00715,Compagnie des stations hivernales africaines,member,organisation_entry_officer_list,1900,129,https://gallica.bnf.fr/ark:/12148/bpt6k5505300s/f153.item,"Marcel Ballot, Guy de Farconnel el Lecore-Curpenlier, membres.",Compagnie des stations hivernales africaines
L1912-01343,Guy,L1912-01343,resolved,L1912-00715,Compagnie des stations hivernales africaines,member,organisation_entry_officer_list,1900,129,https://gallica.bnf.fr/ark:/12148/bpt6k5505300s/f153.item,"Marcel Ballot, Guy de Farconnel el Lecore-Curpenlier, membres.",Compagnie des stations hivernales africaines
NAME:AFFAIRES,Affaires,,unmatched,L1912-00721,Conférence Consultative,treasurer,organisation_entry_officer_list,1891,129,https://gallica.bnf.fr/ark:/12148/bpt6k5505300s/f153.item,"La Conférence Consultative fut créée par le Résident général Massicault, M. Ribot étant ministre des Affaires étrangères, en 1891, pour permettre à. l'adnu'nistration de recevoir l",Conférence Consultative
L1912-00596,Charléty,L1912-00596,resolved,L1912-00721,Conférence Consultative,president,organisation_entry_officer_list,1891,129,https://gallica.bnf.fr/ark:/12148/bpt6k5505300s/f153.item,"Président, M. Charléty, directeur de l'Enseignement, le secrétaire général, M. Roy ou son délégué le cheikh El-Medina Si Sadok Ghileb",Conférence Consultative
NAME:KHALDOUNIA,Khaldounia,,unmatched,L1912-00721,Conférence Consultative,president,organisation_entry_officer_list,1891,129,https://gallica.bnf.fr/ark:/12148/bpt6k5505300s/f153.item,"président de la Khaldounia, M. Lasram",Conférence Consultative
NAME:MINIS,Minis,,unmatched,L1912-00721,Conférence Consultative,treasurer,organisation_entry_officer_list,1891,129,https://gallica.bnf.fr/ark:/12148/bpt6k5505300s/f153.item,Conseil des Ministres,Conférence Consultative
NAME:RESIDENT GENERAL,Résident Général,,unmatched,L1912-00721,Conférence Consultative,treasurer,organisation_entry_officer_list,1891,129,https://gallica.bnf.fr/ark:/12148/bpt6k5505300s/f153.item,"Le Conseil des ministres et chefs de services du Gouvernement tunisien, délibérant sous la. présidence du représentant de la France, le Résident Général, est chargé 6e préparer le ",Conférence Consultative
NAME:JUSTICE,Justice,,unmatched,L1912-00721,Conférence Consultative,secretary,organisation_entry_officer_list,1891,129,https://gallica.bnf.fr/ark:/12148/bpt6k5505300s/f153.item,"Télégraphe, et des deux secrétaires généraux : Justice et Administration",Conférence Consultative
L1912-00521,Carnières,L1912-00521,resolved,L1912-00721,Conférence Consultative,member,organisation_entry_officer_list,1891,129,https://gallica.bnf.fr/ark:/12148/bpt6k5505300s/f153.item,La première réunion de ce Conseil a eu lieu en décembre 1910. Les membres de la Conférence délégués au Conseil supérieur sont pour la section française et pour l'année 1911 : MM. d,Conférence Consultative
NAME:LECORE CARPENLIER,Lecore-Carpenlier,,unmatched,L1912-00721,Conférence Consultative,member,organisation_entry_officer_list,1891,129,https://gallica.bnf.fr/ark:/12148/bpt6k5505300s/f153.item,La première réunion de ce Conseil a eu lieu en décembre 1910. Les membres de la Conférence délégués au Conseil supérieur sont pour la section française et pour l'année 1911 : MM. d,Conférence Consultative
L1912-01923,Omessa,L1912-01923,resolved,L1912-00721,Conférence Consultative,member,organisation_entry_officer_list,1891,129,https://gallica.bnf.fr/ark:/12148/bpt6k5505300s/f153.item,La première réunion de ce Conseil a eu lieu en décembre 1910. Les membres de la Conférence délégués au Conseil supérieur sont pour la section française et pour l'année 1911 : MM. d,Conférence Consultative
L1912-01165,Fitoussi,L1912-01165,resolved,L1912-00721,Conférence Consultative,member,organisation_entry_officer_list,1891,129,https://gallica.bnf.fr/ark:/12148/bpt6k5505300s/f153.item,La première réunion de ce Conseil a eu lieu en décembre 1910. Les membres de la Conférence délégués au Conseil supérieur sont pour la section française et pour l'année 1911 : MM. d,Conférence Consultative
NAME:LEZZAM,Lezzam,,unmatched,L1912-00721,Conférence Consultative,member,organisation_entry_officer_list,1891,129,https://gallica.bnf.fr/ark:/12148/bpt6k5505300s/f153.item,La première réunion de ce Conseil a eu lieu en décembre 1910. Les membres de la Conférence délégués au Conseil supérieur sont pour la section française et pour l'année 1911 : MM. d,Conférence Consultative
NAME:AIN CL ASKER,Aïn-cl-Asker,,unmatched,L1912-00732,Coopératives agricoles locales,president,organisation_entry_officer_list,,134,https://gallica.bnf.fr/ark:/12148/bpt6k5505300s/f158.item,"Elles sont au nombre de six : Aïn-cl-Asker. — MM. G. I-Ioude, prés.",Coopératives agricoles locales
L1912-01482,Jules Mabilon,L1912-01482,resolved_fuzzy,L1912-00732,Coopératives agricoles locales,vice_president,organisation_entry_officer_list,,134,https://gallica.bnf.fr/ark:/12148/bpt6k5505300s/f158.item,"Jules Mabilon, v.-prés.",Coopératives agricoles locales
NAME:VACON,Vacon,,unmatched,L1912-00732,Coopératives agricoles locales,secretary,organisation_entry_officer_list,,134,https://gallica.bnf.fr/ark:/12148/bpt6k5505300s/f158.item,"Le Vacon, secr",Coopératives agricoles locales
NAME:GOUBELLAT,Goubellat,,unmatched,L1912-00732,Coopératives agricoles locales,president,organisation_entry_officer_list,,134,https://gallica.bnf.fr/ark:/12148/bpt6k5505300s/f158.item,"Goubellat. — MM. L. Garçon, prés.",Coopératives agricoles locales
NAME:JACQUES,Jacques,,unmatched,L1912-00732,Coopératives agricoles locales,vice_president,organisation_entry_officer_list,,134,https://gallica.bnf.fr/ark:/12148/bpt6k5505300s/f158.item,"Jacques, v.-prés.",Coopératives agricoles locales
NAME:MNRT IMER,Mnrt'imer,,unmatched,L1912-00732,Coopératives agricoles locales,president,organisation_entry_officer_list,,134,https://gallica.bnf.fr/ark:/12148/bpt6k5505300s/f158.item,"Massicault. — MM. Gille. prés.: Mnrt'imer, v.-prés.",Coopératives agricoles locales
NAME:MESELON,Meselon,,unmatched,L1912-00732,Coopératives agricoles locales,assessor,organisation_entry_officer_list,,134,https://gallica.bnf.fr/ark:/12148/bpt6k5505300s/f158.item,"Meselon, Henri Cbarvin, assess",Coopératives agricoles locales
NAME:HENRI CBARVIN,Henri Cbarvin,,ambiguous_fuzzy,L1912-00732,Coopératives agricoles locales,assessor,organisation_entry_officer_list,,134,https://gallica.bnf.fr/ark:/12148/bpt6k5505300s/f158.item,"Meselon, Henri Cbarvin, assess",Coopératives agricoles locales
NAME:MATEUR,Mateur,,unmatched,L1912-00732,Coopératives agricoles locales,president,organisation_entry_officer_list,,134,https://gallica.bnf.fr/ark:/12148/bpt6k5505300s/f158.item,"Mateur. — MM. La.palu, prés.",Coopératives agricoles locales
L1912-02196,Roederer,L1912-02196,resolved,L1912-00732,Coopératives agricoles locales,vice_president,organisation_entry_officer_list,,134,https://gallica.bnf.fr/ark:/12148/bpt6k5505300s/f158.item,"Roederer, v.-prés.",Coopératives agricoles locales
L1912-00524,Carrier,L1912-00524,resolved,L1912-00732,Coopératives agricoles locales,president,organisation_entry_officer_list,,134,https://gallica.bnf.fr/ark:/12148/bpt6k5505300s/f158.item,"Carrier, prés.",Coopératives agricoles locales
NAME:TEBOURBA,Tébourba,,unmatched,L1912-00732,Coopératives agricoles locales,president,organisation_entry_officer_list,,134,https://gallica.bnf.fr/ark:/12148/bpt6k5505300s/f158.item,"Tébourba. — MM. Trouillet, prés.",Coopératives agricoles locales
NAME:ROUSSEAUX,Rousseaux,,unmatched,L1912-00732,Coopératives agricoles locales,vice_president,organisation_entry_officer_list,,134,https://gallica.bnf.fr/ark:/12148/bpt6k5505300s/f158.item,"Rousseaux, v.-prés.",Coopératives agricoles locales
NAME:CARNET,Carnet,,unmatched,L1912-00732,Coopératives agricoles locales,secretary,organisation_entry_officer_list,,134,https://gallica.bnf.fr/ark:/12148/bpt6k5505300s/f158.item,"Carnet, secr.",Coopératives agricoles locales
NAME:COLONIE,Colonie,,unmatched,L1912-00733,Cooperativa italiana di Crédito,treasurer,organisation_entry_officer_list,1900,135,https://gallica.bnf.fr/ark:/12148/bpt6k5505300s/f159.item,"Siège social : rue Es-Sadikia, n° 7. BUT :'La Coopérative a pour but de faciliter les rapports et les échanges entre la Colonie italienne de Tunis et la mère patrie, en procurant l",Cooperativa italiana di Crédito
NAME:ELIA,Elia,,unmatched,L1912-00733,Cooperativa italiana di Crédito,councillor,organisation_entry_officer_list,1900,135,https://gallica.bnf.fr/ark:/12148/bpt6k5505300s/f159.item,"conseillers, ca. uff. • Dr Petro Brignone, Elia",Cooperativa italiana di Crédito
NAME:LAGRENEE,Lagrenée,,unmatched,L1912-00756,Croix-Rouge Française,vice_president,organisation_entry_officer_list,1892,140,https://gallica.bnf.fr/ark:/12148/bpt6k5505300s/f164.item,"v.-prés. : M"""" Lagrenée, Machuel, de Labonne",Croix-Rouge Française
L1912-01657,Machuel,L1912-01657,resolved,L1912-00756,Croix-Rouge Française,vice_president,organisation_entry_officer_list,1892,140,https://gallica.bnf.fr/ark:/12148/bpt6k5505300s/f164.item,"v.-prés. : M"""" Lagrenée, Machuel, de Labonne",Croix-Rouge Française
NAME:LABONNE,Labonne,,unmatched,L1912-00756,Croix-Rouge Française,vice_president,organisation_entry_officer_list,1892,140,https://gallica.bnf.fr/ark:/12148/bpt6k5505300s/f164.item,"v.-prés. : M"""" Lagrenée, Machuel, de Labonne",Croix-Rouge Française
NAME:D BRAQUEHAYE,D Braquehaye,,unmatched,L1912-00756,Croix-Rouge Française,secretary_general,organisation_entry_officer_list,1892,140,https://gallica.bnf.fr/ark:/12148/bpt6k5505300s/f164.item,"secret. gén. : M. le D"" Braquehaye, chirurgien en chef de l'hôpital civil",Croix-Rouge Française
NAME:PONZEVERA,Ponzevera,,unmatched,L1912-00756,Croix-Rouge Française,secretary,organisation_entry_officer_list,1892,140,https://gallica.bnf.fr/ark:/12148/bpt6k5505300s/f164.item,"secr. : M"""""" Ponzevera et Larbey",Croix-Rouge Française
NAME:PICHON,Pichon,,unmatched,L1912-00756,Croix-Rouge Française,president,organisation_entry_officer_list,1892,140,https://gallica.bnf.fr/ark:/12148/bpt6k5505300s/f164.item,"Prés. hon. : M"""" Pichon, M'"" 0 la générale Roux el M""' R. Millet",Croix-Rouge Française
NAME:BEY,Bey,,unmatched,L1912-00756,Croix-Rouge Française,honorary_president,organisation_entry_officer_list,1892,140,https://gallica.bnf.fr/ark:/12148/bpt6k5505300s/f164.item,"présidents d'honneur : S. A. le Bey de Tunis, M. le Résident Général Alapelile el M. le général Pistor, commandant la Division",Croix-Rouge Française
L1912-02521,Taverna,L1912-02521,resolved_fuzzy,L1912-00756,Croix-Rouge Française,president,organisation_entry_officer_list,1892,140,https://gallica.bnf.fr/ark:/12148/bpt6k5505300s/f164.item,"M. le général Taverna, prés.",Croix-Rouge Française
NAME:TROLI,Troli,,unmatched,L1912-00756,Croix-Rouge Française,vice_president,organisation_entry_officer_list,1892,140,https://gallica.bnf.fr/ark:/12148/bpt6k5505300s/f164.item,"MM. le comte Troli, le marquis Maurigi et le comte Délia Somaglia, v.-prés.",Croix-Rouge Française
NAME:MAURIGI,Maurigi,,unmatched,L1912-00756,Croix-Rouge Française,vice_president,organisation_entry_officer_list,1892,140,https://gallica.bnf.fr/ark:/12148/bpt6k5505300s/f164.item,"MM. le comte Troli, le marquis Maurigi et le comte Délia Somaglia, v.-prés.",Croix-Rouge Française
NAME:DELIA SOMAGLIA,Délia Somaglia,,unmatched,L1912-00756,Croix-Rouge Française,vice_president,organisation_entry_officer_list,1892,140,https://gallica.bnf.fr/ark:/12148/bpt6k5505300s/f164.item,"MM. le comte Troli, le marquis Maurigi et le comte Délia Somaglia, v.-prés.",Croix-Rouge Française
NAME:BALESTRA,Balestra,,unmatched,L1912-00756,Croix-Rouge Française,assessor,organisation_entry_officer_list,1892,140,https://gallica.bnf.fr/ark:/12148/bpt6k5505300s/f164.item,"assess.: Dr Balestra, ingénieur Cadolini, ingénieur Cadolini, sénateur Cavaceppi, avocat Lupacchioli, prof",Croix-Rouge Française
NAME:CADOLINI,Cadolini,,unmatched,L1912-00756,Croix-Rouge Française,assessor,organisation_entry_officer_list,1892,140,https://gallica.bnf.fr/ark:/12148/bpt6k5505300s/f164.item,"assess.: Dr Balestra, ingénieur Cadolini, ingénieur Cadolini, sénateur Cavaceppi, avocat Lupacchioli, prof",Croix-Rouge Française
NAME:CADOLINI,Cadolini,,unmatched,L1912-00756,Croix-Rouge Française,assessor,organisation_entry_officer_list,1892,140,https://gallica.bnf.fr/ark:/12148/bpt6k5505300s/f164.item,"assess.: Dr Balestra, ingénieur Cadolini, ingénieur Cadolini, sénateur Cavaceppi, avocat Lupacchioli, prof",Croix-Rouge Française
NAME:LUPACCHIOLI,Lupacchioli,,unmatched,L1912-00756,Croix-Rouge Française,assessor,organisation_entry_officer_list,1892,140,https://gallica.bnf.fr/ark:/12148/bpt6k5505300s/f164.item,"assess.: Dr Balestra, ingénieur Cadolini, ingénieur Cadolini, sénateur Cavaceppi, avocat Lupacchioli, prof",Croix-Rouge Française
NAME:CARDORNA,Cardorna,,unmatched,L1912-00756,Croix-Rouge Française,past_president,organisation_entry_officer_list,1892,140,https://gallica.bnf.fr/ark:/12148/bpt6k5505300s/f164.item,"Anciens présidents : MM. le sénateur Guicciardi jusqu'à, l'année 1S84, le général Cardorna jusqu'en 1SS6. comte Délia Somaglia jusqu'en 1896 j général Taverna, sénateur, président ",Croix-Rouge Française
NAME:FIDEI,Fidei,,unmatched,L1912-00756,Croix-Rouge Française,treasurer,organisation_entry_officer_list,1892,140,https://gallica.bnf.fr/ark:/12148/bpt6k5505300s/f164.item,"au centre de la croix esl, un cercle enfermant les clefs de SaintPierre posées en sautoir et surmontées de la. tiare avec cette devise : «Fidei el virtuti». Celte croix est suspend",Croix-Rouge Française
L1912-02203,Roman,L1912-02203,resolved_fuzzy,L1912-00757,Croix-Verte de Tunis,vice_president,organisation_entry_officer_list,1894,141,https://gallica.bnf.fr/ark:/12148/bpt6k5505300s/f165.item,"Roman et Stephanini, v.-prés.",Croix-Verte de Tunis
NAME:STEPHANINI,Stephanini,,unmatched,L1912-00757,Croix-Verte de Tunis,vice_president,organisation_entry_officer_list,1894,141,https://gallica.bnf.fr/ark:/12148/bpt6k5505300s/f165.item,"Roman et Stephanini, v.-prés.",Croix-Verte de Tunis
NAME:GUODAGNINO,Guodagnino,,unmatched,L1912-00757,Croix-Verte de Tunis,secretary,organisation_entry_officer_list,1894,141,https://gallica.bnf.fr/ark:/12148/bpt6k5505300s/f165.item,"Guodagnino, secr.",Croix-Verte de Tunis
NAME:STEPHANINI,Stephanini,,unmatched,L1912-00757,Croix-Verte de Tunis,president,organisation_entry_officer_list,1894,141,https://gallica.bnf.fr/ark:/12148/bpt6k5505300s/f165.item,"Ane. prés.: MM.Perpétua, Stephanini, Converti, Catania et Soria",Croix-Verte de Tunis
L1912-00731,Converti,L1912-00731,resolved,L1912-00757,Croix-Verte de Tunis,president,organisation_entry_officer_list,1894,141,https://gallica.bnf.fr/ark:/12148/bpt6k5505300s/f165.item,"Ane. prés.: MM.Perpétua, Stephanini, Converti, Catania et Soria",Croix-Verte de Tunis
NAME:CATANIA,Catania,,unmatched,L1912-00757,Croix-Verte de Tunis,president,organisation_entry_officer_list,1894,141,https://gallica.bnf.fr/ark:/12148/bpt6k5505300s/f165.item,"Ane. prés.: MM.Perpétua, Stephanini, Converti, Catania et Soria",Croix-Verte de Tunis
NAME:SORIA,Soria,,unmatched,L1912-00757,Croix-Verte de Tunis,president,organisation_entry_officer_list,1894,141,https://gallica.bnf.fr/ark:/12148/bpt6k5505300s/f165.item,"Ane. prés.: MM.Perpétua, Stephanini, Converti, Catania et Soria",Croix-Verte de Tunis
NAME:ILS,Ils,,unmatched,L1912-00764,Cultes,president,organisation_entry_officer_list,,142,https://gallica.bnf.fr/ark:/12148/bpt6k5505300s/f166.item,Ils élisent ensemble leur président,Cultes
NAME:BLANC,Blanc,,ambiguous,L1912-01073,Enfants de l'Aude,honorary_president,organisation_entry_officer_list,1907,178,https://gallica.bnf.fr/ark:/12148/bpt6k5505300s/f202.item,"Prés, d'honn., M. Blanc, secrétaire général du Gouvernement tunisien",Enfants de l'Aude
L1912-00281,Bénazet A,L1912-00281,resolved,L1912-01073,Enfants de l'Aude,president,organisation_entry_officer_list,1907,178,https://gallica.bnf.fr/ark:/12148/bpt6k5505300s/f202.item,"prés, depuis la fondation : M. Bénazet A.",Enfants de l'Aude
NAME:BOURREL,Bourrel,,unmatched,L1912-01073,Enfants de l'Aude,vice_president,organisation_entry_officer_list,1907,178,https://gallica.bnf.fr/ark:/12148/bpt6k5505300s/f202.item,"vice-prés., M. Bourrel",Enfants de l'Aude
NAME:GROS,Gros,,unmatched,L1912-01073,Enfants de l'Aude,deputy_secretary,organisation_entry_officer_list,1907,178,https://gallica.bnf.fr/ark:/12148/bpt6k5505300s/f202.item,secr.-adj. : M. Gros,Enfants de l'Aude
NAME:MALIS,Malis,,unmatched,L1912-01073,Enfants de l'Aude,assessor,organisation_entry_officer_list,1907,178,https://gallica.bnf.fr/ark:/12148/bpt6k5505300s/f202.item,"assesseurs, MM. Malis, Carbonnel, Courtade F. et Marlinolles",Enfants de l'Aude
NAME:CARBONNEL,Carbonnel,,unmatched,L1912-01073,Enfants de l'Aude,assessor,organisation_entry_officer_list,1907,178,https://gallica.bnf.fr/ark:/12148/bpt6k5505300s/f202.item,"assesseurs, MM. Malis, Carbonnel, Courtade F. et Marlinolles",Enfants de l'Aude
NAME:COURTADE F,Courtade F,,unmatched,L1912-01073,Enfants de l'Aude,assessor,organisation_entry_officer_list,1907,178,https://gallica.bnf.fr/ark:/12148/bpt6k5505300s/f202.item,"assesseurs, MM. Malis, Carbonnel, Courtade F. et Marlinolles",Enfants de l'Aude
NAME:MARLINOLLES,Marlinolles,,unmatched,L1912-01073,Enfants de l'Aude,assessor,organisation_entry_officer_list,1907,178,https://gallica.bnf.fr/ark:/12148/bpt6k5505300s/f202.item,"assesseurs, MM. Malis, Carbonnel, Courtade F. et Marlinolles",Enfants de l'Aude
L1912-02659,Vidal,L1912-02659,resolved,L1912-01073,Enfants de l'Aude,delegate,organisation_entry_officer_list,1907,178,https://gallica.bnf.fr/ark:/12148/bpt6k5505300s/f202.item,"Délégués : MM. Vidal, à Béja",Enfants de l'Aude
NAME:E COSTE,E Coste,,ambiguous_fuzzy,L1912-01075,Enfants du Limousin,vice_president,organisation_entry_officer_list,1893,178,https://gallica.bnf.fr/ark:/12148/bpt6k5505300s/f202.item,"E. Coste, v.-prés.",Enfants du Limousin
NAME:COSTE,Coste,,ambiguous_fuzzy,L1912-01075,Enfants du Limousin,secretary,organisation_entry_officer_list,1893,178,https://gallica.bnf.fr/ark:/12148/bpt6k5505300s/f202.item,"Coste, secr.",Enfants du Limousin
L1912-00699,Communaux,L1912-00699,resolved,L1912-01126,Fédération des Cercles tunisiens de la Ligue de l'Enseignement,president,organisation_entry_officer_list,1902,186,https://gallica.bnf.fr/ark:/12148/bpt6k5505300s/f210.item,"Prés., M. Communaux",Fédération des Cercles tunisiens de la Ligue de l'Enseignement
L1912-00961,Duclos,L1912-00961,resolved,L1912-01126,Fédération des Cercles tunisiens de la Ligue de l'Enseignement,vice_president,organisation_entry_officer_list,1902,186,https://gallica.bnf.fr/ark:/12148/bpt6k5505300s/f210.item,"v.-prés., MM. Duclos et Cordier",Fédération des Cercles tunisiens de la Ligue de l'Enseignement
NAME:CORDIER,Cordier,,unmatched,L1912-01126,Fédération des Cercles tunisiens de la Ligue de l'Enseignement,vice_president,organisation_entry_officer_list,1902,186,https://gallica.bnf.fr/ark:/12148/bpt6k5505300s/f210.item,"v.-prés., MM. Duclos et Cordier",Fédération des Cercles tunisiens de la Ligue de l'Enseignement
L1912-00259,H Bec,L1912-00259,resolved,L1912-01126,Fédération des Cercles tunisiens de la Ligue de l'Enseignement,secretary_general,organisation_entry_officer_list,1902,186,https://gallica.bnf.fr/ark:/12148/bpt6k5505300s/f210.item,"secr. gén., M. H. Bec",Fédération des Cercles tunisiens de la Ligue de l'Enseignement
L1912-02213,Rouquié,L1912-02213,resolved,L1912-01126,Fédération des Cercles tunisiens de la Ligue de l'Enseignement,deputy_secretary,organisation_entry_officer_list,1902,186,https://gallica.bnf.fr/ark:/12148/bpt6k5505300s/f210.item,"secr.-adj., M. le docteur Rouquié",Fédération des Cercles tunisiens de la Ligue de l'Enseignement
L1912-02019,Pellet,L1912-02019,resolved,L1912-01195,Franc-Comtoise,president,organisation_entry_officer_list,,197,https://gallica.bnf.fr/ark:/12148/bpt6k5505300s/f221.item,"MM. Pellet, prés:",Franc-Comtoise
NAME:FAIVRE,Faivre,,unmatched,L1912-01195,Franc-Comtoise,vice_president,organisation_entry_officer_list,,197,https://gallica.bnf.fr/ark:/12148/bpt6k5505300s/f221.item,"Faivre el Tuetuz, v.-prés.",Franc-Comtoise
NAME:GALLEY,Galley,,unmatched,L1912-01195,Franc-Comtoise,secretary,organisation_entry_officer_list,,197,https://gallica.bnf.fr/ark:/12148/bpt6k5505300s/f221.item,"Galley, secr.",Franc-Comtoise
NAME:BLANC,Blanc,,ambiguous,L1912-01416,Hôpital civil français,commissioner,organisation_entry_officer_list,1897,228,https://gallica.bnf.fr/ark:/12148/bpt6k5505300s/f252.item,"La Commiss. administrative de surveillance se compose de : M. Blanc, secret, général du Gouvernement Tunisien, président",Hôpital civil français
NAME:BRAQUEHAYE,Braquehaye,,unmatched,L1912-01416,Hôpital civil français,treasurer,organisation_entry_officer_list,1897,228,https://gallica.bnf.fr/ark:/12148/bpt6k5505300s/f252.item,"Deux autres pavillons pour les maladies contagieuses ont été ouverts en 1901. L'hôpital est ouvert pour les visiteurs les mardi, jeudi et dimanche, de deux à quatre en hiver et de ",Hôpital civil français
NAME:CASANELLO,Casanello,,unmatched,L1912-01417,Hôpital colonial italien ce Giuseppe Garibaldi»,treasurer,organisation_entry_officer_list,1890,228,https://gallica.bnf.fr/ark:/12148/bpt6k5505300s/f252.item,"Hôpital colonial italien ce Giuseppe Garibaldi». Cet hôpital, créé en 1890 par le corps.médical italien de Tunis, avec le concours de la Colonie italienne, n'est que la continuatio",Hôpital colonial italien ce Giuseppe Garibaldi»
L1912-00406,Botlesini,L1912-00406,resolved_fuzzy,L1912-01417,Hôpital colonial italien ce Giuseppe Garibaldi»,president,organisation_entry_officer_list,1890,228,https://gallica.bnf.fr/ark:/12148/bpt6k5505300s/f252.item,"Botlesini, consul général d'Italie, président",Hôpital colonial italien ce Giuseppe Garibaldi»
L1912-00477,E Busacca,L1912-00477,resolved,L1912-01417,Hôpital colonial italien ce Giuseppe Garibaldi»,secretary,organisation_entry_officer_list,1890,228,https://gallica.bnf.fr/ark:/12148/bpt6k5505300s/f252.item,"le D' E. Busacca, secrétaire",Hôpital colonial italien ce Giuseppe Garibaldi»
L1912-01099,E Escano,L1912-01099,resolved,L1912-01417,Hôpital colonial italien ce Giuseppe Garibaldi»,treasurer,organisation_entry_officer_list,1890,228,https://gallica.bnf.fr/ark:/12148/bpt6k5505300s/f252.item,"MM. E. Escano, trésorier",Hôpital colonial italien ce Giuseppe Garibaldi»
NAME:CAFTAN,Caftan,,ambiguous_fuzzy,L1912-01417,Hôpital colonial italien ce Giuseppe Garibaldi»,president,organisation_entry_officer_list,1890,228,https://gallica.bnf.fr/ark:/12148/bpt6k5505300s/f252.item,"Le président du Conseil d'administration est actuellement : M"" Caftan",Hôpital colonial italien ce Giuseppe Garibaldi»
NAME:MOSSE,Mossé,,ambiguous_fuzzy,L1912-01417,Hôpital colonial italien ce Giuseppe Garibaldi»,past_president,organisation_entry_officer_list,1890,228,https://gallica.bnf.fr/ark:/12148/bpt6k5505300s/f252.item,"ancien président : M"" Mossé.",Hôpital colonial italien ce Giuseppe Garibaldi»
L1912-01515,Kheïreddine,L1912-01515,resolved,L1912-01419,Hôpital Sadiki,treasurer,organisation_entry_officer_list,1880,229,https://gallica.bnf.fr/ark:/12148/bpt6k5505300s/f253.item,"Cet hôpital, dont la création avait été inspirée par le ministre Kheïreddine et qui est purement indigène, a été inauguré le 1"" janvier 1880. Il est installé dans la rue des Bécham",Hôpital Sadiki
NAME:FINANCES,Finances,,unmatched,L1912-01419,Hôpital Sadiki,director,organisation_entry_officer_list,1880,229,https://gallica.bnf.fr/ark:/12148/bpt6k5505300s/f253.item,le Directeur des Finances,Hôpital Sadiki
NAME:DJEMAIA,Djemaïa,,unmatched,L1912-01419,Hôpital Sadiki,president,organisation_entry_officer_list,1880,229,https://gallica.bnf.fr/ark:/12148/bpt6k5505300s/f253.item,le Président de la Djemaïa des Mabous,Hôpital Sadiki
NAME:SCIENCES,Sciences,,unmatched,L1912-01457,Institut de Carthage,treasurer,organisation_entry_officer_list,1893,237,https://gallica.bnf.fr/ark:/12148/bpt6k5505300s/f261.item,"Institut de Carthage, association tunisienne des Lettres, Sciences et Arts",Institut de Carthage
NAME:ARTS,Arts,,unmatched,L1912-01457,Institut de Carthage,treasurer,organisation_entry_officer_list,1893,237,https://gallica.bnf.fr/ark:/12148/bpt6k5505300s/f261.item,"Institut de Carthage, association tunisienne des Lettres, Sciences et Arts",Institut de Carthage
NAME:SCIENCES,Sciences,,unmatched,L1912-01457,Institut de Carthage,treasurer,organisation_entry_officer_list,1893,237,https://gallica.bnf.fr/ark:/12148/bpt6k5505300s/f261.item,"la Société y fut constituée sous le nom d'«Associalion tunisienne des Lettres, Sciences et Arts». Elle adopta la devise : «Travail et Concorde.» Le 5 janvier 1894, l'association pr",Institut de Carthage
NAME:TRAVAIL,Travail,,unmatched,L1912-01457,Institut de Carthage,treasurer,organisation_entry_officer_list,1893,237,https://gallica.bnf.fr/ark:/12148/bpt6k5505300s/f261.item,"la Société y fut constituée sous le nom d'«Associalion tunisienne des Lettres, Sciences et Arts». Elle adopta la devise : «Travail et Concorde.» Le 5 janvier 1894, l'association pr",Institut de Carthage
NAME:REVUE,Revue,,unmatched,L1912-01457,Institut de Carthage,treasurer,organisation_entry_officer_list,1893,237,https://gallica.bnf.fr/ark:/12148/bpt6k5505300s/f261.item,Elle fait paraître un organe bimestriel : «la Revue Tunisienne». Elle a donné des conférences remarquées,Institut de Carthage
L1912-00685,C Combet,L1912-00685,resolved,L1912-01457,Institut de Carthage,president,organisation_entry_officer_list,1893,237,https://gallica.bnf.fr/ark:/12148/bpt6k5505300s/f261.item,"Bureau pour Tannée 1910-1911 : MM. C. Combet, prés.",Institut de Carthage
L1912-01502,Kerambriec,L1912-01502,resolved_fuzzy,L1912-01457,Institut de Carthage,vice_president,organisation_entry_officer_list,1893,237,https://gallica.bnf.fr/ark:/12148/bpt6k5505300s/f261.item,"de Kerambriec et Jules Renault (architecte), v.-prés.",Institut de Carthage
L1912-02160,Jules Renault,L1912-02160,resolved,L1912-01457,Institut de Carthage,vice_president,organisation_entry_officer_list,1893,237,https://gallica.bnf.fr/ark:/12148/bpt6k5505300s/f261.item,"de Kerambriec et Jules Renault (architecte), v.-prés.",Institut de Carthage
NAME:COLLEGE ALAOUI,Collège Alaoui,,ambiguous,L1912-01457,Institut de Carthage,director,organisation_entry_officer_list,1893,237,https://gallica.bnf.fr/ark:/12148/bpt6k5505300s/f261.item,": Buisson B., directeur du Collège Alaoui",Institut de Carthage
NAME:SERL,SerL,,unmatched,L1912-01457,Institut de Carthage,director,organisation_entry_officer_list,1893,237,https://gallica.bnf.fr/ark:/12148/bpt6k5505300s/f261.item,"le D' Bresson, ex-directeur du SerL vice de santé de la Division d'occupation de Tunisie",Institut de Carthage
NAME:MATEUR BEJA GOUBELLAT,Mateur Béja Goubellat,,unmatched,L1912-01459,Institut Pasteur de Tunis,director,organisation_entry_officer_list,,239,https://gallica.bnf.fr/ark:/12148/bpt6k5505300s/f263.item,"Pendant l'été 1906, le docteur Husson a été chargé par le Directeur de l'Institut Pasteur .sur la demande de M. le Directeur de l'Agriculture et du Commerce, de l'étude du paludism",Institut Pasteur de Tunis
L1912-01637,Loir,L1912-01637,resolved,L1912-01459,Institut Pasteur de Tunis,director,organisation_entry_officer_list,,239,https://gallica.bnf.fr/ark:/12148/bpt6k5505300s/f263.item,Ancien directeur. : M. le Dr Loir,Institut Pasteur de Tunis
NAME:SENG,Seng,,unmatched,L1912-01602,Légion,vice_president,organisation_entry_officer_list,1911,262,https://gallica.bnf.fr/ark:/12148/bpt6k5505300s/f286.item,"Seng (IL), m. a. et N..., vice-présidents",Légion
NAME:CURIEL,Curiel,,unmatched,L1912-01602,Légion,secretary,organisation_entry_officer_list,1911,262,https://gallica.bnf.fr/ark:/12148/bpt6k5505300s/f286.item,"Curiel, in. a-., secrétaire",Légion
NAME:MONTES,Montés,,unmatched,L1912-01602,Légion,treasurer,organisation_entry_officer_list,1911,262,https://gallica.bnf.fr/ark:/12148/bpt6k5505300s/f286.item,"Relier, m. a., trésorier: de Montés, m. a., secrétaire adjoint",Légion
L1912-01645,P Luciani,L1912-01645,resolved,L1912-01624,Ligue française pour la défense des droits de l'homme et du citoyen,secretary,organisation_entry_officer_list,,267,https://gallica.bnf.fr/ark:/12148/bpt6k5505300s/f291.item,"P. Luciani, secr.",Ligue française pour la défense des droits de l'homme et du citoyen
L1912-00699,Communaux,L1912-00699,resolved,L1912-01624,Ligue française pour la défense des droits de l'homme et du citoyen,past_president,organisation_entry_officer_list,,267,https://gallica.bnf.fr/ark:/12148/bpt6k5505300s/f291.item,"Anc. prés. fond, de la Section : M. Communaux.",Ligue française pour la défense des droits de l'homme et du citoyen
L1912-00342,Bignens,L1912-00342,resolved,L1912-01625,Ligue française de l'Enseignement,vice_president,organisation_entry_officer_list,1901,267,https://gallica.bnf.fr/ark:/12148/bpt6k5505300s/f291.item,"Bignens et Duclos, v.-prés.",Ligue française de l'Enseignement
L1912-00961,Duclos,L1912-00961,resolved,L1912-01625,Ligue française de l'Enseignement,vice_president,organisation_entry_officer_list,1901,267,https://gallica.bnf.fr/ark:/12148/bpt6k5505300s/f291.item,"Bignens et Duclos, v.-prés.",Ligue française de l'Enseignement
L1912-00969,Ducas,L1912-00969,resolved_fuzzy,L1912-01625,Ligue française de l'Enseignement,member,organisation_entry_officer_list,1901,267,https://gallica.bnf.fr/ark:/12148/bpt6k5505300s/f291.item,"Ducas, Ga.uvry, Guinle, Loth, Luciani, Martin, Robinet, Thuillier, Thomas, membr. 400 membres",Ligue française de l'Enseignement
NAME:GUINLE,Guinle,,unmatched,L1912-01625,Ligue française de l'Enseignement,member,organisation_entry_officer_list,1901,267,https://gallica.bnf.fr/ark:/12148/bpt6k5505300s/f291.item,"Ducas, Ga.uvry, Guinle, Loth, Luciani, Martin, Robinet, Thuillier, Thomas, membr. 400 membres",Ligue française de l'Enseignement
L1912-01640,Loth,L1912-01640,resolved,L1912-01625,Ligue française de l'Enseignement,member,organisation_entry_officer_list,1901,267,https://gallica.bnf.fr/ark:/12148/bpt6k5505300s/f291.item,"Ducas, Ga.uvry, Guinle, Loth, Luciani, Martin, Robinet, Thuillier, Thomas, membr. 400 membres",Ligue française de l'Enseignement
L1912-01645,Luciani,L1912-01645,resolved,L1912-01625,Ligue française de l'Enseignement,member,organisation_entry_officer_list,1901,267,https://gallica.bnf.fr/ark:/12148/bpt6k5505300s/f291.item,"Ducas, Ga.uvry, Guinle, Loth, Luciani, Martin, Robinet, Thuillier, Thomas, membr. 400 membres",Ligue française de l'Enseignement
NAME:MARTIN,Martin,,ambiguous,L1912-01625,Ligue française de l'Enseignement,member,organisation_entry_officer_list,1901,267,https://gallica.bnf.fr/ark:/12148/bpt6k5505300s/f291.item,"Ducas, Ga.uvry, Guinle, Loth, Luciani, Martin, Robinet, Thuillier, Thomas, membr. 400 membres",Ligue française de l'Enseignement
L1912-02193,Robinet,L1912-02193,resolved,L1912-01625,Ligue française de l'Enseignement,member,organisation_entry_officer_list,1901,267,https://gallica.bnf.fr/ark:/12148/bpt6k5505300s/f291.item,"Ducas, Ga.uvry, Guinle, Loth, Luciani, Martin, Robinet, Thuillier, Thomas, membr. 400 membres",Ligue française de l'Enseignement
NAME:THUILLIER,Thuillier,,unmatched,L1912-01625,Ligue française de l'Enseignement,member,organisation_entry_officer_list,1901,267,https://gallica.bnf.fr/ark:/12148/bpt6k5505300s/f291.item,"Ducas, Ga.uvry, Guinle, Loth, Luciani, Martin, Robinet, Thuillier, Thomas, membr. 400 membres",Ligue française de l'Enseignement
NAME:THOMAS,Thomas,,ambiguous,L1912-01625,Ligue française de l'Enseignement,member,organisation_entry_officer_list,1901,267,https://gallica.bnf.fr/ark:/12148/bpt6k5505300s/f291.item,"Ducas, Ga.uvry, Guinle, Loth, Luciani, Martin, Robinet, Thuillier, Thomas, membr. 400 membres",Ligue française de l'Enseignement
NAME:LEON ROY,Léon Roy,,unmatched,L1912-01625,Ligue française de l'Enseignement,treasurer,organisation_entry_officer_list,1901,267,https://gallica.bnf.fr/ark:/12148/bpt6k5505300s/f291.item,"Nous donnons ci-après la. composition des bureaux de tous les autres cercles de la. ligue de l'enseignement de.Tunisie : Cercle de Béja : MM. Léon Roy, prés., Carrier et Jouaffre, ",Ligue française de l'Enseignement
L1912-00524,Carrier,L1912-00524,resolved,L1912-01625,Ligue française de l'Enseignement,treasurer,organisation_entry_officer_list,1901,267,https://gallica.bnf.fr/ark:/12148/bpt6k5505300s/f291.item,"Nous donnons ci-après la. composition des bureaux de tous les autres cercles de la. ligue de l'enseignement de.Tunisie : Cercle de Béja : MM. Léon Roy, prés., Carrier et Jouaffre, ",Ligue française de l'Enseignement
NAME:JOUAFFRE,Jouaffre,,unmatched,L1912-01625,Ligue française de l'Enseignement,treasurer,organisation_entry_officer_list,1901,267,https://gallica.bnf.fr/ark:/12148/bpt6k5505300s/f291.item,"Nous donnons ci-après la. composition des bureaux de tous les autres cercles de la. ligue de l'enseignement de.Tunisie : Cercle de Béja : MM. Léon Roy, prés., Carrier et Jouaffre, ",Ligue française de l'Enseignement
NAME:ALLAICHI,Allaichi,,unmatched,L1912-01625,Ligue française de l'Enseignement,secretary,organisation_entry_officer_list,1901,267,https://gallica.bnf.fr/ark:/12148/bpt6k5505300s/f291.item,"Allaichi, secr.",Ligue française de l'Enseignement
L1912-02659,Vidal,L1912-02659,resolved,L1912-01625,Ligue française de l'Enseignement,member,organisation_entry_officer_list,1901,267,https://gallica.bnf.fr/ark:/12148/bpt6k5505300s/f291.item,"Vidal, Montassier. 'Auvergnat^ Simler, Chala.voux, membres",Ligue française de l'Enseignement
NAME:MONTASSIER,Montassier,,unmatched,L1912-01625,Ligue française de l'Enseignement,member,organisation_entry_officer_list,1901,267,https://gallica.bnf.fr/ark:/12148/bpt6k5505300s/f291.item,"Vidal, Montassier. 'Auvergnat^ Simler, Chala.voux, membres",Ligue française de l'Enseignement
L1912-01585,Landeroin,L1912-01585,resolved,L1912-01625,Ligue française de l'Enseignement,president,organisation_entry_officer_list,1901,267,https://gallica.bnf.fr/ark:/12148/bpt6k5505300s/f291.item,"Landeroin, prés.",Ligue française de l'Enseignement
NAME:ANOUILH,Anouilh,,unmatched,L1912-01625,Ligue française de l'Enseignement,vice_president,organisation_entry_officer_list,1901,267,https://gallica.bnf.fr/ark:/12148/bpt6k5505300s/f291.item,"Anouilh et Davesne, vice-prés.",Ligue française de l'Enseignement
NAME:DAVESNE,Davesne,,unmatched,L1912-01625,Ligue française de l'Enseignement,vice_president,organisation_entry_officer_list,1901,267,https://gallica.bnf.fr/ark:/12148/bpt6k5505300s/f291.item,"Anouilh et Davesne, vice-prés.",Ligue française de l'Enseignement
NAME:RAFONI,Rafoni,,unmatched,L1912-01625,Ligue française de l'Enseignement,secretary,organisation_entry_officer_list,1901,267,https://gallica.bnf.fr/ark:/12148/bpt6k5505300s/f291.item,"Rafoni et Capdeville, secr.",Ligue française de l'Enseignement
NAME:GONTHIER,Gonthier,,unmatched,L1912-01625,Ligue française de l'Enseignement,president,organisation_entry_officer_list,1901,267,https://gallica.bnf.fr/ark:/12148/bpt6k5505300s/f291.item,"Cercle de Djerba. : MM. Gonthier, président",Ligue française de l'Enseignement
NAME:SEUVE,Seuve,,unmatched,L1912-01625,Ligue française de l'Enseignement,vice_president,organisation_entry_officer_list,1901,267,https://gallica.bnf.fr/ark:/12148/bpt6k5505300s/f291.item,"Seuve, vice-prés.",Ligue française de l'Enseignement
NAME:SEUVE,Seuve,,unmatched,L1912-01625,Ligue française de l'Enseignement,member,organisation_entry_officer_list,1901,267,https://gallica.bnf.fr/ark:/12148/bpt6k5505300s/f291.item,"M"""" Seuve et Chaffard, membres",Ligue française de l'Enseignement
NAME:CHAFFARD,Chaffard,,unmatched,L1912-01625,Ligue française de l'Enseignement,member,organisation_entry_officer_list,1901,267,https://gallica.bnf.fr/ark:/12148/bpt6k5505300s/f291.item,"M"""" Seuve et Chaffard, membres",Ligue française de l'Enseignement
L1912-00104,Anselm,L1912-00104,resolved_fuzzy,L1912-01625,Ligue française de l'Enseignement,president,organisation_entry_officer_list,1901,267,https://gallica.bnf.fr/ark:/12148/bpt6k5505300s/f291.item,"Cercle de Ferryville : MM. Ricard, prés, et Anselm, secrétaire",Ligue française de l'Enseignement
L1912-00767,Dabrigeon,L1912-00767,resolved,L1912-01625,Ligue française de l'Enseignement,president,organisation_entry_officer_list,1901,267,https://gallica.bnf.fr/ark:/12148/bpt6k5505300s/f291.item,"Cercle de Gabès : MM. Dabrigeon, prés.",Ligue française de l'Enseignement
L1912-00745,Coulon,L1912-00745,resolved,L1912-01625,Ligue française de l'Enseignement,vice_president,organisation_entry_officer_list,1901,267,https://gallica.bnf.fr/ark:/12148/bpt6k5505300s/f291.item,"Coulon, v.-prés.",Ligue française de l'Enseignement
NAME:MAUBE,Maubé,,unmatched,L1912-01625,Ligue française de l'Enseignement,member,organisation_entry_officer_list,1901,267,https://gallica.bnf.fr/ark:/12148/bpt6k5505300s/f291.item,"Maubé, Gross, Gras, Veyssière, Barthelet, Caratini, membres",Ligue française de l'Enseignement
L1912-01314,Gross,L1912-01314,resolved,L1912-01625,Ligue française de l'Enseignement,member,organisation_entry_officer_list,1901,267,https://gallica.bnf.fr/ark:/12148/bpt6k5505300s/f291.item,"Maubé, Gross, Gras, Veyssière, Barthelet, Caratini, membres",Ligue française de l'Enseignement
NAME:GRAS,Gras,,unmatched,L1912-01625,Ligue française de l'Enseignement,member,organisation_entry_officer_list,1901,267,https://gallica.bnf.fr/ark:/12148/bpt6k5505300s/f291.item,"Maubé, Gross, Gras, Veyssière, Barthelet, Caratini, membres",Ligue française de l'Enseignement
NAME:VEYSSIERE,Veyssière,,unmatched,L1912-01625,Ligue française de l'Enseignement,member,organisation_entry_officer_list,1901,267,https://gallica.bnf.fr/ark:/12148/bpt6k5505300s/f291.item,"Maubé, Gross, Gras, Veyssière, Barthelet, Caratini, membres",Ligue française de l'Enseignement
NAME:BARTHELET,Barthelet,,unmatched,L1912-01625,Ligue française de l'Enseignement,member,organisation_entry_officer_list,1901,267,https://gallica.bnf.fr/ark:/12148/bpt6k5505300s/f291.item,"Maubé, Gross, Gras, Veyssière, Barthelet, Caratini, membres",Ligue française de l'Enseignement
NAME:CARATINI,Caratini,,unmatched,L1912-01625,Ligue française de l'Enseignement,member,organisation_entry_officer_list,1901,267,https://gallica.bnf.fr/ark:/12148/bpt6k5505300s/f291.item,"Maubé, Gross, Gras, Veyssière, Barthelet, Caratini, membres",Ligue française de l'Enseignement
NAME:GIANNESINI,Giannesini,,unmatched,L1912-01625,Ligue française de l'Enseignement,president,organisation_entry_officer_list,1901,267,https://gallica.bnf.fr/ark:/12148/bpt6k5505300s/f291.item,"Cercle de Ghardimaou : MM. Giannesini, prés.",Ligue française de l'Enseignement
NAME:PARDIGON,Pardigon,,unmatched,L1912-01625,Ligue française de l'Enseignement,vice_president,organisation_entry_officer_list,1901,267,https://gallica.bnf.fr/ark:/12148/bpt6k5505300s/f291.item,"Pardigon, v.-prés.",Ligue française de l'Enseignement
NAME:FALANDRY,Falandry,,unmatched,L1912-01625,Ligue française de l'Enseignement,secretary,organisation_entry_officer_list,1901,267,https://gallica.bnf.fr/ark:/12148/bpt6k5505300s/f291.item,"Falandry, secr.",Ligue française de l'Enseignement
NAME:CORNILLON,Cornillon,,unmatched,L1912-01625,Ligue française de l'Enseignement,member,organisation_entry_officer_list,1901,267,https://gallica.bnf.fr/ark:/12148/bpt6k5505300s/f291.item,"Cornillon, Frnnconnet, Ruggiera, membres",Ligue française de l'Enseignement
NAME:FRNNCONNET,Frnnconnet,,unmatched,L1912-01625,Ligue française de l'Enseignement,member,organisation_entry_officer_list,1901,267,https://gallica.bnf.fr/ark:/12148/bpt6k5505300s/f291.item,"Cornillon, Frnnconnet, Ruggiera, membres",Ligue française de l'Enseignement
NAME:RUGGIERA,Ruggiera,,unmatched,L1912-01625,Ligue française de l'Enseignement,member,organisation_entry_officer_list,1901,267,https://gallica.bnf.fr/ark:/12148/bpt6k5505300s/f291.item,"Cornillon, Frnnconnet, Ruggiera, membres",Ligue française de l'Enseignement
NAME:WARZEE,Warzée,,ambiguous,L1912-01625,Ligue française de l'Enseignement,president,organisation_entry_officer_list,1901,267,https://gallica.bnf.fr/ark:/12148/bpt6k5505300s/f291.item,"Cercle de Kairouan : MM. Warzée, prés.",Ligue française de l'Enseignement
NAME:GAUBERL,Gauberl,,unmatched,L1912-01625,Ligue française de l'Enseignement,secretary,organisation_entry_officer_list,1901,267,https://gallica.bnf.fr/ark:/12148/bpt6k5505300s/f291.item,"Gauberl, secr.",Ligue française de l'Enseignement
NAME:ROY,Roy,,unmatched,L1912-01625,Ligue française de l'Enseignement,member,organisation_entry_officer_list,1901,267,https://gallica.bnf.fr/ark:/12148/bpt6k5505300s/f291.item,"Roy, Berthier, Bacar, membres",Ligue française de l'Enseignement
NAME:BERTHIER,Berthier,,unmatched,L1912-01625,Ligue française de l'Enseignement,member,organisation_entry_officer_list,1901,267,https://gallica.bnf.fr/ark:/12148/bpt6k5505300s/f291.item,"Roy, Berthier, Bacar, membres",Ligue française de l'Enseignement
NAME:BACAR,Bacar,,unmatched,L1912-01625,Ligue française de l'Enseignement,member,organisation_entry_officer_list,1901,267,https://gallica.bnf.fr/ark:/12148/bpt6k5505300s/f291.item,"Roy, Berthier, Bacar, membres",Ligue française de l'Enseignement
L1912-00694,Comiti,L1912-00694,resolved,L1912-01625,Ligue française de l'Enseignement,president,organisation_entry_officer_list,1901,267,https://gallica.bnf.fr/ark:/12148/bpt6k5505300s/f291.item,"Cercle du Kef : MM. Comiti, prés.",Ligue française de l'Enseignement
L1912-01337,Guillot,L1912-01337,resolved,L1912-01625,Ligue française de l'Enseignement,vice_president,organisation_entry_officer_list,1901,267,https://gallica.bnf.fr/ark:/12148/bpt6k5505300s/f291.item,"M""' Guillot, v.-prés.",Ligue française de l'Enseignement
L1912-00346,Billon,L1912-00346,resolved,L1912-01625,Ligue française de l'Enseignement,secretary,organisation_entry_officer_list,1901,267,https://gallica.bnf.fr/ark:/12148/bpt6k5505300s/f291.item,"Billon, secr.",Ligue française de l'Enseignement
NAME:ALIX,Alix,,ambiguous,L1912-01625,Ligue française de l'Enseignement,member,organisation_entry_officer_list,1901,267,https://gallica.bnf.fr/ark:/12148/bpt6k5505300s/f291.item,"Alix, Guérin, Guillot, Monteau, membres",Ligue française de l'Enseignement
L1912-01326,Guérin,L1912-01326,resolved_fuzzy,L1912-01625,Ligue française de l'Enseignement,member,organisation_entry_officer_list,1901,267,https://gallica.bnf.fr/ark:/12148/bpt6k5505300s/f291.item,"Alix, Guérin, Guillot, Monteau, membres",Ligue française de l'Enseignement
L1912-01337,Guillot,L1912-01337,resolved,L1912-01625,Ligue française de l'Enseignement,member,organisation_entry_officer_list,1901,267,https://gallica.bnf.fr/ark:/12148/bpt6k5505300s/f291.item,"Alix, Guérin, Guillot, Monteau, membres",Ligue française de l'Enseignement
NAME:MONTEAU,Monteau,,unmatched,L1912-01625,Ligue française de l'Enseignement,member,organisation_entry_officer_list,1901,267,https://gallica.bnf.fr/ark:/12148/bpt6k5505300s/f291.item,"Alix, Guérin, Guillot, Monteau, membres",Ligue française de l'Enseignement
L1912-00343,Bigorre,L1912-00343,resolved,L1912-01625,Ligue française de l'Enseignement,president,organisation_entry_officer_list,1901,267,https://gallica.bnf.fr/ark:/12148/bpt6k5505300s/f291.item,"Cercle de Mahdia : MM. Bigorre,prés.",Ligue française de l'Enseignement
NAME:CHEVALLIER,Chevallier,,ambiguous_fuzzy,L1912-01625,Ligue française de l'Enseignement,vice_president,organisation_entry_officer_list,1901,267,https://gallica.bnf.fr/ark:/12148/bpt6k5505300s/f291.item,"Chevallier et Bertin, v.-prés.",Ligue française de l'Enseignement
NAME:BERTIN,Bertin,,ambiguous,L1912-01625,Ligue française de l'Enseignement,vice_president,organisation_entry_officer_list,1901,267,https://gallica.bnf.fr/ark:/12148/bpt6k5505300s/f291.item,"Chevallier et Bertin, v.-prés.",Ligue française de l'Enseignement
L1912-02219,Royer,L1912-02219,resolved,L1912-01625,Ligue française de l'Enseignement,secretary,organisation_entry_officer_list,1901,267,https://gallica.bnf.fr/ark:/12148/bpt6k5505300s/f291.item,"Royer, secr.",Ligue française de l'Enseignement
NAME:DELULLY,Delully,,unmatched,L1912-01625,Ligue française de l'Enseignement,member,organisation_entry_officer_list,1901,267,https://gallica.bnf.fr/ark:/12148/bpt6k5505300s/f291.item,"Delully, Marchioni, Jacquier, membres",Ligue française de l'Enseignement
L1912-01692,Marchioni,L1912-01692,resolved,L1912-01625,Ligue française de l'Enseignement,member,organisation_entry_officer_list,1901,267,https://gallica.bnf.fr/ark:/12148/bpt6k5505300s/f291.item,"Delully, Marchioni, Jacquier, membres",Ligue française de l'Enseignement
NAME:JACQUIER,Jacquier,,ambiguous,L1912-01625,Ligue française de l'Enseignement,member,organisation_entry_officer_list,1901,267,https://gallica.bnf.fr/ark:/12148/bpt6k5505300s/f291.item,"Delully, Marchioni, Jacquier, membres",Ligue française de l'Enseignement
NAME:FERDINAND AMY,Ferdinand Amy,,unmatched,L1912-01625,Ligue française de l'Enseignement,president,organisation_entry_officer_list,1901,267,https://gallica.bnf.fr/ark:/12148/bpt6k5505300s/f291.item,"Cercle de ■ Mateur : MM. Ferdinand Amy, prés.",Ligue française de l'Enseignement
L1912-00240,Bâton,L1912-00240,resolved_fuzzy,L1912-01625,Ligue française de l'Enseignement,member,organisation_entry_officer_list,1901,267,https://gallica.bnf.fr/ark:/12148/bpt6k5505300s/f291.item,"Bâton, Busqué, Lapalu, L. Redon! membres",Ligue française de l'Enseignement
NAME:BUSQUE,Busqué,,unmatched,L1912-01625,Ligue française de l'Enseignement,member,organisation_entry_officer_list,1901,267,https://gallica.bnf.fr/ark:/12148/bpt6k5505300s/f291.item,"Bâton, Busqué, Lapalu, L. Redon! membres",Ligue française de l'Enseignement
NAME:LAPALU,Lapalu,,unmatched,L1912-01625,Ligue française de l'Enseignement,member,organisation_entry_officer_list,1901,267,https://gallica.bnf.fr/ark:/12148/bpt6k5505300s/f291.item,"Bâton, Busqué, Lapalu, L. Redon! membres",Ligue française de l'Enseignement
L1912-01645,P LucianL,L1912-01645,resolved_fuzzy,L1912-01625,Ligue française de l'Enseignement,president,organisation_entry_officer_list,1901,267,https://gallica.bnf.fr/ark:/12148/bpt6k5505300s/f291.item,Cercle de Sfax : MM. P. LucianLprés.,Ligue française de l'Enseignement
NAME:BONAVITA,Bonavita,,unmatched,L1912-01625,Ligue française de l'Enseignement,president,organisation_entry_officer_list,1901,267,https://gallica.bnf.fr/ark:/12148/bpt6k5505300s/f291.item,"Bonavita, prés.",Ligue française de l'Enseignement
L1912-00644,Chotard,L1912-00644,resolved,L1912-01625,Ligue française de l'Enseignement,vice_president,organisation_entry_officer_list,1901,267,https://gallica.bnf.fr/ark:/12148/bpt6k5505300s/f291.item,"Chotard, viceprés.",Ligue française de l'Enseignement
L1912-01851,Mollard,L1912-01851,resolved_fuzzy,L1912-01625,Ligue française de l'Enseignement,secretary,organisation_entry_officer_list,1901,267,https://gallica.bnf.fr/ark:/12148/bpt6k5505300s/f291.item,"Mollard, secr.",Ligue française de l'Enseignement
NAME:CECCALDI,Ceccaldi,,unmatched,L1912-01625,Ligue française de l'Enseignement,member,organisation_entry_officer_list,1901,267,https://gallica.bnf.fr/ark:/12148/bpt6k5505300s/f291.item,"Be- - na, Calta.n, Ceccaldi, Courederie, Germain et Rivoli er, membres",Ligue française de l'Enseignement
NAME:COUREDERIE,Courederie,,unmatched,L1912-01625,Ligue française de l'Enseignement,member,organisation_entry_officer_list,1901,267,https://gallica.bnf.fr/ark:/12148/bpt6k5505300s/f291.item,"Be- - na, Calta.n, Ceccaldi, Courederie, Germain et Rivoli er, membres",Ligue française de l'Enseignement
NAME:GERMAIN,Germain,,unmatched,L1912-01625,Ligue française de l'Enseignement,member,organisation_entry_officer_list,1901,267,https://gallica.bnf.fr/ark:/12148/bpt6k5505300s/f291.item,"Be- - na, Calta.n, Ceccaldi, Courederie, Germain et Rivoli er, membres",Ligue française de l'Enseignement
NAME:RIVOLI,Rivoli,,unmatched,L1912-01625,Ligue française de l'Enseignement,member,organisation_entry_officer_list,1901,267,https://gallica.bnf.fr/ark:/12148/bpt6k5505300s/f291.item,"Be- - na, Calta.n, Ceccaldi, Courederie, Germain et Rivoli er, membres",Ligue française de l'Enseignement
NAME:JEAN,Jean,,unmatched,L1912-01625,Ligue française de l'Enseignement,president,organisation_entry_officer_list,1901,267,https://gallica.bnf.fr/ark:/12148/bpt6k5505300s/f291.item,"Cercle de Souk-el-Arba : MM. Jean, prés.",Ligue française de l'Enseignement
NAME:TERSAC,Tersac,,unmatched,L1912-01625,Ligue française de l'Enseignement,vice_president,organisation_entry_officer_list,1901,267,https://gallica.bnf.fr/ark:/12148/bpt6k5505300s/f291.item,"Tersac et Mazurkiewicz, v.-prés.",Ligue française de l'Enseignement
NAME:MAZURKIEWICZ,Mazurkiewicz,,unmatched,L1912-01625,Ligue française de l'Enseignement,vice_president,organisation_entry_officer_list,1901,267,https://gallica.bnf.fr/ark:/12148/bpt6k5505300s/f291.item,"Tersac et Mazurkiewicz, v.-prés.",Ligue française de l'Enseignement
L1912-02172,Ernest Reynnud,L1912-02172,resolved_fuzzy,L1912-01625,Ligue française de l'Enseignement,secretary,organisation_entry_officer_list,1901,267,https://gallica.bnf.fr/ark:/12148/bpt6k5505300s/f291.item,"Ernest Reynnud, secr.",Ligue française de l'Enseignement
L1912-00970,Dumerguc,L1912-00970,resolved_fuzzy,L1912-01625,Ligue française de l'Enseignement,member,organisation_entry_officer_list,1901,267,https://gallica.bnf.fr/ark:/12148/bpt6k5505300s/f291.item,"Dumerguc, Massai, Séugheol, Bonnet, membres",Ligue française de l'Enseignement
L1912-01709,Massai,L1912-01709,resolved_fuzzy,L1912-01625,Ligue française de l'Enseignement,member,organisation_entry_officer_list,1901,267,https://gallica.bnf.fr/ark:/12148/bpt6k5505300s/f291.item,"Dumerguc, Massai, Séugheol, Bonnet, membres",Ligue française de l'Enseignement
NAME:SEUGHEOL,Séugheol,,unmatched,L1912-01625,Ligue française de l'Enseignement,member,organisation_entry_officer_list,1901,267,https://gallica.bnf.fr/ark:/12148/bpt6k5505300s/f291.item,"Dumerguc, Massai, Séugheol, Bonnet, membres",Ligue française de l'Enseignement
NAME:BONNET,Bonnet,,ambiguous,L1912-01625,Ligue française de l'Enseignement,member,organisation_entry_officer_list,1901,267,https://gallica.bnf.fr/ark:/12148/bpt6k5505300s/f291.item,"Dumerguc, Massai, Séugheol, Bonnet, membres",Ligue française de l'Enseignement
NAME:TOMASINI,Tomasini,,unmatched,L1912-01625,Ligue française de l'Enseignement,president,organisation_entry_officer_list,1901,267,https://gallica.bnf.fr/ark:/12148/bpt6k5505300s/f291.item,"Cercle de Souk-el-Khemis : MM. le D' Tomasini, prés.",Ligue française de l'Enseignement
NAME:HUGON,Hugon,,unmatched,L1912-01625,Ligue française de l'Enseignement,vice_president,organisation_entry_officer_list,1901,267,https://gallica.bnf.fr/ark:/12148/bpt6k5505300s/f291.item,"Hugon et Mongeaud, v.-prés.",Ligue française de l'Enseignement
NAME:MONGEAUD,Mongeaud,,unmatched,L1912-01625,Ligue française de l'Enseignement,vice_president,organisation_entry_officer_list,1901,267,https://gallica.bnf.fr/ark:/12148/bpt6k5505300s/f291.item,"Hugon et Mongeaud, v.-prés.",Ligue française de l'Enseignement
NAME:SARRET,Sarret,,unmatched,L1912-01625,Ligue française de l'Enseignement,secretary,organisation_entry_officer_list,1901,267,https://gallica.bnf.fr/ark:/12148/bpt6k5505300s/f291.item,"Sarret, secr.",Ligue française de l'Enseignement
NAME:GARCIN,Garcin,,unmatched,L1912-01625,Ligue française de l'Enseignement,deputy_secretary,organisation_entry_officer_list,1901,267,https://gallica.bnf.fr/ark:/12148/bpt6k5505300s/f291.item,"Garcin,'secr. adj.",Ligue française de l'Enseignement
L1912-01291,Gounot,L1912-01291,resolved,L1912-01625,Ligue française de l'Enseignement,member,organisation_entry_officer_list,1901,267,https://gallica.bnf.fr/ark:/12148/bpt6k5505300s/f291.item,"' Gounot, Gasq et Cabrol, membres",Ligue française de l'Enseignement
NAME:GASQ,Gasq,,unmatched,L1912-01625,Ligue française de l'Enseignement,member,organisation_entry_officer_list,1901,267,https://gallica.bnf.fr/ark:/12148/bpt6k5505300s/f291.item,"' Gounot, Gasq et Cabrol, membres",Ligue française de l'Enseignement
NAME:CABROL,Cabrol,,unmatched,L1912-01625,Ligue française de l'Enseignement,member,organisation_entry_officer_list,1901,267,https://gallica.bnf.fr/ark:/12148/bpt6k5505300s/f291.item,"' Gounot, Gasq et Cabrol, membres",Ligue française de l'Enseignement
L1912-01896,Nestler,L1912-01896,resolved,L1912-01625,Ligue française de l'Enseignement,president,organisation_entry_officer_list,1901,267,https://gallica.bnf.fr/ark:/12148/bpt6k5505300s/f291.item,"Cercle de Sousse : MM. Nestler, prés.",Ligue française de l'Enseignement
NAME:CACHELOU,Cachelou,,unmatched,L1912-01625,Ligue française de l'Enseignement,vice_president,organisation_entry_officer_list,1901,267,https://gallica.bnf.fr/ark:/12148/bpt6k5505300s/f291.item,"Cachelou, v.-prés.",Ligue française de l'Enseignement
L1912-01699,Marquel,L1912-01699,resolved_fuzzy,L1912-01625,Ligue française de l'Enseignement,secretary,organisation_entry_officer_list,1901,267,https://gallica.bnf.fr/ark:/12148/bpt6k5505300s/f291.item,"Marquel et Rolland, secr.",Ligue française de l'Enseignement
NAME:ROLLAND,Rolland,,ambiguous,L1912-01625,Ligue française de l'Enseignement,archivist_librarian,organisation_entry_officer_list,1901,267,https://gallica.bnf.fr/ark:/12148/bpt6k5505300s/f291.item,"Rolland, bibliothécaire",Ligue française de l'Enseignement
NAME:DUVERNOY,Duvernoy,,unmatched,L1912-01625,Ligue française de l'Enseignement,secretary,organisation_entry_officer_list,1901,267,https://gallica.bnf.fr/ark:/12148/bpt6k5505300s/f291.item,"Duvernoy, secr.",Ligue française de l'Enseignement
NAME:BOUISSEL,Bouissel,,unmatched,L1912-01625,Ligue française de l'Enseignement,member,organisation_entry_officer_list,1901,267,https://gallica.bnf.fr/ark:/12148/bpt6k5505300s/f291.item,"Bouissel, Jouberl, Puncruzi, Peloni el Porzio, membres",Ligue française de l'Enseignement
L1912-01477,Jouberl,L1912-01477,resolved_fuzzy,L1912-01625,Ligue française de l'Enseignement,member,organisation_entry_officer_list,1901,267,https://gallica.bnf.fr/ark:/12148/bpt6k5505300s/f291.item,"Bouissel, Jouberl, Puncruzi, Peloni el Porzio, membres",Ligue française de l'Enseignement
NAME:PUNCRUZI,Puncruzi,,unmatched,L1912-01625,Ligue française de l'Enseignement,member,organisation_entry_officer_list,1901,267,https://gallica.bnf.fr/ark:/12148/bpt6k5505300s/f291.item,"Bouissel, Jouberl, Puncruzi, Peloni el Porzio, membres",Ligue française de l'Enseignement
NAME:PELONI,Peloni,,ambiguous,L1912-01625,Ligue française de l'Enseignement,member,organisation_entry_officer_list,1901,267,https://gallica.bnf.fr/ark:/12148/bpt6k5505300s/f291.item,"Bouissel, Jouberl, Puncruzi, Peloni el Porzio, membres",Ligue française de l'Enseignement
NAME:ROUSSEAU,Rousseau,,unmatched,L1912-01625,Ligue française de l'Enseignement,vice_president,organisation_entry_officer_list,1901,267,https://gallica.bnf.fr/ark:/12148/bpt6k5505300s/f291.item,"Rousseau, et Rives, v.-prés.",Ligue française de l'Enseignement
NAME:RIVES,Rives,,unmatched,L1912-01625,Ligue française de l'Enseignement,vice_president,organisation_entry_officer_list,1901,267,https://gallica.bnf.fr/ark:/12148/bpt6k5505300s/f291.item,"Rousseau, et Rives, v.-prés.",Ligue française de l'Enseignement
L1912-01725,Manger,L1912-01725,resolved_fuzzy,L1912-01625,Ligue française de l'Enseignement,secretary,organisation_entry_officer_list,1901,267,https://gallica.bnf.fr/ark:/12148/bpt6k5505300s/f291.item,"Manger, secr.",Ligue française de l'Enseignement
NAME:BOURSES,Bourses,,unmatched,L1912-01625,Ligue française de l'Enseignement,archivist_librarian,organisation_entry_officer_list,1901,267,https://gallica.bnf.fr/ark:/12148/bpt6k5505300s/f291.item,"Douot, bibliothécaire. . Bourses, distribution de prix, fêtes enfantines, conférences.",Ligue française de l'Enseignement
NAME:BROCHURES,Brochures,,unmatched,L1912-01829,MONTELS,president,organisation_entry_officer_list,1843,294,https://gallica.bnf.fr/ark:/12148/bpt6k5505300s/f318.item,"Président de la « Solidarité sfaxienne » (Libre pensée). 'TRAVAUX : Brochures politiques diverses sur les Habous en.Tunisie, la situation commerciale, excursions en 'Tunisie, etc",MONTELS
NAME:MEDAILLE,Médaille,,unmatched,L1912-01876,Mutualité Commerciale de Tunis,president,organisation_entry_officer_list,1903,300,https://gallica.bnf.fr/ark:/12148/bpt6k5505300s/f324.item,"Médaille de bronze Exposition coloniale de Marseille 1.906. Froschamer Georges. 1"" président",Mutualité Commerciale de Tunis
NAME:CNLNBRE,Cnlnbre,,unmatched,L1912-01876,Mutualité Commerciale de Tunis,treasurer,organisation_entry_officer_list,1903,300,https://gallica.bnf.fr/ark:/12148/bpt6k5505300s/f324.item,pour les sinistrés de Cnlnbre il fut versé près do 300 francs au consul général d'Italie,Mutualité Commerciale de Tunis
NAME:FITOUS,Fitous,,unmatched,L1912-01877,Mutualité maternelle Israélite,president,organisation_entry_officer_list,1909,300,https://gallica.bnf.fr/ark:/12148/bpt6k5505300s/f324.item,BUEEAU : MM. Fitous'. si. prés.,Mutualité maternelle Israélite
L1912-02391,Moïse Silbon,L1912-02391,resolved_fuzzy,L1912-01877,Mutualité maternelle Israélite,vice_president,organisation_entry_officer_list,1909,300,https://gallica.bnf.fr/ark:/12148/bpt6k5505300s/f324.item,"Moïse Silbon et Sauveur Kisra'oui, v.-prés.",Mutualité maternelle Israélite
NAME:SAUVEUR KISRA OUI,Sauveur Kisra'oui,,unmatched,L1912-01877,Mutualité maternelle Israélite,vice_president,organisation_entry_officer_list,1909,300,https://gallica.bnf.fr/ark:/12148/bpt6k5505300s/f324.item,"Moïse Silbon et Sauveur Kisra'oui, v.-prés.",Mutualité maternelle Israélite
NAME:FELIX SFEZ,Félix Sfez,,unmatched,L1912-01877,Mutualité maternelle Israélite,secretary,organisation_entry_officer_list,1909,300,https://gallica.bnf.fr/ark:/12148/bpt6k5505300s/f324.item,"Félix Sfez, secr.",Mutualité maternelle Israélite
NAME:ELIE KHNYNL,Elie Khnynl,,unmatched,L1912-01877,Mutualité maternelle Israélite,member,organisation_entry_officer_list,1909,300,https://gallica.bnf.fr/ark:/12148/bpt6k5505300s/f324.item,"Elie Khnynl, i Sion Gatigno et, Elie Sln.kmon, membres",Mutualité maternelle Israélite
NAME:ELIE,Elie,,unmatched,L1912-01877,Mutualité maternelle Israélite,member,organisation_entry_officer_list,1909,300,https://gallica.bnf.fr/ark:/12148/bpt6k5505300s/f324.item,"Elie Khnynl, i Sion Gatigno et, Elie Sln.kmon, membres",Mutualité maternelle Israélite
L1912-02318,A Sephor,L1912-02318,resolved_fuzzy,L1912-01877,Mutualité maternelle Israélite,member,organisation_entry_officer_list,1909,300,https://gallica.bnf.fr/ark:/12148/bpt6k5505300s/f324.item,"Membres consultatifs : MM. A. Sephor. | Samuel I-Iagège, Adolphe Bellaïche el Isaac Ben Aitar. ((Mutuelle Tunisienne (La)». Organe officiel de l'Assistance mutuelle 'Tunisienne, 4,",Mutualité maternelle Israélite
L1912-00271,Adolphe Bellaïche,L1912-00271,resolved_fuzzy,L1912-01877,Mutualité maternelle Israélite,member,organisation_entry_officer_list,1909,300,https://gallica.bnf.fr/ark:/12148/bpt6k5505300s/f324.item,"Membres consultatifs : MM. A. Sephor. | Samuel I-Iagège, Adolphe Bellaïche el Isaac Ben Aitar. ((Mutuelle Tunisienne (La)». Organe officiel de l'Assistance mutuelle 'Tunisienne, 4,",Mutualité maternelle Israélite
L1912-02603,Tunis,L1912-02603,resolved,L1912-01877,Mutualité maternelle Israélite,member,organisation_entry_officer_list,1909,300,https://gallica.bnf.fr/ark:/12148/bpt6k5505300s/f324.item,"Membres consultatifs : MM. A. Sephor. | Samuel I-Iagège, Adolphe Bellaïche el Isaac Ben Aitar. ((Mutuelle Tunisienne (La)». Organe officiel de l'Assistance mutuelle 'Tunisienne, 4,",Mutualité maternelle Israélite
L1912-01428,F Huard,L1912-01428,resolved,L1912-01877,Mutualité maternelle Israélite,director,organisation_entry_officer_list,1909,300,https://gallica.bnf.fr/ark:/12148/bpt6k5505300s/f324.item,"Directeur M. F. Huard, président général de l'Assistance mutuelle Tùnii sienne.",Mutualité maternelle Israélite
NAME:VICTOR LUMBROSO,Victor Lumbroso,,ambiguous,L1912-02005,Patronage des écoles laïques de Tunis,president,organisation_entry_officer_list,1909,320,https://gallica.bnf.fr/ark:/12148/bpt6k5505300s/f344.item,"COMITÉ : MM. Victor Lumbroso, avocat au barreau de T'unis, prés.",Patronage des écoles laïques de Tunis
L1912-00428,Boulakia,L1912-00428,resolved,L1912-02005,Patronage des écoles laïques de Tunis,vice_president,organisation_entry_officer_list,1909,320,https://gallica.bnf.fr/ark:/12148/bpt6k5505300s/f344.item,"Boulakia et Dr A. Bonan, v.-prés.",Patronage des écoles laïques de Tunis
NAME:A BONAN,A Bonan,,ambiguous,L1912-02005,Patronage des écoles laïques de Tunis,vice_president,organisation_entry_officer_list,1909,320,https://gallica.bnf.fr/ark:/12148/bpt6k5505300s/f344.item,"Boulakia et Dr A. Bonan, v.-prés.",Patronage des écoles laïques de Tunis
NAME:N M AYEB,N M'ayeb,,unmatched,L1912-02005,Patronage des écoles laïques de Tunis,secretary,organisation_entry_officer_list,1909,320,https://gallica.bnf.fr/ark:/12148/bpt6k5505300s/f344.item,"N. M'ayeb, étudiant en droit, secr.",Patronage des écoles laïques de Tunis
NAME:I ABEASIS ET V SLAMA,I Abéasis'et V Slama,,ambiguous,L1912-02005,Patronage des écoles laïques de Tunis,deputy_secretary,organisation_entry_officer_list,1909,320,https://gallica.bnf.fr/ark:/12148/bpt6k5505300s/f344.item,"I. Abéasis'et V. Slama, avocats, secr. adj.",Patronage des écoles laïques de Tunis
NAME:MAURICE ATTAL,Maurice Attal,,unmatched,L1912-02005,Patronage des écoles laïques de Tunis,member,organisation_entry_officer_list,1909,320,https://gallica.bnf.fr/ark:/12148/bpt6k5505300s/f344.item,"Maurice Attal, D. Cohen Tanudji, S. Hagège, M. Maïmoun, M. Smadja, membres.",Patronage des écoles laïques de Tunis
NAME:D COHEN TANUDJI,D Cohen Tanudji,,ambiguous,L1912-02005,Patronage des écoles laïques de Tunis,member,organisation_entry_officer_list,1909,320,https://gallica.bnf.fr/ark:/12148/bpt6k5505300s/f344.item,"Maurice Attal, D. Cohen Tanudji, S. Hagège, M. Maïmoun, M. Smadja, membres.",Patronage des écoles laïques de Tunis
NAME:S HAGEGE,S Hagège,,unmatched,L1912-02005,Patronage des écoles laïques de Tunis,member,organisation_entry_officer_list,1909,320,https://gallica.bnf.fr/ark:/12148/bpt6k5505300s/f344.item,"Maurice Attal, D. Cohen Tanudji, S. Hagège, M. Maïmoun, M. Smadja, membres.",Patronage des écoles laïques de Tunis
NAME:MAIMOUN,Maïmoun,,unmatched,L1912-02005,Patronage des écoles laïques de Tunis,member,organisation_entry_officer_list,1909,320,https://gallica.bnf.fr/ark:/12148/bpt6k5505300s/f344.item,"Maurice Attal, D. Cohen Tanudji, S. Hagège, M. Maïmoun, M. Smadja, membres.",Patronage des écoles laïques de Tunis
L1912-02397,Smadja,L1912-02397,resolved,L1912-02005,Patronage des écoles laïques de Tunis,member,organisation_entry_officer_list,1909,320,https://gallica.bnf.fr/ark:/12148/bpt6k5505300s/f344.item,"Maurice Attal, D. Cohen Tanudji, S. Hagège, M. Maïmoun, M. Smadja, membres.",Patronage des écoles laïques de Tunis
L1912-00765,J.-B Curlelin,L1912-00765,resolved_fuzzy,L1912-02301,Section tunisienne du Comité républicain du Commerce,president,organisation_entry_officer_list,1909,363,https://gallica.bnf.fr/ark:/12148/bpt6k5505300s/f387.item,"Section tunisienne du Comité républicain du Commerce, de l'Industrie et de l'Agriculture (Comité Mascuraud), 1909. BUREAU : MM, J.-B. Curlelin, prés.",Section tunisienne du Comité républicain du Commerce
NAME:S REVOLON,S Révolon,,ambiguous,L1912-02301,Section tunisienne du Comité républicain du Commerce,vice_president,organisation_entry_officer_list,1909,363,https://gallica.bnf.fr/ark:/12148/bpt6k5505300s/f387.item,"S. Révolon, Dumergue et Marchegay, v.- prés.",Section tunisienne du Comité républicain du Commerce
L1912-00970,Dumergue,L1912-00970,resolved,L1912-02301,Section tunisienne du Comité républicain du Commerce,vice_president,organisation_entry_officer_list,1909,363,https://gallica.bnf.fr/ark:/12148/bpt6k5505300s/f387.item,"S. Révolon, Dumergue et Marchegay, v.- prés.",Section tunisienne du Comité républicain du Commerce
NAME:MARCHEGAY,Marchegay,,unmatched,L1912-02301,Section tunisienne du Comité républicain du Commerce,vice_president,organisation_entry_officer_list,1909,363,https://gallica.bnf.fr/ark:/12148/bpt6k5505300s/f387.item,"S. Révolon, Dumergue et Marchegay, v.- prés.",Section tunisienne du Comité républicain du Commerce
L1912-01579,P Lambert,L1912-01579,resolved,L1912-02301,Section tunisienne du Comité républicain du Commerce,secretary_general,organisation_entry_officer_list,1909,363,https://gallica.bnf.fr/ark:/12148/bpt6k5505300s/f387.item,"P. Lambert, secr. gén.",Section tunisienne du Comité républicain du Commerce
L1912-00570,Chaffanjon,L1912-00570,resolved,L1912-02301,Section tunisienne du Comité républicain du Commerce,secretary,organisation_entry_officer_list,1909,363,https://gallica.bnf.fr/ark:/12148/bpt6k5505300s/f387.item,"Chaffanjon, secr.",Section tunisienne du Comité républicain du Commerce
L1912-00762,Cuénod,L1912-00762,resolved,L1912-02303,Section tunisienne de la Ligue nationale contre l'alcoolisme,president,organisation_entry_officer_list,1902,363,https://gallica.bnf.fr/ark:/12148/bpt6k5505300s/f387.item,"BUREAU : MM. le D' Cuénod, prés.",Section tunisienne de la Ligue nationale contre l'alcoolisme
L1912-01475,Jaulmes,L1912-01475,resolved,L1912-02303,Section tunisienne de la Ligue nationale contre l'alcoolisme,vice_president,organisation_entry_officer_list,1902,363,https://gallica.bnf.fr/ark:/12148/bpt6k5505300s/f387.item,"Jaulmes et Duffau, v.-prés.",Section tunisienne de la Ligue nationale contre l'alcoolisme
L1912-00964,Duffau,L1912-00964,resolved,L1912-02303,Section tunisienne de la Ligue nationale contre l'alcoolisme,vice_president,organisation_entry_officer_list,1902,363,https://gallica.bnf.fr/ark:/12148/bpt6k5505300s/f387.item,"Jaulmes et Duffau, v.-prés.",Section tunisienne de la Ligue nationale contre l'alcoolisme
NAME:J MOULIN,J Moulin,,unmatched,L1912-02303,Section tunisienne de la Ligue nationale contre l'alcoolisme,secretary,organisation_entry_officer_list,1902,363,https://gallica.bnf.fr/ark:/12148/bpt6k5505300s/f387.item,"J. Moulin, secr.",Section tunisienne de la Ligue nationale contre l'alcoolisme
NAME:ALIX,Alix,,ambiguous,L1912-02303,Section tunisienne de la Ligue nationale contre l'alcoolisme,assessor,organisation_entry_officer_list,1902,363,https://gallica.bnf.fr/ark:/12148/bpt6k5505300s/f387.item,"Alix, Dive, R. Sitbon, D* Rouquié, assess",Section tunisienne de la Ligue nationale contre l'alcoolisme
NAME:DIVE,Dive,,unmatched,L1912-02303,Section tunisienne de la Ligue nationale contre l'alcoolisme,assessor,organisation_entry_officer_list,1902,363,https://gallica.bnf.fr/ark:/12148/bpt6k5505300s/f387.item,"Alix, Dive, R. Sitbon, D* Rouquié, assess",Section tunisienne de la Ligue nationale contre l'alcoolisme
L1912-02391,R Sitbon,L1912-02391,resolved,L1912-02303,Section tunisienne de la Ligue nationale contre l'alcoolisme,assessor,organisation_entry_officer_list,1902,363,https://gallica.bnf.fr/ark:/12148/bpt6k5505300s/f387.item,"Alix, Dive, R. Sitbon, D* Rouquié, assess",Section tunisienne de la Ligue nationale contre l'alcoolisme
L1912-01607,Lemanski,L1912-01607,resolved,L1912-02303,Section tunisienne de la Ligue nationale contre l'alcoolisme,president,organisation_entry_officer_list,1902,363,https://gallica.bnf.fr/ark:/12148/bpt6k5505300s/f387.item,Ane. prés. : M. le Dr Lemanski,Section tunisienne de la Ligue nationale contre l'alcoolisme
NAME:VILLATFE,Villatfe,,ambiguous_fuzzy,L1912-02401,Société Amicale des Deux-Charentes,president,organisation_entry_officer_list,1905,373,https://gallica.bnf.fr/ark:/12148/bpt6k5505300s/f397.item,"BUREAU : MM. Villatfe. prés,",Société Amicale des Deux-Charentes
L1912-02211,Roudy,L1912-02211,resolved,L1912-02401,Société Amicale des Deux-Charentes,vice_president,organisation_entry_officer_list,1905,373,https://gallica.bnf.fr/ark:/12148/bpt6k5505300s/f397.item,Roudy et Gauvry. v.-prés.,Société Amicale des Deux-Charentes
NAME:GAUVRY,Gauvry,,unmatched,L1912-02401,Société Amicale des Deux-Charentes,vice_president,organisation_entry_officer_list,1905,373,https://gallica.bnf.fr/ark:/12148/bpt6k5505300s/f397.item,Roudy et Gauvry. v.-prés.,Société Amicale des Deux-Charentes
NAME:NEAU,Neau,,unmatched,L1912-02401,Société Amicale des Deux-Charentes,deputy_secretary,organisation_entry_officer_list,1905,373,https://gallica.bnf.fr/ark:/12148/bpt6k5505300s/f397.item,"Neau, secr. adj.",Société Amicale des Deux-Charentes
L1912-01210,Gaillard,L1912-01210,resolved,L1912-02401,Société Amicale des Deux-Charentes,member,organisation_entry_officer_list,1905,373,https://gallica.bnf.fr/ark:/12148/bpt6k5505300s/f397.item,"Gaillard, Lambert et Barrion, membres",Société Amicale des Deux-Charentes
L1912-01579,Lambert,L1912-01579,resolved,L1912-02401,Société Amicale des Deux-Charentes,member,organisation_entry_officer_list,1905,373,https://gallica.bnf.fr/ark:/12148/bpt6k5505300s/f397.item,"Gaillard, Lambert et Barrion, membres",Société Amicale des Deux-Charentes
NAME:BARRION,Barrion,,unmatched,L1912-02401,Société Amicale des Deux-Charentes,member,organisation_entry_officer_list,1905,373,https://gallica.bnf.fr/ark:/12148/bpt6k5505300s/f397.item,"Gaillard, Lambert et Barrion, membres",Société Amicale des Deux-Charentes
L1912-00832,Deplancbe,L1912-00832,resolved_fuzzy,L1912-02401,Société Amicale des Deux-Charentes,president,organisation_entry_officer_list,1905,373,https://gallica.bnf.fr/ark:/12148/bpt6k5505300s/f397.item,Ane. prés. : M. Deplancbe,Société Amicale des Deux-Charentes
NAME:DIIUAYO,Diiuayo,,unmatched,L1912-02401,Société Amicale des Deux-Charentes,president,organisation_entry_officer_list,1905,373,https://gallica.bnf.fr/ark:/12148/bpt6k5505300s/f397.item,"BUT : amicalisme et mutualité. Composition du Conseil : MM. Diiuayo, prés.",Société Amicale des Deux-Charentes
L1912-00311,Rerhault,L1912-00311,resolved_fuzzy,L1912-02401,Société Amicale des Deux-Charentes,vice_president,organisation_entry_officer_list,1905,373,https://gallica.bnf.fr/ark:/12148/bpt6k5505300s/f397.item,"Rerhault et 1 R. Marot, v.-prés.",Société Amicale des Deux-Charentes
NAME:TIVEYRAT,Tiveyrat,,unmatched,L1912-02401,Société Amicale des Deux-Charentes,deputy_secretary,organisation_entry_officer_list,1905,373,https://gallica.bnf.fr/ark:/12148/bpt6k5505300s/f397.item,"Tiveyrat, secr. adjoint.",Société Amicale des Deux-Charentes
NAME:ANGELI,Angeli,,unmatched,L1912-02401,Société Amicale des Deux-Charentes,member,organisation_entry_officer_list,1905,373,https://gallica.bnf.fr/ark:/12148/bpt6k5505300s/f397.item,"Angeli, Ar- dl noux, Balouzat, Capet, Cheval, Clavé, s( Deinoutier, Frayssinel, Griscelli, Royat, O Vargues, membres",Société Amicale des Deux-Charentes
NAME:BALOUZAT,Balouzat,,unmatched,L1912-02401,Société Amicale des Deux-Charentes,member,organisation_entry_officer_list,1905,373,https://gallica.bnf.fr/ark:/12148/bpt6k5505300s/f397.item,"Angeli, Ar- dl noux, Balouzat, Capet, Cheval, Clavé, s( Deinoutier, Frayssinel, Griscelli, Royat, O Vargues, membres",Société Amicale des Deux-Charentes
NAME:CAPET,Capet,,unmatched,L1912-02401,Société Amicale des Deux-Charentes,member,organisation_entry_officer_list,1905,373,https://gallica.bnf.fr/ark:/12148/bpt6k5505300s/f397.item,"Angeli, Ar- dl noux, Balouzat, Capet, Cheval, Clavé, s( Deinoutier, Frayssinel, Griscelli, Royat, O Vargues, membres",Société Amicale des Deux-Charentes
NAME:CHEVAL,Cheval,,unmatched,L1912-02401,Société Amicale des Deux-Charentes,member,organisation_entry_officer_list,1905,373,https://gallica.bnf.fr/ark:/12148/bpt6k5505300s/f397.item,"Angeli, Ar- dl noux, Balouzat, Capet, Cheval, Clavé, s( Deinoutier, Frayssinel, Griscelli, Royat, O Vargues, membres",Société Amicale des Deux-Charentes
NAME:CLAVE,Clavé,,unmatched,L1912-02401,Société Amicale des Deux-Charentes,member,organisation_entry_officer_list,1905,373,https://gallica.bnf.fr/ark:/12148/bpt6k5505300s/f397.item,"Angeli, Ar- dl noux, Balouzat, Capet, Cheval, Clavé, s( Deinoutier, Frayssinel, Griscelli, Royat, O Vargues, membres",Société Amicale des Deux-Charentes
NAME:FRAYSSINEL,Frayssinel,,unmatched,L1912-02401,Société Amicale des Deux-Charentes,member,organisation_entry_officer_list,1905,373,https://gallica.bnf.fr/ark:/12148/bpt6k5505300s/f397.item,"Angeli, Ar- dl noux, Balouzat, Capet, Cheval, Clavé, s( Deinoutier, Frayssinel, Griscelli, Royat, O Vargues, membres",Société Amicale des Deux-Charentes
NAME:GRISCELLI,Griscelli,,unmatched,L1912-02401,Société Amicale des Deux-Charentes,member,organisation_entry_officer_list,1905,373,https://gallica.bnf.fr/ark:/12148/bpt6k5505300s/f397.item,"Angeli, Ar- dl noux, Balouzat, Capet, Cheval, Clavé, s( Deinoutier, Frayssinel, Griscelli, Royat, O Vargues, membres",Société Amicale des Deux-Charentes
NAME:ROYAT,Royat,,unmatched,L1912-02401,Société Amicale des Deux-Charentes,member,organisation_entry_officer_list,1905,373,https://gallica.bnf.fr/ark:/12148/bpt6k5505300s/f397.item,"Angeli, Ar- dl noux, Balouzat, Capet, Cheval, Clavé, s( Deinoutier, Frayssinel, Griscelli, Royat, O Vargues, membres",Société Amicale des Deux-Charentes
NAME:O VARGUES,O Vargues,,unmatched,L1912-02401,Société Amicale des Deux-Charentes,member,organisation_entry_officer_list,1905,373,https://gallica.bnf.fr/ark:/12148/bpt6k5505300s/f397.item,"Angeli, Ar- dl noux, Balouzat, Capet, Cheval, Clavé, s( Deinoutier, Frayssinel, Griscelli, Royat, O Vargues, membres",Société Amicale des Deux-Charentes
NAME:BLONDEL,Blondel,,unmatched,L1912-02402,Société Amicale et d'Assistance mu- h< tuelle du Personnel des Travaux publics,president,organisation_entry_officer_list,1905,374,https://gallica.bnf.fr/ark:/12148/bpt6k5505300s/f398.item,"Ane. prés.: Blondel, Tussac, Durel Auguste, Durel Alphonse, Philippeau",Société Amicale et d'Assistance mu- h< tuelle du Personnel des Travaux publics
L1912-02612,Tussac,L1912-02612,resolved,L1912-02402,Société Amicale et d'Assistance mu- h< tuelle du Personnel des Travaux publics,president,organisation_entry_officer_list,1905,374,https://gallica.bnf.fr/ark:/12148/bpt6k5505300s/f398.item,"Ane. prés.: Blondel, Tussac, Durel Auguste, Durel Alphonse, Philippeau",Société Amicale et d'Assistance mu- h< tuelle du Personnel des Travaux publics
NAME:DUREL AUGUSTE,Durel Auguste,,ambiguous,L1912-02402,Société Amicale et d'Assistance mu- h< tuelle du Personnel des Travaux publics,president,organisation_entry_officer_list,1905,374,https://gallica.bnf.fr/ark:/12148/bpt6k5505300s/f398.item,"Ane. prés.: Blondel, Tussac, Durel Auguste, Durel Alphonse, Philippeau",Société Amicale et d'Assistance mu- h< tuelle du Personnel des Travaux publics
NAME:DUREL ALPHONSE,Durel Alphonse,,ambiguous,L1912-02402,Société Amicale et d'Assistance mu- h< tuelle du Personnel des Travaux publics,president,organisation_entry_officer_list,1905,374,https://gallica.bnf.fr/ark:/12148/bpt6k5505300s/f398.item,"Ane. prés.: Blondel, Tussac, Durel Auguste, Durel Alphonse, Philippeau",Société Amicale et d'Assistance mu- h< tuelle du Personnel des Travaux publics
L1912-02050,Philippeau,L1912-02050,resolved,L1912-02402,Société Amicale et d'Assistance mu- h< tuelle du Personnel des Travaux publics,president,organisation_entry_officer_list,1905,374,https://gallica.bnf.fr/ark:/12148/bpt6k5505300s/f398.item,"Ane. prés.: Blondel, Tussac, Durel Auguste, Durel Alphonse, Philippeau",Société Amicale et d'Assistance mu- h< tuelle du Personnel des Travaux publics
L1912-02096,Porterie,L1912-02096,resolved,L1912-02402,Société Amicale et d'Assistance mu- h< tuelle du Personnel des Travaux publics,president,organisation_entry_officer_list,1905,374,https://gallica.bnf.fr/ark:/12148/bpt6k5505300s/f398.item,"BUREAU : MM. Porterie, prés.",Société Amicale et d'Assistance mu- h< tuelle du Personnel des Travaux publics
NAME:TANGUY,Tanguy,,unmatched,L1912-02402,Société Amicale et d'Assistance mu- h< tuelle du Personnel des Travaux publics,vice_president,organisation_entry_officer_list,1905,374,https://gallica.bnf.fr/ark:/12148/bpt6k5505300s/f398.item,"Tanguy et Andriny, v.-prés.",Société Amicale et d'Assistance mu- h< tuelle du Personnel des Travaux publics
NAME:ANDRINY,Andriny,,unmatched,L1912-02402,Société Amicale et d'Assistance mu- h< tuelle du Personnel des Travaux publics,vice_president,organisation_entry_officer_list,1905,374,https://gallica.bnf.fr/ark:/12148/bpt6k5505300s/f398.item,"Tanguy et Andriny, v.-prés.",Société Amicale et d'Assistance mu- h< tuelle du Personnel des Travaux publics
NAME:BARRAQUO,Barraquô,,unmatched,L1912-02402,Société Amicale et d'Assistance mu- h< tuelle du Personnel des Travaux publics,secretary,organisation_entry_officer_list,1905,374,https://gallica.bnf.fr/ark:/12148/bpt6k5505300s/f398.item,"Barraquô, secr.",Société Amicale et d'Assistance mu- h< tuelle du Personnel des Travaux publics
NAME:MARIGNANO,Marignano,,unmatched,L1912-02402,Société Amicale et d'Assistance mu- h< tuelle du Personnel des Travaux publics,deputy_secretary,organisation_entry_officer_list,1905,374,https://gallica.bnf.fr/ark:/12148/bpt6k5505300s/f398.item,"Marignano, secr. adj.",Société Amicale et d'Assistance mu- h< tuelle du Personnel des Travaux publics
NAME:BARLHEROTE,Barlherote,,unmatched,L1912-02402,Société Amicale et d'Assistance mu- h< tuelle du Personnel des Travaux publics,member,organisation_entry_officer_list,1905,374,https://gallica.bnf.fr/ark:/12148/bpt6k5505300s/f398.item,"Barlherote, Gérard, Passez et Rombi, membres.",Société Amicale et d'Assistance mu- h< tuelle du Personnel des Travaux publics
NAME:GERARD,Gérard,,ambiguous,L1912-02402,Société Amicale et d'Assistance mu- h< tuelle du Personnel des Travaux publics,member,organisation_entry_officer_list,1905,374,https://gallica.bnf.fr/ark:/12148/bpt6k5505300s/f398.item,"Barlherote, Gérard, Passez et Rombi, membres.",Société Amicale et d'Assistance mu- h< tuelle du Personnel des Travaux publics
L1912-01997,Passez,L1912-01997,resolved,L1912-02402,Société Amicale et d'Assistance mu- h< tuelle du Personnel des Travaux publics,member,organisation_entry_officer_list,1905,374,https://gallica.bnf.fr/ark:/12148/bpt6k5505300s/f398.item,"Barlherote, Gérard, Passez et Rombi, membres.",Société Amicale et d'Assistance mu- h< tuelle du Personnel des Travaux publics
NAME:ROMBI,Rombi,,unmatched,L1912-02402,Société Amicale et d'Assistance mu- h< tuelle du Personnel des Travaux publics,member,organisation_entry_officer_list,1905,374,https://gallica.bnf.fr/ark:/12148/bpt6k5505300s/f398.item,"Barlherote, Gérard, Passez et Rombi, membres.",Société Amicale et d'Assistance mu- h< tuelle du Personnel des Travaux publics
NAME:DESTENAVE,Destenave,,unmatched,L1912-02404,Société Archéologique de Sousse,president,organisation_entry_officer_list,,374,https://gallica.bnf.fr/ark:/12148/bpt6k5505300s/f398.item,"MM. le colonel Destenave, prés.",Société Archéologique de Sousse
NAME:MANIGOLD,Manigold,,unmatched,L1912-02404,Société Archéologique de Sousse,secretary_general,organisation_entry_officer_list,,374,https://gallica.bnf.fr/ark:/12148/bpt6k5505300s/f398.item,"Manigold, secr. gén",Société Archéologique de Sousse
L1912-00529,Carton,L1912-00529,resolved,L1912-02404,Société Archéologique de Sousse,director,organisation_entry_officer_list,,374,https://gallica.bnf.fr/ark:/12148/bpt6k5505300s/f398.item,Directeur du Bull. de la Société : Dr Carton.,Société Archéologique de Sousse
L1912-01252,Georges,L1912-01252,resolved_fuzzy,L1912-02405,Société d'Apiculture de Tunisie,president,organisation_entry_officer_list,,374,https://gallica.bnf.fr/ark:/12148/bpt6k5505300s/f398.item,"BUREAU : MM. Georges, prés.",Société d'Apiculture de Tunisie
NAME:DEFRANCE,Defrance,,unmatched,L1912-02405,Société d'Apiculture de Tunisie,vice_president,organisation_entry_officer_list,,374,https://gallica.bnf.fr/ark:/12148/bpt6k5505300s/f398.item,"Defrance, v.-prés.",Société d'Apiculture de Tunisie
NAME:ROUPPERT,Rouppert,,unmatched,L1912-02405,Société d'Apiculture de Tunisie,secretary,organisation_entry_officer_list,,374,https://gallica.bnf.fr/ark:/12148/bpt6k5505300s/f398.item,"Rouppert, secr.",Société d'Apiculture de Tunisie
NAME:VALLADE,Vallade,,unmatched,L1912-02405,Société d'Apiculture de Tunisie,member,organisation_entry_officer_list,,374,https://gallica.bnf.fr/ark:/12148/bpt6k5505300s/f398.item,"Vallade, Gouttry, Malet, Bertin, membres.",Société d'Apiculture de Tunisie
NAME:GOUTTRY,Gouttry,,unmatched,L1912-02405,Société d'Apiculture de Tunisie,member,organisation_entry_officer_list,,374,https://gallica.bnf.fr/ark:/12148/bpt6k5505300s/f398.item,"Vallade, Gouttry, Malet, Bertin, membres.",Société d'Apiculture de Tunisie
L1912-01681,Malet,L1912-01681,resolved,L1912-02405,Société d'Apiculture de Tunisie,member,organisation_entry_officer_list,,374,https://gallica.bnf.fr/ark:/12148/bpt6k5505300s/f398.item,"Vallade, Gouttry, Malet, Bertin, membres.",Société d'Apiculture de Tunisie
NAME:BERTIN,Bertin,,ambiguous,L1912-02405,Société d'Apiculture de Tunisie,member,organisation_entry_officer_list,,374,https://gallica.bnf.fr/ark:/12148/bpt6k5505300s/f398.item,"Vallade, Gouttry, Malet, Bertin, membres.",Société d'Apiculture de Tunisie
NAME:RESSERRER,Resserrer,,unmatched,L1912-02406,Société des Alsaciens et Lorrains en Tunisie,member,organisation_entry_officer_list,1889,374,https://gallica.bnf.fr/ark:/12148/bpt6k5505300s/f398.item,"Société des Alsaciens et Lorrains en Tunisie, Tunis. 1889. BUT : Resserrer les liens qui unissent dans un même sentiment de fraternité et d'amour pour la France tous les enfants de",Société des Alsaciens et Lorrains en Tunisie
NAME:MICHAUX,Michaux,,ambiguous,L1912-02406,Société des Alsaciens et Lorrains en Tunisie,president,organisation_entry_officer_list,1889,374,https://gallica.bnf.fr/ark:/12148/bpt6k5505300s/f398.item,"MM. Michaux, prés.",Société des Alsaciens et Lorrains en Tunisie
NAME:LEPAGE,Lepage,,unmatched,L1912-02406,Société des Alsaciens et Lorrains en Tunisie,vice_president,organisation_entry_officer_list,1889,374,https://gallica.bnf.fr/ark:/12148/bpt6k5505300s/f398.item,"Lepage et Grùndler, v.-prés.",Société des Alsaciens et Lorrains en Tunisie
L1912-01315,Grùndler,L1912-01315,resolved,L1912-02406,Société des Alsaciens et Lorrains en Tunisie,vice_president,organisation_entry_officer_list,1889,374,https://gallica.bnf.fr/ark:/12148/bpt6k5505300s/f398.item,"Lepage et Grùndler, v.-prés.",Société des Alsaciens et Lorrains en Tunisie
L1912-02686,Weber,L1912-02686,resolved,L1912-02406,Société des Alsaciens et Lorrains en Tunisie,secretary,organisation_entry_officer_list,1889,374,https://gallica.bnf.fr/ark:/12148/bpt6k5505300s/f398.item,"Weber, secr.",Société des Alsaciens et Lorrains en Tunisie
NAME:SCHOULL,Schoull,,unmatched,L1912-02406,Société des Alsaciens et Lorrains en Tunisie,president,organisation_entry_officer_list,1889,374,https://gallica.bnf.fr/ark:/12148/bpt6k5505300s/f398.item,"Ane. prés.: M. le D' Schoull (président honoraire), qui a quitté ses fonctions en 1907. OEUVRES : Placement de nombreux compatriotes",Société des Alsaciens et Lorrains en Tunisie
NAME:PLACEMENT,Placement,,unmatched,L1912-02406,Société des Alsaciens et Lorrains en Tunisie,president,organisation_entry_officer_list,1889,374,https://gallica.bnf.fr/ark:/12148/bpt6k5505300s/f398.item,"Ane. prés.: M. le D' Schoull (président honoraire), qui a quitté ses fonctions en 1907. OEUVRES : Placement de nombreux compatriotes",Société des Alsaciens et Lorrains en Tunisie
NAME:CARTHAGE,Carthage,,unmatched,L1912-02407,Société des Anciens Chasseurs d'Afrique résidant en Tunisie,member,organisation_entry_officer_list,1903,374,https://gallica.bnf.fr/ark:/12148/bpt6k5505300s/f398.item,"Tunis, 2, av. de Carthage. 70 membres",Société des Anciens Chasseurs d'Afrique résidant en Tunisie
NAME:BOYE,Boyé,,unmatched,L1912-02407,Société des Anciens Chasseurs d'Afrique résidant en Tunisie,vice_president,organisation_entry_officer_list,1903,374,https://gallica.bnf.fr/ark:/12148/bpt6k5505300s/f398.item,"le capitaine Boyé et Esprangle,v.-prés.",Société des Anciens Chasseurs d'Afrique résidant en Tunisie
NAME:ESPRANGLE,Esprangle,,unmatched,L1912-02407,Société des Anciens Chasseurs d'Afrique résidant en Tunisie,vice_president,organisation_entry_officer_list,1903,374,https://gallica.bnf.fr/ark:/12148/bpt6k5505300s/f398.item,"le capitaine Boyé et Esprangle,v.-prés.",Société des Anciens Chasseurs d'Afrique résidant en Tunisie
L1912-02075,Plouchart,L1912-02075,resolved,L1912-02407,Société des Anciens Chasseurs d'Afrique résidant en Tunisie,secretary,organisation_entry_officer_list,1903,374,https://gallica.bnf.fr/ark:/12148/bpt6k5505300s/f398.item,"Plouchart, secr.",Société des Anciens Chasseurs d'Afrique résidant en Tunisie
NAME:MONNIER,Monnier,,unmatched,L1912-02407,Société des Anciens Chasseurs d'Afrique résidant en Tunisie,deputy_secretary,organisation_entry_officer_list,1903,374,https://gallica.bnf.fr/ark:/12148/bpt6k5505300s/f398.item,"Monnier, secr. adj.",Société des Anciens Chasseurs d'Afrique résidant en Tunisie
NAME:BONREPAUX,Bonrepaux,,unmatched,L1912-02407,Société des Anciens Chasseurs d'Afrique résidant en Tunisie,assessor,organisation_entry_officer_list,1903,374,https://gallica.bnf.fr/ark:/12148/bpt6k5505300s/f398.item,"Bonrepaux et Truelle, assesseurs",Société des Anciens Chasseurs d'Afrique résidant en Tunisie
NAME:TRUELLE,Truelle,,unmatched,L1912-02407,Société des Anciens Chasseurs d'Afrique résidant en Tunisie,assessor,organisation_entry_officer_list,1903,374,https://gallica.bnf.fr/ark:/12148/bpt6k5505300s/f398.item,"Bonrepaux et Truelle, assesseurs",Société des Anciens Chasseurs d'Afrique résidant en Tunisie
L1912-01171,Fleury,L1912-01171,resolved,L1912-02407,Société des Anciens Chasseurs d'Afrique résidant en Tunisie,president,organisation_entry_officer_list,1903,374,https://gallica.bnf.fr/ark:/12148/bpt6k5505300s/f398.item,Ane. prés. : M. le capitaine Fleury.,Société des Anciens Chasseurs d'Afrique résidant en Tunisie
NAME:RESSERRER,Resserrer,,unmatched,L1912-02409,Société des Anciens Elèves des Ecoles nationales d'Arts et Métiers,member,organisation_entry_officer_list,1892,374,https://gallica.bnf.fr/ark:/12148/bpt6k5505300s/f398.item,"Société des Anciens Elèves des Ecoles nationales d'Arts et Métiers (Groupe de Tunisie), Tunis. 30 membres. 1892. BUT : Resserrer le plus possible les liens de bonne camaraderie acq",Société des Anciens Elèves des Ecoles nationales d'Arts et Métiers
L1912-02003,Patriarche,L1912-02003,resolved,L1912-02409,Société des Anciens Elèves des Ecoles nationales d'Arts et Métiers,president,organisation_entry_officer_list,1892,374,https://gallica.bnf.fr/ark:/12148/bpt6k5505300s/f398.item,"BUREAU : MM. Patriarche, prés.",Société des Anciens Elèves des Ecoles nationales d'Arts et Métiers
L1912-02479,Stoll,L1912-02479,resolved,L1912-02409,Société des Anciens Elèves des Ecoles nationales d'Arts et Métiers,vice_president,organisation_entry_officer_list,1892,374,https://gallica.bnf.fr/ark:/12148/bpt6k5505300s/f398.item,"Gé- . rard et Stoll, v.-prés.",Société des Anciens Elèves des Ecoles nationales d'Arts et Métiers
NAME:BARBARIN,Barbarin,,unmatched,L1912-02409,Société des Anciens Elèves des Ecoles nationales d'Arts et Métiers,president,organisation_entry_officer_list,1892,374,https://gallica.bnf.fr/ark:/12148/bpt6k5505300s/f398.item,Ane. prés'.: MM. Barbarin et Sub,Société des Anciens Elèves des Ecoles nationales d'Arts et Métiers
NAME:SUB,Sub,,unmatched,L1912-02409,Société des Anciens Elèves des Ecoles nationales d'Arts et Métiers,president,organisation_entry_officer_list,1892,374,https://gallica.bnf.fr/ark:/12148/bpt6k5505300s/f398.item,Ane. prés'.: MM. Barbarin et Sub,Société des Anciens Elèves des Ecoles nationales d'Arts et Métiers
NAME:SECONDER,Seconder,,unmatched,L1912-02410,Société des Aviculteurs de Tunisie,member,organisation_entry_officer_list,1906,374,https://gallica.bnf.fr/ark:/12148/bpt6k5505300s/f398.item,BUT : Seconder le développement des progrès de l'élevage de la volaille en Tunisie. 150 membres,Société des Aviculteurs de Tunisie
L1912-01557,Labbé,L1912-01557,resolved,L1912-02410,Société des Aviculteurs de Tunisie,president,organisation_entry_officer_list,1906,374,https://gallica.bnf.fr/ark:/12148/bpt6k5505300s/f398.item,"Labbé, prés.",Société des Aviculteurs de Tunisie
NAME:FONTBRUNE,Fontbrune,,unmatched,L1912-02410,Société des Aviculteurs de Tunisie,vice_president,organisation_entry_officer_list,1906,374,https://gallica.bnf.fr/ark:/12148/bpt6k5505300s/f398.item,"de Fontbrune et Monrozier, v.-prés.",Société des Aviculteurs de Tunisie
NAME:MONROZIER,Monrozier,,unmatched,L1912-02410,Société des Aviculteurs de Tunisie,vice_president,organisation_entry_officer_list,1906,374,https://gallica.bnf.fr/ark:/12148/bpt6k5505300s/f398.item,"de Fontbrune et Monrozier, v.-prés.",Société des Aviculteurs de Tunisie
L1912-00977,Duprez,L1912-00977,resolved_fuzzy,L1912-02410,Société des Aviculteurs de Tunisie,councillor,organisation_entry_officer_list,1906,374,https://gallica.bnf.fr/ark:/12148/bpt6k5505300s/f398.item,"M"""" Duprez et Monrozier et MM. Richard, Dumont, Courehet et Hafsid, conseillers",Société des Aviculteurs de Tunisie
NAME:MONROZIER,Monrozier,,unmatched,L1912-02410,Société des Aviculteurs de Tunisie,councillor,organisation_entry_officer_list,1906,374,https://gallica.bnf.fr/ark:/12148/bpt6k5505300s/f398.item,"M"""" Duprez et Monrozier et MM. Richard, Dumont, Courehet et Hafsid, conseillers",Société des Aviculteurs de Tunisie
NAME:RICHARD,Richard,,ambiguous,L1912-02410,Société des Aviculteurs de Tunisie,councillor,organisation_entry_officer_list,1906,374,https://gallica.bnf.fr/ark:/12148/bpt6k5505300s/f398.item,"M"""" Duprez et Monrozier et MM. Richard, Dumont, Courehet et Hafsid, conseillers",Société des Aviculteurs de Tunisie
NAME:DUMONT,Dumont,,ambiguous,L1912-02410,Société des Aviculteurs de Tunisie,councillor,organisation_entry_officer_list,1906,374,https://gallica.bnf.fr/ark:/12148/bpt6k5505300s/f398.item,"M"""" Duprez et Monrozier et MM. Richard, Dumont, Courehet et Hafsid, conseillers",Société des Aviculteurs de Tunisie
NAME:COUREHET,Courehet,,unmatched,L1912-02410,Société des Aviculteurs de Tunisie,councillor,organisation_entry_officer_list,1906,374,https://gallica.bnf.fr/ark:/12148/bpt6k5505300s/f398.item,"M"""" Duprez et Monrozier et MM. Richard, Dumont, Courehet et Hafsid, conseillers",Société des Aviculteurs de Tunisie
NAME:HAFSID,Hafsid,,ambiguous_fuzzy,L1912-02410,Société des Aviculteurs de Tunisie,councillor,organisation_entry_officer_list,1906,374,https://gallica.bnf.fr/ark:/12148/bpt6k5505300s/f398.item,"M"""" Duprez et Monrozier et MM. Richard, Dumont, Courehet et Hafsid, conseillers",Société des Aviculteurs de Tunisie
L1912-01577,Lalliermonet,L1912-01577,resolved,L1912-02412,Société des Combattants contre l'Allemagne en 1870-71,president,organisation_entry_officer_list,,375,https://gallica.bnf.fr/ark:/12148/bpt6k5505300s/f399.item,"MM. Lalliermonet, prés.",Société des Combattants contre l'Allemagne en 1870-71
L1912-02638,Vallette,L1912-02638,resolved_fuzzy,L1912-02412,Société des Combattants contre l'Allemagne en 1870-71,vice_president,organisation_entry_officer_list,,375,https://gallica.bnf.fr/ark:/12148/bpt6k5505300s/f399.item,"Vallette, chef i de bat. comm. le 12"" bat. 4err. de zoua- i ves, v.-prés.",Société des Combattants contre l'Allemagne en 1870-71
NAME:POULAIN,Poulain,,unmatched,L1912-02412,Société des Combattants contre l'Allemagne en 1870-71,secretary,organisation_entry_officer_list,,375,https://gallica.bnf.fr/ark:/12148/bpt6k5505300s/f399.item,"Poulain, secrétaire",Société des Combattants contre l'Allemagne en 1870-71
NAME:BAIS,Bais,,unmatched,L1912-02412,Société des Combattants contre l'Allemagne en 1870-71,deputy_secretary,organisation_entry_officer_list,,375,https://gallica.bnf.fr/ark:/12148/bpt6k5505300s/f399.item,"Bais- 1 sat, secr. adj.",Société des Combattants contre l'Allemagne en 1870-71
NAME:BES,Bes,,unmatched,L1912-02412,Société des Combattants contre l'Allemagne en 1870-71,commissioner,organisation_entry_officer_list,,375,https://gallica.bnf.fr/ark:/12148/bpt6k5505300s/f399.item,"Bes- 1 son, Petit Régis, commissaires.",Société des Combattants contre l'Allemagne en 1870-71
L1912-02038,Petit Régis,L1912-02038,resolved,L1912-02412,Société des Combattants contre l'Allemagne en 1870-71,commissioner,organisation_entry_officer_list,,375,https://gallica.bnf.fr/ark:/12148/bpt6k5505300s/f399.item,"Bes- 1 son, Petit Régis, commissaires.",Société des Combattants contre l'Allemagne en 1870-71
NAME:FLORIAN DUCURTIL,Florian Ducurtil,,unmatched,L1912-02413,Société d'Elevage de la vallée de la Medjerda,president,organisation_entry_officer_list,1907,376,https://gallica.bnf.fr/ark:/12148/bpt6k5505300s/f400.item,"BUREAU :MM. Florian Ducurtil, prés.",Société d'Elevage de la vallée de la Medjerda
L1912-01481,Julien Martin,L1912-01481,resolved,L1912-02413,Société d'Elevage de la vallée de la Medjerda,vice_president,organisation_entry_officer_list,1907,376,https://gallica.bnf.fr/ark:/12148/bpt6k5505300s/f400.item,"Julien Martin et Achille Raffin, v.-prés.",Société d'Elevage de la vallée de la Medjerda
NAME:ACHILLE RAFFIN,Achille Raffin,,unmatched,L1912-02413,Société d'Elevage de la vallée de la Medjerda,vice_president,organisation_entry_officer_list,1907,376,https://gallica.bnf.fr/ark:/12148/bpt6k5505300s/f400.item,"Julien Martin et Achille Raffin, v.-prés.",Société d'Elevage de la vallée de la Medjerda
NAME:JACQUES,Jacques,,unmatched,L1912-02413,Société d'Elevage de la vallée de la Medjerda,secretary,organisation_entry_officer_list,1907,376,https://gallica.bnf.fr/ark:/12148/bpt6k5505300s/f400.item,"Jacques, secr.",Société d'Elevage de la vallée de la Medjerda
L1912-02230,Ben Sadok,L1912-02230,resolved,L1912-02413,Société d'Elevage de la vallée de la Medjerda,councillor,organisation_entry_officer_list,1907,376,https://gallica.bnf.fr/ark:/12148/bpt6k5505300s/f400.item,"Cheikh Ben Sadok et Blanc, conseillers",Société d'Elevage de la vallée de la Medjerda
NAME:BLANC,Blanc,,ambiguous,L1912-02413,Société d'Elevage de la vallée de la Medjerda,councillor,organisation_entry_officer_list,1907,376,https://gallica.bnf.fr/ark:/12148/bpt6k5505300s/f400.item,"Cheikh Ben Sadok et Blanc, conseillers",Société d'Elevage de la vallée de la Medjerda
NAME:BOUBY,Bouby,,unmatched,L1912-02414,Société des Enfants du Centre en Tunisie,president,organisation_entry_officer_list,,376,https://gallica.bnf.fr/ark:/12148/bpt6k5505300s/f400.item,"BUREAU: MM. Bouby, prés.",Société des Enfants du Centre en Tunisie
NAME:MAZET,Mazet,,ambiguous,L1912-02414,Société des Enfants du Centre en Tunisie,vice_president,organisation_entry_officer_list,,376,https://gallica.bnf.fr/ark:/12148/bpt6k5505300s/f400.item,"Mazet, v.-prés.",Société des Enfants du Centre en Tunisie
NAME:MEYVAL,Meyval,,unmatched,L1912-02414,Société des Enfants du Centre en Tunisie,secretary,organisation_entry_officer_list,,376,https://gallica.bnf.fr/ark:/12148/bpt6k5505300s/f400.item,"Meyval, secr.",Société des Enfants du Centre en Tunisie
L1912-02139,Randon,L1912-02139,resolved,L1912-02415,Société des Enfants du Gard en Tunisie,president,organisation_entry_officer_list,1907,376,https://gallica.bnf.fr/ark:/12148/bpt6k5505300s/f400.item,"BUREAU : MM. Randon, prés.",Société des Enfants du Gard en Tunisie
L1912-00217,Baille,L1912-00217,resolved,L1912-02415,Société des Enfants du Gard en Tunisie,vice_president,organisation_entry_officer_list,1907,376,https://gallica.bnf.fr/ark:/12148/bpt6k5505300s/f400.item,"Baille et Barthélémy, v.- prés.",Société des Enfants du Gard en Tunisie
NAME:BARTHELEMY,Barthélémy,,unmatched,L1912-02415,Société des Enfants du Gard en Tunisie,vice_president,organisation_entry_officer_list,1907,376,https://gallica.bnf.fr/ark:/12148/bpt6k5505300s/f400.item,"Baille et Barthélémy, v.- prés.",Société des Enfants du Gard en Tunisie
NAME:GUES,Gués,,unmatched,L1912-02415,Société des Enfants du Gard en Tunisie,secretary,organisation_entry_officer_list,1907,376,https://gallica.bnf.fr/ark:/12148/bpt6k5505300s/f400.item,"Gués, secr.",Société des Enfants du Gard en Tunisie
L1912-01728,Maurin,L1912-01728,resolved,L1912-02415,Société des Enfants du Gard en Tunisie,deputy_secretary,organisation_entry_officer_list,1907,376,https://gallica.bnf.fr/ark:/12148/bpt6k5505300s/f400.item,"Maurin, secr. adj.",Société des Enfants du Gard en Tunisie
NAME:DANIEL,Daniel,,unmatched,L1912-02415,Société des Enfants du Gard en Tunisie,commissioner,organisation_entry_officer_list,1907,376,https://gallica.bnf.fr/ark:/12148/bpt6k5505300s/f400.item,"Daniel, Junaud, Figuière, Rainaud, Dufour (père) et P. Faure, commissaires",Société des Enfants du Gard en Tunisie
NAME:JUNAUD,Junaud,,unmatched,L1912-02415,Société des Enfants du Gard en Tunisie,commissioner,organisation_entry_officer_list,1907,376,https://gallica.bnf.fr/ark:/12148/bpt6k5505300s/f400.item,"Daniel, Junaud, Figuière, Rainaud, Dufour (père) et P. Faure, commissaires",Société des Enfants du Gard en Tunisie
NAME:FIGUIERE,Figuière,,unmatched,L1912-02415,Société des Enfants du Gard en Tunisie,commissioner,organisation_entry_officer_list,1907,376,https://gallica.bnf.fr/ark:/12148/bpt6k5505300s/f400.item,"Daniel, Junaud, Figuière, Rainaud, Dufour (père) et P. Faure, commissaires",Société des Enfants du Gard en Tunisie
NAME:RAINAUD,Rainaud,,unmatched,L1912-02415,Société des Enfants du Gard en Tunisie,commissioner,organisation_entry_officer_list,1907,376,https://gallica.bnf.fr/ark:/12148/bpt6k5505300s/f400.item,"Daniel, Junaud, Figuière, Rainaud, Dufour (père) et P. Faure, commissaires",Société des Enfants du Gard en Tunisie
NAME:DUFOUR,Dufour,,unmatched,L1912-02415,Société des Enfants du Gard en Tunisie,commissioner,organisation_entry_officer_list,1907,376,https://gallica.bnf.fr/ark:/12148/bpt6k5505300s/f400.item,"Daniel, Junaud, Figuière, Rainaud, Dufour (père) et P. Faure, commissaires",Société des Enfants du Gard en Tunisie
L1912-01124,P Faure,L1912-01124,resolved,L1912-02415,Société des Enfants du Gard en Tunisie,commissioner,organisation_entry_officer_list,1907,376,https://gallica.bnf.fr/ark:/12148/bpt6k5505300s/f400.item,"Daniel, Junaud, Figuière, Rainaud, Dufour (père) et P. Faure, commissaires",Société des Enfants du Gard en Tunisie
NAME:BOUIX,Bouix,,unmatched,L1912-02415,Société des Enfants du Gard en Tunisie,president,organisation_entry_officer_list,1907,376,https://gallica.bnf.fr/ark:/12148/bpt6k5505300s/f400.item,"Ane. prés., M. Bouix.",Société des Enfants du Gard en Tunisie
NAME:COMME,Comme,,ambiguous_fuzzy,L1912-02416,Société Es Sadia,president,organisation_entry_officer_list,,376,https://gallica.bnf.fr/ark:/12148/bpt6k5505300s/f400.item,"Comme r«Union Commerciale», elle est due à l'initiative de M. A. Zaouche, qui est aussi son président",Société Es Sadia
NAME:DELMAS,Delmas,,ambiguous,L1912-02417,Société «La Française»,president,organisation_entry_officer_list,,376,https://gallica.bnf.fr/ark:/12148/bpt6k5505300s/f400.item,"affiliée à l'Union des Sociétés de tir de France sous le n"" 2695 et à l'Union des Sociétés de gymnastique de France sons le n- 1999. BUREAU: MM.,Delmas,prem. prés.",Société «La Française»
L1912-02678,Vuillaume,L1912-02678,resolved,L1912-02417,Société «La Française»,president,organisation_entry_officer_list,,376,https://gallica.bnf.fr/ark:/12148/bpt6k5505300s/f400.item,"Vuillaume, second prés.",Société «La Française»
NAME:CUREL,Curel,,ambiguous_fuzzy,L1912-02417,Société «La Française»,vice_president,organisation_entry_officer_list,,376,https://gallica.bnf.fr/ark:/12148/bpt6k5505300s/f400.item,"Curel, pr. v.-prés.",Société «La Française»
NAME:VIE,Vie,,unmatched,L1912-02417,Société «La Française»,vice_president,organisation_entry_officer_list,,376,https://gallica.bnf.fr/ark:/12148/bpt6k5505300s/f400.item,"Vie, sec. v.-prés.",Société «La Française»
NAME:GERONIMI,Geronimi,,unmatched,L1912-02417,Société «La Française»,secretary,organisation_entry_officer_list,,376,https://gallica.bnf.fr/ark:/12148/bpt6k5505300s/f400.item,"Geronimi, secr.",Société «La Française»
NAME:LUCIAIII,Luciaiii,,unmatched,L1912-02417,Société «La Française»,deputy_secretary,organisation_entry_officer_list,,376,https://gallica.bnf.fr/ark:/12148/bpt6k5505300s/f400.item,"Luciaiii, secr. adj.",Société «La Française»
L1912-01189,Foulquier,L1912-01189,resolved,L1912-02418,Société Française de Bienfaisance de Bizerte,president,organisation_entry_officer_list,1901,376,https://gallica.bnf.fr/ark:/12148/bpt6k5505300s/f400.item,"MM. le D' Foulquier, prés.",Société Française de Bienfaisance de Bizerte
NAME:LABALLE,Laballe,,unmatched,L1912-02418,Société Française de Bienfaisance de Bizerte,secretary,organisation_entry_officer_list,1901,376,https://gallica.bnf.fr/ark:/12148/bpt6k5505300s/f400.item,"Laballe, secr.",Société Française de Bienfaisance de Bizerte
L1912-00969,Dumas,L1912-00969,resolved,L1912-02418,Société Française de Bienfaisance de Bizerte,commissioner,organisation_entry_officer_list,1901,376,https://gallica.bnf.fr/ark:/12148/bpt6k5505300s/f400.item,"Dumas, Debar, Bailleul, Anouilh, Franchebois, Naud, Tuzel-S'- Paul, Marchet, Vial, commiss",Société Française de Bienfaisance de Bizerte
NAME:DEBAR,Debar,,unmatched,L1912-02418,Société Française de Bienfaisance de Bizerte,commissioner,organisation_entry_officer_list,1901,376,https://gallica.bnf.fr/ark:/12148/bpt6k5505300s/f400.item,"Dumas, Debar, Bailleul, Anouilh, Franchebois, Naud, Tuzel-S'- Paul, Marchet, Vial, commiss",Société Française de Bienfaisance de Bizerte
NAME:BAILLEUL,Bailleul,,unmatched,L1912-02418,Société Française de Bienfaisance de Bizerte,commissioner,organisation_entry_officer_list,1901,376,https://gallica.bnf.fr/ark:/12148/bpt6k5505300s/f400.item,"Dumas, Debar, Bailleul, Anouilh, Franchebois, Naud, Tuzel-S'- Paul, Marchet, Vial, commiss",Société Française de Bienfaisance de Bizerte
NAME:ANOUILH,Anouilh,,unmatched,L1912-02418,Société Française de Bienfaisance de Bizerte,commissioner,organisation_entry_officer_list,1901,376,https://gallica.bnf.fr/ark:/12148/bpt6k5505300s/f400.item,"Dumas, Debar, Bailleul, Anouilh, Franchebois, Naud, Tuzel-S'- Paul, Marchet, Vial, commiss",Société Française de Bienfaisance de Bizerte
NAME:FRANCHEBOIS,Franchebois,,unmatched,L1912-02418,Société Française de Bienfaisance de Bizerte,commissioner,organisation_entry_officer_list,1901,376,https://gallica.bnf.fr/ark:/12148/bpt6k5505300s/f400.item,"Dumas, Debar, Bailleul, Anouilh, Franchebois, Naud, Tuzel-S'- Paul, Marchet, Vial, commiss",Société Française de Bienfaisance de Bizerte
NAME:NAUD,Naud,,unmatched,L1912-02418,Société Française de Bienfaisance de Bizerte,commissioner,organisation_entry_officer_list,1901,376,https://gallica.bnf.fr/ark:/12148/bpt6k5505300s/f400.item,"Dumas, Debar, Bailleul, Anouilh, Franchebois, Naud, Tuzel-S'- Paul, Marchet, Vial, commiss",Société Française de Bienfaisance de Bizerte
NAME:TUZEL S PAUL,Tuzel-S'- Paul,,unmatched,L1912-02418,Société Française de Bienfaisance de Bizerte,commissioner,organisation_entry_officer_list,1901,376,https://gallica.bnf.fr/ark:/12148/bpt6k5505300s/f400.item,"Dumas, Debar, Bailleul, Anouilh, Franchebois, Naud, Tuzel-S'- Paul, Marchet, Vial, commiss",Société Française de Bienfaisance de Bizerte
NAME:MARCHET,Marchet,,unmatched,L1912-02418,Société Française de Bienfaisance de Bizerte,commissioner,organisation_entry_officer_list,1901,376,https://gallica.bnf.fr/ark:/12148/bpt6k5505300s/f400.item,"Dumas, Debar, Bailleul, Anouilh, Franchebois, Naud, Tuzel-S'- Paul, Marchet, Vial, commiss",Société Française de Bienfaisance de Bizerte
NAME:VIAL,Vial,,unmatched,L1912-02418,Société Française de Bienfaisance de Bizerte,commissioner,organisation_entry_officer_list,1901,376,https://gallica.bnf.fr/ark:/12148/bpt6k5505300s/f400.item,"Dumas, Debar, Bailleul, Anouilh, Franchebois, Naud, Tuzel-S'- Paul, Marchet, Vial, commiss",Société Française de Bienfaisance de Bizerte
L1912-01216,F Gallini,L1912-01216,resolved,L1912-02419,Société Française de Bienfaisance de Sousse,president,organisation_entry_officer_list,,376,https://gallica.bnf.fr/ark:/12148/bpt6k5505300s/f400.item,"BUREAU : MM. F. Gallini, prés.",Société Française de Bienfaisance de Sousse
L1912-01232,Garot,L1912-01232,resolved,L1912-02419,Société Française de Bienfaisance de Sousse,vice_president,organisation_entry_officer_list,,376,https://gallica.bnf.fr/ark:/12148/bpt6k5505300s/f400.item,"Garot el Basmaison, v.-prés.",Société Française de Bienfaisance de Sousse
NAME:BIZET,Bizet,,unmatched,L1912-02419,Société Française de Bienfaisance de Sousse,secretary,organisation_entry_officer_list,,376,https://gallica.bnf.fr/ark:/12148/bpt6k5505300s/f400.item,"Bizet, secr",Société Française de Bienfaisance de Sousse
NAME:AFFAIRES ETRANGERES,Affaires Etrangères,,unmatched,L1912-02420,Société Française de Bienfaisance de Tunis,treasurer,organisation_entry_officer_list,,376,https://gallica.bnf.fr/ark:/12148/bpt6k5505300s/f400.item,"Plus récemment, M. Pichon, ministre des Affaires Etrangères, et M. le Résident général Alapetite ont, donné des I preuves notables de leur désir de voir grandir et prospérer . celt",Société Française de Bienfaisance de Tunis
L1912-00342,Bignens,L1912-00342,resolved,L1912-02420,Société Française de Bienfaisance de Tunis,treasurer,organisation_entry_officer_list,,376,https://gallica.bnf.fr/ark:/12148/bpt6k5505300s/f400.item,"La Société est administrée par un Comité directeur composé pour 1911 de : MM. Bignens, prés.",Société Française de Bienfaisance de Tunis
L1912-00089,Amat,L1912-00089,resolved,L1912-02420,Société Française de Bienfaisance de Tunis,vice_president,organisation_entry_officer_list,,376,https://gallica.bnf.fr/ark:/12148/bpt6k5505300s/f400.item,"Amat, Resplandy, Communaux et Duplay, v.-prés.",Société Française de Bienfaisance de Tunis
L1912-02161,Resplandy,L1912-02161,resolved_fuzzy,L1912-02420,Société Française de Bienfaisance de Tunis,vice_president,organisation_entry_officer_list,,376,https://gallica.bnf.fr/ark:/12148/bpt6k5505300s/f400.item,"Amat, Resplandy, Communaux et Duplay, v.-prés.",Société Française de Bienfaisance de Tunis
L1912-00699,Communaux,L1912-00699,resolved,L1912-02420,Société Française de Bienfaisance de Tunis,vice_president,organisation_entry_officer_list,,376,https://gallica.bnf.fr/ark:/12148/bpt6k5505300s/f400.item,"Amat, Resplandy, Communaux et Duplay, v.-prés.",Société Française de Bienfaisance de Tunis
NAME:DUPLAY,Duplay,,ambiguous_fuzzy,L1912-02420,Société Française de Bienfaisance de Tunis,vice_president,organisation_entry_officer_list,,376,https://gallica.bnf.fr/ark:/12148/bpt6k5505300s/f400.item,"Amat, Resplandy, Communaux et Duplay, v.-prés.",Société Française de Bienfaisance de Tunis
L1912-02008,Pauthier Combet,L1912-02008,resolved,L1912-02420,Société Française de Bienfaisance de Tunis,secretary,organisation_entry_officer_list,,376,https://gallica.bnf.fr/ark:/12148/bpt6k5505300s/f400.item,"Pauthier, Combet et J. Valensi, secr.",Société Française de Bienfaisance de Tunis
NAME:CARCASSES,Carcasses,,unmatched,L1912-02420,Société Française de Bienfaisance de Tunis,commissioner,organisation_entry_officer_list,,376,https://gallica.bnf.fr/ark:/12148/bpt6k5505300s/f400.item,"Carcasses, II. Comte, Chandioux, Fattacioli, GauctensRavolti, Giroud, Gounot, colonel"" cle Labonne, More], Née, Paillon, Passez, Péloni, Peyrard, Raymond, Rabby, D' Rouquié, Rauche",Société Française de Bienfaisance de Tunis
NAME:II COMTE,II Comte,,ambiguous,L1912-02420,Société Française de Bienfaisance de Tunis,commissioner,organisation_entry_officer_list,,376,https://gallica.bnf.fr/ark:/12148/bpt6k5505300s/f400.item,"Carcasses, II. Comte, Chandioux, Fattacioli, GauctensRavolti, Giroud, Gounot, colonel"" cle Labonne, More], Née, Paillon, Passez, Péloni, Peyrard, Raymond, Rabby, D' Rouquié, Rauche",Société Française de Bienfaisance de Tunis
NAME:CHANDIOUX,Chandioux,,unmatched,L1912-02420,Société Française de Bienfaisance de Tunis,commissioner,organisation_entry_officer_list,,376,https://gallica.bnf.fr/ark:/12148/bpt6k5505300s/f400.item,"Carcasses, II. Comte, Chandioux, Fattacioli, GauctensRavolti, Giroud, Gounot, colonel"" cle Labonne, More], Née, Paillon, Passez, Péloni, Peyrard, Raymond, Rabby, D' Rouquié, Rauche",Société Française de Bienfaisance de Tunis
L1912-01121,Fattacioli,L1912-01121,resolved,L1912-02420,Société Française de Bienfaisance de Tunis,commissioner,organisation_entry_officer_list,,376,https://gallica.bnf.fr/ark:/12148/bpt6k5505300s/f400.item,"Carcasses, II. Comte, Chandioux, Fattacioli, GauctensRavolti, Giroud, Gounot, colonel"" cle Labonne, More], Née, Paillon, Passez, Péloni, Peyrard, Raymond, Rabby, D' Rouquié, Rauche",Société Française de Bienfaisance de Tunis
NAME:GAUCTENSRAVOLTI,GauctensRavolti,,unmatched,L1912-02420,Société Française de Bienfaisance de Tunis,commissioner,organisation_entry_officer_list,,376,https://gallica.bnf.fr/ark:/12148/bpt6k5505300s/f400.item,"Carcasses, II. Comte, Chandioux, Fattacioli, GauctensRavolti, Giroud, Gounot, colonel"" cle Labonne, More], Née, Paillon, Passez, Péloni, Peyrard, Raymond, Rabby, D' Rouquié, Rauche",Société Française de Bienfaisance de Tunis
L1912-01276,Giroud,L1912-01276,resolved,L1912-02420,Société Française de Bienfaisance de Tunis,commissioner,organisation_entry_officer_list,,376,https://gallica.bnf.fr/ark:/12148/bpt6k5505300s/f400.item,"Carcasses, II. Comte, Chandioux, Fattacioli, GauctensRavolti, Giroud, Gounot, colonel"" cle Labonne, More], Née, Paillon, Passez, Péloni, Peyrard, Raymond, Rabby, D' Rouquié, Rauche",Société Française de Bienfaisance de Tunis
L1912-01291,Gounot,L1912-01291,resolved,L1912-02420,Société Française de Bienfaisance de Tunis,commissioner,organisation_entry_officer_list,,376,https://gallica.bnf.fr/ark:/12148/bpt6k5505300s/f400.item,"Carcasses, II. Comte, Chandioux, Fattacioli, GauctensRavolti, Giroud, Gounot, colonel"" cle Labonne, More], Née, Paillon, Passez, Péloni, Peyrard, Raymond, Rabby, D' Rouquié, Rauche",Société Française de Bienfaisance de Tunis
NAME:NEE,Née,,unmatched,L1912-02420,Société Française de Bienfaisance de Tunis,commissioner,organisation_entry_officer_list,,376,https://gallica.bnf.fr/ark:/12148/bpt6k5505300s/f400.item,"Carcasses, II. Comte, Chandioux, Fattacioli, GauctensRavolti, Giroud, Gounot, colonel"" cle Labonne, More], Née, Paillon, Passez, Péloni, Peyrard, Raymond, Rabby, D' Rouquié, Rauche",Société Française de Bienfaisance de Tunis
NAME:PAILLON,Paillon,,unmatched,L1912-02420,Société Française de Bienfaisance de Tunis,commissioner,organisation_entry_officer_list,,376,https://gallica.bnf.fr/ark:/12148/bpt6k5505300s/f400.item,"Carcasses, II. Comte, Chandioux, Fattacioli, GauctensRavolti, Giroud, Gounot, colonel"" cle Labonne, More], Née, Paillon, Passez, Péloni, Peyrard, Raymond, Rabby, D' Rouquié, Rauche",Société Française de Bienfaisance de Tunis
L1912-01997,Passez,L1912-01997,resolved,L1912-02420,Société Française de Bienfaisance de Tunis,commissioner,organisation_entry_officer_list,,376,https://gallica.bnf.fr/ark:/12148/bpt6k5505300s/f400.item,"Carcasses, II. Comte, Chandioux, Fattacioli, GauctensRavolti, Giroud, Gounot, colonel"" cle Labonne, More], Née, Paillon, Passez, Péloni, Peyrard, Raymond, Rabby, D' Rouquié, Rauche",Société Française de Bienfaisance de Tunis
NAME:PELONI,Péloni,,ambiguous,L1912-02420,Société Française de Bienfaisance de Tunis,commissioner,organisation_entry_officer_list,,376,https://gallica.bnf.fr/ark:/12148/bpt6k5505300s/f400.item,"Carcasses, II. Comte, Chandioux, Fattacioli, GauctensRavolti, Giroud, Gounot, colonel"" cle Labonne, More], Née, Paillon, Passez, Péloni, Peyrard, Raymond, Rabby, D' Rouquié, Rauche",Société Française de Bienfaisance de Tunis
NAME:PEYRARD,Peyrard,,unmatched,L1912-02420,Société Française de Bienfaisance de Tunis,commissioner,organisation_entry_officer_list,,376,https://gallica.bnf.fr/ark:/12148/bpt6k5505300s/f400.item,"Carcasses, II. Comte, Chandioux, Fattacioli, GauctensRavolti, Giroud, Gounot, colonel"" cle Labonne, More], Née, Paillon, Passez, Péloni, Peyrard, Raymond, Rabby, D' Rouquié, Rauche",Société Française de Bienfaisance de Tunis
NAME:LOCHENAULT,Lôchenault,,unmatched,L1912-02420,Société Française de Bienfaisance de Tunis,director,organisation_entry_officer_list,,376,https://gallica.bnf.fr/ark:/12148/bpt6k5505300s/f400.item,"M. Lôchenault, gérant",Société Française de Bienfaisance de Tunis
L1912-00957,Dubos,L1912-00957,resolved,L1912-02420,Société Française de Bienfaisance de Tunis,president,organisation_entry_officer_list,,376,https://gallica.bnf.fr/ark:/12148/bpt6k5505300s/f400.item,Ane. prés. : MM. Dubos,Société Française de Bienfaisance de Tunis
NAME:SOULEYRAND,Souleyrand,,unmatched,L1912-02421,Société Fraternelle - de Secours .mutuels du Personnel de la Police tunisienne,board_member,organisation_entry_officer_list,1905,377,https://gallica.bnf.fr/ark:/12148/bpt6k5505300s/f401.item,"Conseil d'administration : MM. Souleyrand, prés.",Société Fraternelle - de Secours .mutuels du Personnel de la Police tunisienne
NAME:MOHAMED ELIAS,Mohamed Elias,,ambiguous,L1912-02421,Société Fraternelle - de Secours .mutuels du Personnel de la Police tunisienne,vice_president,organisation_entry_officer_list,1905,377,https://gallica.bnf.fr/ark:/12148/bpt6k5505300s/f401.item,"Mohamed Elias,v.-prés.",Société Fraternelle - de Secours .mutuels du Personnel de la Police tunisienne
NAME:POLGE,Polge,,unmatched,L1912-02421,Société Fraternelle - de Secours .mutuels du Personnel de la Police tunisienne,secretary,organisation_entry_officer_list,1905,377,https://gallica.bnf.fr/ark:/12148/bpt6k5505300s/f401.item,"Polge, secr.",Société Fraternelle - de Secours .mutuels du Personnel de la Police tunisienne
NAME:SOULET,Soulet,,unmatched,L1912-02421,Société Fraternelle - de Secours .mutuels du Personnel de la Police tunisienne,deputy_secretary,organisation_entry_officer_list,1905,377,https://gallica.bnf.fr/ark:/12148/bpt6k5505300s/f401.item,"Bouix,trôs.: Pierron, secr. adj., Soulet, très, adj.",Société Fraternelle - de Secours .mutuels du Personnel de la Police tunisienne
NAME:BARILAUD,Barilaud,,unmatched,L1912-02421,Société Fraternelle - de Secours .mutuels du Personnel de la Police tunisienne,member,organisation_entry_officer_list,1905,377,https://gallica.bnf.fr/ark:/12148/bpt6k5505300s/f401.item,"David, Vauthier, Mustapha Tacali, Mohamed ben Brahim, Mohamed ben Baby Yahia, Mohamed Sgihr, Salen: ben Ali ben ITadj Baccar, membres Ane. prés. : MM. Tro.jam et Barilaud.",Société Fraternelle - de Secours .mutuels du Personnel de la Police tunisienne
L1912-01257,D Gerini,L1912-01257,resolved,L1912-02422,Société des Garibaldiens,president,organisation_entry_officer_list,1893,377,https://gallica.bnf.fr/ark:/12148/bpt6k5505300s/f401.item,"MM. D. Gerini', prés.",Société des Garibaldiens
NAME:PIRAINO,Piraino,,unmatched,L1912-02422,Société des Garibaldiens,vice_president,organisation_entry_officer_list,1893,377,https://gallica.bnf.fr/ark:/12148/bpt6k5505300s/f401.item,"Piraino et Inglese Ant., v.-prés.",Société des Garibaldiens
NAME:INGLESE ANT,Inglese Ant,,unmatched,L1912-02422,Société des Garibaldiens,vice_president,organisation_entry_officer_list,1893,377,https://gallica.bnf.fr/ark:/12148/bpt6k5505300s/f401.item,"Piraino et Inglese Ant., v.-prés.",Société des Garibaldiens
NAME:PRIMA,Prima,,unmatched,L1912-02422,Société des Garibaldiens,secretary,organisation_entry_officer_list,1893,377,https://gallica.bnf.fr/ark:/12148/bpt6k5505300s/f401.item,"Prima, secr.",Société des Garibaldiens
L1912-00529,Carton,L1912-00529,resolved,L1912-02422,Société des Garibaldiens,president,organisation_entry_officer_list,1893,377,https://gallica.bnf.fr/ark:/12148/bpt6k5505300s/f401.item,"Médaille d'argent à l'Exposition coloniale de Marseille 1906. Médaille de bronze au Concours général de Tunis 1907. BUREAU : MM. le D' Carton, prés.",Société des Garibaldiens
NAME:HAMOU,Hamou,,unmatched,L1912-02422,Société des Garibaldiens,secretary_general,organisation_entry_officer_list,1893,377,https://gallica.bnf.fr/ark:/12148/bpt6k5505300s/f401.item,"Hamou, secr. gén.",Société des Garibaldiens
NAME:FELLOUS,Fellous,,unmatched,L1912-02422,Société des Garibaldiens,deputy_secretary,organisation_entry_officer_list,1893,377,https://gallica.bnf.fr/ark:/12148/bpt6k5505300s/f401.item,"Fellous et Radet, secr. adj.",Société des Garibaldiens
NAME:NICOLAS,Nicolas,,ambiguous,L1912-02422,Société des Garibaldiens,archivist_librarian,organisation_entry_officer_list,1893,377,https://gallica.bnf.fr/ark:/12148/bpt6k5505300s/f401.item,"Nicolas, bibliothécaire",Société des Garibaldiens
L1912-01931,C Ortona,L1912-01931,resolved,L1912-02423,Société de Géographie Italienne,president,organisation_entry_officer_list,1906,377,https://gallica.bnf.fr/ark:/12148/bpt6k5505300s/f401.item,"D' C. Ortona, prés.",Société de Géographie Italienne
NAME:SAIVATORE CANINO,Saivatore Canino,,unmatched,L1912-02423,Société de Géographie Italienne,councillor,organisation_entry_officer_list,1906,377,https://gallica.bnf.fr/ark:/12148/bpt6k5505300s/f401.item,"Saivatore Canino, conseillers",Société de Géographie Italienne
L1912-01171,Fleury,L1912-01171,resolved,L1912-02424,Société Hippique et des Courses de Tunis,president,organisation_entry_officer_list,1888,378,https://gallica.bnf.fr/ark:/12148/bpt6k5505300s/f402.item,"MM. le baron Fleury, prés.",Société Hippique et des Courses de Tunis
NAME:BUYER,Buyer,,ambiguous_fuzzy,L1912-02424,Société Hippique et des Courses de Tunis,secretary,organisation_entry_officer_list,1888,378,https://gallica.bnf.fr/ark:/12148/bpt6k5505300s/f402.item,"le colonel de Buyer, commandant île 4"" chasseurs d'Afrique, secr..",Société Hippique et des Courses de Tunis
L1912-02246,Geoffroy-Saint-I-lilaire,L1912-02246,resolved,L1912-02424,Société Hippique et des Courses de Tunis,commissioner,organisation_entry_officer_list,1888,378,https://gallica.bnf.fr/ark:/12148/bpt6k5505300s/f402.item,"commissaires : MM. Geoffroy-Saint-I-lilaire, inspecteur de l'élevage, Berkeley, consul général d'Angleterre, Borde, rédacteur au vice-consulat de France à Tunis, comm",Société Hippique et des Courses de Tunis
L1912-00314,Berkeley,L1912-00314,resolved,L1912-02424,Société Hippique et des Courses de Tunis,commissioner,organisation_entry_officer_list,1888,378,https://gallica.bnf.fr/ark:/12148/bpt6k5505300s/f402.item,"commissaires : MM. Geoffroy-Saint-I-lilaire, inspecteur de l'élevage, Berkeley, consul général d'Angleterre, Borde, rédacteur au vice-consulat de France à Tunis, comm",Société Hippique et des Courses de Tunis
L1912-00389,Borde,L1912-00389,resolved_fuzzy,L1912-02424,Société Hippique et des Courses de Tunis,commissioner,organisation_entry_officer_list,1888,378,https://gallica.bnf.fr/ark:/12148/bpt6k5505300s/f402.item,"commissaires : MM. Geoffroy-Saint-I-lilaire, inspecteur de l'élevage, Berkeley, consul général d'Angleterre, Borde, rédacteur au vice-consulat de France à Tunis, comm",Société Hippique et des Courses de Tunis
NAME:ROBIN,Robin,,unmatched,L1912-02424,Société Hippique et des Courses de Tunis,councillor,organisation_entry_officer_list,1888,378,https://gallica.bnf.fr/ark:/12148/bpt6k5505300s/f402.item,"Le Rond, 6' d'artillerie, comte du Peyroux, industriel, Ravasini, conseiller municipal, Robin, industriel, Zarrouk, propriétaire à Tunis",Société Hippique et des Courses de Tunis
L1912-02725,Zarrouk,L1912-02725,resolved,L1912-02424,Société Hippique et des Courses de Tunis,councillor,organisation_entry_officer_list,1888,378,https://gallica.bnf.fr/ark:/12148/bpt6k5505300s/f402.item,"Le Rond, 6' d'artillerie, comte du Peyroux, industriel, Ravasini, conseiller municipal, Robin, industriel, Zarrouk, propriétaire à Tunis",Société Hippique et des Courses de Tunis
NAME:MOHAMMED DJELLOULI,Mohammed Djellouli,,ambiguous,L1912-02424,Société Hippique et des Courses de Tunis,president,organisation_entry_officer_list,1888,378,https://gallica.bnf.fr/ark:/12148/bpt6k5505300s/f402.item,"Ane. prés. : Si Mohammed Djellouli, 1892-94",Société Hippique et des Courses de Tunis
L1912-01274,Giraud,L1912-01274,resolved,L1912-02425,Société d'Horticulture de Tunisie,president,organisation_entry_officer_list,1900,378,https://gallica.bnf.fr/ark:/12148/bpt6k5505300s/f402.item,"Médaille de vermeil à l'Exposition de Tunis 1907. BUREAU : MM. Giraud,prés.",Société d'Horticulture de Tunisie
NAME:BRAQUEHAYE,Braquehaye,,unmatched,L1912-02425,Société d'Horticulture de Tunisie,vice_president,organisation_entry_officer_list,1900,378,https://gallica.bnf.fr/ark:/12148/bpt6k5505300s/f402.item,"D' Braquehaye, v.-prés.",Société d'Horticulture de Tunisie
NAME:HOUDEBINE,Houdebine,,unmatched,L1912-02425,Société d'Horticulture de Tunisie,deputy_secretary,organisation_entry_officer_list,1900,378,https://gallica.bnf.fr/ark:/12148/bpt6k5505300s/f402.item,"Houdebine, secr. adj.",Société d'Horticulture de Tunisie
NAME:BEAU,Beau,,unmatched,L1912-02425,Société d'Horticulture de Tunisie,commissioner,organisation_entry_officer_list,1900,378,https://gallica.bnf.fr/ark:/12148/bpt6k5505300s/f402.item,"Commission permanente : MM. Beau, Coupin, Dussouillez, de Mazière, Randet.",Société d'Horticulture de Tunisie
NAME:COUPIN,Coupin,,unmatched,L1912-02425,Société d'Horticulture de Tunisie,commissioner,organisation_entry_officer_list,1900,378,https://gallica.bnf.fr/ark:/12148/bpt6k5505300s/f402.item,"Commission permanente : MM. Beau, Coupin, Dussouillez, de Mazière, Randet.",Société d'Horticulture de Tunisie
L1912-00987,Dussouillez,L1912-00987,resolved,L1912-02425,Société d'Horticulture de Tunisie,commissioner,organisation_entry_officer_list,1900,378,https://gallica.bnf.fr/ark:/12148/bpt6k5505300s/f402.item,"Commission permanente : MM. Beau, Coupin, Dussouillez, de Mazière, Randet.",Société d'Horticulture de Tunisie
L1912-01733,Mazière,L1912-01733,resolved_fuzzy,L1912-02425,Société d'Horticulture de Tunisie,commissioner,organisation_entry_officer_list,1900,378,https://gallica.bnf.fr/ark:/12148/bpt6k5505300s/f402.item,"Commission permanente : MM. Beau, Coupin, Dussouillez, de Mazière, Randet.",Société d'Horticulture de Tunisie
L1912-02138,Randet,L1912-02138,resolved,L1912-02425,Société d'Horticulture de Tunisie,commissioner,organisation_entry_officer_list,1900,378,https://gallica.bnf.fr/ark:/12148/bpt6k5505300s/f402.item,"Commission permanente : MM. Beau, Coupin, Dussouillez, de Mazière, Randet.",Société d'Horticulture de Tunisie
L1912-01274,Giraud,L1912-01274,resolved,L1912-02426,Société internationale des Amis des Arbres,president,organisation_entry_officer_list,1905,378,https://gallica.bnf.fr/ark:/12148/bpt6k5505300s/f402.item,"médaille d'argent Tunis 1907. Conseil central : MM. Giraud, prés.",Société internationale des Amis des Arbres
NAME:BARRION,Barrion,,unmatched,L1912-02426,Société internationale des Amis des Arbres,vice_president,organisation_entry_officer_list,1905,378,https://gallica.bnf.fr/ark:/12148/bpt6k5505300s/f402.item,"Barrion et Gounot, v.prés.",Société internationale des Amis des Arbres
L1912-01291,Gounot,L1912-01291,resolved,L1912-02426,Société internationale des Amis des Arbres,vice_president,organisation_entry_officer_list,1905,378,https://gallica.bnf.fr/ark:/12148/bpt6k5505300s/f402.item,"Barrion et Gounot, v.prés.",Société internationale des Amis des Arbres
NAME:HOUDEBINE,Houdebine,,unmatched,L1912-02426,Société internationale des Amis des Arbres,secretary_general,organisation_entry_officer_list,1905,378,https://gallica.bnf.fr/ark:/12148/bpt6k5505300s/f402.item,"M. Houdebine, secr. gén.",Société internationale des Amis des Arbres
NAME:BRAQUEHAYE,Braquehaye,,unmatched,L1912-02426,Société internationale des Amis des Arbres,president,organisation_entry_officer_list,1905,378,https://gallica.bnf.fr/ark:/12148/bpt6k5505300s/f402.item,"Section de Tunis : MM. le D' Braquehaye, prés.",Société internationale des Amis des Arbres
NAME:NOVIELLO,Noviello,,unmatched,L1912-02426,Société internationale des Amis des Arbres,vice_president,organisation_entry_officer_list,1905,378,https://gallica.bnf.fr/ark:/12148/bpt6k5505300s/f402.item,"Noviello, v.-prés.",Société internationale des Amis des Arbres
NAME:LECLERC,Leclerc,,unmatched,L1912-02426,Société internationale des Amis des Arbres,president,organisation_entry_officer_list,1905,378,https://gallica.bnf.fr/ark:/12148/bpt6k5505300s/f402.item,"Section de Béja. : MM. Leclerc, prés.",Société internationale des Amis des Arbres
L1912-02158,Reix,L1912-02158,resolved,L1912-02426,Société internationale des Amis des Arbres,vice_president,organisation_entry_officer_list,1905,378,https://gallica.bnf.fr/ark:/12148/bpt6k5505300s/f402.item,"Reix, v.-prés.",Société internationale des Amis des Arbres
L1912-01274,Guiraud,L1912-01274,resolved_fuzzy,L1912-02426,Société internationale des Amis des Arbres,secretary,organisation_entry_officer_list,1905,378,https://gallica.bnf.fr/ark:/12148/bpt6k5505300s/f402.item,"Guiraud, secr.",Société internationale des Amis des Arbres
NAME:DOUTE,Douté,,unmatched,L1912-02426,Société internationale des Amis des Arbres,president,organisation_entry_officer_list,1905,378,https://gallica.bnf.fr/ark:/12148/bpt6k5505300s/f402.item,"Douté, très. - Section de Grombalia :. MM.' Riant, prés.",Société internationale des Amis des Arbres
NAME:RIANT,Riant,,unmatched,L1912-02426,Société internationale des Amis des Arbres,president,organisation_entry_officer_list,1905,378,https://gallica.bnf.fr/ark:/12148/bpt6k5505300s/f402.item,"Douté, très. - Section de Grombalia :. MM.' Riant, prés.",Société internationale des Amis des Arbres
NAME:EL HADJ MOHAMED FERISSA,El Hadj Mohamed Ferissa,,ambiguous,L1912-02426,Société internationale des Amis des Arbres,vice_president,organisation_entry_officer_list,1905,378,https://gallica.bnf.fr/ark:/12148/bpt6k5505300s/f402.item,"Si El Hadj Mohamed Ferissa, v.- prés,",Société internationale des Amis des Arbres
NAME:GUYOT,Guyot,,ambiguous_fuzzy,L1912-02426,Société internationale des Amis des Arbres,secretary,organisation_entry_officer_list,1905,378,https://gallica.bnf.fr/ark:/12148/bpt6k5505300s/f402.item,"Guyot, secr.",Société internationale des Amis des Arbres
NAME:BOURNEL,Bournel,,unmatched,L1912-02426,Société internationale des Amis des Arbres,president,organisation_entry_officer_list,1905,378,https://gallica.bnf.fr/ark:/12148/bpt6k5505300s/f402.item,"Section' de' Gbardimaou : MM. Bournel, prés.",Société internationale des Amis des Arbres
NAME:RASSELLI,Rasselli,,unmatched,L1912-02426,Société internationale des Amis des Arbres,vice_president,organisation_entry_officer_list,1905,378,https://gallica.bnf.fr/ark:/12148/bpt6k5505300s/f402.item,"Rasselli, v.-prés.",Société internationale des Amis des Arbres
NAME:GIANNESINI,Giannesini,,unmatched,L1912-02426,Société internationale des Amis des Arbres,secretary,organisation_entry_officer_list,1905,378,https://gallica.bnf.fr/ark:/12148/bpt6k5505300s/f402.item,"Giannesini, secr.",Société internationale des Amis des Arbres
L1912-00067,Albert Cohen,L1912-00067,resolved,L1912-02427,Société Israélite de Secours matrimoniaux et mutuels,vice_president,organisation_entry_officer_list,,378,https://gallica.bnf.fr/ark:/12148/bpt6k5505300s/f402.item,"Albert Cohen et Félix Bonan, v.-prés.",Société Israélite de Secours matrimoniaux et mutuels
NAME:FELIX BONAN,Félix Bonan,,ambiguous,L1912-02427,Société Israélite de Secours matrimoniaux et mutuels,vice_president,organisation_entry_officer_list,,378,https://gallica.bnf.fr/ark:/12148/bpt6k5505300s/f402.item,"Albert Cohen et Félix Bonan, v.-prés.",Société Israélite de Secours matrimoniaux et mutuels
NAME:HENRI HAOUZI,Henri Haouzi,,ambiguous_fuzzy,L1912-02427,Société Israélite de Secours matrimoniaux et mutuels,secretary,organisation_entry_officer_list,,378,https://gallica.bnf.fr/ark:/12148/bpt6k5505300s/f402.item,"Henri Haouzi, secr.",Société Israélite de Secours matrimoniaux et mutuels
L1912-01465,Isaac,L1912-01465,resolved,L1912-02427,Société Israélite de Secours matrimoniaux et mutuels,councillor,organisation_entry_officer_list,,378,https://gallica.bnf.fr/ark:/12148/bpt6k5505300s/f402.item,"Isaac ben Attar, Maurice Mamou et Roubine Zôrah. conseillers",Société Israélite de Secours matrimoniaux et mutuels
NAME:MAURICE MAMOU,Maurice Mamou,,unmatched,L1912-02427,Société Israélite de Secours matrimoniaux et mutuels,councillor,organisation_entry_officer_list,,378,https://gallica.bnf.fr/ark:/12148/bpt6k5505300s/f402.item,"Isaac ben Attar, Maurice Mamou et Roubine Zôrah. conseillers",Société Israélite de Secours matrimoniaux et mutuels
NAME:ROUBINE ZORAH,Roubine Zôrah,,unmatched,L1912-02427,Société Israélite de Secours matrimoniaux et mutuels,councillor,organisation_entry_officer_list,,378,https://gallica.bnf.fr/ark:/12148/bpt6k5505300s/f402.item,"Isaac ben Attar, Maurice Mamou et Roubine Zôrah. conseillers",Société Israélite de Secours matrimoniaux et mutuels
NAME:A REY,A Rey,,ambiguous,L1912-02428,Societa italiana di beneficenza,president,organisation_entry_officer_list,1898,378,https://gallica.bnf.fr/ark:/12148/bpt6k5505300s/f402.item,"MM. A. Rey, prés.",Societa italiana di beneficenza
NAME:CARDOSO,Cardoso,,ambiguous,L1912-02428,Societa italiana di beneficenza,vice_president,organisation_entry_officer_list,1898,378,https://gallica.bnf.fr/ark:/12148/bpt6k5505300s/f402.item,"Dr Cardoso, v.-prés.",Societa italiana di beneficenza
NAME:CAMILLE,Camille,,unmatched,L1912-02428,Societa italiana di beneficenza,secretary,organisation_entry_officer_list,1898,378,https://gallica.bnf.fr/ark:/12148/bpt6k5505300s/f402.item,"Camille, secr.",Societa italiana di beneficenza
NAME:CESANA,Cesana,,unmatched,L1912-02428,Societa italiana di beneficenza,councillor,organisation_entry_officer_list,1898,378,https://gallica.bnf.fr/ark:/12148/bpt6k5505300s/f402.item,"Cesana, Ugo Moreno, Clément Modigliani, Adolphe Disegni, D* A. Valensi, G. Messana, A. Rerrera, Dario, G. Fiorentino, B. Attia, Modigliani, P. Patti, conseillers",Societa italiana di beneficenza
NAME:UGO MORENO,Ugo Moreno,,ambiguous,L1912-02428,Societa italiana di beneficenza,councillor,organisation_entry_officer_list,1898,378,https://gallica.bnf.fr/ark:/12148/bpt6k5505300s/f402.item,"Cesana, Ugo Moreno, Clément Modigliani, Adolphe Disegni, D* A. Valensi, G. Messana, A. Rerrera, Dario, G. Fiorentino, B. Attia, Modigliani, P. Patti, conseillers",Societa italiana di beneficenza
NAME:CLEMENT MODIGLIANI,Clément Modigliani,,ambiguous,L1912-02428,Societa italiana di beneficenza,councillor,organisation_entry_officer_list,1898,378,https://gallica.bnf.fr/ark:/12148/bpt6k5505300s/f402.item,"Cesana, Ugo Moreno, Clément Modigliani, Adolphe Disegni, D* A. Valensi, G. Messana, A. Rerrera, Dario, G. Fiorentino, B. Attia, Modigliani, P. Patti, conseillers",Societa italiana di beneficenza
L1912-00857,Adolphe Disegni,L1912-00857,resolved,L1912-02428,Societa italiana di beneficenza,councillor,organisation_entry_officer_list,1898,378,https://gallica.bnf.fr/ark:/12148/bpt6k5505300s/f402.item,"Cesana, Ugo Moreno, Clément Modigliani, Adolphe Disegni, D* A. Valensi, G. Messana, A. Rerrera, Dario, G. Fiorentino, B. Attia, Modigliani, P. Patti, conseillers",Societa italiana di beneficenza
NAME:G MESSANA,G Messana,,unmatched,L1912-02428,Societa italiana di beneficenza,councillor,organisation_entry_officer_list,1898,378,https://gallica.bnf.fr/ark:/12148/bpt6k5505300s/f402.item,"Cesana, Ugo Moreno, Clément Modigliani, Adolphe Disegni, D* A. Valensi, G. Messana, A. Rerrera, Dario, G. Fiorentino, B. Attia, Modigliani, P. Patti, conseillers",Societa italiana di beneficenza
L1912-01098,A Rerrera,L1912-01098,resolved_fuzzy,L1912-02428,Societa italiana di beneficenza,councillor,organisation_entry_officer_list,1898,378,https://gallica.bnf.fr/ark:/12148/bpt6k5505300s/f402.item,"Cesana, Ugo Moreno, Clément Modigliani, Adolphe Disegni, D* A. Valensi, G. Messana, A. Rerrera, Dario, G. Fiorentino, B. Attia, Modigliani, P. Patti, conseillers",Societa italiana di beneficenza
NAME:DARIO,Dario,,unmatched,L1912-02428,Societa italiana di beneficenza,councillor,organisation_entry_officer_list,1898,378,https://gallica.bnf.fr/ark:/12148/bpt6k5505300s/f402.item,"Cesana, Ugo Moreno, Clément Modigliani, Adolphe Disegni, D* A. Valensi, G. Messana, A. Rerrera, Dario, G. Fiorentino, B. Attia, Modigliani, P. Patti, conseillers",Societa italiana di beneficenza
NAME:G FIORENTINO,G Fiorentino,,unmatched,L1912-02428,Societa italiana di beneficenza,councillor,organisation_entry_officer_list,1898,378,https://gallica.bnf.fr/ark:/12148/bpt6k5505300s/f402.item,"Cesana, Ugo Moreno, Clément Modigliani, Adolphe Disegni, D* A. Valensi, G. Messana, A. Rerrera, Dario, G. Fiorentino, B. Attia, Modigliani, P. Patti, conseillers",Societa italiana di beneficenza
L1912-00172,B Attia,L1912-00172,resolved,L1912-02428,Societa italiana di beneficenza,councillor,organisation_entry_officer_list,1898,378,https://gallica.bnf.fr/ark:/12148/bpt6k5505300s/f402.item,"Cesana, Ugo Moreno, Clément Modigliani, Adolphe Disegni, D* A. Valensi, G. Messana, A. Rerrera, Dario, G. Fiorentino, B. Attia, Modigliani, P. Patti, conseillers",Societa italiana di beneficenza
L1912-01812,Modigliani,L1912-01812,resolved,L1912-02428,Societa italiana di beneficenza,councillor,organisation_entry_officer_list,1898,378,https://gallica.bnf.fr/ark:/12148/bpt6k5505300s/f402.item,"Cesana, Ugo Moreno, Clément Modigliani, Adolphe Disegni, D* A. Valensi, G. Messana, A. Rerrera, Dario, G. Fiorentino, B. Attia, Modigliani, P. Patti, conseillers",Societa italiana di beneficenza
L1912-02770,P Patti,L1912-02770,resolved,L1912-02428,Societa italiana di beneficenza,councillor,organisation_entry_officer_list,1898,378,https://gallica.bnf.fr/ark:/12148/bpt6k5505300s/f402.item,"Cesana, Ugo Moreno, Clément Modigliani, Adolphe Disegni, D* A. Valensi, G. Messana, A. Rerrera, Dario, G. Fiorentino, B. Attia, Modigliani, P. Patti, conseillers",Societa italiana di beneficenza
NAME:SALAH DRID,Salah Drid,,ambiguous_fuzzy,L1912-02429,Société musulmane de Bienfaisance de Bizerte,president,organisation_entry_officer_list,1907,378,https://gallica.bnf.fr/ark:/12148/bpt6k5505300s/f402.item,"BUREAU : MM. Salah Drid, prés.",Société musulmane de Bienfaisance de Bizerte
NAME:TAHAR,Tahar,,ambiguous,L1912-02429,Société musulmane de Bienfaisance de Bizerte,vice_president,organisation_entry_officer_list,1907,378,https://gallica.bnf.fr/ark:/12148/bpt6k5505300s/f402.item,"Tahar ben Lamine, v.-prés.",Société musulmane de Bienfaisance de Bizerte
NAME:ALI,Ali,,unmatched,L1912-02429,Société musulmane de Bienfaisance de Bizerte,secretary,organisation_entry_officer_list,1907,378,https://gallica.bnf.fr/ark:/12148/bpt6k5505300s/f402.item,"Ali el Bardi, secr.",Société musulmane de Bienfaisance de Bizerte
NAME:MOHAMED,Mohamed,,ambiguous,L1912-02429,Société musulmane de Bienfaisance de Bizerte,member,organisation_entry_officer_list,1907,378,https://gallica.bnf.fr/ark:/12148/bpt6k5505300s/f402.item,"Hadj Mohamed ben Guetfa,Hamouda el Moknine, Mohamed ben Hadj Hamda Sfaxi, Mohamed Cliafaï Saïah, Abderrahmane Lazzem, Hadi Lassoued, Hadj Merad Derbal,' membres.",Société musulmane de Bienfaisance de Bizerte
NAME:HAMOUDA,Hamouda,,unmatched,L1912-02429,Société musulmane de Bienfaisance de Bizerte,member,organisation_entry_officer_list,1907,378,https://gallica.bnf.fr/ark:/12148/bpt6k5505300s/f402.item,"Hadj Mohamed ben Guetfa,Hamouda el Moknine, Mohamed ben Hadj Hamda Sfaxi, Mohamed Cliafaï Saïah, Abderrahmane Lazzem, Hadi Lassoued, Hadj Merad Derbal,' membres.",Société musulmane de Bienfaisance de Bizerte
NAME:MOHAMED,Mohamed,,ambiguous,L1912-02429,Société musulmane de Bienfaisance de Bizerte,member,organisation_entry_officer_list,1907,378,https://gallica.bnf.fr/ark:/12148/bpt6k5505300s/f402.item,"Hadj Mohamed ben Guetfa,Hamouda el Moknine, Mohamed ben Hadj Hamda Sfaxi, Mohamed Cliafaï Saïah, Abderrahmane Lazzem, Hadi Lassoued, Hadj Merad Derbal,' membres.",Société musulmane de Bienfaisance de Bizerte
NAME:MOHAMED CLIAFAI SAIAH,Mohamed Cliafaï Saïah,,ambiguous,L1912-02429,Société musulmane de Bienfaisance de Bizerte,member,organisation_entry_officer_list,1907,378,https://gallica.bnf.fr/ark:/12148/bpt6k5505300s/f402.item,"Hadj Mohamed ben Guetfa,Hamouda el Moknine, Mohamed ben Hadj Hamda Sfaxi, Mohamed Cliafaï Saïah, Abderrahmane Lazzem, Hadi Lassoued, Hadj Merad Derbal,' membres.",Société musulmane de Bienfaisance de Bizerte
NAME:ABDERRAHMANE LAZZEM,Abderrahmane Lazzem,,unmatched,L1912-02429,Société musulmane de Bienfaisance de Bizerte,member,organisation_entry_officer_list,1907,378,https://gallica.bnf.fr/ark:/12148/bpt6k5505300s/f402.item,"Hadj Mohamed ben Guetfa,Hamouda el Moknine, Mohamed ben Hadj Hamda Sfaxi, Mohamed Cliafaï Saïah, Abderrahmane Lazzem, Hadi Lassoued, Hadj Merad Derbal,' membres.",Société musulmane de Bienfaisance de Bizerte
NAME:HADI LASSOUED,Hadi Lassoued,,unmatched,L1912-02429,Société musulmane de Bienfaisance de Bizerte,member,organisation_entry_officer_list,1907,378,https://gallica.bnf.fr/ark:/12148/bpt6k5505300s/f402.item,"Hadj Mohamed ben Guetfa,Hamouda el Moknine, Mohamed ben Hadj Hamda Sfaxi, Mohamed Cliafaï Saïah, Abderrahmane Lazzem, Hadi Lassoued, Hadj Merad Derbal,' membres.",Société musulmane de Bienfaisance de Bizerte
NAME:MERAD DERBAL,Merad Derbal,,unmatched,L1912-02429,Société musulmane de Bienfaisance de Bizerte,member,organisation_entry_officer_list,1907,378,https://gallica.bnf.fr/ark:/12148/bpt6k5505300s/f402.item,"Hadj Mohamed ben Guetfa,Hamouda el Moknine, Mohamed ben Hadj Hamda Sfaxi, Mohamed Cliafaï Saïah, Abderrahmane Lazzem, Hadi Lassoued, Hadj Merad Derbal,' membres.",Société musulmane de Bienfaisance de Bizerte
L1912-00406,Bottesini,L1912-00406,resolved,L1912-02430,Societa Nazionale «Dante Alighieri»,honorary_president,organisation_entry_officer_list,1891,378,https://gallica.bnf.fr/ark:/12148/bpt6k5505300s/f402.item,"Médaille d'or à l'Exposilion de Milan, 1906. BUREAU : MM. Bottesini, prés., d'honn",Societa Nazionale «Dante Alighieri»
NAME:MASSIA LUIGI,Massia Luigi,,unmatched,L1912-02430,Societa Nazionale «Dante Alighieri»,vice_president,organisation_entry_officer_list,1891,378,https://gallica.bnf.fr/ark:/12148/bpt6k5505300s/f402.item,"Massia Luigi et Moreno Ugo, v.-prés.",Societa Nazionale «Dante Alighieri»
NAME:MORENO UGO,Moreno Ugo,,ambiguous,L1912-02430,Societa Nazionale «Dante Alighieri»,vice_president,organisation_entry_officer_list,1891,378,https://gallica.bnf.fr/ark:/12148/bpt6k5505300s/f402.item,"Massia Luigi et Moreno Ugo, v.-prés.",Societa Nazionale «Dante Alighieri»
L1912-00494,Calo Enrico,L1912-00494,resolved,L1912-02430,Societa Nazionale «Dante Alighieri»,councillor,organisation_entry_officer_list,1891,378,https://gallica.bnf.fr/ark:/12148/bpt6k5505300s/f402.item,"Calo Enrico, Cesana Luciano, Levi Guglielmo, Ravasini Guido, Salvo Salvalor, Valensi Alberto, conseillers",Societa Nazionale «Dante Alighieri»
L1912-01645,Cesana Luciano,L1912-01645,resolved_fuzzy,L1912-02430,Societa Nazionale «Dante Alighieri»,councillor,organisation_entry_officer_list,1891,378,https://gallica.bnf.fr/ark:/12148/bpt6k5505300s/f402.item,"Calo Enrico, Cesana Luciano, Levi Guglielmo, Ravasini Guido, Salvo Salvalor, Valensi Alberto, conseillers",Societa Nazionale «Dante Alighieri»
L1912-01617,Levi Guglielmo,L1912-01617,resolved,L1912-02430,Societa Nazionale «Dante Alighieri»,councillor,organisation_entry_officer_list,1891,378,https://gallica.bnf.fr/ark:/12148/bpt6k5505300s/f402.item,"Calo Enrico, Cesana Luciano, Levi Guglielmo, Ravasini Guido, Salvo Salvalor, Valensi Alberto, conseillers",Societa Nazionale «Dante Alighieri»
NAME:RAVASINI GUIDO,Ravasini Guido,,unmatched,L1912-02430,Societa Nazionale «Dante Alighieri»,councillor,organisation_entry_officer_list,1891,378,https://gallica.bnf.fr/ark:/12148/bpt6k5505300s/f402.item,"Calo Enrico, Cesana Luciano, Levi Guglielmo, Ravasini Guido, Salvo Salvalor, Valensi Alberto, conseillers",Societa Nazionale «Dante Alighieri»
NAME:SALVO SALVALOR,Salvo Salvalor,,unmatched,L1912-02430,Societa Nazionale «Dante Alighieri»,councillor,organisation_entry_officer_list,1891,378,https://gallica.bnf.fr/ark:/12148/bpt6k5505300s/f402.item,"Calo Enrico, Cesana Luciano, Levi Guglielmo, Ravasini Guido, Salvo Salvalor, Valensi Alberto, conseillers",Societa Nazionale «Dante Alighieri»
NAME:VALENSI ALBERTO,Valensi Alberto,,ambiguous,L1912-02430,Societa Nazionale «Dante Alighieri»,councillor,organisation_entry_officer_list,1891,378,https://gallica.bnf.fr/ark:/12148/bpt6k5505300s/f402.item,"Calo Enrico, Cesana Luciano, Levi Guglielmo, Ravasini Guido, Salvo Salvalor, Valensi Alberto, conseillers",Societa Nazionale «Dante Alighieri»
L1912-01820,Molco Assilio,L1912-01820,resolved,L1912-02430,Societa Nazionale «Dante Alighieri»,president,organisation_entry_officer_list,1891,378,https://gallica.bnf.fr/ark:/12148/bpt6k5505300s/f402.item,"Ane. prés., Molco Assilio",Societa Nazionale «Dante Alighieri»
NAME:MARLINO FRANCESCO,Marlino Francesco,,unmatched,L1912-02431,Société philodramatique internationale «l'Avvenire»,vice_president,organisation_entry_officer_list,1905,379,https://gallica.bnf.fr/ark:/12148/bpt6k5505300s/f403.item,"De Marlino Francesco et Milaui Erice, v.- prés.",Société philodramatique internationale «l'Avvenire»
NAME:MILAUI ERICE,Milaui Erice,,unmatched,L1912-02431,Société philodramatique internationale «l'Avvenire»,vice_president,organisation_entry_officer_list,1905,379,https://gallica.bnf.fr/ark:/12148/bpt6k5505300s/f403.item,"De Marlino Francesco et Milaui Erice, v.- prés.",Société philodramatique internationale «l'Avvenire»
NAME:MANNINA SAVERIO,Mannina Saverio,,unmatched,L1912-02431,Société philodramatique internationale «l'Avvenire»,councillor,organisation_entry_officer_list,1905,379,https://gallica.bnf.fr/ark:/12148/bpt6k5505300s/f403.item,"Mannina Saverio,' Livolsi G(iuseppe et Salmieri Giuseppe, conseillers",Société philodramatique internationale «l'Avvenire»
NAME:LIVOLSI G,Livolsi G,,unmatched,L1912-02431,Société philodramatique internationale «l'Avvenire»,councillor,organisation_entry_officer_list,1905,379,https://gallica.bnf.fr/ark:/12148/bpt6k5505300s/f403.item,"Mannina Saverio,' Livolsi G(iuseppe et Salmieri Giuseppe, conseillers",Société philodramatique internationale «l'Avvenire»
NAME:SALMIERI GIUSEPPE,Salmieri Giuseppe,,unmatched,L1912-02431,Société philodramatique internationale «l'Avvenire»,councillor,organisation_entry_officer_list,1905,379,https://gallica.bnf.fr/ark:/12148/bpt6k5505300s/f403.item,"Mannina Saverio,' Livolsi G(iuseppe et Salmieri Giuseppe, conseillers",Société philodramatique internationale «l'Avvenire»
NAME:AZZOPARDI ALFREDO,Azzopardi Alfredo,,unmatched,L1912-02431,Société philodramatique internationale «l'Avvenire»,secretary,organisation_entry_officer_list,1905,379,https://gallica.bnf.fr/ark:/12148/bpt6k5505300s/f403.item,"Azzopardi Alfredo, secr.",Société philodramatique internationale «l'Avvenire»
L1912-00699,Communaux,L1912-00699,resolved,L1912-02432,Société de préservation contre la tuberculose,president,organisation_entry_officer_list,,379,https://gallica.bnf.fr/ark:/12148/bpt6k5505300s/f403.item,"MM. Communaux, prés.",Société de préservation contre la tuberculose
NAME:D UZAN,D Uzan,,ambiguous,L1912-02432,Société de préservation contre la tuberculose,vice_president,organisation_entry_officer_list,,379,https://gallica.bnf.fr/ark:/12148/bpt6k5505300s/f403.item,"les D"" Uzan el L. Morpurgo et Abdeljelil Zaouche, v.-prés.",Société de préservation contre la tuberculose
NAME:ABDELJELIL ZAOUCHE,Abdeljelil Zaouche,,ambiguous,L1912-02432,Société de préservation contre la tuberculose,vice_president,organisation_entry_officer_list,,379,https://gallica.bnf.fr/ark:/12148/bpt6k5505300s/f403.item,"les D"" Uzan el L. Morpurgo et Abdeljelil Zaouche, v.-prés.",Société de préservation contre la tuberculose
NAME:JOSEPH COHEN,Joseph Cohen,,ambiguous,L1912-02432,Société de préservation contre la tuberculose,secretary,organisation_entry_officer_list,,379,https://gallica.bnf.fr/ark:/12148/bpt6k5505300s/f403.item,"Joseph Cohen, secr.",Société de préservation contre la tuberculose
L1912-00847,Dinguizli,L1912-00847,resolved,L1912-02432,Société de préservation contre la tuberculose,member,organisation_entry_officer_list,,379,https://gallica.bnf.fr/ark:/12148/bpt6k5505300s/f403.item,"le caïd Dinguizli, Elie Fitoussi, Joseph Valensi, Béchir Zaouche, Bigot, Noël et Chassagny, membres.",Société de préservation contre la tuberculose
L1912-01165,Elie Fitoussi,L1912-01165,resolved,L1912-02432,Société de préservation contre la tuberculose,member,organisation_entry_officer_list,,379,https://gallica.bnf.fr/ark:/12148/bpt6k5505300s/f403.item,"le caïd Dinguizli, Elie Fitoussi, Joseph Valensi, Béchir Zaouche, Bigot, Noël et Chassagny, membres.",Société de préservation contre la tuberculose
NAME:JOSEPH VALENSI,Joseph Valensi,,ambiguous,L1912-02432,Société de préservation contre la tuberculose,member,organisation_entry_officer_list,,379,https://gallica.bnf.fr/ark:/12148/bpt6k5505300s/f403.item,"le caïd Dinguizli, Elie Fitoussi, Joseph Valensi, Béchir Zaouche, Bigot, Noël et Chassagny, membres.",Société de préservation contre la tuberculose
L1912-00262,Béchir Zaouche,L1912-00262,resolved,L1912-02432,Société de préservation contre la tuberculose,member,organisation_entry_officer_list,,379,https://gallica.bnf.fr/ark:/12148/bpt6k5505300s/f403.item,"le caïd Dinguizli, Elie Fitoussi, Joseph Valensi, Béchir Zaouche, Bigot, Noël et Chassagny, membres.",Société de préservation contre la tuberculose
L1912-00344,Bigot,L1912-00344,resolved,L1912-02432,Société de préservation contre la tuberculose,member,organisation_entry_officer_list,,379,https://gallica.bnf.fr/ark:/12148/bpt6k5505300s/f403.item,"le caïd Dinguizli, Elie Fitoussi, Joseph Valensi, Béchir Zaouche, Bigot, Noël et Chassagny, membres.",Société de préservation contre la tuberculose
NAME:NOEL,Noël,,unmatched,L1912-02432,Société de préservation contre la tuberculose,member,organisation_entry_officer_list,,379,https://gallica.bnf.fr/ark:/12148/bpt6k5505300s/f403.item,"le caïd Dinguizli, Elie Fitoussi, Joseph Valensi, Béchir Zaouche, Bigot, Noël et Chassagny, membres.",Société de préservation contre la tuberculose
L1912-00600,Chassagny,L1912-00600,resolved,L1912-02432,Société de préservation contre la tuberculose,member,organisation_entry_officer_list,,379,https://gallica.bnf.fr/ark:/12148/bpt6k5505300s/f403.item,"le caïd Dinguizli, Elie Fitoussi, Joseph Valensi, Béchir Zaouche, Bigot, Noël et Chassagny, membres.",Société de préservation contre la tuberculose
NAME:HENRIKSEN,Henriksen,,unmatched,L1912-02433,Société Protectrice des Animaux,vice_president,organisation_entry_officer_list,1910,379,https://gallica.bnf.fr/ark:/12148/bpt6k5505300s/f403.item,"M"""" Henriksen et M. Chatel, v.-prés.",Société Protectrice des Animaux
NAME:CHATEL,Chatel,,unmatched,L1912-02433,Société Protectrice des Animaux,vice_president,organisation_entry_officer_list,1910,379,https://gallica.bnf.fr/ark:/12148/bpt6k5505300s/f403.item,"M"""" Henriksen et M. Chatel, v.-prés.",Société Protectrice des Animaux
NAME:CECCATTY,Ceccatty,,unmatched,L1912-02433,Société Protectrice des Animaux,secretary,organisation_entry_officer_list,1910,379,https://gallica.bnf.fr/ark:/12148/bpt6k5505300s/f403.item,"M. de Ceccatty, secr.",Société Protectrice des Animaux
NAME:FREDERIC MISTRAL,Frédéric Mistral,,unmatched,L1912-02433,Société Protectrice des Animaux,honorary_president,organisation_entry_officer_list,1910,379,https://gallica.bnf.fr/ark:/12148/bpt6k5505300s/f403.item,"BUREAU : Prés, d'honneur, MM. Frédéric Mistral, le Résident Général et H, Michel, député d'Arles",Société Protectrice des Animaux
L1912-00970,Dumergue,L1912-00970,resolved,L1912-02433,Société Protectrice des Animaux,president,organisation_entry_officer_list,1910,379,https://gallica.bnf.fr/ark:/12148/bpt6k5505300s/f403.item,"prés, non., M. Dumergue, vice-président de la Municipalité. MM. Jules Saurin, prés.",Société Protectrice des Animaux
L1912-02271,Saunier,L1912-02271,resolved,L1912-02433,Société Protectrice des Animaux,vice_president,organisation_entry_officer_list,1910,379,https://gallica.bnf.fr/ark:/12148/bpt6k5505300s/f403.item,"Saunier, v.- prés.",Société Protectrice des Animaux
NAME:CHARBONNEL,Charbonnel,,unmatched,L1912-02433,Société Protectrice des Animaux,secretary,organisation_entry_officer_list,1910,379,https://gallica.bnf.fr/ark:/12148/bpt6k5505300s/f403.item,"Charbonnel, secr.",Société Protectrice des Animaux
L1912-01921,Ollivier,L1912-01921,resolved_fuzzy,L1912-02433,Société Protectrice des Animaux,commissioner,organisation_entry_officer_list,1910,379,https://gallica.bnf.fr/ark:/12148/bpt6k5505300s/f403.item,"Ollivier, Pesanty, Revelli, commissaires",Société Protectrice des Animaux
NAME:PESANTY,Pesanty,,unmatched,L1912-02433,Société Protectrice des Animaux,commissioner,organisation_entry_officer_list,1910,379,https://gallica.bnf.fr/ark:/12148/bpt6k5505300s/f403.item,"Ollivier, Pesanty, Revelli, commissaires",Société Protectrice des Animaux
NAME:REVELLI,Revelli,,unmatched,L1912-02433,Société Protectrice des Animaux,commissioner,organisation_entry_officer_list,1910,379,https://gallica.bnf.fr/ark:/12148/bpt6k5505300s/f403.item,"Ollivier, Pesanty, Revelli, commissaires",Société Protectrice des Animaux
NAME:PIETRA,Piétra,,ambiguous,L1912-02433,Société Protectrice des Animaux,president,organisation_entry_officer_list,1910,379,https://gallica.bnf.fr/ark:/12148/bpt6k5505300s/f403.item,"Ane. prés. : MM. Piétra, Imbert, Dumergue, Mercier.",Société Protectrice des Animaux
L1912-01443,Imbert,L1912-01443,resolved,L1912-02433,Société Protectrice des Animaux,president,organisation_entry_officer_list,1910,379,https://gallica.bnf.fr/ark:/12148/bpt6k5505300s/f403.item,"Ane. prés. : MM. Piétra, Imbert, Dumergue, Mercier.",Société Protectrice des Animaux
L1912-00970,Dumergue,L1912-00970,resolved,L1912-02433,Société Protectrice des Animaux,president,organisation_entry_officer_list,1910,379,https://gallica.bnf.fr/ark:/12148/bpt6k5505300s/f403.item,"Ane. prés. : MM. Piétra, Imbert, Dumergue, Mercier.",Société Protectrice des Animaux
NAME:MERCIER,Mercier,,ambiguous,L1912-02433,Société Protectrice des Animaux,president,organisation_entry_officer_list,1910,379,https://gallica.bnf.fr/ark:/12148/bpt6k5505300s/f403.item,"Ane. prés. : MM. Piétra, Imbert, Dumergue, Mercier.",Société Protectrice des Animaux
L1912-00765,J.-B Curtelin,L1912-00765,resolved,L1912-02435,Société des Savoyards résidant en Tunisie,president,organisation_entry_officer_list,,379,https://gallica.bnf.fr/ark:/12148/bpt6k5505300s/f403.item,"BUREAU : MM. J.-B. Curtelin, prés.",Société des Savoyards résidant en Tunisie
L1912-01210,Gaillard,L1912-01210,resolved,L1912-02435,Société des Savoyards résidant en Tunisie,vice_president,organisation_entry_officer_list,,379,https://gallica.bnf.fr/ark:/12148/bpt6k5505300s/f403.item,"Gaillard et Ùsannaz-Joris,v.-prés.",Société des Savoyards résidant en Tunisie
NAME:CHERCHILLOT,Cherchillot,,unmatched,L1912-02435,Société des Savoyards résidant en Tunisie,secretary,organisation_entry_officer_list,,379,https://gallica.bnf.fr/ark:/12148/bpt6k5505300s/f403.item,"Cherchillot, secr.",Société des Savoyards résidant en Tunisie
NAME:JULES BONAN,Jules Bonan,,ambiguous,L1912-02436,Société des Sciences commerciales,president,organisation_entry_officer_list,,379,https://gallica.bnf.fr/ark:/12148/bpt6k5505300s/f403.item,"BUREAU : MM. Jules Bonan, prés.",Société des Sciences commerciales
NAME:ERNEST SFEZ,Ernest Sfez,,unmatched,L1912-02436,Société des Sciences commerciales,vice_president,organisation_entry_officer_list,,379,https://gallica.bnf.fr/ark:/12148/bpt6k5505300s/f403.item,"Ernest Sfez et Kaddour ben Cheikh Ahmed, v.-prés.",Société des Sciences commerciales
L1912-01485,Kaddour,L1912-01485,resolved,L1912-02436,Société des Sciences commerciales,vice_president,organisation_entry_officer_list,,379,https://gallica.bnf.fr/ark:/12148/bpt6k5505300s/f403.item,"Ernest Sfez et Kaddour ben Cheikh Ahmed, v.-prés.",Société des Sciences commerciales
NAME:RISOS CHRISTUS,Risos Christûs,,unmatched,L1912-02436,Société des Sciences commerciales,deputy_secretary,organisation_entry_officer_list,,379,https://gallica.bnf.fr/ark:/12148/bpt6k5505300s/f403.item,"Risos Christûs, secr. adj.",Société des Sciences commerciales
L1912-00318,Habib Bedra,L1912-00318,resolved_fuzzy,L1912-02436,Société des Sciences commerciales,assessor,organisation_entry_officer_list,,379,https://gallica.bnf.fr/ark:/12148/bpt6k5505300s/f403.item,"Habib Bedra, Gaston En- . riquez, assess.",Société des Sciences commerciales
NAME:GASTON EN,Gaston En,,unmatched,L1912-02436,Société des Sciences commerciales,assessor,organisation_entry_officer_list,,379,https://gallica.bnf.fr/ark:/12148/bpt6k5505300s/f403.item,"Habib Bedra, Gaston En- . riquez, assess.",Société des Sciences commerciales
L1912-02069,Plancke,L1912-02069,resolved_fuzzy,L1912-02437,Société des Sciences médicales,president,organisation_entry_officer_list,1898,379,https://gallica.bnf.fr/ark:/12148/bpt6k5505300s/f403.item,"Société .publie mensuellement le «Bulletin des travaux de la Société des Sciences médicales de Tunis». Le Comité de rédaction de ce Bulletin se compose de : MM. le D' Plancke, prés",Société des Sciences médicales
NAME:BRAQUEHAYE,Braquehaye,,unmatched,L1912-02437,Société des Sciences médicales,member,organisation_entry_officer_list,1898,379,https://gallica.bnf.fr/ark:/12148/bpt6k5505300s/f403.item,"Braquehaye, Cortési, Lemanski, Sora, Loliroff,membres",Société des Sciences médicales
NAME:CORTESI,Cortési,,unmatched,L1912-02437,Société des Sciences médicales,member,organisation_entry_officer_list,1898,379,https://gallica.bnf.fr/ark:/12148/bpt6k5505300s/f403.item,"Braquehaye, Cortési, Lemanski, Sora, Loliroff,membres",Société des Sciences médicales
L1912-01607,Lemanski,L1912-01607,resolved,L1912-02437,Société des Sciences médicales,member,organisation_entry_officer_list,1898,379,https://gallica.bnf.fr/ark:/12148/bpt6k5505300s/f403.item,"Braquehaye, Cortési, Lemanski, Sora, Loliroff,membres",Société des Sciences médicales
NAME:SORA,Sora,,unmatched,L1912-02437,Société des Sciences médicales,member,organisation_entry_officer_list,1898,379,https://gallica.bnf.fr/ark:/12148/bpt6k5505300s/f403.item,"Braquehaye, Cortési, Lemanski, Sora, Loliroff,membres",Société des Sciences médicales
NAME:LOLIROFF,Loliroff,,unmatched,L1912-02437,Société des Sciences médicales,member,organisation_entry_officer_list,1898,379,https://gallica.bnf.fr/ark:/12148/bpt6k5505300s/f403.item,"Braquehaye, Cortési, Lemanski, Sora, Loliroff,membres",Société des Sciences médicales
L1912-02069,Plancke,L1912-02069,resolved_fuzzy,L1912-02437,Société des Sciences médicales,president,organisation_entry_officer_list,1898,379,https://gallica.bnf.fr/ark:/12148/bpt6k5505300s/f403.item,BUREAU : D' Plancke. prés.,Société des Sciences médicales
NAME:LEVY,Lévy,,ambiguous,L1912-02437,Société des Sciences médicales,vice_president,organisation_entry_officer_list,1898,379,https://gallica.bnf.fr/ark:/12148/bpt6k5505300s/f403.item,D' Lévy. v.-prés.,Société des Sciences médicales
L1912-00534,D1 Cassulo,L1912-00534,resolved_fuzzy,L1912-02437,Société des Sciences médicales,secretary_general,organisation_entry_officer_list,1898,379,https://gallica.bnf.fr/ark:/12148/bpt6k5505300s/f403.item,"D1 Cassulo, secr. gén.",Société des Sciences médicales
NAME:SPEZZAFURNO,Spezzafurno,,unmatched,L1912-02437,Société des Sciences médicales,deputy_secretary,organisation_entry_officer_list,1898,379,https://gallica.bnf.fr/ark:/12148/bpt6k5505300s/f403.item,"D' Spezzafurno, secr. adj.",Société des Sciences médicales
L1912-02092,D Porot,L1912-02092,resolved,L1912-02437,Société des Sciences médicales,councillor,organisation_entry_officer_list,1898,379,https://gallica.bnf.fr/ark:/12148/bpt6k5505300s/f403.item,"D"" Porot et Cardoso, conseillers",Société des Sciences médicales
NAME:CARDOSO,Cardoso,,ambiguous,L1912-02437,Société des Sciences médicales,councillor,organisation_entry_officer_list,1898,379,https://gallica.bnf.fr/ark:/12148/bpt6k5505300s/f403.item,"D"" Porot et Cardoso, conseillers",Société des Sciences médicales
L1912-00247,D Bastide,L1912-00247,resolved,L1912-02437,Société des Sciences médicales,president,organisation_entry_officer_list,1898,379,https://gallica.bnf.fr/ark:/12148/bpt6k5505300s/f403.item,"Ane. prés. : MM. les D"" Bastide. 1.898",Société des Sciences médicales
L1912-00765,Curlelin,L1912-00765,resolved_fuzzy,L1912-02438,Société de secours mutuels et de retraite des sapeurs-pompiers de Tunis,vice_president,organisation_entry_officer_list,1894,380,https://gallica.bnf.fr/ark:/12148/bpt6k5505300s/f404.item,"Curlelin et Forcioli, v.- prés.",Société de secours mutuels et de retraite des sapeurs-pompiers de Tunis
NAME:FORCIOLI,Forcioli,,unmatched,L1912-02438,Société de secours mutuels et de retraite des sapeurs-pompiers de Tunis,vice_president,organisation_entry_officer_list,1894,380,https://gallica.bnf.fr/ark:/12148/bpt6k5505300s/f404.item,"Curlelin et Forcioli, v.- prés.",Société de secours mutuels et de retraite des sapeurs-pompiers de Tunis
L1912-00244,Barsolti,L1912-00244,resolved_fuzzy,L1912-02438,Société de secours mutuels et de retraite des sapeurs-pompiers de Tunis,secretary,organisation_entry_officer_list,1894,380,https://gallica.bnf.fr/ark:/12148/bpt6k5505300s/f404.item,"Barsolti, secr.",Société de secours mutuels et de retraite des sapeurs-pompiers de Tunis
NAME:BEYA,Beya,,unmatched,L1912-02439,Société Sportive « la Musulmane »,president,organisation_entry_officer_list,1905,380,https://gallica.bnf.fr/ark:/12148/bpt6k5505300s/f404.item,Sous la présidence d'honneur de : S. A. la Beya régnante Qamar Hanem,Société Sportive « la Musulmane »
NAME:CHEIKH MOHAMED,Cheikh Mohamed,,ambiguous,L1912-02439,Société Sportive « la Musulmane »,vice_president,organisation_entry_officer_list,1905,380,https://gallica.bnf.fr/ark:/12148/bpt6k5505300s/f404.item,"Sous la vice-présidence d'honn. de : M"" Cheikh Mohamed el Bahri",Société Sportive « la Musulmane »
NAME:BOUHAGEB,Bouhageb,,ambiguous,L1912-02439,Société Sportive « la Musulmane »,board_member,organisation_entry_officer_list,1905,380,https://gallica.bnf.fr/ark:/12148/bpt6k5505300s/f404.item,"Son Comité directeur est ainsi composé : MM. le Dr Bouhageb, prés.",Société Sportive « la Musulmane »
L1912-00031,Ahmed,L1912-00031,resolved,L1912-02439,Société Sportive « la Musulmane »,vice_president,organisation_entry_officer_list,1905,380,https://gallica.bnf.fr/ark:/12148/bpt6k5505300s/f404.item,"Ahmed el Bahri, v.-prés.",Société Sportive « la Musulmane »
NAME:A CHEIKH,A Cheikh,,unmatched,L1912-02439,Société Sportive « la Musulmane »,secretary,organisation_entry_officer_list,1905,380,https://gallica.bnf.fr/ark:/12148/bpt6k5505300s/f404.item,"A. Cheikh et M. Asfouri, secr.",Société Sportive « la Musulmane »
L1912-00902,IL Djehane,L1912-00902,resolved,L1912-02439,Société Sportive « la Musulmane »,member,organisation_entry_officer_list,1905,380,https://gallica.bnf.fr/ark:/12148/bpt6k5505300s/f404.item,"IL Djehane, M. Azouz, M. B. Abdallah et M. Aouidj, membres",Société Sportive « la Musulmane »
L1912-00201,Azouz,L1912-00201,resolved,L1912-02439,Société Sportive « la Musulmane »,member,organisation_entry_officer_list,1905,380,https://gallica.bnf.fr/ark:/12148/bpt6k5505300s/f404.item,"IL Djehane, M. Azouz, M. B. Abdallah et M. Aouidj, membres",Société Sportive « la Musulmane »
NAME:B ABDALLAH,B Abdallah,,unmatched,L1912-02439,Société Sportive « la Musulmane »,member,organisation_entry_officer_list,1905,380,https://gallica.bnf.fr/ark:/12148/bpt6k5505300s/f404.item,"IL Djehane, M. Azouz, M. B. Abdallah et M. Aouidj, membres",Société Sportive « la Musulmane »
NAME:AOUIDJ,Aouidj,,unmatched,L1912-02439,Société Sportive « la Musulmane »,member,organisation_entry_officer_list,1905,380,https://gallica.bnf.fr/ark:/12148/bpt6k5505300s/f404.item,"IL Djehane, M. Azouz, M. B. Abdallah et M. Aouidj, membres",Société Sportive « la Musulmane »
L1912-01930,Orliac,L1912-01930,resolved,L1912-02440,Société de Tir de Tunis,president,organisation_entry_officer_list,1898,380,https://gallica.bnf.fr/ark:/12148/bpt6k5505300s/f404.item,"BUREAU : MM. Orliac, prés.",Société de Tir de Tunis
L1912-00106,Antoine,L1912-00106,resolved,L1912-02440,Société de Tir de Tunis,vice_president,organisation_entry_officer_list,1898,380,https://gallica.bnf.fr/ark:/12148/bpt6k5505300s/f404.item,"Antoine, v.-prés.",Société de Tir de Tunis
NAME:LEMOINE,Lemoine,,unmatched,L1912-02440,Société de Tir de Tunis,secretary,organisation_entry_officer_list,1898,380,https://gallica.bnf.fr/ark:/12148/bpt6k5505300s/f404.item,"Lemoine, secr.",Société de Tir de Tunis
NAME:LAVAU,Lavau,,unmatched,L1912-02440,Société de Tir de Tunis,member,organisation_entry_officer_list,1898,380,https://gallica.bnf.fr/ark:/12148/bpt6k5505300s/f404.item,"Lavau, Grosdemange, Larclel, membres.",Société de Tir de Tunis
NAME:GROSDEMANGE,Grosdemange,,unmatched,L1912-02440,Société de Tir de Tunis,member,organisation_entry_officer_list,1898,380,https://gallica.bnf.fr/ark:/12148/bpt6k5505300s/f404.item,"Lavau, Grosdemange, Larclel, membres.",Société de Tir de Tunis
NAME:LARCLEL,Larclel,,unmatched,L1912-02440,Société de Tir de Tunis,member,organisation_entry_officer_list,1898,380,https://gallica.bnf.fr/ark:/12148/bpt6k5505300s/f404.item,"Lavau, Grosdemange, Larclel, membres.",Société de Tir de Tunis
L1912-00309,Bergen,L1912-00309,resolved_fuzzy,L1912-02441,Société tunisienne des Hôteliers,member,organisation_entry_officer_list,1907,380,https://gallica.bnf.fr/ark:/12148/bpt6k5505300s/f404.item,"Nombre de membres : 400. Diplômes d'honneur aux Expositions touristiques cle Trondhjem et Bergen (Norvège) et à l'Exposition de Bruxelles en 191.0. Comité de patronage : Prés, d'ho",Société tunisienne des Hôteliers
L1912-00066,Alapetite,L1912-00066,resolved,L1912-02441,Société tunisienne des Hôteliers,member,organisation_entry_officer_list,1907,380,https://gallica.bnf.fr/ark:/12148/bpt6k5505300s/f404.item,"Nombre de membres : 400. Diplômes d'honneur aux Expositions touristiques cle Trondhjem et Bergen (Norvège) et à l'Exposition de Bruxelles en 191.0. Comité de patronage : Prés, d'ho",Société tunisienne des Hôteliers
NAME:RESIDENT,Résident,,unmatched,L1912-02441,Société tunisienne des Hôteliers,member,organisation_entry_officer_list,1907,380,https://gallica.bnf.fr/ark:/12148/bpt6k5505300s/f404.item,"Nombre de membres : 400. Diplômes d'honneur aux Expositions touristiques cle Trondhjem et Bergen (Norvège) et à l'Exposition de Bruxelles en 191.0. Comité de patronage : Prés, d'ho",Société tunisienne des Hôteliers
NAME:ROY,Roy,,unmatched,L1912-02441,Société tunisienne des Hôteliers,honorary_vice_president,organisation_entry_officer_list,1907,380,https://gallica.bnf.fr/ark:/12148/bpt6k5505300s/f404.item,"v.-prés. d'honn. : MM. Roy, secr. gén. du Gouv. tunisien",Société tunisienne des Hôteliers
L1912-00176,T Audemard,L1912-00176,resolved,L1912-02441,Société tunisienne des Hôteliers,board_member,organisation_entry_officer_list,1907,380,https://gallica.bnf.fr/ark:/12148/bpt6k5505300s/f404.item,"Comité directeur : MM. .T. Audemard (Hôtel de Paris), prés.",Société tunisienne des Hôteliers
L1912-02776,L Vuarnet,L1912-02776,resolved,L1912-02441,Société tunisienne des Hôteliers,vice_president,organisation_entry_officer_list,1907,380,https://gallica.bnf.fr/ark:/12148/bpt6k5505300s/f404.item,"L. Vuarnet (Tunis-Hôtel), v.-prés.",Société tunisienne des Hôteliers
L1912-00176,Audemard,L1912-00176,resolved,L1912-02441,Société tunisienne des Hôteliers,deputy_secretary,organisation_entry_officer_list,1907,380,https://gallica.bnf.fr/ark:/12148/bpt6k5505300s/f404.item,"Audemard fils, secr. adj.",Société tunisienne des Hôteliers
NAME:B WALDISPUL,B Waldispul,,unmatched,L1912-02441,Société tunisienne des Hôteliers,councillor,organisation_entry_officer_list,1907,380,https://gallica.bnf.fr/ark:/12148/bpt6k5505300s/f404.item,"B. Waldispul (Grand-Hôtel), Montagnoux (Brasserie du Phénix), I-Ieusch (Restaurant du Casino clu Belvédère), Trous- ' I sier (Hôtel Moderne), Lavit (Grand Hô- tel) à Sousse, Elophe",Société tunisienne des Hôteliers
NAME:MONTAGNOUX,Montagnoux,,unmatched,L1912-02441,Société tunisienne des Hôteliers,councillor,organisation_entry_officer_list,1907,380,https://gallica.bnf.fr/ark:/12148/bpt6k5505300s/f404.item,"B. Waldispul (Grand-Hôtel), Montagnoux (Brasserie du Phénix), I-Ieusch (Restaurant du Casino clu Belvédère), Trous- ' I sier (Hôtel Moderne), Lavit (Grand Hô- tel) à Sousse, Elophe",Société tunisienne des Hôteliers
NAME:I IEUSCH,I-Ieusch,,unmatched,L1912-02441,Société tunisienne des Hôteliers,councillor,organisation_entry_officer_list,1907,380,https://gallica.bnf.fr/ark:/12148/bpt6k5505300s/f404.item,"B. Waldispul (Grand-Hôtel), Montagnoux (Brasserie du Phénix), I-Ieusch (Restaurant du Casino clu Belvédère), Trous- ' I sier (Hôtel Moderne), Lavit (Grand Hô- tel) à Sousse, Elophe",Société tunisienne des Hôteliers
NAME:TROUS I,Trous- I,,unmatched,L1912-02441,Société tunisienne des Hôteliers,councillor,organisation_entry_officer_list,1907,380,https://gallica.bnf.fr/ark:/12148/bpt6k5505300s/f404.item,"B. Waldispul (Grand-Hôtel), Montagnoux (Brasserie du Phénix), I-Ieusch (Restaurant du Casino clu Belvédère), Trous- ' I sier (Hôtel Moderne), Lavit (Grand Hô- tel) à Sousse, Elophe",Société tunisienne des Hôteliers
NAME:LAVIT,Lavit,,unmatched,L1912-02441,Société tunisienne des Hôteliers,councillor,organisation_entry_officer_list,1907,380,https://gallica.bnf.fr/ark:/12148/bpt6k5505300s/f404.item,"B. Waldispul (Grand-Hôtel), Montagnoux (Brasserie du Phénix), I-Ieusch (Restaurant du Casino clu Belvédère), Trous- ' I sier (Hôtel Moderne), Lavit (Grand Hô- tel) à Sousse, Elophe",Société tunisienne des Hôteliers
NAME:ELOPHE,Elophe,,unmatched,L1912-02441,Société tunisienne des Hôteliers,councillor,organisation_entry_officer_list,1907,380,https://gallica.bnf.fr/ark:/12148/bpt6k5505300s/f404.item,"B. Waldispul (Grand-Hôtel), Montagnoux (Brasserie du Phénix), I-Ieusch (Restaurant du Casino clu Belvédère), Trous- ' I sier (Hôtel Moderne), Lavit (Grand Hô- tel) à Sousse, Elophe",Société tunisienne des Hôteliers
L1912-02151,Redoul,L1912-02151,resolved_fuzzy,L1912-02441,Société tunisienne des Hôteliers,councillor,organisation_entry_officer_list,1907,380,https://gallica.bnf.fr/ark:/12148/bpt6k5505300s/f404.item,"B. Waldispul (Grand-Hôtel), Montagnoux (Brasserie du Phénix), I-Ieusch (Restaurant du Casino clu Belvédère), Trous- ' I sier (Hôtel Moderne), Lavit (Grand Hô- tel) à Sousse, Elophe",Société tunisienne des Hôteliers
L1912-02775,Tuor,L1912-02775,resolved,L1912-02441,Société tunisienne des Hôteliers,president,organisation_entry_officer_list,1907,380,https://gallica.bnf.fr/ark:/12148/bpt6k5505300s/f404.item,"Ane. prés. : M. Tuor, de 1908 à 1.911. TRAVAUX : 1.0.000 cartes-affiches «Tunisie» et 150.000 brochures descriptives illustrées et notices de propagande en faveur de l'hivernage da",Société tunisienne des Hôteliers
NAME:DEVELOPPEMENT,Développement,,unmatched,L1912-02471,Sporting-Club Sfaxien,member,organisation_entry_officer_list,1907,385,https://gallica.bnf.fr/ark:/12148/bpt6k5505300s/f409.item,"Novembre 1.907. BUT : Développement des sports el, en particulier cle la gymnastique, de la boxe, de la lutte, de l'escrime, du fool-ball. 70 membres actifs",Sporting-Club Sfaxien
NAME:LAGARDE,Lagarde,,unmatched,L1912-02471,Sporting-Club Sfaxien,secretary,organisation_entry_officer_list,1907,385,https://gallica.bnf.fr/ark:/12148/bpt6k5505300s/f409.item,"Lagarde, secr",Sporting-Club Sfaxien
NAME:TRIBEAUDOT,Tribeaudot,,unmatched,L1912-02471,Sporting-Club Sfaxien,president,organisation_entry_officer_list,1907,385,https://gallica.bnf.fr/ark:/12148/bpt6k5505300s/f409.item,Ane. prés. : M. le D' Tribeaudot.,Sporting-Club Sfaxien
NAME:DEVELOPPER,Développer,,unmatched,L1912-02472,Sport Nautique de Sfax,member,organisation_entry_officer_list,1903,385,https://gallica.bnf.fr/ark:/12148/bpt6k5505300s/f409.item,BUT : Développer le goût de la navigation et des sports nautiques. 120 membres,Sport Nautique de Sfax
NAME:TRONCHORE,Tronchôre,,unmatched,L1912-02472,Sport Nautique de Sfax,vice_president,organisation_entry_officer_list,1903,385,https://gallica.bnf.fr/ark:/12148/bpt6k5505300s/f409.item,"Tronchôre et Laffont, v.-prés-.",Sport Nautique de Sfax
L1912-01568,Laffont,L1912-01568,resolved_fuzzy,L1912-02472,Sport Nautique de Sfax,vice_president,organisation_entry_officer_list,1903,385,https://gallica.bnf.fr/ark:/12148/bpt6k5505300s/f409.item,"Tronchôre et Laffont, v.-prés-.",Sport Nautique de Sfax
NAME:BEAUVAIS,Beauvais,,unmatched,L1912-02472,Sport Nautique de Sfax,secretary,organisation_entry_officer_list,1903,385,https://gallica.bnf.fr/ark:/12148/bpt6k5505300s/f409.item,"Beauvais, secr.",Sport Nautique de Sfax
NAME:DUFETEL,Dufetel,,unmatched,L1912-02472,Sport Nautique de Sfax,president,organisation_entry_officer_list,1903,385,https://gallica.bnf.fr/ark:/12148/bpt6k5505300s/f409.item,"Ane. présid. : MM. Dufetel, Bonavita, Jomier",Sport Nautique de Sfax
NAME:BONAVITA,Bonavita,,unmatched,L1912-02472,Sport Nautique de Sfax,president,organisation_entry_officer_list,1903,385,https://gallica.bnf.fr/ark:/12148/bpt6k5505300s/f409.item,"Ane. présid. : MM. Dufetel, Bonavita, Jomier",Sport Nautique de Sfax
NAME:JOMIER,Jomier,,unmatched,L1912-02472,Sport Nautique de Sfax,president,organisation_entry_officer_list,1903,385,https://gallica.bnf.fr/ark:/12148/bpt6k5505300s/f409.item,"Ane. présid. : MM. Dufetel, Bonavita, Jomier",Sport Nautique de Sfax
L1912-00965,Duffô,L1912-00965,resolved,L1912-02492,Syndicat général obligatoire des Viticulteurs de Tunisie,president,organisation_entry_officer_list,1889,388,https://gallica.bnf.fr/ark:/12148/bpt6k5505300s/f412.item,Grand prix à l'Exposition coloniale de Marseille 1906. BUREAU : MM. Duffô prés.,Syndicat général obligatoire des Viticulteurs de Tunisie
L1912-00347,Billy,L1912-00347,resolved,L1912-02492,Syndicat général obligatoire des Viticulteurs de Tunisie,vice_president,organisation_entry_officer_list,1889,388,https://gallica.bnf.fr/ark:/12148/bpt6k5505300s/f412.item,"Billy, v.-prés.",Syndicat général obligatoire des Viticulteurs de Tunisie
NAME:COAN,Coan,,unmatched,L1912-02492,Syndicat général obligatoire des Viticulteurs de Tunisie,assessor,organisation_entry_officer_list,1889,388,https://gallica.bnf.fr/ark:/12148/bpt6k5505300s/f412.item,"MM. Coan net et Monrozier, assess",Syndicat général obligatoire des Viticulteurs de Tunisie
NAME:MONROZIER,Monrozier,,unmatched,L1912-02492,Syndicat général obligatoire des Viticulteurs de Tunisie,assessor,organisation_entry_officer_list,1889,388,https://gallica.bnf.fr/ark:/12148/bpt6k5505300s/f412.item,"MM. Coan net et Monrozier, assess",Syndicat général obligatoire des Viticulteurs de Tunisie
NAME:KIEN EMILE,Kien Emile,,unmatched,L1912-02492,Syndicat général obligatoire des Viticulteurs de Tunisie,president,organisation_entry_officer_list,1889,388,https://gallica.bnf.fr/ark:/12148/bpt6k5505300s/f412.item,"TRAVAUX : Préservation complète di vignoble tunisien de l'atteinte phylloxerique jusqu'en 1906. SERVICES TECHNIQUES : M. Kien Emile, chef clu service. — MM. Jambon Pierre, à Tunis",Syndicat général obligatoire des Viticulteurs de Tunisie
L1912-01579,Paul Lambert,L1912-01579,resolved,L1912-02493,Syndicat de la Presse tunisienne,president,organisation_entry_officer_list,1905,388,https://gallica.bnf.fr/ark:/12148/bpt6k5505300s/f412.item,"BUREAU : MM. Paul Lambert, prés.",Syndicat de la Presse tunisienne
L1912-00449,Bouyac,L1912-00449,resolved_fuzzy,L1912-02493,Syndicat de la Presse tunisienne,vice_president,organisation_entry_officer_list,1905,388,https://gallica.bnf.fr/ark:/12148/bpt6k5505300s/f412.item,"Bouyac et d'Alessandro, v.-prés.",Syndicat de la Presse tunisienne
L1912-00096,André Duran,L1912-00096,resolved,L1912-02493,Syndicat de la Presse tunisienne,secretary_general,organisation_entry_officer_list,1905,388,https://gallica.bnf.fr/ark:/12148/bpt6k5505300s/f412.item,"André Duran, secr. gén.",Syndicat de la Presse tunisienne
NAME:CAUWEL,Cauwel,,unmatched,L1912-02493,Syndicat de la Presse tunisienne,secretary,organisation_entry_officer_list,1905,388,https://gallica.bnf.fr/ark:/12148/bpt6k5505300s/f412.item,"Cauwel, secr.",Syndicat de la Presse tunisienne
NAME:LECORE CARPENLIER,Lecore-Carpenlier,,unmatched,L1912-02493,Syndicat de la Presse tunisienne,honorary_president,organisation_entry_officer_list,1905,388,https://gallica.bnf.fr/ark:/12148/bpt6k5505300s/f412.item,"Prés, d'honn. : M.' Lecore-Carpenlier",Syndicat de la Presse tunisienne
L1912-01923,Omessa,L1912-01923,resolved,L1912-02493,Syndicat de la Presse tunisienne,president,organisation_entry_officer_list,1905,388,https://gallica.bnf.fr/ark:/12148/bpt6k5505300s/f412.item,Ane. prés. : MM. Omessa et LecoreCarpenlier,Syndicat de la Presse tunisienne
NAME:LECORECARPENLIER,LecoreCarpenlier,,unmatched,L1912-02493,Syndicat de la Presse tunisienne,president,organisation_entry_officer_list,1905,388,https://gallica.bnf.fr/ark:/12148/bpt6k5505300s/f412.item,Ane. prés. : MM. Omessa et LecoreCarpenlier,Syndicat de la Presse tunisienne
L1912-00405,A Bost,L1912-00405,resolved,L1912-02601,Truffe,president,organisation_entry_officer_list,,409,https://gallica.bnf.fr/ark:/12148/bpt6k5505300s/f433.item,"BUREAU : MM. A. Bost, président",Truffe
L1912-02107,L Pradier,L1912-02107,resolved,L1912-02601,Truffe,vice_president,organisation_entry_officer_list,,409,https://gallica.bnf.fr/ark:/12148/bpt6k5505300s/f433.item,"L. Pradier, vice-président",Truffe
L1912-00174,Aubry,L1912-00174,resolved,L1912-02610,Tunis-Stade Français,president,organisation_entry_officer_list,1909,414,https://gallica.bnf.fr/ark:/12148/bpt6k5505300s/f438.item,"MM. Aubry, prés.",Tunis-Stade Français
NAME:FELIX,Félix,,unmatched,L1912-02610,Tunis-Stade Français,vice_president,organisation_entry_officer_list,1909,414,https://gallica.bnf.fr/ark:/12148/bpt6k5505300s/f438.item,"Félix,'v.-prés.",Tunis-Stade Français
NAME:BAZERQUE,Bazerque,,unmatched,L1912-02610,Tunis-Stade Français,secretary,organisation_entry_officer_list,1909,414,https://gallica.bnf.fr/ark:/12148/bpt6k5505300s/f438.item,"Bazerque, secr.",Tunis-Stade Français
L1912-00006,ABD UL WAHAB Hassen-I-Iusny,L1912-00006,resolved,ORG:institut de carthage et la societe de geographie commerciale de paris,Institut de Carthage et la Société de Géographie commerciale de Paris,member,person_entry_statement,,1,https://gallica.bnf.fr/ark:/12148/bpt6k5505300s/f25.item,"onisation, 29, rue Abd-ul-Wahab, Tunis. Membre de la Société de Géographie Commerciale de Paris; professeur libre à la Khaldounia; memb",Société de Géographie Commerciale de Paris
L1912-00006,ABD UL WAHAB Hassen-I-Iusny,L1912-00006,resolved,ORG:societe astronomique de france,Société Astronomique de France,member,person_entry_statement,,1,https://gallica.bnf.fr/ark:/12148/bpt6k5505300s/f25.item,"aris; professeur libre à la Khaldounia; membre de la Société Astronomique de France, de la Société des Etudes Ethnographiqu",Société Astronomique de France
L1912-00008,ABEASIS Moïse,L1912-00008,resolved,ORG:chambre des avocats defenseurs de tunis,Chambre des avocats-défenseurs de Tunis,secretary,person_entry_statement,,1,https://gallica.bnf.fr/ark:/12148/bpt6k5505300s/f25.item,"avocat à Tunis; à différentes reprises, secrétaire de la Chambre des avocats-défenseurs de Tunis.",Chambre des avocats-défenseurs de Tunis
L1912-00010,ABITA Joseph,L1912-00010,resolved,ORG:societe dante alighieri,Société Dante Alighieri,member,person_entry_statement,,1,https://gallica.bnf.fr/ark:/12148/bpt6k5505300s/f25.item,ac- g tioiinaire au Polileama Rossini ; membre de la Société Dante Alighieri; conseiller à la Société italienne de B,Société Dante Alighieri
L1912-00010,ABITA Joseph,L1912-00010,resolved,ORG:societe de geographie italienne de rome,Société de Géographie italienne de Rome,member,person_entry_statement,,1,https://gallica.bnf.fr/ark:/12148/bpt6k5505300s/f25.item,à la Société italienne de Bienfaisance; membre de la Société italienne de Géographie; membre de la Société des Garibaldiens ,Société italienne de Géographie
L1912-00010,ABITA Joseph,L1912-00010,resolved,L1912-02422,Société des Garibaldiens,member,person_entry_statement,1893,1,https://gallica.bnf.fr/ark:/12148/bpt6k5505300s/f25.item, de la Société italienne de Géographie; membre de la Société des Garibaldiens ; membre de la Chambre de Commerce itali,Société des Garibaldiens
L1912-00010,ABITA Joseph,L1912-00010,resolved,ORG:chambre de commerce italienne et de la stella d ifalia,Chambre de Commerce italienne et de la Stella d'ifalia,member,person_entry_statement,,1,https://gallica.bnf.fr/ark:/12148/bpt6k5505300s/f25.item,"membre de la Société des Garibaldiens ; membre de la Chambre de Commerce italienne et de la Stella d'ifalia. TRAVAUX : la municipalité de 'l'unis, ",Chambre de Commerce italienne et de la Stella d'ifalia
L1912-00011,ABRIBAT Jules-Bernard,L1912-00011,resolved,ORG:commission scolaire de sousse,Commission scolaire de Sousse,member,person_entry_statement,,2,https://gallica.bnf.fr/ark:/12148/bpt6k5505300s/f26.item, interprète judiciaire à Tunis ; ancien membre de la Commission scolaire de Sousse; membre de la Commission d'examens pour,Commission scolaire de Sousse
L1912-00011,ABRIBAT Jules-Bernard,L1912-00011,resolved,ORG:commission d examens pour les diplomes d arabe et l emploi d interprete,Commission d'examens pour les diplômes d'arabe et l'emploi d'interprète,member,person_entry_statement,,2,https://gallica.bnf.fr/ark:/12148/bpt6k5505300s/f26.item,re de la Commission scolaire de Sousse; membre de la Commission d'examens pour les diplômes d'arabe et l'emploi d'interprète judiciaire. TRAVAUX : Traduction el ann,Commission d'examens pour les diplômes d'arabe et l'emploi d'interprète
L1912-00034,AIACHI,L1912-00034,resolved,ORG:societe de bienfaisance musulmane de sousse,Société de Bienfaisance Musulmane de Sousse,president,person_entry_statement,,5,https://gallica.bnf.fr/ark:/12148/bpt6k5505300s/f29.item," à. 1898), avocat à Sousse depuis 1S98. Président de la Société de Bienfaisance Musulmane de Sousse; membres du Cercle Tunisien .",Société de Bienfaisance Musulmane de Sousse
L1912-00035,AIGROT Charles,L1912-00035,resolved,ORG:harmonie kairouannaise,Harmonie Kairouannaise,president,person_entry_statement,,5,https://gallica.bnf.fr/ark:/12148/bpt6k5505300s/f29.item,", industriel à Kairouan. 20 janv. 1902. Président de l'Harmonie Kairouannaise; président de la Société Sportive « l'U",Harmonie Kairouannaise
L1912-00035,AIGROT Charles,L1912-00035,resolved,ORG:societe sportive,Société Sportive,president,person_entry_statement,,5,https://gallica.bnf.fr/ark:/12148/bpt6k5505300s/f29.item, Président de l'Harmonie Kairouannaise; président de la Société Sportive « l'Union de la Jeunesse Kairouannaise»;,Société Sportive
L1912-00035,AIGROT Charles,L1912-00035,resolved,ORG:cercle francais,Cercle Français,treasurer,person_entry_statement,,5,https://gallica.bnf.fr/ark:/12148/bpt6k5505300s/f29.item, l'Union de la Jeunesse Kairouannaise»; trésorier du Cercle Français; président du Comité de la foire de Kai,Cercle Français
L1912-00035,AIGROT Charles,L1912-00035,resolved,ORG:comite de la foire de kairouan,Comité de la foire de Kairouan,president,person_entry_statement,,5,https://gallica.bnf.fr/ark:/12148/bpt6k5505300s/f29.item,annaise»; trésorier du Cercle Français; président du Comité de la foire de Kairouan en 1908; secrétaire de la rédaction de « l'Unio,Comité de la foire de Kairouan
L1912-00067,ALBERT Léon-Auguste,L1912-00067,resolved,L1912-00548,Cercle civil français de Gabès,vice_president,person_entry_statement,1897,7,https://gallica.bnf.fr/ark:/12148/bpt6k5505300s/f31.item,pédition militaire; engagé volontaire); vice-président du Cercle civil français de Gabès; vice-président de l'Union des Services,Cercle civil français de Gabès
L1912-00067,ALBERT Léon-Auguste,L1912-00067,resolved,ORG:union des services financiers a gabes,Union des Services Financiers à Gabès,vice_president,person_entry_statement,,7,https://gallica.bnf.fr/ark:/12148/bpt6k5505300s/f31.item,dent du Cercle civil français de Gabès; vice-président de l'Union des Services Financiers à Gabès.,Union des Services Financiers à Gabès
L1912-00071,ALESSANDRI Pierre,L1912-00071,resolved,ORG:association amicale du personnel des postes et telegraphes,Association amicale du personnel des Postes et Télégraphes,president,person_entry_statement,,7,https://gallica.bnf.fr/ark:/12148/bpt6k5505300s/f31.item,à Ferryville. 1889. Fondateur et ancien président de l'Association amicale du personnel des Postes et Télégraphes. Diplôme d'honneur de n L'Assistance Mu,Association amicale du personnel des Postes et Télégraphes
L1912-00074,Algérienne L',L1912-00074,resolved,ORG:municipalite cle bizerte,Municipalité cle Bizerte,vice_president,person_entry_statement,,8,https://gallica.bnf.fr/ark:/12148/bpt6k5505300s/f32.item,"ien et premier présidelnt"" : M. Arnoux, vice-président de la Municipalité de Bizerte.",Municipalité de Bizerte
L1912-00081,ALIX Ernest-Adolphe,L1912-00081,resolved,ORG:comite regional de l amicale de l enseignement primaire,Comité régional de l'Amicale de l'Enseignement primaire,president,person_entry_statement,,9,https://gallica.bnf.fr/ark:/12148/bpt6k5505300s/f33.item,l'école primaire supérieure de Sousse ; président du Comité régional de l'Amicale de l'Enseignement primaire; ancien trésorier du Cercle sousslen de,Comité régional de l'Amicale de l'Enseignement primaire
L1912-00081,ALIX Ernest-Adolphe,L1912-00081,resolved,ORG:cercle sousslen de la ligue de l enseignement,Cercle sousslen de la Ligue de l'Enseignement,treasurer,person_entry_statement,,9,https://gallica.bnf.fr/ark:/12148/bpt6k5505300s/f33.item,cale de l'Enseignement primaire; ancien trésorier du Cercle sousslen de la Ligue de l'Enseignement.,Cercle sousslen de la Ligue de l'Enseignement
L1912-00083,ALLEMAND Antoine,L1912-00083,resolved,ORG:laboratoire de biologie marine de sfax,Laboratoire de Biologie marine de Sfax,director,person_entry_statement,,9,https://gallica.bnf.fr/ark:/12148/bpt6k5505300s/f33.item,". Professeur au collège de Blois sous - directeur du Laboratoire de Biologie marine de Sfax. Nov. 1900. ETUDES : lycée Ampère, de L",Laboratoire de Biologie marine de Sfax
L1912-00083,ALLEMAND Antoine,L1912-00083,resolved,ORG:institut de carthage et la societe de geographie commerciale de paris,Institut de Carthage et la Société de Géographie commerciale de Paris,member,person_entry_statement,,9,https://gallica.bnf.fr/ark:/12148/bpt6k5505300s/f33.item,fesseur au collège de Mauriac (Cantal); membre de l'Institut de Carthage et la Société de Géographie commerciale de Paris. TRAVAUX : élude sur les jardins royaux,Institut de Carthage et la Société de Géographie commerciale de Paris
L1912-00083,ALLEMAND Antoine,L1912-00083,resolved,ORG:gouvernement tunisien pour la justice,Gouvernement-tunisien pour la Justice,secretary_general,person_entry_statement,,9,https://gallica.bnf.fr/ark:/12148/bpt6k5505300s/f33.item,"r : MM. Roy, Ministre plénipotentiaire, secrétaire général du Gouvernement-tunisien pour la Justice, Blanc, secrétaire .général du Gouverne",Gouvernement-tunisien pour la Justice
L1912-00083,ALLEMAND Antoine,L1912-00083,resolved,ORG:municipalite,Municipalité,president,person_entry_statement,,9,https://gallica.bnf.fr/ark:/12148/bpt6k5505300s/f33.item,"l'Enseignement public; Si Sadok Ghileb, président de la Municipalité; Proust et Dumergue, viceprésidents de ",Municipalité
L1912-00083,ALLEMAND Antoine,L1912-00083,resolved,ORG:tribunal de premiere instance,Tribunal de Première instance,president,person_entry_statement,,9,https://gallica.bnf.fr/ark:/12148/bpt6k5505300s/f33.item," la Municipalité. Président : M. Dumas, président du Tribunal de Première instance. Vice-présidents : M"" Roy, directrice 1",Tribunal de Première instance
L1912-00083,ALLEMAND Antoine,L1912-00083,resolved,ORG:liste civile de s,Liste civile de S,director,person_entry_statement,,9,https://gallica.bnf.fr/ark:/12148/bpt6k5505300s/f33.item," de cabinet du Résident général; Rénxy, administrateur de la Liste civile de S. • A. le Bey; Sitruck Victor, secrétair",Liste civile de S
L1912-00083,ALLEMAND Antoine,L1912-00083,resolved,L1912-00721,Conférence' Consultative,member,person_entry_statement,1891,9,https://gallica.bnf.fr/ark:/12148/bpt6k5505300s/f33.item,"k Victor, secrétaire d'avocat; Zuretti, membre de la Conférence' Consultative. Anciens présidents : MM. Paul Cambon, ",Conférence' Consultative
L1912-00089,AMAT J.-C.) 1856,L1912-00089,resolved,ORG:societe francaise de bienfaisance,Société française de bienfaisance,president,person_entry_statement,,11,https://gallica.bnf.fr/ark:/12148/bpt6k5505300s/f35.item,"oids et Mesures à . Constantine, vice - président de la Société française de bienfaisance. TRAVAUX : a créé le Service de la Véri",Société française de bienfaisance
L1912-00094,ANCONA Ginseppe D',L1912-00094,resolved,ORG:societe filodrnmatique,Société filodrnmatique,president,person_entry_statement,,11,https://gallica.bnf.fr/ark:/12148/bpt6k5505300s/f35.item,aturelles (1892) et. pharmacien (1896). Président de la Société filodrnmatique «L'Avvenire. »,Société filodrnmatique
L1912-00099,ANGLADE Louis-Guillaume,L1912-00099,resolved,ORG:societe musulmane de bienfaisance a bizerte,Société musulmane de Bienfaisance à Bizerte,vice_president,person_entry_statement,,12,https://gallica.bnf.fr/ark:/12148/bpt6k5505300s/f36.item,ent des Ponts el Chaussées de Bizerte ; vice-président de la Société de Bienfaisance de Bizerte. TRAVAUX de chemins de fer en France el,Société de Bienfaisance de Bizerte
L1912-00104,ANSELME Philippe D',L1912-00104,resolved,ORG:ecole francaise de rome,Ecole française de Rome,member,person_entry_statement,,12,https://gallica.bnf.fr/ark:/12148/bpt6k5505300s/f36.item," d'histoire, docteur es lettres, ancien membre de l'Ecole française de Rome, directeur ; Poinssot, pecleur; Drappie",Ecole française de Rome
L1912-00105,ANTERRIEU Auguste,L1912-00105,resolved,ORG:tribunal mixte a tunis,Tribunal mixte à Tunis,vice_president,person_entry_statement,,14,https://gallica.bnf.fr/ark:/12148/bpt6k5505300s/f38.item," juge président à Vinli-I-long, mai 96; vice-président du Tribunal mixte à Tunis, 11 juin 1896; juge à Tunis, 17 mars 18",Tribunal mixte à Tunis
L1912-00120,ARÈNE Félicien-César-Calixte,L1912-00120,resolved,L1912-00146,Association Amicale des Employés français de l'Office Postal Tunisien,honorary_president,person_entry_statement,1904,26,https://gallica.bnf.fr/ark:/12148/bpt6k5505300s/f50.item," Télégraphes, inspecteur à. Tunis. Vice-président d'honneur de l'Association Amicale des Employés français de l'Office Postal Tunisien. Membre clu Conseil d'administration de",Association Amicale des Employés français de l'Office Postal Tunisien
L1912-00129,ARNOUX Jules,L1912-00129,resolved,ORG:municipalite cle bizerte,Municipalité cle Bizerte,delegate,person_entry_statement,,31,https://gallica.bnf.fr/ark:/12148/bpt6k5505300s/f55.item,oule de Mateur. Bizerle. Vice-président délégué de la Municipalité cle Bizerte.,Municipalité cle Bizerte
L1912-00130,ARRAGON Henri,L1912-00130,resolved,L1912-00721,Conférence Consultative,member,person_entry_statement,1891,31,https://gallica.bnf.fr/ark:/12148/bpt6k5505300s/f55.item,"ronze de la Mutualité, docteur-médecin, membre de la Conférence Consultative (2° cire, 3eColl.). Dar-el-Louisa-, av. ",Conférence Consultative
L1912-00130,ARRAGON Henri,L1912-00130,resolved,ORG:association francaise de chirurgie,Association française de chirurgie,founder,person_entry_statement,,31,https://gallica.bnf.fr/ark:/12148/bpt6k5505300s/f55.item,"té, la défense des intérêts da Bizerte; membre fondateur de l'Association française de chirurgie; 1° étude sur les agiomes des muqueuses",Association française de chirurgie
L1912-00134,ASPERGÉS Pierre,L1912-00134,resolved,ORG:comites de socieles diverses,Comités de sociélés diverses,member,person_entry_statement,,32,https://gallica.bnf.fr/ark:/12148/bpt6k5505300s/f56.item,er 1893. Coiffeur du théâtre municipal. Membre de Comités de sociélés diverses; médailles aux concours cle coiffure.,Comités de sociélés diverses
L1912-00171,ATHENOSY Lucien-Henri,L1912-00171,resolved,L1912-00721,Conférence Consultative,member,person_entry_statement,1891,39,https://gallica.bnf.fr/ark:/12148/bpt6k5505300s/f63.item," la Alunicipalité de Kairouan el ancien membre de la Conférence Consultative. Propagation de la pharmacie, des soins",Conférence Consultative
L1912-00172,ATTIA G.,L1912-00172,resolved,L1912-00581,Chambre de Commerce Italienne,president,person_entry_statement,1884,40,https://gallica.bnf.fr/ark:/12148/bpt6k5505300s/f64.item,ndant six ans (démissionnaire en 1902); président de la Chambre de Commerce Italienne; président du conseil d'administration ,Chambre de Commerce Italienne
L1912-00172,ATTIA G.,L1912-00172,resolved,ORG:comite d hivernage de tunis et cle la tunisie,Comité d'Hivernage de Tunis et cle la Tunisie,vice_president,person_entry_statement,,40,https://gallica.bnf.fr/ark:/12148/bpt6k5505300s/f64.item,r cle la Banque Commerciale Tunisienne; vice-président du Comité d'Hivernage de Tunis et cle la Tunisie; inspecteur et directeur pour la Tunisi,Comité d'Hivernage de Tunis et cle la Tunisie
L1912-00172,ATTIA G.,L1912-00172,resolved,ORG:compagnie des thermes et clu domaine de korbous,Compagnie des Thermes et clu Domaine de Korbous,director,person_entry_statement,,40,https://gallica.bnf.fr/ark:/12148/bpt6k5505300s/f64.item,"a Compagnie «Le Patrimoine», accidents; administrateur de la Compagnie des Thermes et clu Domaine de Korbous; administrateur cle la. Société cle l'I",Compagnie des Thermes et clu Domaine de Korbous
L1912-00172,ATTIA G.,L1912-00172,resolved,ORG:compagnie des phosphates a ain taga et bou gamouche,Compagnie des Phosphates â'Aïn-Taga et Bou-Gamouche,president,person_entry_statement,,40,https://gallica.bnf.fr/ark:/12148/bpt6k5505300s/f64.item,iété cle l'Imprimerie Rapide cle Tunis; président de la Compagnie des Phosphates â'Aïn-Taga et Bou-Gamouche.,Compagnie des Phosphates â'Aïn-Taga et Bou-Gamouche
L1912-00173,AUBERT Godefroy,L1912-00173,resolved,ORG:section tunisienne de la ligue des droits de l homme et du citoyen,Section tunisienne de la Ligue des Droits de l'Homme et du Citoyen,member,person_entry_statement,,40,https://gallica.bnf.fr/ark:/12148/bpt6k5505300s/f64.item, la Compagnie Générale Transatlantique; membre du Comité de la Ligue des Droits cle l'Homme el du Citoyen (section de Tunis); engagé volontaire pe,Comité de la Ligue des Droits cle l'Homme el du Citoyen
L1912-00178,AUGIAS Lôon-Tliéoplijile-AQexandre,L1912-00178,resolved,ORG:association amicale des anciens eleves du college alaoui cle tunis,Association amicale des Anciens Elèves du Collège Alaoui cle Tunis,president,person_entry_statement,,40,https://gallica.bnf.fr/ark:/12148/bpt6k5505300s/f64.item, du Directeur des Services Judiciaires. Président de l'Association amicale des Anciens Elèves du Collège Alaoui cle Tunis. TRAVAUX : traduction du « Lamyet el Dj,Association amicale des Anciens Elèves du Collège Alaoui cle Tunis
L1912-00186,AUVIN Pierre,L1912-00186,resolved,ORG:sainthubert club,SaintHubert-Club,member,person_entry_statement,,41,https://gallica.bnf.fr/ark:/12148/bpt6k5505300s/f65.item,merce.Vice-pré- sident du Photo-Cercle; membre du SaintHubert-Club ; ancien rédacteur et administrateur du ,SaintHubert-Club
L1912-00191,Avenir du Prolétariat L',L1912-00191,resolved,ORG:chambre de commerce do tunis,Chambre de Commerce do Tunis,president,person_entry_statement,,42,https://gallica.bnf.fr/ark:/12148/bpt6k5505300s/f66.item,"f d'étatmajor; feu M. Homberger, ancien président de la Chambre de Commerce do Tunis; commandant Benoît, chef d'élatmajor ; ",Chambre de Commerce do Tunis
L1912-00191,Avenir du Prolétariat L',L1912-00191,resolved,ORG:compagnie du port,Compagnie du Port,delegate,person_entry_statement,,42,https://gallica.bnf.fr/ark:/12148/bpt6k5505300s/f66.item,". Municipalité; Hersent, administrateur délégué de la Compagnie du Port; Couvreux. Membr. d'honneur : MM. Moham",Compagnie du Port
L1912-00191,Avenir du Prolétariat L',L1912-00191,resolved,ORG:municipalite,Municipalité,vice_president,person_entry_statement,,42,https://gallica.bnf.fr/ark:/12148/bpt6k5505300s/f66.item,"illes d'argent à A1A1. Moncelon, ancien vice-président de la Municipalité; San'- zô, chef d'exploitation à. la Co",Municipalité
L1912-00193,AVIGDOR Samuel,L1912-00193,resolved,ORG:fernie ecole de djedeida,Fernie-Ecole de Djedeïda,director,person_entry_statement,,43,https://gallica.bnf.fr/ark:/12148/bpt6k5505300s/f67.item,"rite agricole, off. du Nichan-Iftikhar, Directeur de la Fernie-Ecole de Djedeïda. Octobre 1894. ETUDES : Ecole Normale O",Fernie-Ecole de Djedeïda
L1912-00207,BACH-HAMBA Ali,L1912-00207,resolved,ORG:conseil de perfectionnement du college sadiki,Conseil de perfectionnement du collège Sadiki,member,person_entry_statement,,45,https://gallica.bnf.fr/ark:/12148/bpt6k5505300s/f69.item,"ums a partir du i"" février 1907. Ancien membre du Conseil de perfectionnement du collège Sadiki; membre du Comité de la Khaldounia; tré",Conseil de perfectionnement du collège Sadiki
L1912-00207,BACH-HAMBA Ali,L1912-00207,resolved,ORG:comite de la khaldounia,Comité de la Khaldounia,member,person_entry_statement,,45,https://gallica.bnf.fr/ark:/12148/bpt6k5505300s/f69.item, de perfectionnement du collège Sadiki; membre du Comité de la Khaldounia; trésorier de l'Association des Anciens,Comité de la Khaldounia
L1912-00207,BACH-HAMBA Ali,L1912-00207,resolved,ORG:association amicale des anciens eleves du college alaoui cle tunis,Association amicale des Anciens Elèves du Collège Alaoui cle Tunis,treasurer,person_entry_statement,,45,https://gallica.bnf.fr/ark:/12148/bpt6k5505300s/f69.item,iki; membre du Comité de la Khaldounia; trésorier de l'Association des Anciens Elèves du Collège Alaoui; membre fondateur clu Cercle Tunisien.,Association des Anciens Elèves du Collège Alaoui
L1912-00217,BAILLE Marie-Alexandre-Désiré,L1912-00217,resolved,ORG:assistance mutuefle entre les fonctionnaires cle l enseignement cle,Assistance mutuefle entre les fonctionnaires cle l'Enseignement cle,treasurer,person_entry_statement,,46,https://gallica.bnf.fr/ark:/12148/bpt6k5505300s/f70.item," cle l'Enseignement primaire à. Tunis, 'trésorier de l'Assistance mutuefle entre les fonctionnaires cle l'Enseignement cle la Régence jusqu'en 1907; président du Comi",Assistance mutuefle entre les fonctionnaires cle l'Enseignement cle
L1912-00217,BAILLE Marie-Alexandre-Désiré,L1912-00217,resolved,ORG:comite local cle l orphelinat de l enseignement primaire,Comité tunisien de l'Orphelinat de l'enseignement primaire,president,person_entry_statement,,46,https://gallica.bnf.fr/ark:/12148/bpt6k5505300s/f70.item,eignement cle la Régence jusqu'en 1907; président du Comité local cle l'Orphelinat de l'Enseignement primaire.,Comité local cle l'Orphelinat de l'Enseignement primaire
L1912-00228,BARBAIS Georges-Ferdinand,L1912-00228,resolved,ORG:societe de gymnastique,Société de Gymnastique,president,person_entry_statement,,48,https://gallica.bnf.fr/ark:/12148/bpt6k5505300s/f72.item,iène Générale et Industrielle (Lille) ; président de la Société de Gymnastique «L'Orientale»; représentant de la Sociét,Société de Gymnastique
L1912-00228,BARBAIS Georges-Ferdinand,L1912-00228,resolved,L1912-00582,Chambre de Commerce de Tunis,member,person_entry_statement,1885,48,https://gallica.bnf.fr/ark:/12148/bpt6k5505300s/f72.item,"des Pieux «Simplex», annexe de Tunisie; membre de la Chambre de Commerce de Tunis. T u A v AUX : nombreuses constructions",Chambre de Commerce de Tunis
L1912-00229,BARBARAT Aimé-Eugène,L1912-00229,resolved,ORG:materiel et de la construction an sous secretariat des postes et telegr,Matériel et de la Construction an Sous^Secrétariat des Postes et Télégr,director,person_entry_statement,,48,https://gallica.bnf.fr/ark:/12148/bpt6k5505300s/f72.item," des Câbles sous-marins, 1"" nov. 1899 ; directeur du Matériel et de la Construction an Sous^Secrétariat des Postes et Télégraphes, T"" mai 1900; Inspecteur général, ",Matériel et de la Construction an Sous^Secrétariat des Postes et Télégr
L1912-00231,BARBOT Hippolyle-Pierre,L1912-00231,resolved,L1912-00721,Conférence Consultative,member,person_entry_statement,1891,48,https://gallica.bnf.fr/ark:/12148/bpt6k5505300s/f72.item,"ue moderne agréé par l'administra lion. Membre de la Conférence Consultative, pour la. 7* circonscription, de 1905 à",Conférence Consultative
L1912-00231,BARBOT Hippolyle-Pierre,L1912-00231,resolved,ORG:chambre mixte du sud,Chambre mixte du Sud,member,person_entry_statement,,48,https://gallica.bnf.fr/ark:/12148/bpt6k5505300s/f72.item,"on de l'eau potable à Sfax; élu en 1906 membre de la Chambre mixte du Sud; a créé el. encouragé de nombreux, grou",Chambre mixte du Sud
L1912-00235,BARET Emmanuel,L1912-00235,resolved,ORG:parquet a tunis,Parquet à Tunis,secretary,person_entry_statement,,49,https://gallica.bnf.fr/ark:/12148/bpt6k5505300s/f73.item," un an employé au Greffe à Tunis; un an secrétaire du Parquet à Tunis; huissier depuis le 3 mars 1907, d'abor",Parquet à Tunis
L1912-00238,BARNAY Henri,L1912-00238,resolved,ORG:conseil du proletaire prevoyant a tunis,Conseil du Prolétaire prévoyant à Tunis,member,person_entry_statement,,49,https://gallica.bnf.fr/ark:/12148/bpt6k5505300s/f73.item,D de la Alutuelle Tunisienne; assesseur-membre du Conseil du Prolétaire prévoyant à Tunis; ancien secr. de l'Amicale des Postes e,Conseil du Prolétaire prévoyant à Tunis
L1912-00238,BARNAY Henri,L1912-00238,resolved,ORG:commission de voirie a thala,Commission de Voirie à Thala,member,person_entry_statement,,49,https://gallica.bnf.fr/ark:/12148/bpt6k5505300s/f73.item,e des Postes et des Télégraphes; ancien membre de la Commission de Voirie à Thala. Diplômé de la Mutualité; médaille de p,Commission de Voirie à Thala
L1912-00239,BAROGHE Jean-Jules-Léon,L1912-00239,resolved,ORG:conseil d administraton du syndicat professionnel des hommes d affaires,Conseil d'administraton du Syndicat professionnel des Hommes d'Affaires,member,person_entry_statement,,49,https://gallica.bnf.fr/ark:/12148/bpt6k5505300s/f73.item,"consulat de France à Tunis (1892-1896); Membre du Conseil d'administraton du Syndicat professionnel des Hommes d'Affaires de France et des Colonies, 22, boul. Po",Conseil d'administraton du Syndicat professionnel des Hommes d'Affaires
L1912-00247,BASTIDE,L1912-00247,resolved,ORG:sanle et de l hygiene publique de la regence de tunis,Sanlé et de l'Hygiène publique de la Régence de Tunis,director,person_entry_statement,,50,https://gallica.bnf.fr/ark:/12148/bpt6k5505300s/f74.item,"u Nichan-Iftikhar. Docteur en médecine; directeur de la Sanlé et de l'Hygiène publique de la Régence de Tunis. Villa Charmeuse, Belvédère, Tunis. 15 ",Sanlé et de l'Hygiène publique de la Régence de Tunis
L1912-00248,BASTIEN Emilien,L1912-00248,resolved,ORG:administration des forets d oliviers du nord de la regence,Administration des Forêts d'oliviers du Nord de la Régence,director,person_entry_statement,,50,https://gallica.bnf.fr/ark:/12148/bpt6k5505300s/f74.item,"Bénin. Conservateur des Eaux et Forêts, directeur des Forêts de la Régence, 12, rue d'Angle terre,Tunis. 6 nov. 18",Forêts de la Régence
L1912-00259,BEC Henri-Auguste,L1912-00259,resolved,ORG:ligue de l enseignement,Ligue de l'Enseignement,secretary_general,person_entry_statement,,51,https://gallica.bnf.fr/ark:/12148/bpt6k5505300s/f75.item,e»). Ancien professeur au lycée Carnot; secrétaire général de la Ligue de l'Enseignement.,Ligue de l'Enseignement
L1912-00267,BELAISCH Samuel,L1912-00267,resolved,ORG:gouvernement pres la caisse de bienfaisance israelite,Gouvernement près la Caisse de Bienfaisance Israélite,member,person_entry_statement,,52,https://gallica.bnf.fr/ark:/12148/bpt6k5505300s/f76.item,"rnot. Conseiller municipal de L'Ariana, membre du Comité de Bienfaisance israélite..",Comité de Bienfaisance israélite
L1912-00271,BELLAICH Adolphe,L1912-00271,resolved,ORG:conseil d administration de la societe israelite de secours matrimoniau,Conseil d'administration de la Société Israélite de secours matrimoniau,member,person_entry_statement,,53,https://gallica.bnf.fr/ark:/12148/bpt6k5505300s/f77.item,n employé de compagnies de navigation ; membre du Conseil d'administration de la Société Israélite de secours matrimoniaux et mutuels; membre consultatif du Comi,Conseil d'administration de la Société Israélite de secours matrimoniau
L1912-00274,BELLOT Jean-Ernest,L1912-00274,resolved,ORG:conference consultative de 1s94 a 1905,Conférence Consultative de 1S94 à 1905,member,person_entry_statement,,53,https://gallica.bnf.fr/ark:/12148/bpt6k5505300s/f77.item, jusqu'en- 19 0 6. el depuis président; membre de la Conférence Consultative de 1S94 à 1905; fondateur de la Société d'exploitation,Conférence Consultative de 1S94 à 1905
L1912-00274,BELLOT Jean-Ernest,L1912-00274,resolved,ORG:societe d exploitation des phosphates cle kalaa djerda,Société d'exploitation des Phosphates cle Kalaâ-Djerda,founder,person_entry_statement,,53,https://gallica.bnf.fr/ark:/12148/bpt6k5505300s/f77.item,Conférence Consultative de 1S94 à 1905; fondateur de la Société d'exploitation des Phosphates cle Kalaâ-Djerda; créateur d'une industrie-fabrique d'ox,Société d'exploitation des Phosphates cle Kalaâ-Djerda
L1912-00281,BENAZET Aristide,L1912-00281,resolved,ORG:amicale de l eniseignement primaire,Amicale de l'Eniséignement primaire,secretary,person_entry_statement,,53,https://gallica.bnf.fr/ark:/12148/bpt6k5505300s/f77.item,n de la Ligue de l'Enseignement; ancien secrétaire de l'Amicale de l'Eniséignement primaire; président de la Société «Les Enfants d,Amicale de l'Eniséignement primaire
L1912-00281,BENAZET Aristide,L1912-00281,resolved,ORG:societe,Société,president,person_entry_statement,,53,https://gallica.bnf.fr/ark:/12148/bpt6k5505300s/f77.item, l'Amicale de l'Eniséignement primaire; président de la Société «Les Enfants de l'Aude». Diplôme de la. ,Société
L1912-00306,BENSASSON,L1912-00306,resolved,ORG:conseil d administration de la societe de bienfaisance italienne de m u,Conseil d'administration de la Société de Bienfaisance italienne de M'u,vice_president,person_entry_statement,,55,https://gallica.bnf.fr/ark:/12148/bpt6k5505300s/f79.item,"., de la Chambre de Commerce italienne; v.-prés. de la Société de Bienfaisance italienne; v.-prôsident cle la Soc. pour la Défen",Société de Bienfaisance italienne
L1912-00307,BENSASSON Umberto,L1912-00307,resolved,ORG:societe de gymnastique,Société de Gymnastique,vice_president,person_entry_statement,,55,https://gallica.bnf.fr/ark:/12148/bpt6k5505300s/f79.item,a d'assicurazioni generali di Trieste». V.-prés. de la Société de Gymnastique «l'Italia»; v.-prés. de la Société des a,Société de Gymnastique
L1912-00307,BENSASSON Umberto,L1912-00307,resolved,ORG:societe des anciens eleves des ecoles italiennes de tunis,Société des anciens Elèves des Ecoles italiennes de Tunis,vice_president,person_entry_statement,,55,https://gallica.bnf.fr/ark:/12148/bpt6k5505300s/f79.item,e la Société de Gymnastique «l'Italia»; v.-prés. de la Société des anciens Elèves des Ecoles italiennes de Tunis; assesseur dans plusieurs autres sociét,Société des anciens Elèves des Ecoles italiennes de Tunis
L1912-00308,BÉRARD Antonïn,L1912-00308,resolved,ORG:comite local cle l orphelinat de l enseignement primaire,Comité tunisien de l'Orphelinat de l'enseignement primaire,president,person_entry_statement,,56,https://gallica.bnf.fr/ark:/12148/bpt6k5505300s/f80.item,e du collège Sadiki (18931904). Premier président de l'Amicale de l'Enseignement primaire; co-auleur d'un cours de devoirs de vac,Amicale de l'Enseignement primaire
L1912-00309,BERGE Stéphane,L1912-00309,resolved,ORG:services judiciaires au gouvernement tunisien,Services judiciaires au Gouvernement tunisien,director,person_entry_statement,,56,https://gallica.bnf.fr/ark:/12148/bpt6k5505300s/f80.item, (1888); vice-président à Tunis (1890); directeur des Services judiciaires au Gouvernement tunisien (1896); président du Tribunal mixte (190,Services judiciaires au Gouvernement tunisien
L1912-00309,BERGE Stéphane,L1912-00309,resolved,ORG:tribunal mixte a tunis,Tribunal mixte à Tunis,president,person_entry_statement,,56,https://gallica.bnf.fr/ark:/12148/bpt6k5505300s/f80.item,iaires au Gouvernement tunisien (1896); président du Tribunal mixte (1903); président du Tribunal de Tunis (,Tribunal mixte
L1912-00309,BERGE Stéphane,L1912-00309,resolved,ORG:tribunal de tunis,Tribunal de Tunis,president,person_entry_statement,,56,https://gallica.bnf.fr/ark:/12148/bpt6k5505300s/f80.item,6); président du Tribunal mixte (1903); président du Tribunal de Tunis (1904). Président de l'Alliance français,Tribunal de Tunis
L1912-00309,BERGE Stéphane,L1912-00309,resolved,ORG:alliance francaise a tunis,Alliance française à Tunis,president,person_entry_statement,,56,https://gallica.bnf.fr/ark:/12148/bpt6k5505300s/f80.item, président du Tribunal de Tunis (1904). Président de l'Alliance française à Tunis de 1900 à 1910. TRAVAUX : nombreuses publications d'éc,Alliance française à Tunis
L1912-00311,BERHAULT Jean,L1912-00311,resolved,ORG:amical des travaux publics,Amical des Travaux publics,vice_president,person_entry_statement,,56,https://gallica.bnf.fr/ark:/12148/bpt6k5505300s/f80.item,de réserve; capitaine du port de Tunis. V.-prés. de l'Amical des Travaux publics ; membre du Comité Tunisien cle la Ligue,Amical des Travaux publics
L1912-00311,BERHAULT Jean,L1912-00311,resolved,ORG:comite tunisien cle la ligue maritime francaise,Comité Tunisien cle la Ligue Maritime française,member,person_entry_statement,,56,https://gallica.bnf.fr/ark:/12148/bpt6k5505300s/f80.item,prés. de l'Amical des Travaux publics ; membre du Comité Tunisien cle la Ligue Maritime française.,Comité Tunisien cle la Ligue Maritime française
L1912-00319,BERTAINCHAND Ernest,L1912-00319,resolved,ORG:laboratoire cle chimie agricole et industrielle,Laboratoire cle Chimie agricole et industrielle,director,person_entry_statement,,57,https://gallica.bnf.fr/ark:/12148/bpt6k5505300s/f81.item,"Christ de Portugal.Ingénieur agronome ; directeur du Laboratoire cle Chimie agricole et industrielle, 17, rue EsSadikia, Tunis. 13 juin 1887",Laboratoire cle Chimie agricole et industrielle
L1912-00319,BERTAINCHAND Ernest,L1912-00319,resolved,L1912-00149,Association amicale des Ingénieurs agronomes,president,person_entry_statement,1879,57,https://gallica.bnf.fr/ark:/12148/bpt6k5505300s/f81.item, essayeur de la Monnaie à Paris; ancien président de l'Association amicale des Ingénieurs agronomes. TRAVAUX : carte agronomique du bassin ,Association amicale des Ingénieurs agronomes
L1912-00319,BERTAINCHAND Ernest,L1912-00319,resolved,ORG:groupe cle l afrique du nord des anciens eleves de l ecole des alines d,Groupe cle l'Afrique du Nord des Anciens Elèves de l'Ecole des Alines d,president,person_entry_statement,,57,https://gallica.bnf.fr/ark:/12148/bpt6k5505300s/f81.item,"titre métropolitain le 1"" juillet 1908. Président du Groupe cle l'Afrique du Nord des Anciens Elèves de l'Ecole des Alines d'Alais. honorable de la Faculté de Médec",Groupe cle l'Afrique du Nord des Anciens Elèves de l'Ecole des Alines d
L1912-00319,BERTAINCHAND Ernest,L1912-00319,resolved,ORG:cercle tunisien de la ligue de l enseignement,Cercle tunisien de la Ligue de l'Enseignement,president,person_entry_statement,,57,https://gallica.bnf.fr/ark:/12148/bpt6k5505300s/f81.item,truction publique; fondateur et premier président du Cercle tunisien de la Ligue de l'Enseignement (1S91-94); président d'honneur de la Soc,Cercle tunisien de la Ligue de l'Enseignement
L1912-00319,BERTAINCHAND Ernest,L1912-00319,resolved,ORG:societe tunisienne des habitations a bon marche,Société tunisienne des Habitations à bon marché,honorary_president,person_entry_statement,,57,https://gallica.bnf.fr/ark:/12148/bpt6k5505300s/f81.item,e la Ligue de l'Enseignement (1S91-94); président d'honneur de la Société tunisienne des Habitations à bon marché; membre des Sociélés d'Anthropologie de,Société tunisienne des Habitations à bon marché
L1912-00319,BERTAINCHAND Ernest,L1912-00319,resolved,ORG:socieles d anthropologie de paris,Sociélés d'Anthropologie de Paris,member,person_entry_statement,,57,https://gallica.bnf.fr/ark:/12148/bpt6k5505300s/f81.item,"unisienne des Habitations à bon marché; membre des Sociélés d'Anthropologie de Paris, de Lyon, de Londres. TRAVAUX publicati",Sociélés d'Anthropologie de Paris
L1912-00319,BERTAINCHAND Ernest,L1912-00319,resolved,L1912-01457,Institut de Carthage,honorary_president,person_entry_statement,1893,57,https://gallica.bnf.fr/ark:/12148/bpt6k5505300s/f81.item, «Revue Tunisienne» (17 volumes) ; vice-président d'honneur de l'Institut de Carthage; médaille de bronze en 1889 à l'Exposit,Institut de Carthage
L1912-00320,BERTIN Célestin,L1912-00320,resolved,ORG:cercle de alahdia de la ligue,Cercle de Alahdia de la Ligue,president,person_entry_statement,,58,https://gallica.bnf.fr/ark:/12148/bpt6k5505300s/f82.item,"tte. Le Kef, Bizerle, Sfax, etc.) ; v.- président du Cercle de Alahdia de la Ligue .de 1 Enseignement; v.-prés. du Cercle d",Cercle de Alahdia de la Ligue
L1912-00320,BERTIN Célestin,L1912-00320,resolved,ORG:cercle de l union francaise et v,Cercle de l'Union Française et v,vice_president,person_entry_statement,,58,https://gallica.bnf.fr/ark:/12148/bpt6k5505300s/f82.item,Alahdia de la Ligue .de 1 Enseignement; v.-prés. du Cercle de l'Union Française et v.-prés. de la Section tunisienne de l'Ar,Cercle de l'Union Française et v
L1912-00323,BERTRAND Joseph,L1912-00323,resolved,ORG:societe des aiefiers de constructions mecaniques de tunisie,Société des Aiefiers de Constructions mécaniques de Tunisie,director,person_entry_statement,,59,https://gallica.bnf.fr/ark:/12148/bpt6k5505300s/f83.item, supérieures. SUCCESS' : administrateur directeur de la Société des Aiefiers de Constructions mécaniques de Tunisie ; administrateur-délégué cle la Compagni,Société des Aiefiers de Constructions mécaniques de Tunisie
L1912-00323,BERTRAND Joseph,L1912-00323,resolved,ORG:compagnie electrique cle bizerle,Compagnie Electrique cle Bizerle,delegate,person_entry_statement,,59,https://gallica.bnf.fr/ark:/12148/bpt6k5505300s/f83.item,e Electrique cle Sousse; administrateur-délégué de la Compagnie Electrique cle Bizerle: administrateur de la Société Générale ,Compagnie Electrique cle Bizerle
L1912-00323,BERTRAND Joseph,L1912-00323,resolved,ORG:societe generale electrique tunisienne,Société Générale Electrique Tunisienne,director,person_entry_statement,,59,https://gallica.bnf.fr/ark:/12148/bpt6k5505300s/f83.item,de la Compagnie Electrique cle Bizerle: administrateur de la Société Générale Electrique Tunisienne; ancien secrétaire de la Chambre de Com,Société Générale Electrique Tunisienne
L1912-00323,BERTRAND Joseph,L1912-00323,resolved,ORG:chambre de commerce,Chambre de Commerce,secretary,person_entry_statement,,59,https://gallica.bnf.fr/ark:/12148/bpt6k5505300s/f83.item, Générale Electrique Tunisienne; ancien secrétaire de la Chambre de Commerce; 'membre cle la Conférence Consultative,Chambre de Commerce
L1912-00342,BIGNENS Lucien-Jules,L1912-00342,resolved,ORG:societe cle bienfaisance,Société cle Bienfaisance,vice_president,person_entry_statement,,61,https://gallica.bnf.fr/ark:/12148/bpt6k5505300s/f85.item,"Tunisie. Prés, de l'Epargne Tunisienne; v.-prés. de la Société cle Bienfaisance; v.-prés. de la .Ligue dé l'Enseignemen",Société cle Bienfaisance
L1912-00342,BIGNENS Lucien-Jules,L1912-00342,resolved,ORG:ligne de l enseignement et de la ligue des droits de l homme et du cito,Ligne de l'Enseignement et de la Ligue des Droits de l'Homme et du Cito,vice_president,person_entry_statement,,61,https://gallica.bnf.fr/ark:/12148/bpt6k5505300s/f85.item,.-prés. de la .Ligue dé l'Enseignement; v.-prés. des Droits de l'Homme; membre de la Société des Ingénieurs co,Droits de l'Homme
L1912-00342,BIGNENS Lucien-Jules,L1912-00342,resolved,ORG:societe des ingenieurs coloniaux,Société des Ingénieurs coloniaux,member,person_entry_statement,,61,https://gallica.bnf.fr/ark:/12148/bpt6k5505300s/f85.item,nement; v.-prés. des Droits de l'Homme; membre de la Société des Ingénieurs coloniaux. Auteur d'un important projet relatif à,Société des Ingénieurs coloniaux
L1912-00343,BIGORRE Louis,L1912-00343,resolved,ORG:ligue de l enseignement,Ligue de l'Enseignement,president,person_entry_statement,,61,https://gallica.bnf.fr/ark:/12148/bpt6k5505300s/f85.item,"v, 1898. Ancien élève du lycée d'Alger; président de la Ligue de l'Enseignement. A fait les campagnes du Sud-Oranais, S",Ligue de l'Enseignement
L1912-00347,BILLY Drausin,L1912-00347,resolved,ORG:societe francaise de l elevage cle l autruche en algerie,Société française de l'Elevage cle l'Autruche en Algérie,director,person_entry_statement,,62,https://gallica.bnf.fr/ark:/12148/bpt6k5505300s/f86.item,La Manouba. Mai 1891. SUCCESS' : ancien directeur de la Société française de l'Elevage cle l'Autruche en Algérie (18841886); ancien sous - directeur de l,Société française de l'Elevage cle l'Autruche en Algérie
L1912-00347,BILLY Drausin,L1912-00347,resolved,ORG:bergerie nationale de moudjebeur en algerie,Bergerie nationale de Moudjebeur en Algérie,director,person_entry_statement,,62,https://gallica.bnf.fr/ark:/12148/bpt6k5505300s/f86.item,he en Algérie (18841886); ancien sous - directeur de la Bergerie nationale de Moudjebeur en Algérie (1887 à 1890) ; membre de la Conférence ,Bergerie nationale de Moudjebeur en Algérie
L1912-00347,BILLY Drausin,L1912-00347,resolved,L1912-00721,Conférence Consultative,member,person_entry_statement,1891,62,https://gallica.bnf.fr/ark:/12148/bpt6k5505300s/f86.item,e Moudjebeur en Algérie (1887 à 1890) ; membre de la Conférence Consultative; membre de la Chambre d'Agriculture; v.,Conférence Consultative
L1912-00347,BILLY Drausin,L1912-00347,resolved,ORG:chambre d agriculture,Chambre d'Agriculture,member,person_entry_statement,,62,https://gallica.bnf.fr/ark:/12148/bpt6k5505300s/f86.item,; membre de la Conférence Consultative; membre de la Chambre d'Agriculture; v.-prés. du Syndicat des Viticulteurs;,Chambre d'Agriculture
L1912-00347,BILLY Drausin,L1912-00347,resolved,ORG:syndicat des viticulteurs,Syndicat des Viticulteurs,vice_president,person_entry_statement,,62,https://gallica.bnf.fr/ark:/12148/bpt6k5505300s/f86.item,ve; membre de la Chambre d'Agriculture; v.-prés. du Syndicat des Viticulteurs; vice-président de l'Association Agrico,Syndicat des Viticulteurs
L1912-00347,BILLY Drausin,L1912-00347,resolved,L1912-00141,Association Agricole de la Tunisie,vice_president,person_entry_statement,1907,62,https://gallica.bnf.fr/ark:/12148/bpt6k5505300s/f86.item, v.-prés. du Syndicat des Viticulteurs; vice-président de l'Association Agricole de la Tunisie; directeur de la Caisse régionale de Cr,Association Agricole de la Tunisie
L1912-00347,BILLY Drausin,L1912-00347,resolved,ORG:caisse regionale de creditmutuel agricole,Caisse régionale de Créditmutuel Agricole,director,person_entry_statement,,62,https://gallica.bnf.fr/ark:/12148/bpt6k5505300s/f86.item,e l'Association Agricole de la Tunisie; directeur de la Caisse régionale de Créditmutuel Agricole; président du Conseil d'administration ,Caisse régionale de Créditmutuel Agricole
L1912-00347,BILLY Drausin,L1912-00347,resolved,ORG:conseil d administration de la caisse regionale de credit mutuel agrico,Conseil d'administration de la Caisse régionale de Crédit mutuel Agrico,president,person_entry_statement,,62,https://gallica.bnf.fr/ark:/12148/bpt6k5505300s/f86.item,sse régionale de Créditmutuel Agricole; président du Conseil d'administration de la Caisse régionale de Crédit mutuel Agricole du Nord d.j. la Régence. TRAVAUX : cr,Conseil d'administration de la Caisse régionale de Crédit mutuel Agrico
L1912-00366,BLANC Urbain,L1912-00366,resolved,ORG:conseil,Conseil,president,person_entry_statement,,65,https://gallica.bnf.fr/ark:/12148/bpt6k5505300s/f89.item,. SUCCESS' : secrétaire particulier clu président du Conseil (1892); rédacteur au Alinistère de. l'In,Conseil
L1912-00366,BLANC Urbain,L1912-00366,resolved,ORG:etat a l interieur,Etat à l'Intérieur,secretary,person_entry_statement,,65,https://gallica.bnf.fr/ark:/12148/bpt6k5505300s/f89.item,général (1905); chef du Cabinet du sous-secrétaire d'Etat à l'Intérieur (1806); chef de Cabinet de la Présidence,Etat à l'Intérieur
L1912-00367,BLANCHÈRÈ R. DU COUDRAY DE LA,L1912-00367,resolved,ORG:direction des antiquites et arts,Direction des Antiquités et Arts,director,person_entry_statement,,65,https://gallica.bnf.fr/ark:/12148/bpt6k5505300s/f89.item,"BLANCHÈRÈ (R. DU COUDRAY DE LA). Ancien directeur des Antiquités et Arts en Tunisie. «Décédé au mois de juin 1896, M. de la",Antiquités et Arts en Tunisie
L1912-00380,BONAN Abraham,L1912-00380,resolved,ORG:comite cle la societe israelite d assistance fraternelle,Comité cle la Société israélite d'assistance fraternelle,member,person_entry_statement,,67,https://gallica.bnf.fr/ark:/12148/bpt6k5505300s/f91.item,cle la Société des Cuisines populaires; membre du Comité cle la Société israélite d'assistance fraternelle ; ancien médecin cle l'Asile des Vieilla,Comité cle la Société israélite d'assistance fraternelle
L1912-00381,BONAN Jules,L1912-00381,resolved,ORG:ecole pratique cle commerce cle punis,Ecole pratique cle Commerce cle 'Punis,director,person_entry_statement,,67,https://gallica.bnf.fr/ark:/12148/bpt6k5505300s/f91.item,". Professeur cle sciences commerciales, directeur de l'Ecole pratique cle Commerce cle 'Punis, directeur clu «Journal des Comptables»",Ecole pratique cle Commerce cle 'Punis
L1912-00381,BONAN Jules,L1912-00381,resolved,ORG:societe academique de comptabilite cle paris,Société académique de Comptabilité cle Paris,delegate,person_entry_statement,,67,https://gallica.bnf.fr/ark:/12148/bpt6k5505300s/f91.item,e professeur S. A. C. Expert comptable; délégué de la Société académique de Comptabilité cle Paris; délégué cle l'Association française po,Société académique de Comptabilité cle Paris
L1912-00381,BONAN Jules,L1912-00381,resolved,ORG:societe philotechnique cle paris,Société philotechnique cle Paris,delegate,person_entry_statement,,67,https://gallica.bnf.fr/ark:/12148/bpt6k5505300s/f91.item,e la Société des Sciences commerciales; délégué de la Société philotechnique cle Paris (reconnue d'utilité publique); membre de,Société philotechnique cle Paris
L1912-00381,BONAN Jules,L1912-00381,resolved,ORG:ligue francaise cle l enseignement,Ligue française cle l'Enseignement,member,person_entry_statement,,67,https://gallica.bnf.fr/ark:/12148/bpt6k5505300s/f91.item,le Paris (reconnue d'utilité publique); membre de la Ligue française cle l'Enseignement. TRAVAUX:a publié: «Traité cle comptabi,Ligue française cle l'Enseignement
L1912-00385,BONNEFOND Louis - Alariei- HenriEdouard,L1912-00385,resolved,ORG:tribunal civil de sousse,Tribunal civil de Sousse,president,person_entry_statement,,68,https://gallica.bnf.fr/ark:/12148/bpt6k5505300s/f92.item,"n-de-Maurienne (1886), à Sousse (1892); président du Tribunal civil de Sousse (1897).",Tribunal civil de Sousse
L1912-00389,BORDES Jean,L1912-00389,resolved,ORG:socieles de gymnastique,Sociélés de Gymnastique,director,person_entry_statement,,68,https://gallica.bnf.fr/ark:/12148/bpt6k5505300s/f92.item," lycée Carnot de Tunis; de 1S94 à 1900, directeur des Sociélés de Gymnastique «L'Avant-Garde» et «l'Africaine». 1"" pri",Sociélés de Gymnastique
L1912-00404,BORTINO Jean-Baptiste,L1912-00404,resolved,ORG:chambre mixte,Chambre Mixte,president,person_entry_statement,,69,https://gallica.bnf.fr/ark:/12148/bpt6k5505300s/f93.item,2. Elèvedistillateur de 1875-1882 ; viceprésident de la Chambre Mixte. Hors concours pour ses vins ; médaille,Chambre Mixte
L1912-00405,BOST Etienne-Augustin,L1912-00405,resolved,ORG:societe fraternelle des anciens sous officiers cies armees cle terre,Société fraternelle des Anciens Sous-Officiers cies armées cle terre,vice_president,person_entry_statement,,70,https://gallica.bnf.fr/ark:/12148/bpt6k5505300s/f94.item,"cle Républicain de Bône (Algérie); anc. v.-prés. de la Société fraternelle des Anciens Sous-Officiers cies armées cle terre et de mer; prés, de l'Association amicale ",Société fraternelle des Anciens Sous-Officiers cies armées cle terre
L1912-00415,BOUCHET Léopold-Marius,L1912-00415,resolved,ORG:societe,Société,president,person_entry_statement,,71,https://gallica.bnf.fr/ark:/12148/bpt6k5505300s/f95.item,"restaurant «A la Régence», à La Alarsa; président de la Société «Les Boulomanes», à La Alarsa; correspon",Société
L1912-00415,BOUCHET Léopold-Marius,L1912-00415,resolved,ORG:comite de la colonie agricole indigene d el ansarine,Comité de la Colonie agricole indigène d'El-Ansarine,member,person_entry_statement,,71,https://gallica.bnf.fr/ark:/12148/bpt6k5505300s/f95.item,ité cle la Société des Amis des Arbres; membre du Comité de la Colonie agricole indigène d'El-Ansarine ; membre congressiste cle la Société cle,Comité de la Colonie agricole indigène d'El-Ansarine
L1912-00416,BOUDET Raymond - Bernard - PierreLouis,L1912-00416,resolved,ORG:bibliotheque des sous officiers au 4 tirailleurs,Bibliothèque des sous-officiers au 4* tirailleurs,president,person_entry_statement,,71,https://gallica.bnf.fr/ark:/12148/bpt6k5505300s/f95.item,"s sousofficiers au 9"" cle ligne; ancien président de la Bibliothèque des sous-officiers au 4* tirailleurs. Adjudant de territoriale. Médaille d'a",Bibliothèque des sous-officiers au 4* tirailleurs
L1912-00424,BOUHAGEB Housseïn,L1912-00424,resolved,L1912-00556,Cercle Tunisien,vice_president,person_entry_statement,1908,72,https://gallica.bnf.fr/ark:/12148/bpt6k5505300s/f96.item, de la Société sportive «La Musulmane»; v.-prés. du Cercle Tunisien;-membre-du Comité cle la Société musica,Cercle Tunisien
L1912-00430,BOULLIER Jules-Emile,L1912-00430,resolved,ORG:syndical des representants i cle commerce francais,Syndical des Représentants i cle commerce français,vice_president,person_entry_statement,,72,https://gallica.bnf.fr/ark:/12148/bpt6k5505300s/f96.item," général cle la maison Binet, de Reims, v.-prés. du Syndical des Représentants i cle commerce français; membre correspondant cle la Chambre du",Syndical des Représentants i cle commerce français
L1912-00432,BOUNIN Edoiiard-Emile-Ph'ilibert,L1912-00432,resolved,L1912-00721,Conférence Consultative,member,person_entry_statement,1891,73,https://gallica.bnf.fr/ark:/12148/bpt6k5505300s/f97.item," (iSSS); avocat à. Bizerte depuis 1892; membre de la Conférence Consultative de 1896 à 1904, réélu on 1906 pour quatre ans; conseil",Conférence Consultative
L1912-00432,BOUNIN Edoiiard-Emile-Ph'ilibert,L1912-00432,resolved,ORG:conseil d administration de diverses socieles locales,Conseil d'administration de diverses sociélés locales,member,person_entry_statement,,73,https://gallica.bnf.fr/ark:/12148/bpt6k5505300s/f97.item,"us-officiers en Tunisie»; anc. prés, et membre du Conseil d'administration de diverses sociélés locales; ancien rédacteur a-u«Pelils Bônois» et",Conseil d'administration de diverses sociélés locales
L1912-00442,BOURGEOIS Alphonse,L1912-00442,resolved,ORG:societe d apiculture,Société d'Apiculture,member,person_entry_statement,,74,https://gallica.bnf.fr/ark:/12148/bpt6k5505300s/f98.item,ry; secrétaire de la «Ruche d'Abeille»; membre de la Société d'Apiculture; ex-apiculteur à l'Ecole coloniale d'Ag,Société d'Apiculture
L1912-00444,BOURGET Eloi,L1912-00444,resolved,ORG:societe chorale,Société chorale,founder,person_entry_statement,,74,https://gallica.bnf.fr/ark:/12148/bpt6k5505300s/f98.item,"ondation de col établissement en .1884; fondateur de la Société chorale «La Cigale», qui devint «la Chorale cle ",Société chorale
L1912-00444,BOURGET Eloi,L1912-00444,resolved,ORG:societe des auteurs et compositeurs dramatiques,Société des Auteurs et Compositeurs dramatiques,member,person_entry_statement,,74,https://gallica.bnf.fr/ark:/12148/bpt6k5505300s/f98.item,l est aujourd'hui directeur honoraire ; membre de la Société des Auteurs et Compositeurs dramatiques. 'IRAVAUX : a. composé plusieurs oeuvre,Société des Auteurs et Compositeurs dramatiques
L1912-00453,BRAQUEYAHE Jules-Pie-Louis,L1912-00453,resolved,ORG:union des femmes de france,Union des Femmes de France,secretary_general,person_entry_statement,,75,https://gallica.bnf.fr/ark:/12148/bpt6k5505300s/f99.item, médecin-major de 2* cl. de la réserve; secrétaire général de l'Union des Femmes de France (section de Tunis); chirurgien titulaire,Union des Femmes de France
L1912-00453,BRAQUEYAHE Jules-Pie-Louis,L1912-00453,resolved,ORG:conseil d hygiene,Conseil d'hygiène,member,person_entry_statement,,75,https://gallica.bnf.fr/ark:/12148/bpt6k5505300s/f99.item,Office postal ; médecin de la Crèche et membre du Conseil d'hygiène; ex-trésorier de la Société d'Anatomie ,Conseil d'hygiène
L1912-00453,BRAQUEYAHE Jules-Pie-Louis,L1912-00453,resolved,ORG:societe d anatomie et de physiologie de bordeaux,Société d'Anatomie et de Physiologie de Bordeaux,treasurer,person_entry_statement,,75,https://gallica.bnf.fr/ark:/12148/bpt6k5505300s/f99.item,èche et membre du Conseil d'hygiène; ex-trésorier de la Société d'Anatomie et de Physiologie de Bordeaux; ex-président de la Société internation,Société d'Anatomie et de Physiologie de Bordeaux
L1912-00453,BRAQUEYAHE Jules-Pie-Louis,L1912-00453,resolved,ORG:societe internationale des sciences medicales de tunis,Société internationale des Sciences médicales de Tunis,president,person_entry_statement,,75,https://gallica.bnf.fr/ark:/12148/bpt6k5505300s/f99.item,tomie et de Physiologie de Bordeaux; ex-président de la Société internationale des Sciences médicales de Tunis; vice-président cle la Société d'Hortic,Société internationale des Sciences médicales de Tunis
L1912-00453,BRAQUEYAHE Jules-Pie-Louis,L1912-00453,resolved,ORG:section de beja des amis des arbres en tunisie,Section de Tunis de la Société des Amis des Arbres,president,person_entry_statement,,75,https://gallica.bnf.fr/ark:/12148/bpt6k5505300s/f99.item,résident cle la Société d'Horticulture; Président de la Section de Tunis de la Société des Amis des Arbres; membre du Comité de la Société de Géog,Section de Tunis de la Société des Amis des Arbres
L1912-00453,BRAQUEYAHE Jules-Pie-Louis,L1912-00453,resolved,ORG:comite de la societe de geographie,Comité de la Société de Géographie,member,person_entry_statement,,75,https://gallica.bnf.fr/ark:/12148/bpt6k5505300s/f99.item,unis de la Société des Amis des Arbres; membre du Comité de la Société de Géographie. TRAVAUX : «De la méthode graphique app,Comité de la Société de Géographie
L1912-00453,BRAQUEYAHE Jules-Pie-Louis,L1912-00453,resolved,ORG:societe nationale de chirurgie,Société nationale de Chirurgie,founder,person_entry_statement,,75,https://gallica.bnf.fr/ark:/12148/bpt6k5505300s/f99.item,nt de la Société de Chirurgie de Paris; membre fondateur de la Société nationale de Chirurgie; mention au concours de fin d'année à l,Société nationale de Chirurgie
L1912-00457,BRESSON Henri,L1912-00457,resolved,ORG:service de sante de la division d occupation cle tunisie,Service de Santé de la Division d'occupation cle Tunisie,director,person_entry_statement,,76,https://gallica.bnf.fr/ark:/12148/bpt6k5505300s/f100.item,"cin principal de 1"" cl. en retraite, .'■Directeur du Service de Santé de la Division d'occupation cle Tunisie; président d'honneur de l'Union républi",Service de Santé de la Division d'occupation cle Tunisie
L1912-00457,BRESSON Henri,L1912-00457,resolved,ORG:union republicaine de bab el oued,Union républicaine de Bab-el-Oued,honorary_president,person_entry_statement,,76,https://gallica.bnf.fr/ark:/12148/bpt6k5505300s/f100.item,e la Division d'occupation cle Tunisie; président d'honneur de l'Union républicaine de Bab-el-Oued; président de l'Institut de. Carthage. ,Union républicaine de Bab-el-Oued
L1912-00457,BRESSON Henri,L1912-00457,resolved,ORG:institut,Institut,president,person_entry_statement,,76,https://gallica.bnf.fr/ark:/12148/bpt6k5505300s/f100.item,"de l'Union républicaine de Bab-el-Oued; président de l'Institut de. Carthage. Décédé le 27 mars 1908, à Al",Institut
L1912-00458,BRIERE Emile,L1912-00458,resolved,ORG:societe civile,Société^ civile -,vice_president,person_entry_statement,,76,https://gallica.bnf.fr/ark:/12148/bpt6k5505300s/f100.item,"de réserve au. 4"" chasseurs d'Afrique; .vice-président de la Société^ civile - «L'Avenir du ' Prolétariat»; /président ",Société^ civile -
L1912-00460,BRIGNONE Pierre,L1912-00460,resolved,ORG:inlermeria italiana et chirurgien titulaire,Inlermeria italiana et chirurgien titulaire,director,person_entry_statement,,77,https://gallica.bnf.fr/ark:/12148/bpt6k5505300s/f101.item,le et médecin municipal de 1883 à 1887; directeur de l'Inlermeria italiana et chirurgien titulaire (1887-18S9); directeur cle l'hôpital col,Inlermeria italiana et chirurgien titulaire
L1912-00460,BRIGNONE Pierre,L1912-00460,resolved,ORG:societe internationale de medecine,Société internationale de Médecine,founder,person_entry_statement,,77,https://gallica.bnf.fr/ark:/12148/bpt6k5505300s/f101.item,"decin consultant au même établissement; fondateur de la Société internationale de Médecine, président en 1903; président de la Soc",Société internationale de Médecine
L1912-00460,BRIGNONE Pierre,L1912-00460,resolved,ORG:societe dante alighieri,Société Dante Alighieri,president,person_entry_statement,,77,https://gallica.bnf.fr/ark:/12148/bpt6k5505300s/f101.item,"tionale de Médecine, président en 1903; président de la Société Dante Alighieri depuis 1905; administrateur de la Cooperativa itali",Société Dante Alighieri
L1912-00460,BRIGNONE Pierre,L1912-00460,resolved,ORG:cooperativa italiana di credite,Cooperativa italiana di Crédite,director,person_entry_statement,,77,https://gallica.bnf.fr/ark:/12148/bpt6k5505300s/f101.item,la Société Dante Alighieri depuis 1905; administrateur de la Cooperativa italiana di Crédite (1905-1907).,Cooperativa italiana di Crédite
L1912-00462,BROC,L1912-00462,resolved,ORG:comite de redaction de,Comité de rédaction de,member,person_entry_statement,,77,https://gallica.bnf.fr/ark:/12148/bpt6k5505300s/f101.item,s; médecin de la Compagnie Bône-Guelma; membre du Comité de rédaction de la «Tunisie Médicale».,Comité de rédaction de
L1912-00470,BRUSSIAU Albert,L1912-00470,resolved,ORG:societe de secours mutuels des anciens militaires cle la marine,Société de Secours Mutuels des Anciens Militaires cle la Marine,president,person_entry_statement,,78,https://gallica.bnf.fr/ark:/12148/bpt6k5505300s/f102.item," contractée en service commandé. Ancien président de la Société de Secours Mutuels des Anciens Militaires cle la Marine, ancien trésorier, puis vice-prêsidenl ",Société de Secours Mutuels des Anciens Militaires cle la Marine
L1912-00470,BRUSSIAU Albert,L1912-00470,resolved,ORG:comite des fetes donnees,Comité des fêtes données,president,person_entry_statement,,78,https://gallica.bnf.fr/ark:/12148/bpt6k5505300s/f102.item,"rêsidenl de la. Société (d'Algérienne», président du Comité des fêtes données en 1910 à Tunis en faveur des familles des victimes clu «Farfadet». Alédaille cle bron",Comité des fêtes données
L1912-00472,BUISSON Benjamin-Paul,L1912-00472,resolved,ORG:ministere de l instruction publique aux expositions cle chicago,Ministère de l'Instruction publique aux Expositions cle Chicago,delegate,person_entry_statement,,78,https://gallica.bnf.fr/ark:/12148/bpt6k5505300s/f102.item,Exposition universelle de Paris (1889); délégué du Ministère de l'Instruction publique aux Expositions cle Chicago (1.S93) et cle Saint-Louis (1904); anc. ,Ministère de l'Instruction publique aux Expositions cle Chicago
L1912-00472,BUISSON Benjamin-Paul,L1912-00472,resolved,ORG:institut de carthage et la societe de geographie commerciale de paris,Institut de Carthage et la Société de Géographie commerciale de Paris,vice_president,person_entry_statement,,78,https://gallica.bnf.fr/ark:/12148/bpt6k5505300s/f102.item,"; anc. prés, de l'Institut de Carthage; v.-prés. de la Société de Géographie commerciale (section tunisienne); v.-prés. cle l'All",Société de Géographie commerciale
L1912-00473,BULLA-RËGIA,L1912-00473,resolved,ORG:comite sfaxien de l alliance francaise,Comité sfaxien de l'Alliance Française,president,person_entry_statement,,79,https://gallica.bnf.fr/ark:/12148/bpt6k5505300s/f103.item," ((L'Union Française» de Sfax, R. U. P. Président du Comité sfaxien de l'Alliance Française, président du groupe sfaxien de la S. P",Comité sfaxien de l'Alliance Française
L1912-00473,BULLA-RËGIA,L1912-00473,resolved,ORG:comite cle patronage de la bibliotheque populaire,Comité cle Patronage de la Bibliothèque Populaire,secretary,person_entry_statement,,79,https://gallica.bnf.fr/ark:/12148/bpt6k5505300s/f103.item,"ident du groupe sfaxien de la S. P. À., secrétaire du Comité cle Patronage de la Bibliothèque Populaire, secrétaire général de la Société d'arc",Comité cle Patronage de la Bibliothèque Populaire
L1912-00473,BULLA-RËGIA,L1912-00473,resolved,ORG:societe d archeologie et des beaux arts de sfax,Société d'archéologie et des Beaux Arts de Sfax,secretary_general,person_entry_statement,,79,https://gallica.bnf.fr/ark:/12148/bpt6k5505300s/f103.item,"Patronage de la Bibliothèque Populaire, secrétaire général de la Société d'archéologie et des Beaux Arts de Sfax, président fondateur de la Société Fran",Société d'archéologie et des Beaux Arts de Sfax
L1912-00473,BULLA-RËGIA,L1912-00473,resolved,ORG:societe francaise de bienfaisance cle sfax,Société Française de Bienfaisance cle Sfax,founder,person_entry_statement,,79,https://gallica.bnf.fr/ark:/12148/bpt6k5505300s/f103.item,"ie et des Beaux Arts de Sfax, président fondateur de la Société Française de Bienfaisance cle Sfax, trésorieradjoint de «l'Harmonie Sfaxie",Société Française de Bienfaisance cle Sfax
L1912-00473,BULLA-RËGIA,L1912-00473,resolved,L1912-01457,Institut de Carthage,founder,person_entry_statement,1893,79,https://gallica.bnf.fr/ark:/12148/bpt6k5505300s/f103.item,"orieradjoint de «l'Harmonie Sfaxienne», membre fondateur de l'Institut de Carthage. TRAVAUX : collaboration à la «Feuille ",Institut de Carthage
L1912-00475,BURSAUX,L1912-00475,resolved,ORG:alines cle garsa mellnoui,Alines cle Garsa-Mellnoui,director,person_entry_statement,,79,https://gallica.bnf.fr/ark:/12148/bpt6k5505300s/f103.item,"866, Chevalier de la. Légion d'honneur. Directeur des Alines cle Garsa-Mellnoui. Ancien capitaine du génie. Membre de l",Alines cle Garsa-Mellnoui
L1912-00475,BURSAUX,L1912-00475,resolved,L1912-00721,Conférence Consultative,member,person_entry_statement,1891,79,https://gallica.bnf.fr/ark:/12148/bpt6k5505300s/f103.item,"sa-Mellnoui. Ancien capitaine du génie. Membre de la Conférence Consultative (S"" Collège. S"" circonscription), élu en",Conférence Consultative
L1912-00477,BUSACCA Eugène,L1912-00477,resolved,ORG:societe internationale des sciences medicales de tunis,Société internationale des Sciences médicales de Tunis,president,person_entry_statement,,80,https://gallica.bnf.fr/ark:/12148/bpt6k5505300s/f104.item,"ur de l'hôpital italien G. Garibaldi et président de la Société internationale des sciences médicales de Tunis, membre du Conseil d'administration de ",Société internationale des sciences médicales de Tunis
L1912-00477,BUSACCA Eugène,L1912-00477,resolved,ORG:conseil d administration de l hopital garibaldi,Conseil d'administration de l'hôpital Garibaldi,member,person_entry_statement,,80,https://gallica.bnf.fr/ark:/12148/bpt6k5505300s/f104.item,"ionale des sciences médicales de Tunis, membre du Conseil d'administration de l'hôpital Garibaldi depuis sa fondation, membre de la députation scolaire itali",Conseil d'administration de l'hôpital Garibaldi
L1912-00477,BUSACCA Eugène,L1912-00477,resolved,ORG:societe magistrale italienne,Société Magistrale Italienne,president,person_entry_statement,,80,https://gallica.bnf.fr/ark:/12148/bpt6k5505300s/f104.item,"re de la députation scolaire italienne, président de la Société Magistrale Italienne (section de Tunisie). TRAVAUX : a collar",Société Magistrale Italienne
L1912-00478,BUSUTTIL Alphonse,L1912-00478,resolved,ORG:chambre de commerce bntanique ue lumsie a sa creation,Chambre de Commerce bntanique ue lumsie a sa création,president,person_entry_statement,,80,https://gallica.bnf.fr/ark:/12148/bpt6k5505300s/f104.item,"seiller municipal de Tunis. (1907). Elu président de la Chambre de Commerce bntanique ue lumsie a sa création en 1899, a vu son mandat renouvelé depuis. o",Chambre de Commerce bntanique ue lumsie a sa création
L1912-00479,CABANTOUS Jules,L1912-00479,resolved,ORG:ligue de l enseignement,Ligue de l'Enseignement,president,person_entry_statement,,81,https://gallica.bnf.fr/ark:/12148/bpt6k5505300s/f105.item," cle paix, avocat et juge cle paix; viceprésident de la Ligue de l'Enseignement.",Ligue de l'Enseignement
L1912-00489,CAILLOUX Maurice - Marie - Bernard,L1912-00489,resolved,ORG:societe des courses de soukel arba,Société des Courses de Soukel-Arba,president,person_entry_statement,,84,https://gallica.bnf.fr/ark:/12148/bpt6k5505300s/f108.item,conseiller municipal de Souk-el-Khemis; président de la Société des Courses de Soukel-Arba. TRAVAUX : Création et exploitation dir,Société des Courses de Soukel-Arba
L1912-00494,CALO Enrico,L1912-00494,resolved,ORG:societe dante alighieri,Société Dante Alighieri,councillor,person_entry_statement,,86,https://gallica.bnf.fr/ark:/12148/bpt6k5505300s/f110.item, maladies vénériennes et syphilitiques. Conseiller de la Société Dante Alighieri.,Société Dante Alighieri
L1912-00504,CANAL Joseph-Afarie-Ange,L1912-00504,resolved,L1912-01457,Institut de Carthage,member,person_entry_statement,1893,87,https://gallica.bnf.fr/ark:/12148/bpt6k5505300s/f111.item,ant de la Société de Géographie d'Oran; membre de l'Institut de Carthage; anciennemeni viceprésident de la Socié,Institut de Carthage
L1912-00504,CANAL Joseph-Afarie-Ange,L1912-00504,resolved,ORG:societe,Société,president,person_entry_statement,,87,https://gallica.bnf.fr/ark:/12148/bpt6k5505300s/f111.item,'Institut de Carthage; anciennemeni viceprésident de la Société «l'Algérienne» à. Bizerte: pr. de la Soc,Société
L1912-00504,CANAL Joseph-Afarie-Ange,L1912-00504,resolved,ORG:ligue alaritime,Ligue Alaritime,vice_president,person_entry_statement,,87,https://gallica.bnf.fr/ark:/12148/bpt6k5505300s/f111.item,"de la Société «L'Algérienne» cle Tunis; v.-prés. de la Ligue Alaritime . française, Section de Bizerte. TRAVAUX",Ligue Alaritime
L1912-00507,CANTON Albert,L1912-00507,resolved,ORG:chambre alixte de commerce et d agriculture du centre,Chambre Alixte de Commerce et d'Agriculture du Centre,secretary,person_entry_statement,,87,https://gallica.bnf.fr/ark:/12148/bpt6k5505300s/f111.item,"r. Lieutenant de réserve au 4"" zouaves. Secrétaire de la Chambre Alixte de Commerce et d'Agriculture du Centre.",Chambre Alixte de Commerce et d'Agriculture du Centre
L1912-00516,CARCASONNE Alphonse-Sylvain,L1912-00516,resolved,ORG:services administratifs parisiens clu journal,Services administratifs parisiens clu journal,director,person_entry_statement,,89,https://gallica.bnf.fr/ark:/12148/bpt6k5505300s/f113.item,"prévoyance sociale, cle mutualité, elc. Directeur des Services administratifs parisiens clu journal la «Dépêche Tunisienne».",Services administratifs parisiens clu journal
L1912-00518,CARDOSO David,L1912-00518,resolved,ORG:chambre des defenseurs de tunis,Chambre des Défenseurs de Tunis,secretary,person_entry_statement,,89,https://gallica.bnf.fr/ark:/12148/bpt6k5505300s/f113.item,"(David). 1852, Tunis. Avocat-défenseur; secrétaire de la Chambre des Défenseurs de Tunis, 24, avenue de France, Tunis. ETUDES : ",Chambre des Défenseurs de Tunis
L1912-00518,CARDOSO David,L1912-00518,resolved,ORG:conseil de surveillance cle l hopital israelite de tunis et de l associ,Conseil de surveillance cle l'Hôpital israélite de Tunis et de l'Associ,vice_president,person_entry_statement,,89,https://gallica.bnf.fr/ark:/12148/bpt6k5505300s/f113.item,ecours mutuels entre les ouvriers; anc. v.-prés. de la Société de l'hôpital israélite; anc. v.-prés. de la Société des Course,Société de l'hôpital israélite
L1912-00518,CARDOSO David,L1912-00518,resolved,ORG:societe des courses,Société des Courses,vice_president,person_entry_statement,,89,https://gallica.bnf.fr/ark:/12148/bpt6k5505300s/f113.item,la Société de l'hôpital israélite; anc. v.-prés. de la Société des Courses; l'un des fondateurs et ancien àdmiI ni,Société des Courses
L1912-00519,CARDOSO Alaurizio,L1912-00519,resolved,ORG:societe italienne des militaires eh congede 1899 a 1902,"Société italienne des ""Militaires eh congéde 1899 à 1902",president,person_entry_statement,,90,https://gallica.bnf.fr/ark:/12148/bpt6k5505300s/f114.item,"octorat en médecine et chirurgie, 1902. Président de la Société italienne des ""Militaires eh congéde 1899 à 1902; directeur de l'hôpital colonial italie","Société italienne des ""Militaires eh congéde 1899 à 1902"
L1912-00519,CARDOSO Alaurizio,L1912-00519,resolved,ORG:conseil d administration de la societe de bienfaisance italienne de m u,Conseil d'administration de la Société de Bienfaisance italienne de M'u,vice_president,person_entry_statement,,90,https://gallica.bnf.fr/ark:/12148/bpt6k5505300s/f114.item,ur de l'hôpital israélite en 1899-1900; vice-président de la Société italienne de Bienfaisance depuis 1906; membre du Conseil d'administration de ,Société italienne de Bienfaisance
L1912-00519,CARDOSO Alaurizio,L1912-00519,resolved,ORG:conseil d administration et caissier de l hopital colonial italien,Conseil d'administration et caissier de l'hôpital colonial italien,member,person_entry_statement,,90,https://gallica.bnf.fr/ark:/12148/bpt6k5505300s/f114.item, italienne de Bienfaisance depuis 1906; membre du Conseil d'administration de l'hôpital italien; membre du Comité des Fêtes de Tunis de,Conseil d'administration de l'hôpital italien
L1912-00519,CARDOSO Alaurizio,L1912-00519,resolved,ORG:comite des fetes de tunis,Comité des Fêtes de Tunis,member,person_entry_statement,,90,https://gallica.bnf.fr/ark:/12148/bpt6k5505300s/f114.item, d'administration de l'hôpital italien; membre du Comité des Fêtes de Tunis depuis sa fondation.,Comité des Fêtes de Tunis
L1912-00524,CARRIER Charles,L1912-00524,resolved,ORG:association des colons de 1901 a 1905,"Association des Colons de ""1901 à 1905",president,person_entry_statement,,91,https://gallica.bnf.fr/ark:/12148/bpt6k5505300s/f115.item,"ogis de réserve du train des équipages. Président de l'Association des Colons de ""1901 à 1905. Alembre cle la Chambre d'Agriculture c","Association des Colons de ""1901 à 1905"
L1912-00524,CARRIER Charles,L1912-00524,resolved,ORG:credit agricole a beja,Crédit agricole à Béja,founder,person_entry_statement,,91,https://gallica.bnf.fr/ark:/12148/bpt6k5505300s/f115.item,"hambre d'Agriculture cle ""1.903 à 1908; fondateur du Crédit agricole à Béja; présid. cle la Caisse cle Crédit agric",Crédit agricole à Béja
L1912-00529,CARTON Louis,L1912-00529,resolved,ORG:institut de carthage et la societe de geographie commerciale de paris,Institut de Carthage et la Société de Géographie commerciale de Paris,delegate,person_entry_statement,,96,https://gallica.bnf.fr/ark:/12148/bpt6k5505300s/f120.item,"r cle l'Institut, de Carthage; v.-prés. délégué de la Section tunisienne de la Société de Géographie Commerciale de Paris; prés, du Comité des Sites et Monuments",Section tunisienne de la Société de Géographie Commerciale de Paris
L1912-00536,CATTAN Albert-Daniel,L1912-00536,resolved,ORG:conseil de l ordre a la conference des avocats stagiaires,Conseil de l'ordre à la Conférence des avocats stagiaires,member,person_entry_statement,,97,https://gallica.bnf.fr/ark:/12148/bpt6k5505300s/f121.item,nne de la Ligue des Droits cle l'Homme; membre du Conseil de l'Ordre des Avocats depuis sa fondation à Tunis el bâtonnier de l'Ordre des Avocats pour les années ,Conseil de l'Ordre des Avocats
L1912-00536,CATTAN Albert-Daniel,L1912-00536,resolved,ORG:conseil d administration de l ho pital israelite,Conseil d'administration de l'Hô pital israélite,president,person_entry_statement,,97,https://gallica.bnf.fr/ark:/12148/bpt6k5505300s/f121.item,s Avocats pour les années 1910 et 1911; président du Conseil d'administration de l'Hô pital israélite.,Conseil d'administration de l'Hô pital israélite
L1912-00538,CATTAN Isaac,L1912-00538,resolved,ORG:institut cle carlhage,Institut cle Carlhage,director,person_entry_statement,,98,https://gallica.bnf.fr/ark:/12148/bpt6k5505300s/f122.item,e; licencié en droit. Alembre du Comilé directeur de l'Institut cle Carlhage; secrétaire général de l'Institut de Ca,Institut cle Carlhage
L1912-00538,CATTAN Isaac,L1912-00538,resolved,ORG:comite directeur de l institut de carthage,Comité directeur de l'Institut de Carthage,secretary_general,person_entry_statement,,98,https://gallica.bnf.fr/ark:/12148/bpt6k5505300s/f122.item,é directeur de l'Institut cle Carlhage; secrétaire général de l'Institut de Carthage et directeur de la « Revue Tunisienne» en 1906; membre clu ,Institut de Carthage et directeur de
L1912-00538,CATTAN Isaac,L1912-00538,resolved,ORG:societe,Société,director,person_entry_statement,,98,https://gallica.bnf.fr/ark:/12148/bpt6k5505300s/f122.item, Tunisienne» en 1906; membre clu Comité directeur de la Société «Ennaceria». TRAVAUX : Traduction de «La,Société
L1912-00540,CAVALIN Ernest-Jean-Marie,L1912-00540,resolved,ORG:service veterinaire cle la division d occupation,Service vétérinaire cle la-Division d'occupation,director,person_entry_statement,,99,https://gallica.bnf.fr/ark:/12148/bpt6k5505300s/f123.item,e; vétérinaire principal cle 2' classe; directeur du Service vétérinaire cle la-Division d'occupation (IV ressort). Membre cle l'Association c,Service vétérinaire cle la-Division d'occupation
L1912-00542,CAZÈS David-Albert-Louis,L1912-00542,resolved,ORG:ecoles de l alliance israelite en tunisie,Ecoles de l'Alliance Israélite en Tunisie,director,person_entry_statement,,99,https://gallica.bnf.fr/ark:/12148/bpt6k5505300s/f123.item,"0. Vint à Tunis en février 1878, comme «directeur des Ecoles de l'Alliance Israélite en Tunisie», écoles qu'il s'agissait de créer. Il ",Ecoles de l'Alliance Israélite en Tunisie
L1912-00565,CHABERT Pierre,L1912-00565,resolved,ORG:societe francaise de bienfaisance,Société française de bienfaisance,president,person_entry_statement,,101,https://gallica.bnf.fr/ark:/12148/bpt6k5505300s/f125.item,; conseiller municipal de Tunis; ancien président de la Société française de Bienfaisance; membre du Conseil d'hygiène; membre de,Société française de Bienfaisance
L1912-00565,CHABERT Pierre,L1912-00565,resolved,ORG:conseil d hygiene,Conseil d'hygiène,member,person_entry_statement,,101,https://gallica.bnf.fr/ark:/12148/bpt6k5505300s/f125.item,"e la Société française de Bienfaisance; membre du Conseil d'hygiène; membre de la Commission de "" vérificat",Conseil d'hygiène
L1912-00565,CHABERT Pierre,L1912-00565,resolved,ORG:commission de verification des titres de medecin pharmacien,"Commission de "" vérification des titres de médecin-pharmacien",member,person_entry_statement,,101,https://gallica.bnf.fr/ark:/12148/bpt6k5505300s/f125.item,"nfaisance; membre du Conseil d'hygiène; membre de la Commission de "" vérification des titres de médecin-pharmacien, etc. Etabli pharmacien à. Tunis en 1S6","Commission de "" vérification des titres de médecin-pharmacien"
L1912-00570,CHAFFANJON Philibert,L1912-00570,resolved,ORG:comite du cercle republicain,Comité du Cercle Républicain,member,person_entry_statement,,101,https://gallica.bnf.fr/ark:/12148/bpt6k5505300s/f125.item,"). Très, de la Ligue de l'Enseignement, membre du Comité du Cercle Républicain, secr. de la Section, tunisienne du Com",Comité du Cercle Républicain
L1912-00576,CHAMBONCEL Edmond-Bruno,L1912-00576,resolved,ORG:conseil d administration de l amicale primaire en tunisie,Conseil d'administration de l'Amicale primaire tunisienne,member,person_entry_statement,,102,https://gallica.bnf.fr/ark:/12148/bpt6k5505300s/f126.item,"gnement primaire depuis 18SS à ce jour. Membre du Conseil d'administration de l'Amicale primaire tunisienne; une. secr. et prés, de cette Associati",Conseil d'administration de l'Amicale primaire tunisienne
L1912-00586,CHAMPAVER François-Marie-Gustave,L1912-00586,resolved,ORG:conseil d administration de l amicale primaire en tunisie,Conseil d'administration de l'Amicale primaire tunisienne,member,person_entry_statement,,105,https://gallica.bnf.fr/ark:/12148/bpt6k5505300s/f129.item,"ulouse, de «l'Art dramatique» de Nancy; membre du Conseil d'administration do l'Amicale primaire de Tunisie. A contribué à des titres divers à. l'o",Conseil d'administration do l'Amicale primaire de Tunisie
L1912-00592,CHAPELIÉ Alfred,L1912-00592,resolved,ORG:chambre de commerce et ancien conseiller municipal de tunis,Chambre de Commerce et ancien conseiller municipal de Tunis,member,person_entry_statement,,106,https://gallica.bnf.fr/ark:/12148/bpt6k5505300s/f130.item,"ant, ancien député de la Nation, ancien membre de la Chambre de Commerce et ancien conseiller municipal de Tunis. Exerça les fonctions de consul des Eta",Chambre de Commerce et ancien conseiller municipal de Tunis
L1912-00592,CHAPELIÉ Alfred,L1912-00592,resolved,ORG:comite international de resistance,Comité international de résistance,president,person_entry_statement,,106,https://gallica.bnf.fr/ark:/12148/bpt6k5505300s/f130.item," ses fonctions de conseiller, fut nommé président du Comité international de résistance et, en cette qualité, alla porter à Paris ",Comité international de résistance
L1912-00596,CHARLËTY Sébastien,L1912-00596,resolved,ORG:commission des documents economiques de la revolution francaise,Commission des Documents économiques de la Révolution Française,member,person_entry_statement,,107,https://gallica.bnf.fr/ark:/12148/bpt6k5505300s/f131.item,"nçaise», au «Journal des savants», etc. Membre de la Commission des Documents économiques de la Révolution Française, instituée au Ministère de l'Instructio",Commission des Documents économiques de la Révolution Française
L1912-00596,CHARLËTY Sébastien,L1912-00596,resolved,ORG:comite des travaux historiques,Comité des Travaux historiques,member,person_entry_statement,,107,https://gallica.bnf.fr/ark:/12148/bpt6k5505300s/f131.item,au Ministère de l'Instruction publique; membre du Comité des Travaux historiques; correspondant du Ministère de ^Instruc,Comité des Travaux historiques
L1912-00623,CHENAY Louis,L1912-00623,resolved,ORG:comite des fetes,Comité des Fêtes,vice_president,person_entry_statement,,112,https://gallica.bnf.fr/ark:/12148/bpt6k5505300s/f136.item,"hropométrique de Paris, de 1884 à 1890. V.-prés. du Comité des Fêtes, v.-prés. du Club de Gymnastique. A ins",Comité des Fêtes
L1912-00623,CHENAY Louis,L1912-00623,resolved,ORG:club de gymnastique,Club de Gymnastique,vice_president,person_entry_statement,,112,https://gallica.bnf.fr/ark:/12148/bpt6k5505300s/f136.item,"4 à 1890. V.-prés. du Comité des Fêtes, v.-prés. du Club de Gymnastique. A installé dans la Régence le Service ",Club de Gymnastique
L1912-00633,CHERVIN Pierre,L1912-00633,resolved,ORG:ecole coloniale d agriculture,Ecole Coloniale d'Agriculture,director,person_entry_statement,,113,https://gallica.bnf.fr/ark:/12148/bpt6k5505300s/f137.item,"ite agricole, comm. du Nichan-lftikhar. Directeur de l'Ecole Coloniale d'Agriculture, Tunis. Avril 1897. ETUDES : Ecole nati",Ecole Coloniale d'Agriculture
L1912-00636,CHEVALIER Jacques-Cyrille,L1912-00636,resolved,ORG:comite de l assistance mutuelle tunisienne a souk el arba el a mahdia,Comité de l'Assistance Mutuelle Tunisienne à Souk-el-Arba el à Mahdia,vice_president,person_entry_statement,,114,https://gallica.bnf.fr/ark:/12148/bpt6k5505300s/f138.item,"à. 1906; groupe de Mahdia, depuis 1909; vice-président du Comité de l'Assistance Mutuelle Tunisienne à Souk-el-Arba el à Mahdia.; conseiller municipal de Mahdia.",Comité de l'Assistance Mutuelle Tunisienne à Souk-el-Arba el à Mahdia
L1912-00637,CHEVALIER Joseph,L1912-00637,resolved,ORG:syndicat des entrepreneurs francais,Syndicat des Entrepreneurs français,secretary,person_entry_statement,,114,https://gallica.bnf.fr/ark:/12148/bpt6k5505300s/f138.item,"ue Es-Sadikia, Tunis. Fév. 1886. Ancien secrétaire du Syndicat des Entrepreneurs français; à créé en Tunisie l'industrie des assu",Syndicat des Entrepreneurs français
L1912-00637,CHEVALIER Joseph,L1912-00637,resolved,ORG:office postal de tunisie,Office postal de Tunisie,director,person_entry_statement,,114,https://gallica.bnf.fr/ark:/12148/bpt6k5505300s/f138.item," nom arabe le nom de M. Cheylus, ancien directeur de l'Office postal de Tunisie. A 9 k. d'Aïn-el-Asker. j& (S) sur la l",Office postal de Tunisie
L1912-00638,CHEYLUS Victor-Marie,L1912-00638,resolved,ORG:postes et des telegraphes du departement de constantine,Postes et des Télégraphes du département de Constantine,director,person_entry_statement,,114,https://gallica.bnf.fr/ark:/12148/bpt6k5505300s/f138.item,lytechnique; ingénieur des Télégraphes; directeur des Postes et des Télégraphes du département de Constantine; chef de la Mission française des Poste,Postes et des Télégraphes du département de Constantine
L1912-00652,CIRIER Fabien,L1912-00652,resolved,L1912-00721,Conférence Consultative,member,person_entry_statement,1891,116,https://gallica.bnf.fr/ark:/12148/bpt6k5505300s/f140.item,"r' d'Alger, avocat au barreau de Tunis. Membre de la Conférence Consultative; secrétaire élu de cette assemblée (ses",Conférence Consultative
L1912-00652,CIRIER Fabien,L1912-00652,resolved,L1912-00224,Banque de l'Algérie,auditor,person_entry_statement,,116,https://gallica.bnf.fr/ark:/12148/bpt6k5505300s/f140.item,"d). Ancien président de la «Betterave». Censeur de la Banque de l'Algérie. GIROU (Louis-Léon-Joseph), 13 juillet ",Banque de l'Algérie
L1912-00653,CITTANOVA Jacques,L1912-00653,resolved,ORG:amicale de la presse tunisienne du centre et du sud,Amicale de la Presse tunisienne du Centre et du Sud,founder,person_entry_statement,,116,https://gallica.bnf.fr/ark:/12148/bpt6k5505300s/f140.item,"le «Mediator» (Estudianlina); trésorier fondateur de l'Amicale de la Presse du Centre et du Sud; correspondant du journal «Le Journal»,",Amicale de la Presse du Centre et du Sud
L1912-00653,CITTANOVA Jacques,L1912-00653,resolved,ORG:comite d organisation des fetes francoitaliennes,Comité d'organisation des fêtes francoitaliennes,secretary,person_entry_statement,,116,https://gallica.bnf.fr/ark:/12148/bpt6k5505300s/f140.item,sie» depuis la fondation de ce journal; secrétaire du Comité d'organisation des fêtes francoitaliennes (1908). Prépare une étude sur «La cultur,Comité d'organisation des fêtes francoitaliennes
L1912-00654,CITTANOVA Ugo,L1912-00654,resolved,ORG:harmonie municipale et professeur aux cours de musique de la ville de s,Harmonie Municipale et professeur aux cours de musique de la ville de S,director,person_entry_statement,,116,https://gallica.bnf.fr/ark:/12148/bpt6k5505300s/f140.item," 1SS5, Sousse, off. du Nichan-lftikhar. Directeur de l'Harmonie Municipale et professeur aux cours de musique de la ville de Sousse. ETUDES : Ecoles italiennes et fra",Harmonie Municipale et professeur aux cours de musique de la ville de S
L1912-00656,CLÉMENT Paul-Gustave,L1912-00656,resolved,ORG:societe de secours mutuels des officiers residant en tunisie,Société de Secours mutuels des Officiers résidant en Tunisie,commissioner,person_entry_statement,,116,https://gallica.bnf.fr/ark:/12148/bpt6k5505300s/f140.item,ritorial à Valence: membre fondateur et commissaire de la Société de Secours mutuels des Officiers résidant en Tunisie depuis 1890 à ce jour; membre de l'Union des Socié,Société de Secours mutuels des Officiers résidant en Tunisie
L1912-00656,CLÉMENT Paul-Gustave,L1912-00656,resolved,ORG:comite de permanence de l union des societes de gymnastique de france,Comité de permanence de l'Union des Sociétés de gymnastique de France,member,person_entry_statement,,116,https://gallica.bnf.fr/ark:/12148/bpt6k5505300s/f140.item,idant en Tunisie depuis 1890 à ce jour; membre de l'Union des Sociétés de Gymnastique de France; vice-président d'honneur du Club de Gy,Union des Sociétés de Gymnastique de France
L1912-00656,CLÉMENT Paul-Gustave,L1912-00656,resolved,ORG:club de gymnastique francais a tunis,Club de Gymnastique français â Tunis,honorary_president,person_entry_statement,,116,https://gallica.bnf.fr/ark:/12148/bpt6k5505300s/f140.item,Sociétés de Gymnastique de France; vice-président d'honneur du Club de Gymnastique français â Tunis; membre actif de la Fédération national,Club de Gymnastique français â Tunis
L1912-00661,CLIDAT Martial,L1912-00661,resolved,ORG:touring club,Touring-Club,member,person_entry_statement,,118,https://gallica.bnf.fr/ark:/12148/bpt6k5505300s/f142.item," de Cavignac à Bordeaux de 1S82 à 1892; membre du Touring-Club, des groupes A, B, et C de l'Assistance",Touring-Club
L1912-00665,COANET Armand-Edmond,L1912-00665,resolved,ORG:association agricole de tunisie,Association agricole de Tunisie,secretary_general,person_entry_statement,,119,https://gallica.bnf.fr/ark:/12148/bpt6k5505300s/f143.item,"s, négociants de vins en gros a. Nancy. Secrétaire général de l'Association agricole de Tunisie ; membre du Bureau du Syndicat, obligato",Association agricole de Tunisie
L1912-00665,COANET Armand-Edmond,L1912-00665,resolved,ORG:bureau du syndicat,Bureau du Syndicat,member,person_entry_statement,,119,https://gallica.bnf.fr/ark:/12148/bpt6k5505300s/f143.item," de l'Association agricole de Tunisie ; membre du Bureau du Syndicat, obligatoire des Viticulteurs; présiden",Bureau du Syndicat
L1912-00665,COANET Armand-Edmond,L1912-00665,resolved,ORG:conseil d administration et directeur de la caisse locale de credit mut,Conseil d'administration et directeur de la Caisse locale de Crédit Mut,president,person_entry_statement,,119,https://gallica.bnf.fr/ark:/12148/bpt6k5505300s/f143.item,"Syndicat, obligatoire des Viticulteurs; président du Conseil d'administration et directeur de la Caisse locale de Crédit Mutuel agricole de Tunis (banlieue Ouest et",Conseil d'administration et directeur de la Caisse locale de Crédit Mut
L1912-00666,COEROLI André,L1912-00666,resolved,ORG:union des employes des services financiers,Union des Employés des Services Financiers,president,person_entry_statement,,119,https://gallica.bnf.fr/ark:/12148/bpt6k5505300s/f143.item,"ommis des Monopoles à Tunis. Juin 1884. Président de l'Union des Employés des Services Financiers jusqu'en 1911, ancien trésorier de la Société «La Cor",Union des Employés des Services Financiers
L1912-00666,COEROLI André,L1912-00666,resolved,ORG:societe,Société,treasurer,person_entry_statement,,119,https://gallica.bnf.fr/ark:/12148/bpt6k5505300s/f143.item,"rvices Financiers jusqu'en 1911, ancien trésorier de la Société «La Corse».",Société
L1912-00667,COEYTAUX Alfred-Henri,L1912-00667,resolved,ORG:conference consultative de 1s96 a 1901,Conférence Consultative de 1S96 à 1901,member,person_entry_statement,,119,https://gallica.bnf.fr/ark:/12148/bpt6k5505300s/f143.item,cole industrielle de Lausanne (Suisse). Membre de la Conférence Consultative de 1S96 à 1901 et de 1905 à ce jour.,Conférence Consultative de 1S96 à 1901
L1912-00672,COHEN Joseph,L1912-00672,resolved,ORG:comite ou membre des societes,Comité 'ou membre des sociétés,member,person_entry_statement,,120,https://gallica.bnf.fr/ark:/12148/bpt6k5505300s/f144.item,"is-Sport» et «la Lyre de la. Jeunesse». Membre du Comité 'ou membre des sociétés : «l'Alliance Sportive», «Société Protec",Comité 'ou membre des sociétés
L1912-00676,COLLET Emmanuel,L1912-00676,resolved,ORG:societe d archeologie du finistere,Société d'Archéologie du Finistère,member,person_entry_statement,,120,https://gallica.bnf.fr/ark:/12148/bpt6k5505300s/f144.item,. ETUDES : lycée de Pontivy (Morbihan); membre de la Société d'Archéologie du Finistère. TIUVAUX : Construction d'ouvrages mari,Société d'Archéologie du Finistère
L1912-00681,COLRAT Jean-Marcel-Raymond,L1912-00681,resolved,ORG:syndicat de la presse europeenne du caire,Syndicat de la Presse européenne du Caire,president,person_entry_statement,,121,https://gallica.bnf.fr/ark:/12148/bpt6k5505300s/f145.item,e du Grand Cercle Républicain de Tunis; président du Syndicat de la Presse européenne du Caire de 1906 à 1908; vicerprésiclent honoraire de la Ligue ,Syndicat de la Presse européenne du Caire
L1912-00681,COLRAT Jean-Marcel-Raymond,L1912-00681,resolved,ORG:conseil de l association internationale d assistance publique du caire,Conseil de l'Association internationale d'Assistance publique du Caire,member,person_entry_statement,,121,https://gallica.bnf.fr/ark:/12148/bpt6k5505300s/f145.item,"e des Employés de comm. du Caire, 1908; membre du Conseil de l'Association internationale d'Assistance publique du Caire (1908); exploration dans l'Oubanghui, et",Conseil de l'Association internationale d'Assistance publique du Caire
L1912-00681,COLRAT Jean-Marcel-Raymond,L1912-00681,resolved,ORG:commerce exterieur de la france,Commerce extérieur de la France,councillor,person_entry_statement,,121,https://gallica.bnf.fr/ark:/12148/bpt6k5505300s/f145.item,"téraires, artistiques et géographiques. Conseiller du Commerce extérieur de la France. Chargé de mission par le Ministère. de",Commerce extérieur de la France
L1912-00694,COMITI Paul,L1912-00694,resolved,ORG:societe,Société,president,person_entry_statement,,124,https://gallica.bnf.fr/ark:/12148/bpt6k5505300s/f148.item,"eur gestionnaire à Gabès, puis au Kef ; président de la Société «la Française»; Président de la société ",Société
L1912-00694,COMITI Paul,L1912-00694,resolved,ORG:cercle de,Cercle de,vice_president,person_entry_statement,,124,https://gallica.bnf.fr/ark:/12148/bpt6k5505300s/f148.item,ion des Corses et des amis de la Corse: vice-président du Cercle de la. Ligue de l'Enseign'. Entré dans l'admi,Cercle de
L1912-00699,COMMUNAUX Etienne-Victor,L1912-00699,resolved,ORG:cercle tunisois de la ligue francaise de l enseign et membre du coils,Cercle tunisois de la Ligue française de l'Enseign' et membre du Coils,president,person_entry_statement,,125,https://gallica.bnf.fr/ark:/12148/bpt6k5505300s/f149.item,"enne de la Ligue des Droits de l'Homme. Président du Cercle tunisois de la Ligue française de l'Enseign' et membre du Coils. gén. de la Ligue. Prés, de la Fédér. d",Cercle tunisois de la Ligue française de l'Enseign' et membre du Coils
L1912-00699,COMMUNAUX Etienne-Victor,L1912-00699,resolved,ORG:conseil federal,Conseil fédéral,member,person_entry_statement,,125,https://gallica.bnf.fr/ark:/12148/bpt6k5505300s/f149.item,é d'action républicaine aux colonies et membre du Conseil fédéral. Vice-président de la Société Française,Conseil fédéral
L1912-00699,COMMUNAUX Etienne-Victor,L1912-00699,resolved,ORG:societe francaise de bienfaisance,Société française de bienfaisance,vice_president,person_entry_statement,,125,https://gallica.bnf.fr/ark:/12148/bpt6k5505300s/f149.item, colonies et membre du Conseil fédéral. Vice-président de la Société Française de Bienfaisance. Membre de la Conférence Consultative d,Société Française de Bienfaisance
L1912-00699,COMMUNAUX Etienne-Victor,L1912-00699,resolved,L1912-00721,Conférence Consultative,member,person_entry_statement,1891,125,https://gallica.bnf.fr/ark:/12148/bpt6k5505300s/f149.item,"e la Société Française de Bienfaisance. Membre de la Conférence Consultative depuis 1896 (1"" circonscription: Tunis-Grombalia). A",Conférence Consultative
L1912-00699,COMMUNAUX Etienne-Victor,L1912-00699,resolved,ORG:comite carnot,Comité Carnot,secretary,person_entry_statement,,125,https://gallica.bnf.fr/ark:/12148/bpt6k5505300s/f149.item,"irconscription: Tunis-Grombalia). A été secrétaire du Comité Carnot en 1876, conseiller municipal, puis adjoint au ",Comité Carnot
L1912-00718,COMTE Louis-IIippolyte,L1912-00718,resolved,L1912-02401,Société Amicale des Deux-Charentes,secretary,person_entry_statement,1905,129,https://gallica.bnf.fr/ark:/12148/bpt6k5505300s/f153.item,"merciale et Industrielle de la Régence, secrétaire de la Société Amicale des Deux-Charentes, membre du Comité d'organisation du Con",Société Amicale des Deux-Charentes
L1912-00718,COMTE Louis-IIippolyte,L1912-00718,resolved,ORG:comite d organisation du congres de la ligue de 1 enseignement,Comité d'organisation du Congrès de la Ligue de 1 enseignement,member,person_entry_statement,,129,https://gallica.bnf.fr/ark:/12148/bpt6k5505300s/f153.item," la Société Amicale des Deux-Charentes, membre du Comité d'organisation du Congrès de la Ligue de 1 enseignement (Tunis 1903). Ancien directeur du journa",Comité d'organisation du Congrès de la Ligue de 1 enseignement
L1912-00731,CONVERTI Nicolas,L1912-00731,resolved,ORG:federation napolitaine et membre,Fédération napolitaine et membre,secretary,person_entry_statement,,134,https://gallica.bnf.fr/ark:/12148/bpt6k5505300s/f158.item,"tionale des Travailleurs, dont il a été secrétaire de la Fédération napolitaine et membre du. Comité central de correspondance; expr",Fédération napolitaine et membre
L1912-00736,CORBES,L1912-00736,resolved,ORG:commission administrative,Commission administrative,delegate,person_entry_statement,,135,https://gallica.bnf.fr/ark:/12148/bpt6k5505300s/f159.item,"1897; détaché en Tunisie en sept. 1900; délégué de la Commission administrative, ffons de vice-président de la Municipa",Commission administrative
L1912-00736,CORBES,L1912-00736,resolved,ORG:municipalite de kairouan du 28 mars 1906 au 22 avril 1908,Municipalité de Kairouan du 28 mars 1906 au 22 avril 1908,vice_president,person_entry_statement,,135,https://gallica.bnf.fr/ark:/12148/bpt6k5505300s/f159.item," la Commission administrative, ffons de vice-président de la Municipalité de Kairouan du 28 mars 1906 au 22 avril 1908; ancien président du Cercle de la Ligue",Municipalité de Kairouan du 28 mars 1906 au 22 avril 1908
L1912-00736,CORBES,L1912-00736,resolved,ORG:cercle de la ligue de l enseignement de kairouan,Cercle de la Ligue de l'enseignement de Kairouan,president,person_entry_statement,,135,https://gallica.bnf.fr/ark:/12148/bpt6k5505300s/f159.item,u 28 mars 1906 au 22 avril 1908; ancien président du Cercle de la Ligue de l'enseignement de Kairouan; ancien trésorier de la. Société de Bie,Cercle de la Ligue de l'enseignement de Kairouan
L1912-00736,CORBES,L1912-00736,resolved,ORG:comite regional,Comité régional,member,person_entry_statement,,135,https://gallica.bnf.fr/ark:/12148/bpt6k5505300s/f159.item, la Bibliothèque populaire de Kairouan; membre du Comité régional de «l'Avenir du Prolétariat».,Comité régional
L1912-00737,CORDEIL Paul-Baptiste,L1912-00737,resolved,ORG:conseil de l ordre a la conference des avocats stagiaires,Conseil de l'ordre à la Conférence des avocats stagiaires,secretary,person_entry_statement,,136,https://gallica.bnf.fr/ark:/12148/bpt6k5505300s/f160.item," SUCCESSIVEM' : avocat à Aix, 1S95-97 ; secrétaire de la Conférence des avocats. Aix : se crôlaire en chef du Parquet, ",Conférence des avocats
L1912-00737,CORDEIL Paul-Baptiste,L1912-00737,resolved,ORG:comite de la federation des cercles tunisiens et du cercle de tunis,Comité de la Fédération des Cercles tunisiens et du Cercle de Tunis,vice_president,person_entry_statement,,136,https://gallica.bnf.fr/ark:/12148/bpt6k5505300s/f160.item," 1906, à 'J'unis; juge à Sousse, .1908. Vice-président de la Fédération des Cercles tunisiens (le la Ligue de l'Enseignement.",Fédération des Cercles tunisiens
L1912-00739,CORRAS Etienne,L1912-00739,resolved,ORG:societe de secours mutuels de la cie des sapeurs pompiers,Société de secours mutuels de la Cie des sapeurs-pompiers,director,person_entry_statement,,136,https://gallica.bnf.fr/ark:/12148/bpt6k5505300s/f160.item,Travaifeurs français» (démissionnaire): administrateur de la Société de secours mutuels de la Cie des sapeurs-pompiers; sergent-major à ladite Compagnie; vice,Société de secours mutuels de la Cie des sapeurs-pompiers
L1912-00739,CORRAS Etienne,L1912-00739,resolved,ORG:societe de gymnastique,Société de Gymnastique,president,person_entry_statement,,136,https://gallica.bnf.fr/ark:/12148/bpt6k5505300s/f160.item,; sergent-major à ladite Compagnie; viceprésident de la Société de gymnastique «La Victoire». TRAVAUX : serrurerie arti,Société de gymnastique
L1912-00740,COSSANGE,L1912-00740,resolved,ORG:societe de l industrie minerale et de differentes socieles scientifique,Société de l'Industrie minérale et de différentes Sociélés scientifique,member,person_entry_statement,,136,https://gallica.bnf.fr/ark:/12148/bpt6k5505300s/f160.item," des anciens Elèves de l'Ecole d'Alais, membre de la Société de l'Industrie minérale et de différentes Sociélés scientifiques. TRAVAUX : Missions d'études scientifi",Société de l'Industrie minérale et de différentes Sociélés scientifique
L1912-00741,COSSON Ernest,L1912-00741,resolved,ORG:institut,Institut,member,person_entry_statement,,136,https://gallica.bnf.fr/ark:/12148/bpt6k5505300s/f160.item,"la botanique, MM. le docteur E. Cosson, membre de l'Institut, Doûinel-Adanson, Aristide Letourneux, ",Institut
L1912-00741,COSSON Ernest,L1912-00741,resolved,ORG:service municipal des pompes funebres,Service municipal des pompes funèbres,director,person_entry_statement,,136,https://gallica.bnf.fr/ark:/12148/bpt6k5505300s/f160.item,oyé de commerce; fournisseur militaire; directeur du Service des Pompes Funèbres; industrie des pêches maritimes; présid,Service des Pompes Funèbres
L1912-00741,COSSON Ernest,L1912-00741,resolved,ORG:conseil d administration du syndicat international d etudes au maroc,Conseil d'Administration du syndicat international d'études au Maroc,president,person_entry_statement,,136,https://gallica.bnf.fr/ark:/12148/bpt6k5505300s/f160.item,nèbres; industrie des pêches maritimes; président du Conseil d'Administration du syndicat international d'études au Maroc; administrateur des Magasins Généraux; ,Conseil d'Administration du syndicat international d'études au Maroc
L1912-00741,COSSON Ernest,L1912-00741,resolved,L1912-00582,Chambre de Commerce de Tunis,vice_president,person_entry_statement,1885,136,https://gallica.bnf.fr/ark:/12148/bpt6k5505300s/f160.item, Magasins Généraux; ancien trésorier et vice-président de la Chambre de Commerce de Tunis; ancien président de la Chambre de Comm,Chambre de Commerce de Tunis
L1912-00741,COSSON Ernest,L1912-00741,resolved,ORG:chambre de commerce de bizerte,Chambre de Commerce de Bizerte,president,person_entry_statement,,136,https://gallica.bnf.fr/ark:/12148/bpt6k5505300s/f160.item,la Chambre de Commerce de Tunis; ancien président de la Chambre de Commerce de Bizerte; ancien membre de la Conférence Consult,Chambre de Commerce de Bizerte
L1912-00741,COSSON Ernest,L1912-00741,resolved,L1912-00721,Conférence Consultative,member,person_entry_statement,1891,136,https://gallica.bnf.fr/ark:/12148/bpt6k5505300s/f160.item, Chambre de Commerce de Bizerte; ancien membre de la Conférence Consultative; membre du Conseil supérieur de l'Assis,Conférence Consultative
L1912-00741,COSSON Ernest,L1912-00741,resolved,ORG:conseil superieur de l assistance publique,Conseil supérieur de l'Assistance Publique,member,person_entry_statement,,136,https://gallica.bnf.fr/ark:/12148/bpt6k5505300s/f160.item,"n membre de la Conférence Consultative; membre du Conseil supérieur de l'Assistance Publique, viceprésident des congrès coloniaux; m",Conseil supérieur de l'Assistance Publique
L1912-00741,COSSON Ernest,L1912-00741,resolved,ORG:chambre de commerce de bizerte,Chambre de Commerce de Bizerte,member,person_entry_statement,,136,https://gallica.bnf.fr/ark:/12148/bpt6k5505300s/f160.item,"e, viceprésident des congrès coloniaux; membre de la Chambre de Commerce de Bizerte. Exploration du Maroc, une partie avec ",Chambre de Commerce de Bizerte
L1912-00741,COSSON Ernest,L1912-00741,resolved,ORG:commerce exterieur de la france,Commerce extérieur de la France,councillor,person_entry_statement,,136,https://gallica.bnf.fr/ark:/12148/bpt6k5505300s/f160.item,"mission Du Gast; Le Riff, avec Delbrel. Conseiller du Commerce extérieur de la France. Médaille d'or Exposition universelle 1",Commerce extérieur de la France
L1912-00748,COURT Gustave,L1912-00748,resolved,ORG:amicale primaire des hautes alpes,Amicale primaire des Hautes Alpes,secretary_general,person_entry_statement,,139,https://gallica.bnf.fr/ark:/12148/bpt6k5505300s/f163.item,"érateur dans la voirie, instituteur. Ex-secrétaire général de l'Amicale primaire des Hautes Alpes; secrétaire général de la Société des H",Amicale primaire des Hautes Alpes
L1912-00748,COURT Gustave,L1912-00748,resolved,ORG:societe des hauts alpins en tunisie,Société des Hauts Alpins en Tunisie,secretary_general,person_entry_statement,,139,https://gallica.bnf.fr/ark:/12148/bpt6k5505300s/f163.item,"de l'Amicale primaire des Hautes Alpes; secrétaire général de la Société des Hauts Alpins en Tunisie. GOUITEAS (Basilio), 1860, Sparte (Grèc",Société des Hauts Alpins en Tunisie
L1912-00748,COURT Gustave,L1912-00748,resolved,ORG:societe,Société,vice_president,person_entry_statement,,139,https://gallica.bnf.fr/ark:/12148/bpt6k5505300s/f163.item,"ssionnaire de gisements miniers. Ancien vice-président de la Société .de Géographie Commerciale de Paris, anc",Société
L1912-00752,CRETE Maurice,L1912-00752,resolved,L1912-00721,Conférence Consultative,member,person_entry_statement,1891,140,https://gallica.bnf.fr/ark:/12148/bpt6k5505300s/f164.item,e raisin les tartres et alcools. Ancien membre de la Conférence Consultative. Membre du Jurj' à l'exposition Univers,Conférence Consultative
L1912-00752,CRETE Maurice,L1912-00752,resolved,ORG:jurj a l exposition universelle,Jurj' à l'exposition Universelle,member,person_entry_statement,,140,https://gallica.bnf.fr/ark:/12148/bpt6k5505300s/f164.item,n membre de la Conférence Consultative. Membre du Jurj' à l'exposition Universelle de 1900. Grand prix à. l'Exposition universelle,Jurj' à l'exposition Universelle
L1912-00762,CUÉNOD Auguste,L1912-00762,resolved,ORG:societe des sciencss medicales,Société des Sciencss médicales,president,person_entry_statement,,142,https://gallica.bnf.fr/ark:/12148/bpt6k5505300s/f166.item,"cin aide-major de 1"" classe de réserve; Président de la Société des Sciencss médicales (1906-1907); président de la Section tun",Société des Sciencss médicales
L1912-00762,CUÉNOD Auguste,L1912-00762,resolved,L1912-02303,Section tunisienne de la Ligue nationale contre l'Alcoolisme,president,person_entry_statement,1902,142,https://gallica.bnf.fr/ark:/12148/bpt6k5505300s/f166.item,été des Sciencss médicales (1906-1907); président de la Section tunisienne de la Ligue nationale contre l'Alcoolisme. TRAVAUX : consultations gratuites pour,Section tunisienne de la Ligue nationale contre l'Alcoolisme
L1912-00765,CURTELIN Jean-Baptiste,L1912-00765,resolved,ORG:conseil municipal de tunis,Conseil municipal de Tunis,delegate,person_entry_statement,,143,https://gallica.bnf.fr/ark:/12148/bpt6k5505300s/f167.item,"oc, 19, Tunis. Juin 1881. Viceprésident délégué du Conseil municipal de Tunis. Consul des PaysBas. Ane. prés, de la S",Conseil municipal de Tunis
L1912-00765,CURTELIN Jean-Baptiste,L1912-00765,resolved,ORG:societe de secours mutuels de la cie des sapeurs pompiers,Société de secours mutuels de la Cie des sapeurs-pompiers,vice_president,person_entry_statement,,143,https://gallica.bnf.fr/ark:/12148/bpt6k5505300s/f167.item,"e la Société française de Bienfaisance, v.-prés. de la Société de secours mutuels des sapeurs-pompiers, prés. bon. du Saint-lluberl-Club, anc.",Société de secours mutuels des sapeurs-pompiers
L1912-00765,CURTELIN Jean-Baptiste,L1912-00765,resolved,L1912-00582,Chambre de Commerce de Tunis,member,person_entry_statement,1885,143,https://gallica.bnf.fr/ark:/12148/bpt6k5505300s/f167.item,"Rapporteur général du 1"" budget, 1907). Membre de la Chambre de Commerce de Tunis, 1892-1896; membre de droit de la Confé",Chambre de Commerce de Tunis
L1912-00767,DABRIGEON Louis-Guslave-Léon-Casimir,L1912-00767,resolved,ORG:chambre mixte du sud,Chambre mixte du Sud,member,person_entry_statement,,145,https://gallica.bnf.fr/ark:/12148/bpt6k5505300s/f169.item,nd. des pharmaciens diplômés tunisiens. Membre de la Chambre Mixte du Sud (2 février 1908). Médaille de bronze à. ,Chambre Mixte du Sud
L1912-00768,DALIOT Léonce-Albert,L1912-00768,resolved,ORG:association generale des etudiants de tunis,Association générale des Etudiants de Tunis,president,person_entry_statement,,145,https://gallica.bnf.fr/ark:/12148/bpt6k5505300s/f169.item,"'artillerie de réserve, à. pied; ancien président de l'Association générale des Etudiants de Tunis.",Association générale des Etudiants de Tunis
L1912-00770,DALLARD Louis-Paul,L1912-00770,resolved,ORG:commission de voirie d ain draham,Commission de voirie d'Aïn-Draham,member,person_entry_statement,,145,https://gallica.bnf.fr/ark:/12148/bpt6k5505300s/f169.item,"commer- . çant, Aïn-Draham. Avril 1884. Membre de la Commission de voirie d'Aïn-Draham. D ALLEMAGNE (Henri), 31 mars 1853, Par",Commission de voirie d'Aïn-Draham
L1912-00773,DANDINE Pierre-Paul-Gaston,L1912-00773,resolved,ORG:municipalite de soukel arba,Municipalité de Soukel-Arba,secretary,person_entry_statement,,146,https://gallica.bnf.fr/ark:/12148/bpt6k5505300s/f170.item,"t 1879, Paris, off. du Nichan-lftikhar. Secrétaire de la Municipalité de Soukel-Arba. 30 nov. 1901. ETUDES : Ecole municipal",Municipalité de Soukel-Arba
L1912-00773,DANDINE Pierre-Paul-Gaston,L1912-00773,resolved,ORG:municipalite de la goulette de 1,Municipalité de La Goulette de 1,secretary,person_entry_statement,,146,https://gallica.bnf.fr/ark:/12148/bpt6k5505300s/f170.item,"Direction de la Sûreté publique (1903); secrétaire de la Municipalité de La Goulette, 1904. Membre et ancien secrétaire, tré",Municipalité de La Goulette
L1912-00773,DANDINE Pierre-Paul-Gaston,L1912-00773,resolved,ORG:conseil d administralon du club gymnastique francais de tunis,Conseil d'administralon du Club Gymnastique Français de Tunis,member,person_entry_statement,,146,https://gallica.bnf.fr/ark:/12148/bpt6k5505300s/f170.item,"es Officiers résidant en Tunisie, 1903. Membre du Conseil d'administralon du Club Gymnastique Français de Tunis, 1903.",Conseil d'administralon du Club Gymnastique Français de Tunis
L1912-00774,DANGELZER Charles,L1912-00774,resolved,ORG:administration centrale de l armee tunisienne tunis,Administration centrale de l'Armée tunisienne Tunis,director,person_entry_statement,,146,https://gallica.bnf.fr/ark:/12148/bpt6k5505300s/f170.item,ef de la Mission militaire de Tunisie ; directeur de l'Administration centrale de l'Armée tunisienne Tunis. Septembre 1881 à mai 1883 et juin 1902,Administration centrale de l'Armée tunisienne Tunis
L1912-00777,DANOS Joseph,L1912-00777,resolved,ORG:association amicale des fonctionnaires de l administration centrale,Association amicale des Fonctionnaires de l'Administration centrale,vice_president,person_entry_statement,,146,https://gallica.bnf.fr/ark:/12148/bpt6k5505300s/f170.item,* d'artill. (groupe de Tunisie). Ancien v.-prés. de l'Association amicale des Fonctionnaires de l'Administration centrale de l'Armée tunisienne.,Association amicale des Fonctionnaires de l'Administration centrale
L1912-00791,DAVID Paul,L1912-00791,resolved,L1912-00548,Cercle civil français de Gabès,secretary,person_entry_statement,1897,148,https://gallica.bnf.fr/ark:/12148/bpt6k5505300s/f172.item,aux Publics. Membre fondateur et ancien secrétaire du Cercle civil français de Gabès. Membre fondateur de la Mutuelle Tunisi,Cercle civil français de Gabès
L1912-00791,DAVID Paul,L1912-00791,resolved,ORG:mutuelle tunisienne et secretaire du groupe a,Mutuelle Tunisienne et secrétaire du groupe A,founder,person_entry_statement,,148,https://gallica.bnf.fr/ark:/12148/bpt6k5505300s/f172.item,aire du Cercle civil français de Gabès. Membre fondateur de la Mutuelle Tunisienne et secrétaire du groupe A. Membre fondateur et ancien secrétaire ,Mutuelle Tunisienne et secrétaire du groupe A
L1912-00791,DAVID Paul,L1912-00791,resolved,ORG:union des employes des services financiers,Union des Employés des Services Financiers,secretary_general,person_entry_statement,,148,https://gallica.bnf.fr/ark:/12148/bpt6k5505300s/f172.item,du groupe A. Membre fondateur et ancien secrétaire général de l'Union des Employés des Services financiers. Mention honorable de la Mutualité. Dau,Union des Employés des Services financiers
L1912-00792,DAVOUX Augusle-Honoré,L1912-00792,resolved,ORG:tribunal civil de l unis,Tribunal civil de 'l'unis,president,person_entry_statement,,148,https://gallica.bnf.fr/ark:/12148/bpt6k5505300s/f172.item,"Dumas,, contrôleur civil et Randet, viceprésident du Tribunal civil de Tunis; MM. Taillard, interprète judiciaire, p",Tribunal civil de Tunis
L1912-00801,DECKER-DAVID Paul-Henry,L1912-00801,resolved,ORG:syndicat des proprietaires de chevaux de pur sang anglais,Syndicat des propriétaires de chevaux de pur sang anglais,vice_president,person_entry_statement,,149,https://gallica.bnf.fr/ark:/12148/bpt6k5505300s/f173.item,ncouragement à l'agriculture • du Gers; v.-prés. du Syndicat des propriétaires de chevaux de pur sang anglais. Publiciste agricole. Ancien maire d'Au,Syndicat des propriétaires de chevaux de pur sang anglais
L1912-00810,DEHENNAULT René,L1912-00810,resolved,ORG:i groupe syndical des travailleurs de la voie ferree a gaffour,I groupe syndical des Travailleurs de la Voie Ferrée à Gaffour,secretary,person_entry_statement,,150,https://gallica.bnf.fr/ark:/12148/bpt6k5505300s/f174.item,e technique de la Compagnie du Nord; ex-secrétaire du I groupe syndical des Travailleurs de la Voie Ferrée à Gaffour; membre actuel du même syndicat à Zagho,I groupe syndical des Travailleurs de la Voie Ferrée à Gaffour
L1912-00812,DEJEANNE Guillaume-Cyprioil,L1912-00812,resolved,ORG:association amicale des anciens eleves du lyces de tarbes,Association amicale des Anciens Elèves du Lycés de Tarbes,member,person_entry_statement,,150,https://gallica.bnf.fr/ark:/12148/bpt6k5505300s/f174.item,"inances, receveur général des Finances. Membre de l'Association amicale des Anciens Elèves du Lycés de Tarbes; membre- du Conseil d'administration du",Association amicale des Anciens Elèves du Lycés de Tarbes
L1912-00813,DELAPONT Albert,L1912-00813,resolved,ORG:comite permanent des fetes de m unis,Comité permanent des fêtes de M'unis,secretary,person_entry_statement,,151,https://gallica.bnf.fr/ark:/12148/bpt6k5505300s/f175.item,ieux; avenue Jules-Ferry. 11 mars 1896. Secrétaire du Comité permanent des fêtes de Tunis. Instaurateur des poubelles à Tunis.,Comité permanent des fêtes de Tunis
L1912-00819,DELMAS Joseph-Frédéric,L1912-00819,resolved,L1912-00721,Conférence Consultative,member,person_entry_statement,1891,151,https://gallica.bnf.fr/ark:/12148/bpt6k5505300s/f175.item,"et de M. Massicault, résident général: .membre de la Conférence Consultative (3° coll. 1"" cire), élu en 1907; membre ",Conférence Consultative
L1912-00819,DELMAS Joseph-Frédéric,L1912-00819,resolved,ORG:comite de l association generale des etudiants de paris,Comité de l'Association générale des étudiants de Paris-,member,person_entry_statement,,151,https://gallica.bnf.fr/ark:/12148/bpt6k5505300s/f175.item,"tative (3° coll. 1"" cire), élu en 1907; membre du Comité de l'Association générale des étudiants de Paris-, 1891-1893; bâtonnier de l'Ordre des Av",Comité de l'Association générale des étudiants de Paris-
L1912-00819,DELMAS Joseph-Frédéric,L1912-00819,resolved,ORG:societe des cadets de gascogne,Société des Cadets de Gascogne,vice_president,person_entry_statement,,151,https://gallica.bnf.fr/ark:/12148/bpt6k5505300s/f175.item,"8. Rapporteur général du budget, 1.909; v.-prés. de la Société des Cadets de Gascogne.",Société des Cadets de Gascogne
L1912-00821,DELMOLINO Alfred,L1912-00821,resolved,ORG:postes et des telegraphes du departement de constantine,Postes et des Télégraphes du département de Constantine,director,person_entry_statement,,151,https://gallica.bnf.fr/ark:/12148/bpt6k5505300s/f175.item," agricole, gr. off. du Nichan-lftikhar. Directeur des Postes et Télégraphes; s.-dir. de l'Office postal tunisien, T",Postes et Télégraphes
L1912-00824,DEMARCQ Henri-Clément,L1912-00824,resolved,L1912-00582,Chambre de Commerce de Tunis,member,person_entry_statement,1885,152,https://gallica.bnf.fr/ark:/12148/bpt6k5505300s/f176.item,ur et fournisseur de pierres de taille. Membre de la Chambre de Commerce de Tunis. V.-prés. de la Société «La Betterave t,Chambre de Commerce de Tunis
L1912-00824,DEMARCQ Henri-Clément,L1912-00824,resolved,ORG:societe,Société,vice_president,person_entry_statement,,152,https://gallica.bnf.fr/ark:/12148/bpt6k5505300s/f176.item,bre de la Chambre de Commerce de Tunis. V.-prés. de la Société «La Betterave tunisienne».,Société
L1912-00826,DEMELLE André,L1912-00826,resolved,ORG:societe des girondins,Sociéte des Girondins,member,person_entry_statement,,152,https://gallica.bnf.fr/ark:/12148/bpt6k5505300s/f176.item,ociété des Sciences médicales de Tunis; membre de la Sociéte des Girondins. Auteur de travaux divers d'histologie.,Sociéte des Girondins
L1912-00827,DEMOULIN René-Lucien,L1912-00827,resolved,ORG:section tunisienne des anciens eleves du chesnoy,Section tunisienne des Anciens élèves du Chesnoy,vice_president,person_entry_statement,,152,https://gallica.bnf.fr/ark:/12148/bpt6k5505300s/f176.item,de Crédit agricole mutuel d'Oued-Ramel; v.-prés. de la Section tunisienne des Anciens élèves du Chesnoy; ex-secr. de l'Ass. des Colons d'Oued-R,Section tunisienne des Anciens élèves du Chesnoy
L1912-00828,DENCAUSE Jean,L1912-00828,resolved,ORG:association des colons francais de la mornaghia,Association des Colons français de la Mornaghia,president,person_entry_statement,,152,https://gallica.bnf.fr/ark:/12148/bpt6k5505300s/f176.item,"a, etc.); campagne de Chine, 1900-1901. Président de l'Association des Colons français de la Mornaghia.",Association des Colons français de la Mornaghia
L1912-00830,DEPIENNE Pierre-Marie,L1912-00830,resolved,ORG:finances de la regence,Finances de la Régence,director,person_entry_statement,,153,https://gallica.bnf.fr/ark:/12148/bpt6k5505300s/f177.item,"ie). Administrateur tunisien et premier directeur des Finances de la Régence. Né à Ploërmel (Morbihan), en 1831, mor",Finances de la Régence
L1912-00832,DEPLANCHE Pierre,L1912-00832,resolved,ORG:syndicat des proprietaires,Syndicat des propriétaires,president,person_entry_statement,,154,https://gallica.bnf.fr/ark:/12148/bpt6k5505300s/f178.item,ie de l'Est et articles de SaintClaude. Président du Syndicat des propriétaires du. jardin du Barclo; ancien président de ,Syndicat des propriétaires
L1912-00832,DEPLANCHE Pierre,L1912-00832,resolved,ORG:amicale des deux char entes,Amicale des Deux-Char entes,president,person_entry_statement,,154,https://gallica.bnf.fr/ark:/12148/bpt6k5505300s/f178.item,priétaires du. jardin du Barclo; ancien président de l'Amicale des Deux-Char entes.,Amicale des Deux-Char entes
L1912-00837,DESTRÉES Albert-Charles-Ferdinand,L1912-00837,resolved,ORG:societe francaise des mines melalhques,Société Française des Mines mélalhques,director,person_entry_statement,,155,https://gallica.bnf.fr/ark:/12148/bpt6k5505300s/f179.item,"sturienne, de la Société du BouJaber et directeur de la Société Française des Mines mélalhques (1876); prolesseur a.u collège de Moslag",Société Française des Mines mélalhques
L1912-00837,DESTRÉES Albert-Charles-Ferdinand,L1912-00837,resolved,ORG:chambre de commerce du nord,Chambre de Commerce du Nord,member,person_entry_statement,,155,https://gallica.bnf.fr/ark:/12148/bpt6k5505300s/f179.item,"a Conférence Consultative en 1896-1S97. Membre de la Chambre de Commerce du Nord (Le Kef, Mactar el Teboursouk). TRAVAUX ",Chambre de Commerce du Nord
L1912-00838,DESTREES Auguste - Albert - Emile,L1912-00838,resolved,ORG:conseil de l ordre des avocate de tunis,Conseil de l'Ordre des avocate de Tunis,member,person_entry_statement,,155,https://gallica.bnf.fr/ark:/12148/bpt6k5505300s/f179.item," du Béni n. Avocat au Barreau de Tunis. Membre du Conseil de l'ordre des avocate, publiciste, directeur politique du «Co",Conseil de l'ordre des avocate
L1912-00838,DESTREES Auguste - Albert - Emile,L1912-00838,resolved,ORG:association des anciens eleves du lycee de tunis,Association des Anciens Elèves du Lycée de Tunis,president,person_entry_statement,,155,https://gallica.bnf.fr/ark:/12148/bpt6k5505300s/f179.item,"cat a.u barreau de Tunis, depuis 1.901. Président de l'Association des Anciens Elèves du Lycée de Tunis (de 1.901 à 1.911); v.-prés. de la. «Lyr",Association des Anciens Elèves du Lycée de Tunis
L1912-00838,DESTREES Auguste - Albert - Emile,L1912-00838,resolved,ORG:comite du cercle republicain,Comité du Cercle Républicain,secretary_general,person_entry_statement,,155,https://gallica.bnf.fr/ark:/12148/bpt6k5505300s/f179.item,911); v.-prés. de la. «Lyre Française»; secrétaire général du Comité du cercle républicain; membre et secrétaire du conseil de l'O,Comité du cercle républicain
L1912-00841,DHAINE Henri-Désire-Michel,L1912-00841,resolved,ORG:etablissements orosdi back,Etablissements Orosdi-Back,director,person_entry_statement,,156,https://gallica.bnf.fr/ark:/12148/bpt6k5505300s/f180.item,"agricole, off. du Nichan-lftikhar. Sous-directeur des Etablissements Orosdi-Back. 8, av. de Cartilage. Tunis. 21 déc. 19",Etablissements Orosdi-Back
L1912-00841,DHAINE Henri-Désire-Michel,L1912-00841,resolved,ORG:etablissements orosdi back,Etablissements Orosdi-Back,director,person_entry_statement,,156,https://gallica.bnf.fr/ark:/12148/bpt6k5505300s/f180.item,"0:1. Actuellement et depuis 1.901, sons-directeur des Etablissements Orosdi-Back, à. Tunis. Ancien secrétaire de la Soci",Etablissements Orosdi-Back
L1912-00841,DHAINE Henri-Désire-Michel,L1912-00841,resolved,ORG:societe de gymnastique,Société de Gymnastique,secretary,person_entry_statement,,156,https://gallica.bnf.fr/ark:/12148/bpt6k5505300s/f180.item,"issements Orosdi-Back, à. Tunis. Ancien secrétaire de la Société de Gymnastique, de Tir et d'Exercices militaires «La P",Société de Gymnastique
L1912-00841,DHAINE Henri-Désire-Michel,L1912-00841,resolved,ORG:association des comptables du deparlement de la seine,Association des Comptables du déparlement de la Seine,member,person_entry_statement,,156,https://gallica.bnf.fr/ark:/12148/bpt6k5505300s/f180.item,"s mutuels, fondée en 1847, depuis 1883. Membre de l'Association des Comptables du déparlement de la Seine, société de secours mutuels depuis 1.8S",Association des Comptables du déparlement de la Seine
L1912-00841,DHAINE Henri-Désire-Michel,L1912-00841,resolved,ORG:congres national des societes francaises de geographie,Congrès national des Sociétés françaises de géographie,commissioner,person_entry_statement,,156,https://gallica.bnf.fr/ark:/12148/bpt6k5505300s/f180.item,"bienfaiteur de l'Orphelinat des Postes. Commissaire du Congrès des Sociétés de Géographie, Tunis 1.904 ; conduisit les congressis",Congrès des Sociétés de Géographie
L1912-00842,DIACONO Albin - Herménégilde,L1912-00842,resolved,ORG:comite permanent des feles au benefice des hopitaux de marseille traite,Comité permanent des fêles au bénéfice des hôpitaux de Marseille Traite,president,person_entry_statement,,156,https://gallica.bnf.fr/ark:/12148/bpt6k5505300s/f180.item,es maladies genito-urinaire. Ancien viceprésident du Comité permanent des fêles au bénéfice des hôpitaux de Marseille Traitement électro-chirurgical des cancers (fu,Comité permanent des fêles au bénéfice des hôpitaux de Marseille Traite
L1912-00847,DINGUIZLI Moustapha,L1912-00847,resolved,ORG:municipalites de la goulelte,Municipalités de La Goulelte,president,person_entry_statement,,157,https://gallica.bnf.fr/ark:/12148/bpt6k5505300s/f181.item,"00; caïd de la banlieue de Tunis, 1900; président des Municipalités de La Goulelte, Rades, HammamLit et S'-Germain; membre",Municipalités de La Goulelte
L1912-00847,DINGUIZLI Moustapha,L1912-00847,resolved,ORG:comite d escompte de la banque de l algerie,Comité d'escompte de la Banque de l'Algérie,member,person_entry_statement,,157,https://gallica.bnf.fr/ark:/12148/bpt6k5505300s/f181.item,"ulelte, Rades, HammamLit et S'-Germain; membre du Comité d'escompte de la Banque de l'Algérie; prés, de la société sportive «La Victo",Comité d'escompte de la Banque de l'Algérie
L1912-00847,DINGUIZLI Moustapha,L1912-00847,resolved,ORG:comite des fetes de tunis,Comité des Fêtes de Tunis,vice_president,person_entry_statement,,157,https://gallica.bnf.fr/ark:/12148/bpt6k5505300s/f181.item,", de la société sportive «La Victoire»; v.-prés. du Comité des Fêtes de Tunis.",Comité des Fêtes de Tunis
L1912-00856,DIRSSINE,L1912-00856,resolved,ORG:societe musulmane de bienfaisance de bizerle,Société musulmane de bienfaisance de Bizerle,founder,person_entry_statement,,158,https://gallica.bnf.fr/ark:/12148/bpt6k5505300s/f182.item,ancien notaire à Teboursouk el à Tunis. Membre fondateur de la Société musulmane de bienfaisance de Bizerle.,Société musulmane de bienfaisance de Bizerle
L1912-00857,DISEGNI A.,L1912-00857,resolved,ORG:ja societe italienne de gymnastique,Ja Société italienne de Gymnastique,treasurer,person_entry_statement,,158,https://gallica.bnf.fr/ark:/12148/bpt6k5505300s/f182.item,"e «La Coonérativa llaliana», conseiller trésorier de Ja Société italienne de Gymnastique, conseiller de la Société de bienfaisan",Ja Société italienne de Gymnastique
L1912-00857,DISEGNI A.,L1912-00857,resolved,ORG:conseil d administration de la societe de bienfaisance italienne de m u,Conseil d'administration de la Société de Bienfaisance italienne de M'u,councillor,person_entry_statement,,158,https://gallica.bnf.fr/ark:/12148/bpt6k5505300s/f182.item,"de Ja Société italienne de Gymnastique, conseiller de la Société de bienfaisance italienne, vice-président de la «Stella d'ilalia»",Société de bienfaisance italienne
L1912-00857,DISEGNI A.,L1912-00857,resolved,ORG:societe de geographie italienne de rome,Société de Géographie italienne de Rome,treasurer,person_entry_statement,,158,https://gallica.bnf.fr/ark:/12148/bpt6k5505300s/f182.item,"vice-président de la «Stella d'ilalia», trésorier de la Société italienne de géographie.",Société italienne de géographie
L1912-00862,DJAIBI Mohamed,L1912-00862,resolved,ORG:societe de gymnastique,Société de Gymnastique,member,person_entry_statement,,158,https://gallica.bnf.fr/ark:/12148/bpt6k5505300s/f182.item, ETUDES : Grande Mosquée et Khaldounia. Membre de la Société de Gymnastique «La Musulmane»; directeur du journal «Es,Société de Gymnastique
L1912-00902,DJEHANE,L1912-00902,resolved,ORG:comite local cle l orphelinat de l enseignement primaire,Comité tunisien de l'Orphelinat de l'enseignement primaire,member,person_entry_statement,,160,https://gallica.bnf.fr/ark:/12148/bpt6k5505300s/f184.item,e Sadiki et Alaoui; brevet élémentaire. Membre de l'Amicale de l'Enseignement primaire; membre de la société de gymnastique «L,Amicale de l'Enseignement primaire
L1912-00929,DOLLIN DU FRESNEL Frôdéric-Jules-Ernest,L1912-00929,resolved,L1912-00582,Chambre de Commerce de Tunis,member,person_entry_statement,1885,162,https://gallica.bnf.fr/ark:/12148/bpt6k5505300s/f186.item,"teur commercial à Alger de 1905 à 1908. Membre de la Chambre de Commerce de Tunis, pendant trois ans. Fondateur de la Sec",Chambre de Commerce de Tunis
L1912-00929,DOLLIN DU FRESNEL Frôdéric-Jules-Ernest,L1912-00929,resolved,ORG:seclion tunisienne de la societe de geographie commerciale de paris,Seclion tunisienne de la Société de Géographie commerciale de Paris,founder,person_entry_statement,,162,https://gallica.bnf.fr/ark:/12148/bpt6k5505300s/f186.item,"e Commerce de Tunis, pendant trois ans. Fondateur de la Seclion tunisienne de la Société de Géographie commerciale de Paris et secrétaire général du Congrès national d",Seclion tunisienne de la Société de Géographie commerciale de Paris
L1912-00929,DOLLIN DU FRESNEL Frôdéric-Jules-Ernest,L1912-00929,resolved,ORG:congres national des societes francaises de geographie,Congrès national des Sociétés françaises de géographie,secretary_general,person_entry_statement,,162,https://gallica.bnf.fr/ark:/12148/bpt6k5505300s/f186.item,"é de Géographie commerciale de Paris et secrétaire général du Congrès national des Sociétés françaises de géographie (Tunis, 1904). A collaboré à la fondatio",Congrès national des Sociétés françaises de géographie
L1912-00929,DOLLIN DU FRESNEL Frôdéric-Jules-Ernest,L1912-00929,resolved,ORG:section de tunis,Section de Tunis,founder,person_entry_statement,,162,https://gallica.bnf.fr/ark:/12148/bpt6k5505300s/f186.item,"la fondation de l'Institut de Carthage, fondateur de la Section de Tunis des «Prévoyants de l'Avenis», dont il fui pr",Section de Tunis
L1912-00931,DOMELA Théodore,L1912-00931,resolved,ORG:college royal des chirurgiens d angleterre et membre associe du college,Collège royal des chirurgiens d'Angleterre et membre associe du Collège,member,person_entry_statement,,163,https://gallica.bnf.fr/ark:/12148/bpt6k5505300s/f187.item,s et Paris ; élève du professeur Roux ; membre du Collège royal des chirurgiens d'Angleterre et membre associe du Collège royal des médecins de Londres; correspo,Collège royal des chirurgiens d'Angleterre et membre associe du Collège
L1912-00947,DRAMARD Pierre-Marie,L1912-00947,resolved,ORG:tribunal,Tribunal,vice_president,person_entry_statement,,165,https://gallica.bnf.fr/ark:/12148/bpt6k5505300s/f189.item,. de l'ordre de SaintCharles de Monaco. Vice-président du Tribunal. Tunis. Déc. 1886. ETUDES : lycées de S,Tribunal
L1912-00951,DRIB Salah,L1912-00951,resolved,ORG:societe musulmane de bienfaisance a bizerte,Société musulmane de Bienfaisance à Bizerte,president,person_entry_statement,,165,https://gallica.bnf.fr/ark:/12148/bpt6k5505300s/f189.item,Mos quée de Tunis; diplôme de moutaoua. Président de la Société musulmane de Bienfaisance à Bizerte.,Société musulmane de Bienfaisance à Bizerte
L1912-00957,DUBOS Henri,L1912-00957,resolved,ORG:municipalite de tunis,Municipalité de Tunis,president,person_entry_statement,,166,https://gallica.bnf.fr/ark:/12148/bpt6k5505300s/f190.item,"es ordres de M. le Sénateur Krantz. Viceprésident de la Municipalité de Tunis, de 1883 a 1888, son passage aux affair",Municipalité de Tunis
L1912-00959,DUBOURDIEU Gaslon-Louis-CharlesClément,L1912-00959,resolved,ORG:societe de prevoyance des fonctionnaires et employes tunisiens,Société de prévoyance des fonctionnaires et employés tunisiens,president,person_entry_statement,,166,https://gallica.bnf.fr/ark:/12148/bpt6k5505300s/f190.item,nce le grade de directeur des Domaines. Président de la Société de prévoyance des fonctionnaires et employés tunisiens.,Société de prévoyance des fonctionnaires et employés tunisiens
L1912-00961,DUCLOS Bibiano,L1912-00961,resolved,L1912-00721,Conférence Consultative,member,person_entry_statement,1891,166,https://gallica.bnf.fr/ark:/12148/bpt6k5505300s/f190.item,"s. Capitaine d'artillerie territoriale. Membre de la Conférence Consultative (2"" coll., 1"" cire), élu en 1905; réélu ",Conférence Consultative
L1912-00961,DUCLOS Bibiano,L1912-00961,resolved,ORG:comite de la federation des cercles tunisiens et du cercle de tunis,Comité de la Fédération des Cercles tunisiens et du Cercle de Tunis,vice_president,person_entry_statement,,166,https://gallica.bnf.fr/ark:/12148/bpt6k5505300s/f190.item,"07. Prés, du Club gymnastique français; v.-prés. du Comité de la Fédération des Cercles tunisiens et du Cercle de Tunis de la Ligue de l'Enseignement; membre du Co",Comité de la Fédération des Cercles tunisiens et du Cercle de Tunis
L1912-00961,DUCLOS Bibiano,L1912-00961,resolved,ORG:comite de permanence de l union des societes de gymnastique de france,Comité de permanence de l'Union des Sociétés de gymnastique de France,member,person_entry_statement,,166,https://gallica.bnf.fr/ark:/12148/bpt6k5505300s/f190.item,de Tunis de la Ligue de l'Enseignement; membre du Comité de permanence de l'Union des Sociétés de gymnastique de France.,Comité de permanence de l'Union des Sociétés de gymnastique de France
L1912-00965,DUFFO Louis,L1912-00965,resolved,L1912-00721,Conférence Consultative,member,person_entry_statement,1891,166,https://gallica.bnf.fr/ark:/12148/bpt6k5505300s/f190.item," et à Aïn-el-Asker. Ancien instituteur. Membre de la Conférence Consultative (1"" coll. 1™ cire). Membre de la Chambre",Conférence Consultative
L1912-00965,DUFFO Louis,L1912-00965,resolved,ORG:chambre d agriculture,Chambre d'Agriculture,member,person_entry_statement,,166,https://gallica.bnf.fr/ark:/12148/bpt6k5505300s/f190.item,"érence Consultative (1"" coll. 1™ cire). Membre de la Chambre d'Agriculture depuis 1906. Président du Syndicat général obligato",Chambre d'Agriculture
L1912-00965,DUFFO Louis,L1912-00965,resolved,ORG:syndicat general obligatoire des viticulteurs de la regence de tunis,Syndicat général obligatoire des Viticulteurs de la Régence de Tunis,president,person_entry_statement,,166,https://gallica.bnf.fr/ark:/12148/bpt6k5505300s/f190.item,e la Chambre d'Agriculture depuis 1906. Président du Syndicat général obligatoire des Viticulteurs de la Régence de Tunis.,Syndicat général obligatoire des Viticulteurs de la Régence de Tunis
L1912-00970,DUMERGUE,L1912-00970,resolved,ORG:chambre de commerce,Chambre de Commerce,vice_president,person_entry_statement,,167,https://gallica.bnf.fr/ark:/12148/bpt6k5505300s/f191.item,"ier député de la Nation, 1.S75 et 1878. Vice-président de la Chambre de Commerce, 1885.",Chambre de Commerce
L1912-00971,DUMONT Ernest,L1912-00971,resolved,ORG:chambre d agriculture,Chambre d'Agriculture,secretary_general,person_entry_statement,,167,https://gallica.bnf.fr/ark:/12148/bpt6k5505300s/f191.item,"éral des viticulteurs, ancien membre et secrétaire général de la Chambre d'Agriculture, ancien membre de la Conférence Consult",Chambre d'Agriculture
L1912-00971,DUMONT Ernest,L1912-00971,resolved,L1912-00721,Conférence Consultative,member,person_entry_statement,1891,167,https://gallica.bnf.fr/ark:/12148/bpt6k5505300s/f191.item,"ral de la Chambre d'Agriculture, ancien membre de la Conférence Consultative. Missions viticoles en Algérie en 1S86 ",Conférence Consultative
L1912-00972,DUMONT Pierre-Henri,L1912-00972,resolved,ORG:syndicat de la presse scientifique,Syndicat de la Presse scientifique,member,person_entry_statement,,167,https://gallica.bnf.fr/ark:/12148/bpt6k5505300s/f191.item,ous-lieutenant de réserve d'artillerie. Membre du Syndicat de la Presse scientifique. Service spécial d'études et de projets,Syndicat de la Presse scientifique
L1912-00974,DUPLAV Jacques-Louis,L1912-00974,resolved,ORG:compagnie des sapeurs pompiers,Compagnie des sapeurs-pompiers,founder,person_entry_statement,,168,https://gallica.bnf.fr/ark:/12148/bpt6k5505300s/f192.item,"s de Tunis depuis sa fondation en 1894. Fondateur de la Compagnie des sapeurs-pompiers, 1889; ancien capitaine commandant de c",Compagnie des sapeurs-pompiers
L1912-00976,DUPOUX,L1912-00976,resolved,ORG:chambre mixte du centre et ancien vice president de celte associa lion,Chambre mixte du Centre et ancien vice-président de celte associa lion,vice_president,person_entry_statement,,168,https://gallica.bnf.fr/ark:/12148/bpt6k5505300s/f192.item,r municipal do Kairouan de 1896 à 1903; vice-président de la Chambre Mixte du Centre de 1.903 à. fin juin 1905. Président de l'as,Chambre Mixte du Centre de 1
L1912-00976,DUPOUX,L1912-00976,resolved,L1912-00583,Chambre Mixte du Centre,member,person_entry_statement,1892,168,https://gallica.bnf.fr/ark:/12148/bpt6k5505300s/f192.item,des colons dg Pichon de 1.909 à. 191.0. Membre de la Chambre Mixte du Centre. Médaille argent grand module Concours ,Chambre Mixte du Centre
L1912-00989,DUVAU Albert,L1912-00989,resolved,ORG:office de colonisation de la tunisie,Office de Colonisation de la Tunisie,director,person_entry_statement,,169,https://gallica.bnf.fr/ark:/12148/bpt6k5505300s/f193.item," du Cambodge, coin' du Nichan-Iftikhar. Directeur de l'Office de Colonisation de la Tunisie, propriétaire du «Clos des Jardins de C",Office de Colonisation de la Tunisie
L1912-00989,DUVAU Albert,L1912-00989,resolved,ORG:institut colonial de marseille,Institut Colonial de Marseille,corresponding_member,person_entry_statement,,169,https://gallica.bnf.fr/ark:/12148/bpt6k5505300s/f193.item,"s; expert du Crédit Foncier de Tunisie, membre correspondant de l'Institut Colonial de Marseille. A été secrétaire général du Comice agr",Institut Colonial de Marseille
L1912-00989,DUVAU Albert,L1912-00989,resolved,ORG:syndicat general obligatoire des viticulteurs de la regence de tunis,Syndicat général obligatoire des Viticulteurs de la Régence de Tunis,secretary_general,person_entry_statement,,169,https://gallica.bnf.fr/ark:/12148/bpt6k5505300s/f193.item,"icole de la Tunisie, etc., actuellement secrétaire général du Syndicat obligatoire des Viticulteurs, président de la Section E de l'Assista",Syndicat obligatoire des Viticulteurs
L1912-00989,DUVAU Albert,L1912-00989,resolved,ORG:societe d assistance mutuelle en cas cle deces outre les fonctionnaires,Société d'assistance mutuelle en cas cle décès outre les fonctionnaires,president,person_entry_statement,,169,https://gallica.bnf.fr/ark:/12148/bpt6k5505300s/f193.item," Syndicat obligatoire des Viticulteurs, président de la Section E de l'Assistance Mutuelle Tunisienne. TRAVAUX : à Paris : publications diver",Section E de l'Assistance Mutuelle Tunisienne
L1912-00989,DUVAU Albert,L1912-00989,resolved,ORG:chambres d agriculture et de commerce de tunisie a l exposition univers,Chambres d'agriculture et de commerce de Tunisie à l'Exposition Univers,delegate,person_entry_statement,,169,https://gallica.bnf.fr/ark:/12148/bpt6k5505300s/f193.item,atuit des. ouvriers agricoles français. Délégué des Chambres d'agriculture et de commerce de Tunisie à l'Exposition Universelle de Paris 1900. 3E,Chambres d'agriculture et de commerce de Tunisie à l'Exposition Univers
L1912-01001,EIGENSCHENCK Charlotte,L1912-01001,resolved,ORG:societe geologique de france et a publie plus de 150 articles ou etudes,Société géologique de France et a publié plus de 150 articles ou études,member,person_entry_statement,,173,https://gallica.bnf.fr/ark:/12148/bpt6k5505300s/f197.item,ns et à la Compagnie P.-L.-M.; il était membre de la Société géologique de France et a publié plus de 150 articles ou études remarqués clans des revues scientifique,Société géologique de France et a publié plus de 150 articles ou études
L1912-01012,EL ANNABI Béchir,L1912-01012,resolved,L1912-00154,Association des anciens élèves du Collège Sadiki,member,person_entry_statement,1905,174,https://gallica.bnf.fr/ark:/12148/bpt6k5505300s/f198.item,"0, interprète de mairie de 1900 à 1907. Membre de l'Association des anciens élèves du Collège Sadiki. A abandonné volontairement l'administr",Association des anciens élèves du Collège Sadiki
L1912-01031,EL FOURATI Mohammed,L1912-01031,resolved,ORG:conference consultative pour le controle de bizerte,Conférence Consultative pour le contrôle de Bizerte,member,person_entry_statement,,175,https://gallica.bnf.fr/ark:/12148/bpt6k5505300s/f199.item,"f. d'Académie, off. du Nichan-lftikhar. Membre de la Conférence Consultative pour le contrôle de Tunis, depuis 1907 ; secrétaire élu de la sec",Conférence Consultative pour le contrôle de Tunis
L1912-01052,EL LEZZAM Abderrahmane,L1912-01052,resolved,ORG:conference consultative pour le controle de bizerte,Conférence Consultative pour le contrôle de Bizerte,member,person_entry_statement,,177,https://gallica.bnf.fr/ark:/12148/bpt6k5505300s/f201.item,EL LEZZAM (Abderrahmane). Membre de la Conférence Consultative pour le contrôle de Bizerte depuis 1907.,Conférence Consultative pour le contrôle de Bizerte
L1912-01066,EMONTS Charles,L1912-01066,resolved,ORG:direction des antiquites et arts,Direction des Antiquités et Arts,secretary,person_entry_statement,,177,https://gallica.bnf.fr/ark:/12148/bpt6k5505300s/f201.item,"e, off. du Nichan-lftikhar. Architecte; secrétaire de la Direction des Antiquités et Arts. Janv. 1907. ETUDES : Ecole nationale d",Direction des Antiquités et Arts
L1912-01066,EMONTS Charles,L1912-01066,resolved,ORG:association des anc,Association des anc,president,person_entry_statement,,177,https://gallica.bnf.fr/ark:/12148/bpt6k5505300s/f201.item,Ecole des HautesEtudes. Fondateur et ex-président de l'Association des anc.-élôves de l'Ecole nationale des Arts d,Association des anc
L1912-01072,ENDIGNOUX Auguste-Philippe-Adolphe-Marie,L1912-01072,resolved,ORG:bibliotheque populaire de gaffour,Bibliothèque populaire de Gaffour,president,person_entry_statement,,177,https://gallica.bnf.fr/ark:/12148/bpt6k5505300s/f201.item, en Algérie et en Tunisie; actuellement président de la Bibliothèque populaire de Gaffour. Collaboration à la création d'Enfidavi,Bibliothèque populaire de Gaffour
L1912-01082,ENRIQUEZ Guillaume,L1912-01082,resolved,ORG:comite executif du parti radical et radical socialiste,Comité exécutif du Parti radical et radical-socialiste,member,person_entry_statement,,179,https://gallica.bnf.fr/ark:/12148/bpt6k5505300s/f203.item,roit. Juge de paix suppléant du X° arr. Membre du Comité exécutif du Parti radical et radical-socialiste; avocat conseil de la Société de secour,Comité exécutif du Parti radical et radical-socialiste
L1912-01093,EPINAT Alexandre,L1912-01093,resolved,ORG:chambre mixte du centre et ancien vice president de celte associa lion,Chambre mixte du Centre et ancien vice-président de celte associa lion,member,person_entry_statement,,181,https://gallica.bnf.fr/ark:/12148/bpt6k5505300s/f205.item,ile d'olive. Suppléant du juge de paix; membre de la Chambre mixte du Centre et ancien vice-président de celte associa lion; ancien vice-président délégué de la Mu,Chambre mixte du Centre et ancien vice-président de celte associa lion
L1912-01093,EPINAT Alexandre,L1912-01093,resolved,ORG:municipalite de mahdia,Municipalité de Mahdia,delegate,person_entry_statement,,181,https://gallica.bnf.fr/ark:/12148/bpt6k5505300s/f205.item,lte associa lion; ancien vice-président délégué de la Municipalité de Mahdia.,Municipalité de Mahdia
L1912-01094,EPINAT Charles,L1912-01094,resolved,ORG:commission de voirie de tabarca et membre de la commission scolaire,Commission de voirie de Tabarca et membre de la Commission scolaire,president,person_entry_statement,,181,https://gallica.bnf.fr/ark:/12148/bpt6k5505300s/f205.item,u Nichan-lftikhar. Colon et industriel; président de la Commission scolaire. Mahdia (Tunisie). ETUDES : première éc,Commission scolaire
L1912-01099,ESCANO Ernest,L1912-01099,resolved,ORG:conseil d administration et caissier de l hopital colonial italien,Conseil d'administration et caissier de l'hôpital colonial italien,member,person_entry_statement,,183,https://gallica.bnf.fr/ark:/12148/bpt6k5505300s/f207.item,. ETUDES : collège des Frères de Tunis. Membre du Conseil d'administration et caissier de l'hôpital colonial italien; membre fondateur et assesseur du Comit,Conseil d'administration et caissier de l'hôpital colonial italien
L1912-01099,ESCANO Ernest,L1912-01099,resolved,ORG:comite permanent des fetes de m unis,Comité permanent des fêtes de M'unis,assessor,person_entry_statement,,183,https://gallica.bnf.fr/ark:/12148/bpt6k5505300s/f207.item,l colonial italien; membre fondateur et assesseur du Comité permanent des fêtes de Tunis.,Comité permanent des fêtes de Tunis
L1912-01102,ESPITALIER Jules,L1912-01102,resolved,ORG:societe des auteurs et compositeurs dramatiques,Société des Auteurs et Compositeurs dramatiques,member,person_entry_statement,,183,https://gallica.bnf.fr/ark:/12148/bpt6k5505300s/f207.item,"pal de Tunis : membre cie divers jurys; membre de la Société des auteurs et compositeurs, Paris. Décédé à Tunis en 1910. «Es Sab",Société des auteurs et compositeurs
L1912-01105,Essor L',L1912-01105,resolved,L1912-00721,Conférence Consultative,member,person_entry_statement,1891,183,https://gallica.bnf.fr/ark:/12148/bpt6k5505300s/f207.item,"onneur. Prés, d'honn.: M. Paul Lambert, membre de la Conférence Consultative, délégué général pour la Tunisie du Thé",Conférence Consultative
L1912-01106,ESTIBAL Jean-Romain.-Camille,L1912-01106,resolved,ORG:societe de prevoyance des fonctionnaires et employes tunisiens,Société de prévoyance des fonctionnaires et employés tunisiens,director,person_entry_statement,,183,https://gallica.bnf.fr/ark:/12148/bpt6k5505300s/f207.item,en secrétaire de contrôle civil; ancien administrateur de la Société de prévoyance des fonctionnaires tunisiens; membre du Comité régional de la « Vinc,Société de prévoyance des fonctionnaires tunisiens
L1912-01106,ESTIBAL Jean-Romain.-Camille,L1912-01106,resolved,ORG:comite regional de,Comité régional de,member,person_entry_statement,,183,https://gallica.bnf.fr/ark:/12148/bpt6k5505300s/f207.item,révoyance des fonctionnaires tunisiens; membre du Comité régional de la « Vincennoise »; ancien receveur buralis,Comité régional de
L1912-01111,EYMON Louis,L1912-01111,resolved,ORG:societe des hoteliers,Société des Hôteliers,councillor,person_entry_statement,,184,https://gallica.bnf.fr/ark:/12148/bpt6k5505300s/f208.item,ollèue Saint-Louis. Membre fondateur et conseiller de la Société des Hôteliers; membre actif de la Société d'Avicultur,Société des Hôteliers
L1912-01112,FABRY Paul-Auguste,L1912-01112,resolved,ORG:tribunal civil de l unis,Tribunal civil de 'l'unis,president,person_entry_statement,,185,https://gallica.bnf.fr/ark:/12148/bpt6k5505300s/f209.item,"ésident, procureur de la. République el président du Tribunal civil de 'l'unis. Conseiller à. la. Cour d'Appel de Pari",Tribunal civil de 'l'unis
L1912-01116,FARGEON Jacques-Raoul,L1912-01116,resolved,ORG:section litteraire de la mutuelle ouvriere,Section littéraire de la Mutuelle Ouvrière,director,person_entry_statement,,186,https://gallica.bnf.fr/ark:/12148/bpt6k5505300s/f210.item,collaborateur au «Courrier de Tunisie». Directeur de la Section littéraire de la Mutuelle Ouvrière. OUVRAGES : «Du Bahira au Sahel» (croqu,Section littéraire de la Mutuelle Ouvrière
L1912-01119,FATH Charles,L1912-01119,resolved,ORG:conseil de surveillance et administrateur,Conseil de surveillance et administrateur,member,person_entry_statement,,186,https://gallica.bnf.fr/ark:/12148/bpt6k5505300s/f210.item,"iale de Marseille, 1906). Juillet 1881. Membre du Conseil de surveillance et administrateur du «Bulletin» de l'Association Mutuelle Tun",Conseil de surveillance et administrateur
L1912-01119,FATH Charles,L1912-01119,resolved,ORG:union des travailleurs francais,Union des Travailleurs français,founder,person_entry_statement,,186,https://gallica.bnf.fr/ark:/12148/bpt6k5505300s/f210.item,» de l'Association Mutuelle Tunisienne. Membre fondateur de l'Union des Travailleurs français.,Union des Travailleurs français
L1912-01124,FAURE-DÈRE François,L1912-01124,resolved,ORG:association des colons de beja et de l association des colons des nefza,Association des Colons de Béja et de l'Association des Colons des Nefza,president,person_entry_statement,,186,https://gallica.bnf.fr/ark:/12148/bpt6k5505300s/f210.item,a.Septembre 1898. Bachelier es lettres. Président de l'Association des Colons de Béja et de l'Association des Colons des Nefza; membre de la Chambre cl Agriculture du,Association des Colons de Béja et de l'Association des Colons des Nefza
L1912-01124,FAURE-DÈRE François,L1912-01124,resolved,ORG:chambre cl agriculture du nord,Chambre cl Agriculture du Nord,member,person_entry_statement,,186,https://gallica.bnf.fr/ark:/12148/bpt6k5505300s/f210.item, de l'Association des Colons des Nefza; membre de la Chambre cl Agriculture du Nord; délégué de la Conférence Consultative ,Chambre cl Agriculture du Nord
L1912-01124,FAURE-DÈRE François,L1912-01124,resolved,L1912-00721,Conférence Consultative,delegate,person_entry_statement,1891,186,https://gallica.bnf.fr/ark:/12148/bpt6k5505300s/f210.item,"e de la Chambre cl Agriculture du Nord; délégué de la Conférence Consultative (1"" collège, contrôle de Béja).",Conférence Consultative
L1912-01144,FERRY Jules-François-Camille,L1912-01144,resolved,ORG:defense nationale et prefet de la seine,Défense Nationale et préfet de la Seine,member,person_entry_statement,,188,https://gallica.bnf.fr/ark:/12148/bpt6k5505300s/f212.item,"é de la Seine en 1.869; au i Septembre, membre de la Défense Nationale et préfet de la Seine, lutta, contre, le gouvernement de 1' «",Défense Nationale et préfet de la Seine
L1912-01144,FERRY Jules-François-Camille,L1912-01144,resolved,ORG:conseil en septembre 1880,Conseil en septembre 1880,president,person_entry_statement,,188,https://gallica.bnf.fr/ark:/12148/bpt6k5505300s/f212.item,"tion des congrégations non furtorisêes. Président du Conseil en septembre 1880, il instaura pour la France une politiq",Conseil en septembre 1880
L1912-01144,FERRY Jules-François-Camille,L1912-01144,resolved,ORG:conseil,Conseil,president,person_entry_statement,,188,https://gallica.bnf.fr/ark:/12148/bpt6k5505300s/f212.item,"affaires étrangères en 1S83. De nouveau président du Conseil, il voulu continuer sa politique coloni",Conseil
L1912-01147,FESLER,L1912-01147,resolved,ORG:societe,Société,vice_president,person_entry_statement,,188,https://gallica.bnf.fr/ark:/12148/bpt6k5505300s/f212.item,profit d'oeuvres charitables; est nommé Vice-président de la Société «l'Art Dramatique»; traduit et fait joue,Société
L1912-01147,FESLER,L1912-01147,resolved,L1912-02493,Syndicat de la Presse tunisienne,member,person_entry_statement,1905,188,https://gallica.bnf.fr/ark:/12148/bpt6k5505300s/f212.item,"atica » et du « Nuovo Thealro» (Milan); membre du Syndicat de la Presse tunisienne; membre de la Société des Auteurs et, C",Syndicat de la Presse tunisienne
L1912-01147,FESLER,L1912-01147,resolved,ORG:societe des auteurs,Société des Auteurs,member,person_entry_statement,,188,https://gallica.bnf.fr/ark:/12148/bpt6k5505300s/f212.item,"re du Syndicat de la Presse tunisienne; membre de la Société des Auteurs et, Compositeurs dramatiques. La famille F",Société des Auteurs
L1912-01157,FILIPFI Antoine,L1912-01157,resolved,ORG:postes et des telegraphes du departement de constantine,Postes et des Télégraphes du département de Constantine,president,person_entry_statement,,190,https://gallica.bnf.fr/ark:/12148/bpt6k5505300s/f214.item,e principale des Postes à Tunis; ancien président de l'Association amicale des Postes et Télégraphes; membre fondateur de l'Assistance Mutue,Association amicale des Postes et Télégraphes
L1912-01157,FILIPFI Antoine,L1912-01157,resolved,L1912-00139,Assistance Mutuelle Tunisienne,founder,person_entry_statement,1901,190,https://gallica.bnf.fr/ark:/12148/bpt6k5505300s/f214.item,tion amicale des Postes et Télégraphes; membre fondateur de l'Assistance Mutuelle Tunisienne; membre fondateur du «Prolétaire prévoy,Assistance Mutuelle Tunisienne
L1912-01157,FILIPFI Antoine,L1912-01157,resolved,ORG:caisse d economie franco tunisienne,Caisse d'économie franco-tunisienne,treasurer,person_entry_statement,,190,https://gallica.bnf.fr/ark:/12148/bpt6k5505300s/f214.item,"e de .1'«Avenir du Prolétariat»; ancien trésorier de la Caisse d'économie franco-tunisienne; ancien, membre du Conseil d'administra",Caisse d'économie franco-tunisienne
L1912-01157,FILIPFI Antoine,L1912-01157,resolved,ORG:conseil d administration de la societe,Conseil d'administration de la Société,member,person_entry_statement,,190,https://gallica.bnf.fr/ark:/12148/bpt6k5505300s/f214.item,"e d'économie franco-tunisienne; ancien, membre du Conseil d'administration de la Société « La Corse». Reçu au surnumérariat des P",Conseil d'administration de la Société
L1912-01161,FINOCCHI Louis,L1912-01161,resolved,ORG:union des employes des services financiers,Union des Employés des Services Financiers,vice_president,person_entry_statement,,191,https://gallica.bnf.fr/ark:/12148/bpt6k5505300s/f215.item,"r. de la société «La Corse», 1902-1909; v.-prés. de l'Union des Employés des services financiers.",Union des Employés des services financiers
L1912-01165,FITOUSSI Elle,L1912-01165,resolved,L1912-00721,Conférence Consultative,member,person_entry_statement,1891,192,https://gallica.bnf.fr/ark:/12148/bpt6k5505300s/f216.item,é à la Direction générale des Finances. Membre de la Conférence Consultative depuis 1907. Rapporteur général du budget de la sec,Conférence Consultative
L1912-01165,FITOUSSI Elle,L1912-01165,resolved,ORG:comite tunisien de l action republicaine aux colonies,Comité tunisien de l'Action républicaine aux Colonies,member,person_entry_statement,,192,https://gallica.bnf.fr/ark:/12148/bpt6k5505300s/f216.item,vocat conseil du Syndicat de la Presse; membre du Comité tunisien de l'Action républicaine aux Colonies; membre du bureau directeur du Comité d,Comité tunisien de l'Action républicaine aux Colonies
L1912-01165,FITOUSSI Elle,L1912-01165,resolved,ORG:comite d hivernage,Comité d'hivernage,director,person_entry_statement,,192,https://gallica.bnf.fr/ark:/12148/bpt6k5505300s/f216.item,"blicaine aux Colonies; membre du bureau directeur du Comité d'hivernage; président du «Sporting-Club», etc. Mem",Comité d'hivernage
L1912-01165,FITOUSSI Elle,L1912-01165,resolved,ORG:commission de reforme de la legislation miniere clans la regence,Commission de réforme de la législation minière clans la Régence,member,person_entry_statement,,192,https://gallica.bnf.fr/ark:/12148/bpt6k5505300s/f216.item,"age; président du «Sporting-Club», etc. Membre de la Commission de réforme de la législation minière clans la Régence. Auteur de « l'Etat tunisien, son origi",Commission de réforme de la législation minière clans la Régence
L1912-01166,FLACK Félix,L1912-01166,resolved,ORG:amicale de la presse tunisienne du centre et du sud,Amicale de la Presse tunisienne du Centre et du Sud,founder,person_entry_statement,,192,https://gallica.bnf.fr/ark:/12148/bpt6k5505300s/f216.item,resse et des Gens de Lettres de France; membre fondateur de l'Amicale de la Presse du Centre el du Sud; auteur d'une brochure contre l'antimil,Amicale de la Presse du Centre el du Sud
L1912-01169,FLAMANT,L1912-01169,resolved,ORG:ministere de l instruction publique aux expositions cle chicago,Ministère de l'Instruction publique aux Expositions cle Chicago,member,person_entry_statement,,192,https://gallica.bnf.fr/ark:/12148/bpt6k5505300s/f216.item,"ome, puis directrice de l'école aimexe. Membre du Conseil de l'Instruction publique; membre du Conseil d'administration de ",Conseil de l'Instruction publique
L1912-01169,FLAMANT,L1912-01169,resolved,ORG:conseil d administration de l amicale primaire en tunisie,Conseil d'administration de l'Amicale primaire tunisienne,member,person_entry_statement,,192,https://gallica.bnf.fr/ark:/12148/bpt6k5505300s/f216.item,e du Conseil de l'Instruction publique; membre du Conseil d'administration de l'Amicale primaire en Tunisie.,Conseil d'administration de l'Amicale primaire en Tunisie
L1912-01171,FLEURY,L1912-01171,resolved,ORG:comite d hivernage de la tunisie,"Comité d'Hivernage de la ""Tunisie",member,person_entry_statement,,193,https://gallica.bnf.fr/ark:/12148/bpt6k5505300s/f217.item,"omité des fêles de Tunis jusqu'en 1907; membre du Comité d'Hivernage de la ""Tunisie. TRAVAUX : Création (lu service de dili","Comité d'Hivernage de la ""Tunisie"
L1912-01181,FORETS,L1912-01181,resolved,ORG:forets est m,Forêts est M,director,person_entry_statement,,194,https://gallica.bnf.fr/ark:/12148/bpt6k5505300s/f218.item,"des français et 60 gardes indigènes. Le directeur des Forêts est M. Bastien, conservateur des Eaux et, For",Forêts est M
L1912-01182,FORESTIER Georges,L1912-01182,resolved,ORG:union nationale du commerce exterieur,Union nationale du Commerce extérieur,councillor,person_entry_statement,,194,https://gallica.bnf.fr/ark:/12148/bpt6k5505300s/f218.item,"r. Négociant, 75, boni. Pereire, Paris. Conseiller du Commerce extérieur de la. France; président du Comité d'action r",Commerce extérieur de
L1912-01182,FORESTIER Georges,L1912-01182,resolved,ORG:comite d action republicaine radicale el radicale socialiste,Comité d'action républicaine radicale el radicale-socialiste,president,person_entry_statement,,194,https://gallica.bnf.fr/ark:/12148/bpt6k5505300s/f218.item,er du Commerce extérieur de la. France; président du Comité d'action républicaine radicale el radicale-socialiste; président de l'Association des officie,Comité d'action républicaine radicale el radicale-socialiste
L1912-01182,FORESTIER Georges,L1912-01182,resolved,ORG:association des officiers de l instruction publique et d academie,Association des officiers de l'Instruction publique et d'Académie,president,person_entry_statement,,194,https://gallica.bnf.fr/ark:/12148/bpt6k5505300s/f218.item,icaine radicale el radicale-socialiste; président de l'Association des officiers de l'Instruction publique et d'Académie; membre de la Chambre de commerce franç,Association des officiers de l'Instruction publique et d'Académie
L1912-01182,FORESTIER Georges,L1912-01182,resolved,ORG:chambre de commerce francaise de milan,Chambre de commerce française de Milan,member,person_entry_statement,,194,https://gallica.bnf.fr/ark:/12148/bpt6k5505300s/f218.item,e l'Instruction publique et d'Académie; membre de la Chambre de commerce française de Milan; administrateur de la Société toulousai,Chambre de commerce française de Milan
L1912-01182,FORESTIER Georges,L1912-01182,resolved,ORG:societe toulousaine de paris,Société toulousaine de Paris,director,person_entry_statement,,194,https://gallica.bnf.fr/ark:/12148/bpt6k5505300s/f218.item,Chambre de commerce française de Milan; administrateur de la Société toulousaine de Paris; président de l'CEuvre des Enfants du p,Société toulousaine de Paris
L1912-01182,FORESTIER Georges,L1912-01182,resolved,ORG:ceuvre des enfants du premier age,CEuvre des Enfants du premier âge,president,person_entry_statement,,194,https://gallica.bnf.fr/ark:/12148/bpt6k5505300s/f218.item,eur de la Société toulousaine de Paris; président de l'CEuvre des Enfants du premier âge; membre de la Commission executive du p,CEuvre des Enfants du premier âge
L1912-01182,FORESTIER Georges,L1912-01182,resolved,ORG:commission executive du parti radical,Commission executive du parti radical,member,person_entry_statement,,194,https://gallica.bnf.fr/ark:/12148/bpt6k5505300s/f218.item,"de l'CEuvre des Enfants du premier âge; membre de la Commission executive du parti radical, etc. Président du Comité républicain d",Commission executive du parti radical
L1912-01182,FORESTIER Georges,L1912-01182,resolved,ORG:comite republicain du 2e arrondissement de paris,Comité républicain du 2e arrondissement de Paris,president,person_entry_statement,,194,https://gallica.bnf.fr/ark:/12148/bpt6k5505300s/f218.item,"ission executive du parti radical, etc. Président du Comité républicain du 2e arrondissement de Paris. Plusieurs nouvelles parues dans «le Ra",Comité républicain du 2e arrondissement de Paris
L1912-01182,FORESTIER Georges,L1912-01182,resolved,ORG:jury aux expositions internationales,Jury aux Expositions internationales,member,person_entry_statement,,194,https://gallica.bnf.fr/ark:/12148/bpt6k5505300s/f218.item,"u Bien; Médaille d'or et hors concours, membre du Jury aux Expositions internationales de 1902 à. 1906, etc. A fait de nombreuses confér",Jury aux Expositions internationales
L1912-01189,FOULQUIER Edisle,L1912-01189,resolved,L1912-02418,Société française de Bienfaisance de Bizerte,president,person_entry_statement,1901,196,https://gallica.bnf.fr/ark:/12148/bpt6k5505300s/f220.item, ETUDES : Faculté de médecine de Paris. Président de la Société française de Bienfaisance de Bizerte.,Société française de Bienfaisance de Bizerte
L1912-01198,FRÊMAUX Paul,L1912-01198,resolved,ORG:societe des concerts du conservatoire,Société des concerts du Conservatoire,member,person_entry_statement,,197,https://gallica.bnf.fr/ark:/12148/bpt6k5505300s/f221.item,"CESS 1 : Orchestre de l'Opéra de Paris, membre de la Société des concerts du Conservatoire, chef d'orchestre du théâtre et des con",Société des concerts du Conservatoire
L1912-01198,FRÊMAUX Paul,L1912-01198,resolved,ORG:ecole de musique de tunis,Ecole de Musique de Tunis,director,person_entry_statement,,197,https://gallica.bnf.fr/ark:/12148/bpt6k5505300s/f221.item,"gers, du Havre, de Tunis; actuellement, directeur de l'Ecole de Musique de Tunis. A publié diverses compositions pour ch",Ecole de Musique de Tunis
L1912-01201,FUNARO Guillaume,L1912-01201,resolved,ORG:commission nomme par la residence generale pour la redaction de la loi,Commission nommé par la Résidence Générale pour la rédaction de la loi,member,person_entry_statement,,198,https://gallica.bnf.fr/ark:/12148/bpt6k5505300s/f222.item,tionale des médecins de Tunis en 1.890; membre de la Commission nommé par la Résidence Générale pour la rédaction de la loi sur l'exercice de la médecine dans la Ré,Commission nommé par la Résidence Générale pour la rédaction de la loi
L1912-01208,GAGEY René,L1912-01208,resolved,ORG:amicale des fonctionnaires de la direction de l agriculture,Amicale des fonctionnaires de la Direction de l'Agriculture,vice_president,person_entry_statement,,200,https://gallica.bnf.fr/ark:/12148/bpt6k5505300s/f224.item,"Sous-officier de réserve au 4"" zouaves. V.-prés. de l'Amicale des fonctionnaires de la Direction de l'Agriculture, du Commerce et de la Colonisation. A p",Amicale des fonctionnaires de la Direction de l'Agriculture
L1912-01209,GAIJI Mohamed,L1912-01209,resolved,ORG:sociele de geographie,Sociélé de Géographie,member,person_entry_statement,,200,https://gallica.bnf.fr/ark:/12148/bpt6k5505300s/f224.item,inistère de S. Exe. El Aziz bon Aftour. Membre de la Sociélé de Géographie. Premier aide de camp du premier minist,Sociélé de Géographie
L1912-01210,GAILLARD Jacques,L1912-01210,resolved,L1912-02493,Syndicat de la presse tunisienne,secretary,person_entry_statement,1905,200,https://gallica.bnf.fr/ark:/12148/bpt6k5505300s/f224.item,"de Constantine, collège de Bône. Ancien secrétaire du Syndicat de la presse tunisienne; délégué général pour l'Algérie de la S",Syndicat de la presse tunisienne
L1912-01210,GAILLARD Jacques,L1912-01210,resolved,L1912-02433,Société protectrice des Animaux,founder,person_entry_statement,1910,200,https://gallica.bnf.fr/ark:/12148/bpt6k5505300s/f224.item," principe de la loi Gramonl en Tunisie; fondateur de la Société protectrice des Animaux, de la. Régence; campagne d'Algérie; co",Société protectrice des Animaux
L1912-01210,GAILLARD Jacques,L1912-01210,resolved,ORG:syndical de la presse tunisienne,Syndical de la Presse tunisienne,founder,person_entry_statement,,200,https://gallica.bnf.fr/ark:/12148/bpt6k5505300s/f224.item, de la. Régence; campagne d'Algérie; co-fondateur du Syndical de la Presse tunisienne; fondateur de la Section tunisienne de ,Syndical de la Presse tunisienne
L1912-01210,GAILLARD Jacques,L1912-01210,resolved,ORG:section tunisienne de la s,Section tunisienne de la S,founder,person_entry_statement,,200,https://gallica.bnf.fr/ark:/12148/bpt6k5505300s/f224.item,ur du Syndical de la Presse tunisienne; fondateur de la Section tunisienne de la S. R. du C. P. Médaille d'or de la Sociét,Section tunisienne de la S
L1912-01215,GALLICO Raffaelo,L1912-01215,resolved,ORG:ligue francoilalienne de paris a tunis,Ligue FrancoIlalienne de Paris à Tunis,delegate,person_entry_statement,,201,https://gallica.bnf.fr/ark:/12148/bpt6k5505300s/f225.item,"nt ou Syndicat de la Presse tunisienne, délégué de la Ligue FrancoIlalienne de Paris à Tunis depuis 1896. A été rédacteur à l'«Unione» jusqu'à. ",Ligue FrancoIlalienne de Paris à Tunis
L1912-01216,GALLINI Jean-François,L1912-01216,resolved,L1912-00721,Conférence Consultative,member,person_entry_statement,1891,201,https://gallica.bnf.fr/ark:/12148/bpt6k5505300s/f225.item,"helier es lettres et licencié en droit. Membre de la Conférence Consultative (3"" coll., Sousse) depuis 1891, élu en 1",Conférence Consultative
L1912-01216,GALLINI Jean-François,L1912-01216,resolved,ORG:municipalite de sousse,Municipalité de Sousse,delegate,person_entry_statement,,201,https://gallica.bnf.fr/ark:/12148/bpt6k5505300s/f225.item," élu de celte assemblée; vice-président délégué de la Municipalité de Sousse; président, de la Société française de ",Municipalité de Sousse
L1912-01217,GALLUT Armand,L1912-01217,resolved,ORG:conseil d administration de la cie b,Conseil d'administration de la Cie B,secretary,person_entry_statement,,201,https://gallica.bnf.fr/ark:/12148/bpt6k5505300s/f225.item,"r à la Cie du Canal de Suez, en Egypte; secrétaire du Conseil d'administration de la Cie B.-G. et Prolongements à Paris, inspecteu",Conseil d'administration de la Cie B
L1912-01219,GAMET Lucien,L1912-01219,resolved,ORG:association amicale des fonctionnaires de l administration centrale,Association amicale des Fonctionnaires de l'Administration centrale,president,person_entry_statement,,202,https://gallica.bnf.fr/ark:/12148/bpt6k5505300s/f226.item,ntrôle de Bizerte 1.905 et 1906. Ancien président de l'Association amicale des fonctionnaires de l'Administration Centrale de l'Arée tunisienne.,Association amicale des fonctionnaires de l'Administration Centrale
L1912-01221,GANDOLFO R.,L1912-01221,resolved,ORG:societe dauphinoise d ethnologie et d anthropologie,Société dauphinoise d'Ethnologie et d'anthropologie,corresponding_member,person_entry_statement,,202,https://gallica.bnf.fr/ark:/12148/bpt6k5505300s/f226.item,"r interne des hôpitaux (concours 1904). Membre correspondant de la Société dauphinoise d'Ethnologie et d'anthropologie, membre de la Société d'horticulture tu",Société dauphinoise d'Ethnologie et d'anthropologie
L1912-01221,GANDOLFO R.,L1912-01221,resolved,ORG:societe d horticulture tunisienne,Société d'horticulture tunisienne,member,person_entry_statement,,202,https://gallica.bnf.fr/ark:/12148/bpt6k5505300s/f226.item,"inoise d'Ethnologie et d'anthropologie, membre de la Société d'horticulture tunisienne, membre de la société des Sciences médi",Société d'horticulture tunisienne
L1912-01223,GANDOLPHE,L1912-01223,resolved,ORG:societe africaine de france,Société Africaine de France,member,person_entry_statement,,203,https://gallica.bnf.fr/ark:/12148/bpt6k5505300s/f227.item,"les archéologiques, un envoi au Louvre. Membre de la Société Africaine de France; membre de la Société académique IndoCh",Société Africaine de France
L1912-01223,GANDOLPHE,L1912-01223,resolved,ORG:societe academique indochinoise,Société académique IndoChinoise,member,person_entry_statement,,203,https://gallica.bnf.fr/ark:/12148/bpt6k5505300s/f227.item,"mbre de la Société Africaine de France; membre de la Société académique IndoChinoise; de 1.8SS à 1.897, délégué de la Réside",Société académique IndoChinoise
L1912-01223,GANDOLPHE,L1912-01223,resolved,ORG:residence generale a,Résidence Générale à,delegate,person_entry_statement,,203,https://gallica.bnf.fr/ark:/12148/bpt6k5505300s/f227.item,"démique IndoChinoise; de 1.8SS à 1.897, délégué de la Résidence Générale à, l'Assistance Judiciaire de Sousse; en ",Résidence Générale à
L1912-01223,GANDOLPHE,L1912-01223,resolved,ORG:administration des revenus concedes de sousse,Administration des Revenus Concédés de Sousse,director,person_entry_statement,,203,https://gallica.bnf.fr/ark:/12148/bpt6k5505300s/f227.item,"de Sousse; en 1870, il fut chargé comme directeur de l'Administration des Revenus Concédés de Sousse, Monaslir, Mahdia et des 57 villages du",Administration des Revenus Concédés de Sousse
L1912-01223,GANDOLPHE,L1912-01223,resolved,ORG:societe de secours aux blesses des armees de ferre et de mer pour le ce,Société de Secours aux blessés des armées de ferre et de mer pour le Ce,president,person_entry_statement,,203,https://gallica.bnf.fr/ark:/12148/bpt6k5505300s/f227.item,"n 1892, vice-consul d'Autriche-Hongrie. Président de la Société de Secours aux blessés des armées de ferre et de mer pour le Centre et le Sud de la Tunisie; prête son ",Société de Secours aux blessés des armées de ferre et de mer pour le Ce
L1912-01228,GANDOLPHE Thomas-Félix,L1912-01228,resolved,L1912-00721,Conférence Consultative,member,person_entry_statement,1891,203,https://gallica.bnf.fr/ark:/12148/bpt6k5505300s/f227.item,"e, trois fois vfice-présictent délégué. Membre de la Conférence Consultative (1891); président de la Chambre de Comme",Conférence Consultative
L1912-01228,GANDOLPHE Thomas-Félix,L1912-01228,resolved,ORG:chambre de commerce a sousse,Chambre de Commerce à Sousse,president,person_entry_statement,,203,https://gallica.bnf.fr/ark:/12148/bpt6k5505300s/f227.item,"e de la Conférence Consultative (1891); président de la Chambre de Commerce à Sousse (1893): Le 23 novembre 1S88, il coopère ",Chambre de Commerce à Sousse
L1912-01234,GAU Jules,L1912-01234,resolved,ORG:municipalite,Municipalité,president,person_entry_statement,,204,https://gallica.bnf.fr/ark:/12148/bpt6k5505300s/f228.item,"u fui nommé conseiller municipal et viceprésident de la Municipalité, poste qu'il a conservé jusqu'à ses der",Municipalité
L1912-01234,GAU Jules,L1912-01234,resolved,ORG:mu nicipalite de sfax que m,Mu- nicipalité de Sfax que M,vice_president,person_entry_statement,,204,https://gallica.bnf.fr/ark:/12148/bpt6k5505300s/f228.item,"squ'à ses derniers moments. C'est comme vice-président de la Mu- nicipalité de Sfax que M. Gau s'est fait connaître, apprécier et",Mu- nicipalité de Sfax que M
L1912-01234,GAU Jules,L1912-01234,resolved,ORG:municipalite,Municipalité,president,person_entry_statement,,204,https://gallica.bnf.fr/ark:/12148/bpt6k5505300s/f228.item,"ux. Tous ses subordonnés,soif comme viceprésident de la Municipalité, soit comme receveur des Postes, lui re",Municipalité
L1912-01235,GAUDENS-RAVOTTI,L1912-01235,resolved,ORG:municipalite,Municipalité,vice_president,person_entry_statement,,205,https://gallica.bnf.fr/ark:/12148/bpt6k5505300s/f229.item,8 pour fêler son 25* anniversaire comme vice-président de la Municipalité. Ils avaient compté sans la modestie de,Municipalité
L1912-01235,GAUDENS-RAVOTTI,L1912-01235,resolved,ORG:maison veuve l,Maison Veuve L,director,person_entry_statement,,205,https://gallica.bnf.fr/ark:/12148/bpt6k5505300s/f229.item,"-Saint-Louis (Sénégal). Propriétaire et directeur de la Maison Veuve L. ViSAINT-RAPHAEL Son patriotisme, éclai",Maison Veuve L
L1912-01236,GAUDIANI Antoine,L1912-01236,resolved,L1912-00721,Conférence Consultative,member,person_entry_statement,1891,206,https://gallica.bnf.fr/ark:/12148/bpt6k5505300s/f230.item," l'Ordre des avocats, 1901-1903; ancien membre de la Conférence Consultative (3° coll. Soukel-Arba), élu en 1S96, 190",Conférence Consultative
L1912-01248,GENNATAS Charles,L1912-01248,resolved,ORG:conference consultative fl coll,"Conférence Consultative fl"" coll",member,person_entry_statement,,207,https://gallica.bnf.fr/ark:/12148/bpt6k5505300s/f231.item,"'Algérie 1894-1900 (Oran, Constantine). Membre de la Conférence Consultative fl"" coll. Le Kef. Mactar el Tala.1905-1909. Méda","Conférence Consultative fl"" coll"
L1912-01251,GENTILE Raoul-Victor DE,L1912-01251,resolved,ORG:conseil de l ordre des avocate de tunis,Conseil de l'Ordre des avocate de Tunis,member,person_entry_statement,,207,https://gallica.bnf.fr/ark:/12148/bpt6k5505300s/f231.item," SaintPierre (Martinique), actuellement membre du Conseil de l'Ordre des avocate de Tunis. Conférencier aux Antilles et en Tunisi",Conseil de l'Ordre des avocate de Tunis
L1912-01256,GÉRARD Joseph,L1912-01256,resolved,ORG:municipalite,Municipalité,president,person_entry_statement,,208,https://gallica.bnf.fr/ark:/12148/bpt6k5505300s/f232.item,"anlftikhar. Négociant à Sfax. 1892. Viceprésident de la Municipalité. Délégué à. Conférence Consultative (1""",Municipalité
L1912-01257,GERINI Dante,L1912-01257,resolved,ORG:societe civile des mines de safsaf,Société civile des mines de Safsaf,director,person_entry_statement,,208,https://gallica.bnf.fr/ark:/12148/bpt6k5505300s/f232.item,ens combattants et militaires en congé. Directeur de la Société civile des mines de Safsaf; directeur de la Compagnie minière fran,Société civile des mines de Safsaf
L1912-01257,GERINI Dante,L1912-01257,resolved,ORG:compagnie miniere franco tunisienne,Compagnie minière franco-tunisienne,director,person_entry_statement,,208,https://gallica.bnf.fr/ark:/12148/bpt6k5505300s/f232.item, la Société civile des mines de Safsaf; directeur de la Compagnie minière franco-tunisienne; directeur et propriétaire de mines en ,Compagnie minière franco-tunisienne
L1912-01257,GERINI Dante,L1912-01257,resolved,ORG:societe de geographie commerciale de paris et de la societe de geograph,Société de géographie commerciale de Paris et de la Société de géograph,founder,person_entry_statement,,208,https://gallica.bnf.fr/ark:/12148/bpt6k5505300s/f232.item,"mines en Tunisie, Algérie et Sardaigne. Membre fondateur de la Société de géographie commerciale de Paris et de la Société de géographie italienne de Rome. V.-prés. du Cercle",Société de géographie commerciale de Paris et de la Société de géograph
L1912-01257,GERINI Dante,L1912-01257,resolved,ORG:cercle d escrime italien,Cercle d'escrime italien,vice_president,person_entry_statement,,208,https://gallica.bnf.fr/ark:/12148/bpt6k5505300s/f232.item,ociété de géographie italienne de Rome. V.-prés. du Cercle d'escrime italien; administrateur de la Société anonyme d,Cercle d'escrime italien
L1912-01257,GERINI Dante,L1912-01257,resolved,ORG:societe anonyme du journal italien,Société anonyme du journal italien,director,person_entry_statement,,208,https://gallica.bnf.fr/ark:/12148/bpt6k5505300s/f232.item,. V.-prés. du Cercle d'escrime italien; administrateur de la Société anonyme du journal italien «L'Unione»; membre fondateur et actif de,Société anonyme du journal italien
L1912-01258,GERMONNEAU Damase-François,L1912-01258,resolved,ORG:comite permanent des feles au benefice des hopitaux de marseille traite,Comité permanent des fêles au bénéfice des hôpitaux de Marseille Traite,member,person_entry_statement,,208,https://gallica.bnf.fr/ark:/12148/bpt6k5505300s/f232.item," métallurgie, 'J'unis. 31 octobre 1894. Membre du Comité permanent des Fêles de Tunis, Conseiller municipal de la commune de ",Comité permanent des Fêles de Tunis
L1912-01262,GHILEB,L1912-01262,resolved,ORG:municipalite,Municipalité,president,person_entry_statement,,209,https://gallica.bnf.fr/ark:/12148/bpt6k5505300s/f233.item," e de FrançoisJoseph. Cheikh El-Medina. Président de la Municipalité, Tunis. ETUDES: Université de la Grande",Municipalité
L1912-01262,GHILEB,L1912-01262,resolved,ORG:municipalite de l unis,Municipalité de 'l'unis,vice_president,person_entry_statement,,209,https://gallica.bnf.fr/ark:/12148/bpt6k5505300s/f233.item,"camp de ieu Sadok-Bey de 18(34 à, 1877, vice-président de la Municipalité de 'l'unis en 1877, délégué tunisien à la Commission inter",Municipalité de 'l'unis
L1912-01262,GHILEB,L1912-01262,resolved,ORG:municipalite de tunis,Municipalité de Tunis,president,person_entry_statement,,209,https://gallica.bnf.fr/ark:/12148/bpt6k5505300s/f233.item, de Nabeul en 1890. Cheikh El-Medina el président de la Municipalité de Tunis depuis le 2S juillet 1902.,Municipalité de Tunis
L1912-01274,GIRAUD Charles-Hippolyte,L1912-01274,resolved,ORG:comile directeur de la societe de geographie commerciale,Comité directeur de la Section tunisienne de la Société de Géographie c,member,person_entry_statement,,210,https://gallica.bnf.fr/ark:/12148/bpt6k5505300s/f234.item,"on Coopérative des Jardiniers français; membre du Comilé directeur de la Société de Géographie Commerciale, de l'Institut de Carthage et de la Soc",Comilé directeur de la Société de Géographie Commerciale
L1912-01276,GIROUD Joseph,L1912-01276,resolved,L1912-00721,Conférence Consultative,member,person_entry_statement,1891,210,https://gallica.bnf.fr/ark:/12148/bpt6k5505300s/f234.item,"cole nationale dèsBeaux - Arts à Paris. Membre de la Conférence Consultative (8'circ.,3'coll.), élu en 1905 et 1909. ",Conférence Consultative
L1912-01276,GIROUD Joseph,L1912-01276,resolved,ORG:comite de la societe de bienfaisance el du comite des fetes,Comité de la Société de Bienfaisance el du Comité des fêtes,member,person_entry_statement,,210,https://gallica.bnf.fr/ark:/12148/bpt6k5505300s/f234.item,"re du bureau de la Région L y o nnaise, membre du Comité de la Société de Bienfaisance el du Comité des fêtes. TRAVAUX: Villns dp In Rn. ciété de pré",Comité de la Société de Bienfaisance el du Comité des fêtes
L1912-01276,GIROUD Joseph,L1912-01276,resolved,ORG:conseil de perfectionnement de l ecole emile loubet el du conseil centr,Conseil de perfectionnement de l'Ecole Emile-Loubet el du Conseil centr,member,person_entry_statement,,210,https://gallica.bnf.fr/ark:/12148/bpt6k5505300s/f234.item,ca; la Tekia; école de la rue d'Italie. Membre du Conseil de perfectionnement de l'Ecole Emile-Loubet el du Conseil central d'hygiène. Expert près les tribunaux;,Conseil de perfectionnement de l'Ecole Emile-Loubet el du Conseil centr
L1912-01281,GLUCK André-Robert,L1912-01281,resolved,ORG:societe d horticulture,Société d'Horticulture,member,person_entry_statement,,211,https://gallica.bnf.fr/ark:/12148/bpt6k5505300s/f235.item,"de pouvoirs de M.Laraque, propriétaire. Membre de la Société d'Horticulture, de celle d'Apiculture de Tunisie; memb",Société d'Horticulture
L1912-01281,GLUCK André-Robert,L1912-01281,resolved,ORG:association des anciens eleves des ecoles d agriculture en tunisie el d,Association des anciens élèves des écoles d'agriculture en Tunisie el d,member,person_entry_statement,,211,https://gallica.bnf.fr/ark:/12148/bpt6k5505300s/f235.item,"ture, de celle d'Apiculture de Tunisie; membre de l'Association des anciens élèves des écoles d'agriculture en Tunisie el de celles des anciens élèves de l'Ecole C",Association des anciens élèves des écoles d'agriculture en Tunisie el d
L1912-01281,GLUCK André-Robert,L1912-01281,resolved,L1912-01457,Institut de Carthage,member,person_entry_statement,1893,211,https://gallica.bnf.fr/ark:/12148/bpt6k5505300s/f235.item,"s élèves de l'Ecole Coloniale de Tunis; membre de l'Institut de Carthage, de la France hippique, etc. Gérant de ",Institut de Carthage
L1912-01291,GOUNOT André,L1912-01291,resolved,L1912-00721,Conférence Consultative,member,person_entry_statement,1891,212,https://gallica.bnf.fr/ark:/12148/bpt6k5505300s/f236.item,"gé les publications de l'A. A. E. E. T. Membre de la Conférence Consultative (1"" collège, 4"" circonscription). Vice-p",Conférence Consultative
L1912-01291,GOUNOT André,L1912-01291,resolved,ORG:municipalite de souk elkhemis,Municipalité de Souk-elKhemis,vice_president,person_entry_statement,,212,https://gallica.bnf.fr/ark:/12148/bpt6k5505300s/f236.item,"ative (1"" collège, 4"" circonscription). Vice-président de la Municipalité de Souk-elKhemis. Médailles d'or et d'argent aux Exposit",Municipalité de Souk-elKhemis
L1912-01291,GOUNOT André,L1912-01291,resolved,ORG:caisse rurale et de la bibliotheque populaire de souk el khemis,Caisse rurale et de la Bibliothèque populaire de Souk-el-Khemis,founder,person_entry_statement,,212,https://gallica.bnf.fr/ark:/12148/bpt6k5505300s/f236.item,"ricoles de Béja, Mateur et Tunis, 1907. Fondateur de la Caisse rurale et de la Bibliothèque populaire de Souk-el-Khemis.",Caisse rurale et de la Bibliothèque populaire de Souk-el-Khemis
L1912-01294,GOUTTENOIRE Jean,L1912-01294,resolved,ORG:societe generale des huileries du sahel tunisien,Société générale des Huileries du Sahel Tunisien,director,person_entry_statement,,212,https://gallica.bnf.fr/ark:/12148/bpt6k5505300s/f236.item,"IRE (Jean), 17 juin 1879, -Lay (Loire). Directeur de la Société générale des Huileries du Sahel Tunisien, Sousse. 24 déc. 1900.",Société générale des Huileries du Sahel Tunisien
L1912-01302,GRÉBAUVAL Lôonidas-Adolphe,L1912-01302,resolved,ORG:conseil de l ordre a la conference des avocats stagiaires,Conseil de l'ordre à la Conférence des avocats stagiaires,member,person_entry_statement,,213,https://gallica.bnf.fr/ark:/12148/bpt6k5505300s/f237.item,Paris; ancien magistrat à Tunis; ancien membre du Conseil de l'Ordre des avocats de Tunis.,Conseil de l'Ordre des avocats de Tunis
L1912-01319,GUËGAN Jules-Fortuné,L1912-01319,resolved,ORG:service de sante de la division d occupation cle tunisie,Service de Santé de la Division d'occupation cle Tunisie,director,person_entry_statement,,214,https://gallica.bnf.fr/ark:/12148/bpt6k5505300s/f238.item," Kef. En 1.901, a. fait l'intérim comme directeur du Service de Santé de la Division d'Occupation de Tunisie. Actuellement en retraite par anticipat",Service de Santé de la Division d'Occupation de Tunisie
L1912-01319,GUËGAN Jules-Fortuné,L1912-01319,resolved,ORG:service de sante maritime,Service de Santé maritime,director,person_entry_statement,,214,https://gallica.bnf.fr/ark:/12148/bpt6k5505300s/f238.item,t de l'Hygiène publique de la. Régence; directeur du Service de Santé maritime. Campagne de guerre 1882-83. Tunisie. N,Service de Santé maritime
L1912-01319,GUËGAN Jules-Fortuné,L1912-01319,resolved,ORG:commission d examen des inventions interessant l armee,Commission d'examen des inventions intéressant l'armée,member,person_entry_statement,,214,https://gallica.bnf.fr/ark:/12148/bpt6k5505300s/f238.item,(archéologie romaine et punique). A été membre de la Commission d'examen des inventions intéressant l'armée en 1890 (Ministère de la Guerre). Décoré de la M,Commission d'examen des inventions intéressant l'armée
L1912-01320,GUELLATY,L1912-01320,resolved,L1912-00556,Cercle Tunisien,secretary,person_entry_statement,1908,215,https://gallica.bnf.fr/ark:/12148/bpt6k5505300s/f239.item,"té sportive « La Musulma-, ne »; ancien secrétaire du Cercle Tunisien. Collaboration au journal «Le Tunisien»",Cercle Tunisien
L1912-01321,GUELLATY Omar,L1912-01321,resolved,ORG:colonie agricole indigene de lansarine d e p u i s sa creation,Colonie agricole indigène de Lansarine d e p u i s sa création,director,person_entry_statement,,215,https://gallica.bnf.fr/ark:/12148/bpt6k5505300s/f239.item,". du Cambodge, off. du Nichan-lftikhar. Directeur de la Colonie agricole indigène de Lansarine d e p u i s sa création, en 1903. 1"" déce m b r e 1900. ETUDES ",Colonie agricole indigène de Lansarine d e p u i s sa création
L1912-01321,GUELLATY Omar,L1912-01321,resolved,L1912-00556,Cercle Tunisien,member,person_entry_statement,1908,215,https://gallica.bnf.fr/ark:/12148/bpt6k5505300s/f239.item,aintCyr. Chef de bataillon en retraite. Membre du Cercle Tunisien. Campagne de 1870-71; insurrection algé,Cercle Tunisien
L1912-01325,GUÉNIER Henri-Eugène,L1912-01325,resolved,ORG:comile de l unis,Comilé de 'l'unis,member,person_entry_statement,,216,https://gallica.bnf.fr/ark:/12148/bpt6k5505300s/f240.item,"e la Ligue française de l'Enseignement, membre du Comilé de 'l'unis pendant un an; membre du Comité des fêtes organisées ",Comilé de 'l'unis
L1912-01325,GUÉNIER Henri-Eugène,L1912-01325,resolved,ORG:comile des fetes organisees a l occasion de la visite de m,Comilé des fêtes organisées à l'occasion de la visite de M,member,person_entry_statement,,216,https://gallica.bnf.fr/ark:/12148/bpt6k5505300s/f240.item,bre du Comilé de 'l'unis pendant un an; membre du Comité des fêtes organisées à. l'occasion de l'inauguration du port d,Comité des fêtes organisées à
L1912-01325,GUÉNIER Henri-Eugène,L1912-01325,resolved,ORG:societe,Société,president,person_entry_statement,,216,https://gallica.bnf.fr/ark:/12148/bpt6k5505300s/f240.item,ion de l'inauguration du port de Tunis; président de la Société. «L'Harmonie de Bizerle»; membre fondat,Société
L1912-01325,GUÉNIER Henri-Eugène,L1912-01325,resolved,ORG:comile des fetes organisees a l occasion de la visite de m,Comilé des fêtes organisées à l'occasion de la visite de M,member,person_entry_statement,,216,https://gallica.bnf.fr/ark:/12148/bpt6k5505300s/f240.item,ans; membre corr. de la Mission laïque; membre du Comilé des fêtes organisées à l'occasion de la visite de M. Loubel. président de la République; a ,Comilé des fêtes organisées à l'occasion de la visite de M
L1912-01334,GUILLEMART Robert,L1912-01334,resolved,ORG:magasins generaux du centre du sahel,Magasins généraux du Centre du Sahel,director,person_entry_statement,,217,https://gallica.bnf.fr/ark:/12148/bpt6k5505300s/f241.item," d'honneur, off. d'Académie. Négociant; directeur des Magasins généraux du Centre du Sahel, av. Bouclier. Sousse. Président de la ",Magasins généraux du Centre du Sahel
L1912-01334,GUILLEMART Robert,L1912-01334,resolved,ORG:chambre mixte de commerce et d agriculture du centre,Chambre mixte de commerce et d'agriculture du Centre,president,person_entry_statement,,217,https://gallica.bnf.fr/ark:/12148/bpt6k5505300s/f241.item," Centre du Sahel, av. Bouclier. Sousse. Président de la Chambre mixte de Commerce el. d'Agriculture du Centre; membre de la ",Chambre mixte de Commerce el
L1912-01334,GUILLEMART Robert,L1912-01334,resolved,L1912-00721,Conférence Consultative,member,person_entry_statement,1891,217,https://gallica.bnf.fr/ark:/12148/bpt6k5505300s/f241.item,"e Commerce el. d'Agriculture du Centre; membre de la Conférence Consultative (2' collège, 6' cire); agent consulaire ",Conférence Consultative
L1912-01335,GUILLOCHON Lucien,L1912-01335,resolved,ORG:jardin d essais el professeur a l ecole coloniale,Jardin d'essais el professeur à l'Ecole Coloniale,director,person_entry_statement,,217,https://gallica.bnf.fr/ark:/12148/bpt6k5505300s/f241.item,"Duval, à Versailles; jardinier en chef, administrateur du Jardin d'essais el professeur à l'Ecole Coloniale. d'Agriculture de Tunis ; secr. gén. de",Jardin d'essais el professeur à l'Ecole Coloniale
L1912-01340,GUNG'L J.-N.,L1912-01340,resolved,ORG:association des secretaires de redaction,Association des secrétaires de rédaction,member,person_entry_statement,,217,https://gallica.bnf.fr/ark:/12148/bpt6k5505300s/f241.item,"nale-mobile); camp, en Afrique 1872-74. Membre de l'Association des secrétaires de rédaction (Paris). Syndic du Syndicat de la. Press",Association des secrétaires de rédaction
L1912-01390,HARTMAYÉR Jacob-Emile,L1912-01390,resolved,ORG:comite d hivernage de la tunisie pour djerba et la region,Comité d'hivernage de la 'Tunisie pour Djerba et la région,delegate,person_entry_statement,,224,https://gallica.bnf.fr/ark:/12148/bpt6k5505300s/f248.item," France honor. (30 avril 1.895). Membre délégué du Comité d'hivernage de la 'Tunisie pour Djerba et la région. En 1885,. a organisé à Gafsa les servi",Comité d'hivernage de la 'Tunisie pour Djerba et la région
L1912-01390,HARTMAYÉR Jacob-Emile,L1912-01390,resolved,ORG:chambre mixte de commerce et d agriculture du centre,Chambre mixte de commerce et d'agriculture du Centre,member,person_entry_statement,,224,https://gallica.bnf.fr/ark:/12148/bpt6k5505300s/f248.item, à compétence étendue de 1.884 à 1.895. Membre de la Chambre mixte de commerce et d'agriculture du Sud (Sfax) (21 janv. 1900); vice-président d,Chambre mixte de commerce et d'agriculture du Sud
L1912-01391,HASSAN Mehmed,L1912-01391,resolved,L1912-00556,Cercle Tunisien,member,person_entry_statement,1908,224,https://gallica.bnf.fr/ark:/12148/bpt6k5505300s/f248.item,édecin à l'hôpital militaire de Smyrne. Membre du Cercle Tunisien. A publié une brochure sur «le diabète»,Cercle Tunisien
L1912-01393,HASSID Victor,L1912-01393,resolved,ORG:credit commercial tunisien,Crédit Commercial Tunisien,director,person_entry_statement,,224,https://gallica.bnf.fr/ark:/12148/bpt6k5505300s/f248.item,"876, 'Tunis. Directeur d'assurances el, directeur du Crédit Commercial Tunisien, 5, rue d'Italie, Tunis. ETUDES : Ecole",Crédit Commercial Tunisien
L1912-01394,HAUT Paul DE,L1912-01394,resolved,ORG:mines du chouischia par soukel arba,Mines du Chouischia par Soukel-Arba,director,person_entry_statement,,225,https://gallica.bnf.fr/ark:/12148/bpt6k5505300s/f249.item,ff. du Nichan-Iftikhar. Ingénieur. Sous-directeur des Mines du Chouischia par Soukel-Arba (Tunisie). ETUDES : Institut de chimie a,Mines du Chouischia par Soukel-Arba
L1912-01423,HOUDE Gaston,L1912-01423,resolved,ORG:caisse de credit agricole d ain el asker et bir m cherga,Caisse de Crédit agricole d'Ain-el-Asker et Bir-M'cherga,president,person_entry_statement,,229,https://gallica.bnf.fr/ark:/12148/bpt6k5505300s/f253.item,avocat à la cour d'Aix; avocat à Tunis. Président de la Caisse de Crédit agricole d'Ain-el-Asker et Bir-M'cherga. Création du domaine agricole et vitico,Caisse de Crédit agricole d'Ain-el-Asker et Bir-M'cherga
L1912-01428,HUARD Ferdinand-Isidore,L1912-01428,resolved,ORG:gouvernement du protectorat nu congres de la mutualite coloniale et,Gouvernement du Protectorat nu Congrès de la Mutualité coloniale et,delegate,person_entry_statement,,230,https://gallica.bnf.fr/ark:/12148/bpt6k5505300s/f254.item,"e, le Loir-et-Cher et sur la Mutualité. Délégué du Gouvernement du Protectorat nu Congrès de la Mutualité coloniale et des pays de protectorat Alger-Tunis. 1.905.",Gouvernement du Protectorat nu Congrès de la Mutualité coloniale et
L1912-01429,HUC Albert-Victor-Isidore,L1912-01429,resolved,ORG:societe de bienfaisance francaise de tunis,Société de Bienfaisance française de Tunis,founder,person_entry_statement,,230,https://gallica.bnf.fr/ark:/12148/bpt6k5505300s/f254.item,chuiggui (Tunisie). Ancien président et membre fondateur de la Société de Bienfaisance française de Tunis. Ancien vice-président de l'Harmonie Fr,Société de Bienfaisance française de Tunis
L1912-01429,HUC Albert-Victor-Isidore,L1912-01429,resolved,ORG:harmonie francaise,Harmonie Française,vice_president,person_entry_statement,,230,https://gallica.bnf.fr/ark:/12148/bpt6k5505300s/f254.item,Bienfaisance française de Tunis. Ancien vice-président de l'Harmonie Française; président de l'Association des petits ,Harmonie Française
L1912-01429,HUC Albert-Victor-Isidore,L1912-01429,resolved,ORG:association des petits fonctionnaires,Association des petits fonctionnaires,president,person_entry_statement,,230,https://gallica.bnf.fr/ark:/12148/bpt6k5505300s/f254.item,vice-président de l'Harmonie Française; président de l'Association des petits fonctionnaires; ancien président de la Section tunisie,Association des petits fonctionnaires
L1912-01429,HUC Albert-Victor-Isidore,L1912-01429,resolved,ORG:section tunisienne du comite de colonisation de paris,Section tunisienne du Comité de colonisation de Paris,president,person_entry_statement,,230,https://gallica.bnf.fr/ark:/12148/bpt6k5505300s/f254.item,"ation des petits fonctionnaires; ancien président de la Section tunisienne du Comité de colonisation de Paris; ancien rédacteur au «Pilori Tunisien»,",Section tunisienne du Comité de colonisation de Paris
L1912-01429,HUC Albert-Victor-Isidore,L1912-01429,resolved,L1912-00582,Chambre de Commerce de Tunis,treasurer,person_entry_statement,1885,230,https://gallica.bnf.fr/ark:/12148/bpt6k5505300s/f254.item,"r municipal de Tunis, 1885-1889; ancien trésorier de la Chambre de Commerce de Tunis (1"" élection T8S5-1S91).",Chambre de Commerce de Tunis
L1912-01443,IMBERT Marie-Antoine-Paul,L1912-01443,resolved,ORG:gouvernement pres le conseil de guerre de tunis,Gouvernement près le Conseil de guerre de Tunis,commissioner,person_entry_statement,,235,https://gallica.bnf.fr/ark:/12148/bpt6k5505300s/f259.item,s de guerre de Grenoble et d'Orléans et commissaire du Gouvernement près le Conseil de guerre de Tunis pendant près de 3 ans. Etant sous-lieutenant au 2' zouaves à ,Gouvernement près le Conseil de guerre de Tunis
L1912-01451,INERNY Mac,L1912-01451,resolved,ORG:institut des mines et de la metallurgie et des ingenieurs des mines a l,Institut des Mines et de la métallurgie et des Ingénieurs des mines à L,member,person_entry_statement,,236,https://gallica.bnf.fr/ark:/12148/bpt6k5505300s/f260.item,Ecole Technique (P. Morgan) à. Swansea. Membre de l'Institut des Mines et de la métallurgie et des Ingénieurs des mines à Londres. Représentant de la maison Vivian,Institut des Mines et de la métallurgie et des Ingénieurs des mines à L
L1912-01463,INVERSIN Louis,L1912-01463,resolved,ORG:union des societes de gymnastique d algerie et de tunisie,Union des Sociétés de gymnastique d'Algérie et de Tunisie,vice_president,person_entry_statement,,242,https://gallica.bnf.fr/ark:/12148/bpt6k5505300s/f266.item,"ançaise de gymnastique, fondée en 1902; vice-président de l'Union des Sociétés de gymnastique d'Algérie et de Tunisie (1909); détient le championnat de la mar",Union des Sociétés de gymnastique d'Algérie et de Tunisie
L1912-01463,INVERSIN Louis,L1912-01463,resolved,ORG:jury au concours de sotif,Jury au Concours de Sôtif,member,person_entry_statement,,242,https://gallica.bnf.fr/ark:/12148/bpt6k5505300s/f266.item,nat de la marche (43 kil.) depuis 1904; membre du Jury au Concours de Sôtif (1909). A collaboré au bulletin de l'Ass,Jury au Concours de Sôtif
L1912-01464,INVERSIN H.,L1912-01464,resolved,ORG:societe suisse a tunis,Société Suisse à Tunis,founder,person_entry_statement,,242,https://gallica.bnf.fr/ark:/12148/bpt6k5505300s/f266.item,en élève du jardin botanique de Genève. Fondateur de la Société Suisse à Tunis en 1884. TRAVAUX : Créateur des premiers vignob,Société Suisse à Tunis
L1912-01466,ISNACK Victor,L1912-01466,resolved,ORG:syndicat d irrigation de rohia,Syndicat d'irrigation de Rohia,director,person_entry_statement,,242,https://gallica.bnf.fr/ark:/12148/bpt6k5505300s/f266.item,"23"" dragons; ancien agent des Finances. Directeur du Syndicat d'irrigation de Rohia. Membre du Jury dans différents conconi",Syndicat d'irrigation de Rohia
L1912-01466,ISNACK Victor,L1912-01466,resolved,ORG:jury dans differents conconis agricoles,Jury dans différents conconis agricoles,member,person_entry_statement,,242,https://gallica.bnf.fr/ark:/12148/bpt6k5505300s/f266.item,teur du Syndicat d'irrigation de Rohia. Membre du Jury dans différents conconis agricoles.Deux médailles de bronze (Concours agri,Jury dans différents conconis agricoles
L1912-01481,JULIEN Cyprien-Edouard-Paul,L1912-01481,resolved,ORG:union nationale du commerce exterieur,Union nationale du Commerce extérieur,member,person_entry_statement,,245,https://gallica.bnf.fr/ark:/12148/bpt6k5505300s/f269.item,culture (Congrès constitutif d'Amiens); membre de l'Union nationale du Commerce extérieur; délégué pour la Tunisie de l'Associati,Union nationale du Commerce extérieur
L1912-01481,JULIEN Cyprien-Edouard-Paul,L1912-01481,resolved,L1912-01457,Institut de Carthage,member,person_entry_statement,1893,245,https://gallica.bnf.fr/ark:/12148/bpt6k5505300s/f269.item, l'Association internationale du froid; membre de l'Institut de Carthage. A publié dans la «Revue» clés études :,Institut de Carthage
L1912-01502,KËRAMBRIEG,L1912-01502,resolved,ORG:association cies prnneunsi,Association cies prnneunsi,president,person_entry_statement,,248,https://gallica.bnf.fr/ark:/12148/bpt6k5505300s/f272.item,"mandé à l'école de cavalerie de Saumur. Président de l'Association cies prnneunsi.es iimisiens; v.- près, cie l'Institut ",Association cies prnneunsi
L1912-01502,KËRAMBRIEG,L1912-01502,resolved,ORG:comile directeur de la societe de geographie commerciale,Comité directeur de la Section tunisienne de la Société de Géographie c,member,person_entry_statement,,248,https://gallica.bnf.fr/ark:/12148/bpt6k5505300s/f272.item,"; v.- près, cie l'Institut de Carthage; membre du Comité directeur de la Section tunisienne de la Société de Géographie commerciale de Paris; membre du Comiétô d",Comité directeur de la Section tunisienne de la Société de Géographie c
L1912-01502,KËRAMBRIEG,L1912-01502,resolved,ORG:comieto d hivernage,Comiétô d'Hivernage,member,person_entry_statement,,248,https://gallica.bnf.fr/ark:/12148/bpt6k5505300s/f272.item,"été de Géographie commerciale de Paris; membre du Comiétô d'Hivernage, du Comité des Sites et Monuments, char",Comiétô d'Hivernage
L1912-01506,KHAIRALLAH Ben Moslefa,L1912-01506,resolved,L1912-00154,Association des Anciens Elèves du Collège Sadiki,president,person_entry_statement,1905,249,https://gallica.bnf.fr/ark:/12148/bpt6k5505300s/f273.item,"e Sadiki, interprète au Tribunal mixte. Président de l'Association des Anciens Elèves du Collège Sadiki. Membre du Cercle tunisien.'",Association des Anciens Elèves du Collège Sadiki
L1912-01506,KHAIRALLAH Ben Moslefa,L1912-01506,resolved,L1912-00556,Cercle tunisien,member,person_entry_statement,1908,249,https://gallica.bnf.fr/ark:/12148/bpt6k5505300s/f273.item,n des Anciens Elèves du Collège Sadiki. Membre du Cercle tunisien.',Cercle tunisien
L1912-01518,KHIAT Joseph,L1912-01518,resolved,ORG:office de publicite,Office de publicité,director,person_entry_statement,,250,https://gallica.bnf.fr/ark:/12148/bpt6k5505300s/f274.item,"1.876, Tunis. Rédacteur du «Takkadoum». Directeur de l'Office de publicité, 25, avenue Jules-Ferry, Tunis. Ancien ",Office de publicité
L1912-01526,KLEPPER Georges,L1912-01526,resolved,ORG:section de beja des amis des arbres en tunisie,Section de Tunis de la Société des Amis des Arbres,honorary_president,person_entry_statement,,250,https://gallica.bnf.fr/ark:/12148/bpt6k5505300s/f274.item,"classe (1"" janvier 1909) au même posté. Président d'honneur de la Section de Béja des Amis des Arbres en Tunisie, du Cercle de la Ligue de l'Enseignemen",Section de Béja des Amis des Arbres en Tunisie
L1912-01526,KLEPPER Georges,L1912-01526,resolved,ORG:comite du concours hippique de tunis,Comité du Concours Hippique de Tunis,member,person_entry_statement,,250,https://gallica.bnf.fr/ark:/12148/bpt6k5505300s/f274.item,légué à Béja du Touring-Club de France; membre du Comité du Concours Hippique de Tunis; membre de la Société des Courses de Tu,Comité du Concours Hippique de Tunis
L1912-01526,KLEPPER Georges,L1912-01526,resolved,ORG:societe des courses de tunis,Société des Courses de Tunis,member,person_entry_statement,,250,https://gallica.bnf.fr/ark:/12148/bpt6k5505300s/f274.item,"u Comité du Concours Hippique de Tunis; membre de la Société des Courses de Tunis; de la Société des.Girondins,de la Soci",Société des Courses de Tunis
L1912-01526,KLEPPER Georges,L1912-01526,resolved,ORG:section de beja des amis des arbres en tunisie,Section de Tunis de la Société des Amis des Arbres,founder,person_entry_statement,,250,https://gallica.bnf.fr/ark:/12148/bpt6k5505300s/f274.item,ration cie la race des. poneys de Béja. Fondateur de la Société des Amis des Arbres en Tunisie. Plantation du bois d'eucalyptus de Med,Société des Amis des Arbres en Tunisie
L1912-01526,KLEPPER Georges,L1912-01526,resolved,ORG:jury clu concours de sousse,Jury nu Concours général de Tunis,member,person_entry_statement,,250,https://gallica.bnf.fr/ark:/12148/bpt6k5505300s/f274.item,la nécessité du reboisement en Tunisie; membre du Jury nu Concours général de Tunis en 1907. Mission de quatre mois dans l'oasis d',Jury nu Concours général de Tunis
L1912-01543,KRISKIS Martin,L1912-01543,resolved,ORG:comite d organisation du 1 congres republicain,"Comité d'organisation du 1"" Congrès républicain",secretary,person_entry_statement,,253,https://gallica.bnf.fr/ark:/12148/bpt6k5505300s/f277.item,"tudiant de l'école de droit d'Alger. Ex-secrétaire du Comité d'organisation du 1"" Congrès républicain, radical et socialiste de Tunisie, ex-s","Comité d'organisation du 1"" Congrès républicain"
L1912-01543,KRISKIS Martin,L1912-01543,resolved,ORG:conseil d administration de la cooperative l epargne tunisienne,Conseil d'administration de la coopérative l'Epargne Tunisienne,secretary,person_entry_statement,,253,https://gallica.bnf.fr/ark:/12148/bpt6k5505300s/f277.item,"n, radical et socialiste de Tunisie, ex-secrétaire du Conseil d'administration de l'Epargne Tunisienne, société civile coopérative de consomma",Conseil d'administration de l'Epargne Tunisienne
L1912-01560,LACORRE Pierre,L1912-01560,resolved,ORG:comite de l assistance mutuelle tunisienne a bizerte,Comité de l'Assistance Mutuelle Tunisienne à Bizerte,vice_president,person_entry_statement,,254,https://gallica.bnf.fr/ark:/12148/bpt6k5505300s/f278.item,"e de Sfax, directeur d'école à Bizerte. V.-prés. du Comité de l'Assistance Mutuelle Tunisienne à Bizerte; v.-prés. de la Société de Bienfaisance",Comité de l'Assistance Mutuelle Tunisienne à Bizerte
L1912-01560,LACORRE Pierre,L1912-01560,resolved,ORG:societe musulmane de bienfaisance a bizerte,Société musulmane de Bienfaisance à Bizerte,vice_president,person_entry_statement,,254,https://gallica.bnf.fr/ark:/12148/bpt6k5505300s/f278.item,sistance Mutuelle Tunisienne à Bizerte; v.-prés. de la Société de Bienfaisance de Bizerte; délégué du Touring-Club de France.,Société de Bienfaisance de Bizerte
L1912-01560,LACORRE Pierre,L1912-01560,resolved,ORG:touring club de france,Touring-Club de France,delegate,person_entry_statement,,254,https://gallica.bnf.fr/ark:/12148/bpt6k5505300s/f278.item, la Société de Bienfaisance de Bizerte; délégué du Touring-Club de France.,Touring-Club de France
L1912-01565,LAFFAGE Antoiûn-Louis,L1912-01565,resolved,ORG:academie de florence,Académie de Florence,member,person_entry_statement,,255,https://gallica.bnf.fr/ark:/12148/bpt6k5505300s/f279.item,mains des bibliophiles du monde entier. Membre de l'Académie de Florence; médaille d'or à l'Exposition de Marsei,Académie de Florence
L1912-01566,LAFFORGUE Francis-François-Emmanuel-Joseph,L1912-01566,resolved,ORG:services administratifs de la municipalite de tunis,Services administratifs de la Municipalité de Tunis,director,person_entry_statement,,255,https://gallica.bnf.fr/ark:/12148/bpt6k5505300s/f279.item,"isien (1900-1905), rédacteur adjoint au Directeur des Services administratifs de la Municipalité de Tunis (1905-1906), professeur de lettres à l'é",Services administratifs de la Municipalité de Tunis
L1912-01573,LAKBEGHE Moslefa Bou,L1912-01573,resolved,ORG:agence des habous a bizerte et a mateur,Agence des Habous à Bizerte et à Mateur,director,person_entry_statement,,256,https://gallica.bnf.fr/ark:/12148/bpt6k5505300s/f280.item,". 1880, Tunis, off. du Nichan-Iftikhar. Directeur de l'Agence des Habous à Bizerte et à Mateur depuis 1902. ETUDES : collège Sadiki. SUCCESS' : Se",Agence des Habous à Bizerte et à Mateur
L1912-01573,LAKBEGHE Moslefa Bou,L1912-01573,resolved,ORG:association,Association,member,person_entry_statement,,256,https://gallica.bnf.fr/ark:/12148/bpt6k5505300s/f280.item," musulmane cie bienfaisance de Bizerte, membre de l'Association, des Anciens Elèves du Collège Sadiki; ",Association
L1912-01575,LAKHOUA,L1912-01575,resolved,ORG:comite directeur de,Comité directeur de,member,person_entry_statement,,257,https://gallica.bnf.fr/ark:/12148/bpt6k5505300s/f281.item,"iât, des Anc. Elèves du Collège Sadiki; membre du Comité directeur de la «Khaldounia»; membre du Comité directeur",Comité directeur de
L1912-01575,LAKHOUA,L1912-01575,resolved,ORG:comite directeur de la societe,Comité directeur de la société,member,person_entry_statement,,257,https://gallica.bnf.fr/ark:/12148/bpt6k5505300s/f281.item,du Comité directeur de la «Khaldounia»; membre du Comité directeur de la société «En-Naeeria ». A fait la traduction du D,Comité directeur de la société
L1912-01577,LALLIERMONET Hjlaire,L1912-01577,resolved,ORG:societe de secours mutuels des anciens militaires cle la marine,Société de Secours Mutuels des Anciens Militaires cle la Marine,honorary_president,person_entry_statement,,257,https://gallica.bnf.fr/ark:/12148/bpt6k5505300s/f281.item,de ses secrétaires; membre fondateur et président d'honneur de la Société des Anciens militaires; v.-prés. d'honn. de la Compagnie des S,Société des Anciens militaires
L1912-01577,LALLIERMONET Hjlaire,L1912-01577,resolved,ORG:societe des veterans,Société des Vétérans,founder,person_entry_statement,,257,https://gallica.bnf.fr/ark:/12148/bpt6k5505300s/f281.item," Vétérans de 1870-71 de Pliilippeville; fondateur de la Société des Vétérans (section de Bizerte, 1902); v.-prés. act",Société des Vétérans
L1912-01579,LAMBERT Basile,L1912-01579,resolved,ORG:syndicat du sahel et membre de la conference consultative,Syndicat du Sahel et membre de la Conférence Consultative,vice_president,person_entry_statement,,258,https://gallica.bnf.fr/ark:/12148/bpt6k5505300s/f282.item,"e fonder un • sanatorium à Sousse. Anc. v.-prés. du Syndicat du Sahel et membre de la Conférence Consultative, 1S96; anc. prés, de la Chambre mixte d",Syndicat du Sahel et membre de la Conférence Consultative
L1912-01579,LAMBERT Basile,L1912-01579,resolved,ORG:conseil de perfectionnement de l ecole d agriculture,Conseil de perfectionnement de l'Ecole d'Agriculture,member,person_entry_statement,,258,https://gallica.bnf.fr/ark:/12148/bpt6k5505300s/f282.item,"n. de la Conférence Consultative ; anc. membre du Conseil de perfectionnement de l'Ecole d'Agriculture, de la Commission de colonisation, du C",Conseil de perfectionnement de l'Ecole d'Agriculture
L1912-01579,LAMBERT Basile,L1912-01579,resolved,ORG:comite d etudes de la societe archeologique de sousse,Comité d'études de la Société archéologique de Sousse,member,person_entry_statement,,258,https://gallica.bnf.fr/ark:/12148/bpt6k5505300s/f282.item,eil supérieur de l'Assistance publique; membre du Comité d'études de la Société archéologique de Sousse ; a découvert les deux belles mosaïques ,Comité d'études de la Société archéologique de Sousse
L1912-01579,LAMBERT Basile,L1912-01579,resolved,ORG:ligue de l enseignement en tunisie,Ligue de l'Enseignement en Tunisie,founder,person_entry_statement,,258,https://gallica.bnf.fr/ark:/12148/bpt6k5505300s/f282.item,"ine) et d'un assassin de de Mores, etc. Membre fondateur de la Ligue de l'Enseignement en Tunisie. L'un des trois qui votèrent à la Confé",Ligue de l'Enseignement en Tunisie
L1912-01586,LANGELLA Jean-Antoine,L1912-01586,resolved,ORG:commission de voirie de tabarca et membre de la commission scolaire,Commission de voirie de Tabarca et membre de la Commission scolaire,member,person_entry_statement,,259,https://gallica.bnf.fr/ark:/12148/bpt6k5505300s/f283.item,sitaire à. Tabarca. 1881. Propriétaire; membre de la Commission de voirie de Tabarca et membre de la Commission scolaire.,Commission de voirie de Tabarca et membre de la Commission scolaire
L1912-01588,LANNE Elie,L1912-01588,resolved,ORG:service de sante de la division d occupation cle tunisie,Service de Santé de la Division d'occupation cle Tunisie,director,person_entry_statement,,259,https://gallica.bnf.fr/ark:/12148/bpt6k5505300s/f283.item,"nc. médecin-major de 2' cl., adjoint au Directeur du Service de Santé de la Division d'occupation. 20 fév. 1907. ETUDES : Faculté de Méde",Service de Santé de la Division d'occupation
L1912-01591,LARGUÈGHE Khlil,L1912-01591,resolved,L1912-00145,Association amicale des anciens élèves du collège Alaoui,vice_president,person_entry_statement,1892,259,https://gallica.bnf.fr/ark:/12148/bpt6k5505300s/f283.item,rieur; lauréat de l'Alliance Française. V.-prés. de l'Association amicale des anciens élèves du collège Alaoui; memb. actif du Cercle Républicain; mem,Association amicale des anciens élèves du collège Alaoui
L1912-01592,LARROUYAT Pierre,L1912-01592,resolved,ORG:administration des forets d oliviers du nord de la regence,Administration des Forêts d'oliviers du Nord de la Régence,director,person_entry_statement,,260,https://gallica.bnf.fr/ark:/12148/bpt6k5505300s/f284.item,en professeur au Collège Alaoui. Ancien directeur de l'Administration des Forêts d'oliviers du Nord de la Régence; ancien président de la «Khaldounia» ; ,Administration des Forêts d'oliviers du Nord de la Régence
L1912-01592,LARROUYAT Pierre,L1912-01592,resolved,ORG:colonie agricole indigene de lansarine d e p u i s sa creation,Colonie agricole indigène de Lansarine d e p u i s sa création,secretary,person_entry_statement,,260,https://gallica.bnf.fr/ark:/12148/bpt6k5505300s/f284.item,; ancien président de la «Khaldounia» ; secrétaire du Comité de la Colonie agricole de Lansarine; membre du «Cercle tunisien». TRAVAUX :,Comité de la Colonie agricole de Lansarine
L1912-01592,LARROUYAT Pierre,L1912-01592,resolved,ORG:gouvernement tunisien au congres colonial de marseille,Gouvernement Tunisien au Congrès Colonial de Marseille,delegate,person_entry_statement,,260,https://gallica.bnf.fr/ark:/12148/bpt6k5505300s/f284.item,"Bey pendant son voyage à Paris en 1S87. Délégué du Gouvernement Tunisien au Congrès Colonial de Marseille de 1906. 4° zouaves. Prés, du Groupe de l'alime",Gouvernement Tunisien au Congrès Colonial de Marseille
L1912-01597,LEAL Charles-Henri,L1912-01597,resolved,ORG:surete publique en tunisie,Sûreté publique en Tunisie,director,person_entry_statement,,261,https://gallica.bnf.fr/ark:/12148/bpt6k5505300s/f285.item,"h. cl. des Chemins de fer et des Ports; directeur de la Sûreté publique en Tunisie, Tunis. 30 avril 1897. ETUDES : lycée d",Sûreté publique en Tunisie
L1912-01597,LEAL Charles-Henri,L1912-01597,resolved,ORG:comile directeur de la societe de geographie commerciale,Comité directeur de la Section tunisienne de la Société de Géographie c,member,person_entry_statement,,261,https://gallica.bnf.fr/ark:/12148/bpt6k5505300s/f285.item,"dence Générale de France à Tunis, 1906. Membre du Comité directeur de la Section tunisienne de la Société de Géographie commerciale de Paris; correspondant de l'",Comité directeur de la Section tunisienne de la Société de Géographie c
L1912-01597,LEAL Charles-Henri,L1912-01597,resolved,ORG:commission interministerielle d etude du recrutement des indigenes en a,Commission interministérielle d'étude du recrutement des indigènes en A,member,person_entry_statement,,261,https://gallica.bnf.fr/ark:/12148/bpt6k5505300s/f285.item,"ccipilnaî» (Imprimerie Nationle, 1906). Membre de la Commission interministérielle d'étude du recrutement des indigènes en Algérie, 1908. Etant chef du Bureau des A",Commission interministérielle d'étude du recrutement des indigènes en A
L1912-01599,LECA Toussaint,L1912-01599,resolved,ORG:municipalite de kairouan du 28 mars 1906 au 22 avril 1908,Municipalité de Kairouan du 28 mars 1906 au 22 avril 1908,secretary,person_entry_statement,,262,https://gallica.bnf.fr/ark:/12148/bpt6k5505300s/f286.item,"aint), 14 juin 1884, Marignana (Corse). Secrétaire de la Municipalité de Kairouan. 1898. ETUDES : collège Alaoui. Fond, e",Municipalité de Kairouan
L1912-01599,LECA Toussaint,L1912-01599,resolved,ORG:societe anonyme de l imprimerie rapide de tunis,Société anonyme de l'Imprimerie Rapide de Tunis,delegate,person_entry_statement,,262,https://gallica.bnf.fr/ark:/12148/bpt6k5505300s/f286.item," Naturelles d'Aïn-Garci; administrateur délégué de la Société anonyme de l'Imprimerie Rapide de Tunis. "" TRAVAUX : L'Indicateur Tunisien (13°",Société anonyme de l'Imprimerie Rapide de Tunis
L1912-01599,LECA Toussaint,L1912-01599,resolved,L1912-00721,Conférence Consultative,member,person_entry_statement,1891,262,https://gallica.bnf.fr/ark:/12148/bpt6k5505300s/f286.item,"UX : L'Indicateur Tunisien (13° année). Membre de la Conférence Consultative (2° coll., 4"" cir.) Secrétaire élu de ce",Conférence Consultative
L1912-01599,LECA Toussaint,L1912-01599,resolved,ORG:municipalite de rades,Municipalité de Rades,delegate,person_entry_statement,,262,https://gallica.bnf.fr/ark:/12148/bpt6k5505300s/f286.item,"u Gouvsrnement, 1910-11. Vice-président délégué de la Municipalité de Rades. «Le Courrier de Bizerte». Journal bihe",Municipalité de Rades
L1912-01600,LEFEBVRE Louis-Georges,L1912-01600,resolved,ORG:association artistique,Association artistique,member,person_entry_statement,,262,https://gallica.bnf.fr/ark:/12148/bpt6k5505300s/f286.item,ique. Compositions diverses pour piano. Membre de l'Association artistique. Concerts et auditions d'élèves.,Association artistique
L1912-01601,LÉGER Bernard,L1912-01601,resolved,ORG:club gymnastique francais,Club gymnastique français,president,person_entry_statement,,262,https://gallica.bnf.fr/ark:/12148/bpt6k5505300s/f286.item,"des sapeurs - pompiers de Tunis. Vice - président du Club gymnastique français; v.-prés. fond, de l'Alliance Sportive;",Club gymnastique français
L1912-01607,LEMANSKI Witold-Charles,L1912-01607,resolved,ORG:conseil d hygiene de tunis,Conseil d'hygiène de Tunis,member,person_entry_statement,,263,https://gallica.bnf.fr/ark:/12148/bpt6k5505300s/f287.item,e l'Ecole professionnelle Emile-Loubet; membre du Conseil d'hygiène de Tunis. Memb. de la Société internationale des,Conseil d'hygiène de Tunis
L1912-01607,LEMANSKI Witold-Charles,L1912-01607,resolved,L1912-00550,Cercle d'escrime français,vice_president,person_entry_statement,1899,263,https://gallica.bnf.fr/ark:/12148/bpt6k5505300s/f287.item,la Société internationale des médecins; v.-prés. du Cercle d'escrime français. TRAVAUX : «De la voie rectale et de so,Cercle d'escrime français
L1912-01610,LEPINEY Charles-Pierre,L1912-01610,resolved,L1912-00996,Ecole coloniale d'agriculture de Tunis,director,person_entry_statement,1898,264,https://gallica.bnf.fr/ark:/12148/bpt6k5505300s/f288.item,"lture à l'Ecole de Rouiba, 1891 a 1901; directeur de l'Ecole coloniale d'agriculture de Tunis, 1"" mai 1901. A créé le domaine de Tibh",Ecole coloniale d'agriculture de Tunis
L1912-01612,LESCAR,L1912-01612,resolved,ORG:societe des negociants et du commerce de rousse,Société des Négociants et du Commerce de Rousse,director,person_entry_statement,,264,https://gallica.bnf.fr/ark:/12148/bpt6k5505300s/f288.item,etc. Elève des écoles arabes de Sousse. Directeur de la Société des Négociants et du Commerce de Rousse: médaille d'argent Exposition de Marsei,Société des Négociants et du Commerce de Rousse
L1912-01612,LESCAR,L1912-01612,resolved,ORG:controle remplissant les fonctions de greffier huissier a kairouan,Contrôle remplissant les fonctions de greffier-huissier à Kairouan,secretary,person_entry_statement,,264,https://gallica.bnf.fr/ark:/12148/bpt6k5505300s/f288.item,"Saint-Michel-de-Bannières (Lof); ancien secrétaire de Contrôle remplissant les fonctions de greffier-huissier à Kairouan. Très, de la Ligue de l'Enseignement la",Contrôle remplissant les fonctions de greffier-huissier à Kairouan
L1912-01615,LESSEPS Mathieu DE,L1912-01615,resolved,ORG:bleus de bretagne,Bleus de Bretagne,treasurer,person_entry_statement,,265,https://gallica.bnf.fr/ark:/12148/bpt6k5505300s/f289.item,"r principal à la Préfecture de la Semé, trésorier des Bleus de Bretagne. A publié : «L'Histoire de la Bourse du",Bleus de Bretagne
L1912-01623,LIËGEY Edouard,L1912-01623,resolved,ORG:commission des titres medicaux,Commission des titres médicaux,member,person_entry_statement,,267,https://gallica.bnf.fr/ark:/12148/bpt6k5505300s/f291.item,te de l'hôpital civil de Tunis ; ancien membre de la Commission des titres médicaux; ancien membre de la Société des Scienc,Commission des titres médicaux
L1912-01623,LIËGEY Edouard,L1912-01623,resolved,ORG:societe internationale des sciences medicales de tunis,Société internationale des Sciences médicales de Tunis,member,person_entry_statement,,267,https://gallica.bnf.fr/ark:/12148/bpt6k5505300s/f291.item, Commission des titres médicaux; ancien membre de la Société des Sciences médicales de Tunis. A quitté la Tunisie en mars 1908.,Société des Sciences médicales de Tunis
L1912-01635,LOGOTHETTI,L1912-01635,resolved,ORG:autriche hongrie a la commission europeenne du danube,Autriche-Hongrie à la Commission européenne du Danube,delegate,person_entry_statement,,269,https://gallica.bnf.fr/ark:/12148/bpt6k5505300s/f293.item,"u Tribunal mixte d'Alexandrie (Egypte); délégué de l'Autriche-Hongrie à la Commission européenne du Danube, à Galalz; consul général à Barcelone, ",Autriche-Hongrie à la Commission européenne du Danube
L1912-01637,LOIR Adrien,L1912-01637,resolved,ORG:service de sante au transva,Service de Santé au Transva,director,person_entry_statement,,269,https://gallica.bnf.fr/ark:/12148/bpt6k5505300s/f293.item,de l'Institut de Carthage. Actuellement directeur du Service de Santé au Transva.al. Parti de Tunisie en 1899.,Service de Santé au Transva
L1912-01638,LOIZON Louis-Joseph,L1912-01638,resolved,ORG:tribunal de tunis 1910,Tribunal de Tunis 1910,vice_president,person_entry_statement,,269,https://gallica.bnf.fr/ark:/12148/bpt6k5505300s/f293.item,"gent-le-Rotrou 1894, juge à Tunis 1898. Vice-président du Tribunal de Tunis 1910. Membre de la Société pour l'encouragem",Tribunal de Tunis 1910
L1912-01638,LOIZON Louis-Joseph,L1912-01638,resolved,ORG:societe pour l encouragement des etudes grecques de paris,Société pour l'encouragement des études grecques de Paris,member,person_entry_statement,,269,https://gallica.bnf.fr/ark:/12148/bpt6k5505300s/f293.item,"ce-président du Tribunal de Tunis 1910. Membre de la Société pour l'encouragement des études grecques de Paris, ancien rédacteur à. la «Revue d'Anthro",Société pour l'encouragement des études grecques de Paris
L1912-01645,LUCIANI Pierre-Paul,L1912-01645,resolved,ORG:comite du cercle de tunis de la ligue de l enseignement,Comité du Cercle de Tunis de la Ligue de l'Enseignement,member,person_entry_statement,,270,https://gallica.bnf.fr/ark:/12148/bpt6k5505300s/f294.item," à Sfax, et de 1904 à ce jour, à Tunis. Membre du Comité du Cercle de Tunis de la Ligue de l'Enseignement, secrétaire de la Section tunisienne de",Comité du Cercle de Tunis de la Ligue de l'Enseignement
L1912-01645,LUCIANI Pierre-Paul,L1912-01645,resolved,ORG:section tunisienne de la ligue des droits de l homme et du citoyen,Section tunisienne de la Ligue des Droits de l'Homme et du Citoyen,secretary,person_entry_statement,,270,https://gallica.bnf.fr/ark:/12148/bpt6k5505300s/f294.item,"de Tunis de la Ligue de l'Enseignement, secrétaire de la Section tunisienne de la Ligue des Droits de l'Homme et du Citoyen; membre du bu- reau de l'Assoc. Commerc",Section tunisienne de la Ligue des Droits de l'Homme et du Citoyen
L1912-01657,MACHUEL Louis-Pierre,L1912-01657,resolved,ORG:societe asiatique,Société Asiatique,member,person_entry_statement,,272,https://gallica.bnf.fr/ark:/12148/bpt6k5505300s/f296.item,"r, à la chaire publique d'arabe d'Oran. Membre de la Société Asiatique, de la Société Historique el Archéologi",Société Asiatique
L1912-01658,MACHWITZ,L1912-01658,resolved,ORG:domaines a tunis,Domaines à Tunis,director,person_entry_statement,,272,https://gallica.bnf.fr/ark:/12148/bpt6k5505300s/f296.item,1 : receveur des Domaines en Algérie et administrateur des Domaines à Tunis.,Domaines à Tunis
L1912-01659,MACLER,L1912-01659,resolved,ORG:societe pour la defense clu commerce des grains et derives a m unis,Société pour la défense clu commerce des grains et dérivés à M'unis,member,person_entry_statement,,272,https://gallica.bnf.fr/ark:/12148/bpt6k5505300s/f296.item,eurs réunis Corislanline-Philippeville. Membre de la Chambre de Commerce de 'l'unis de 1898 à 1902; secrétaire élu de celle compagnie 1899,Chambre de Commerce de 'l'unis
L1912-01684,MALINAS Albert,L1912-01684,resolved,ORG:service de sante de la division d occupation cle tunisie,Service de Santé de la Division d'occupation cle Tunisie,director,person_entry_statement,,275,https://gallica.bnf.fr/ark:/12148/bpt6k5505300s/f299.item,"hôpital militaire de Lille, 1901-02, el directeur du Service de Santé de la Division d'occupation de Tunisie, 1963-08. Admis à faire valoir ses droi",Service de Santé de la Division d'occupation de Tunisie
L1912-01684,MALINAS Albert,L1912-01684,resolved,ORG:section scientifique de l institut de carthage,Section Scientifique de l'Institut de Carthage,president,person_entry_statement,,275,https://gallica.bnf.fr/ark:/12148/bpt6k5505300s/f299.item,Association française de Chirurgie; viceprésident de la Section Scientifique de l'Institut de Carthage; memb. du Comité directeur de la Sociét,Section Scientifique de l'Institut de Carthage
L1912-01684,MALINAS Albert,L1912-01684,resolved,ORG:institut de carthage et la societe de geographie commerciale de paris,Institut de Carthage et la Société de Géographie commerciale de Paris,director,person_entry_statement,,275,https://gallica.bnf.fr/ark:/12148/bpt6k5505300s/f299.item,l'Institut de Carthage; memb. du Comité directeur de la Société de Géographie commerciale (section tunisienne). Nombreuses publica,Société de Géographie commerciale
L1912-01692,MARCHIONI Louis,L1912-01692,resolved,ORG:amicale des postes,Amicale des Postes,delegate,person_entry_statement,,277,https://gallica.bnf.fr/ark:/12148/bpt6k5505300s/f301.item,e In Société de Bienfaisance de Mahdia; délégué de l'Amicale des Postes. Rapports et causeries divers sur des q,Amicale des Postes
L1912-01703,MARTIN Joseph,L1912-01703,resolved,ORG:internat primaire de maxula rados,Internat primaire de Maxula-Radôs,director,person_entry_statement,,278,https://gallica.bnf.fr/ark:/12148/bpt6k5505300s/f302.item,"r des postes à Medjez-el-Bab, 1893- 96; directeur de l'Internat primaire de Maxula-Radôs, 1897-191.0. Prés, de la loge «La Volon",Internat primaire de Maxula-Radôs
L1912-01707,MARZAG Louis-Marcel,L1912-01707,resolved,ORG:association des professeurs francais de salonique de 1,Association des professeurs français de Salonique de 1,secretary,person_entry_statement,,279,https://gallica.bnf.fr/ark:/12148/bpt6k5505300s/f303.item,de Snlonique (Turquie) de 1899 à. 1902; secrétaire de l'Association des professeurs français de Salonique de 1.900 à 1.902.,Association des professeurs français de Salonique de 1
L1912-01710,MASSÉ Jean-Daniel,L1912-01710,resolved,ORG:association syndicale des secretaires,Association syndicale des secrétaires,member,person_entry_statement,,280,https://gallica.bnf.fr/ark:/12148/bpt6k5505300s/f304.item,"e l'Agriculture, juge de paix à Nogent. Membre de l'Association syndicale des secrétaires .de rédaction des journaux et revues. Ex",Association syndicale des secrétaires
L1912-01717,MATHIEU Charles,L1912-01717,resolved,ORG:cercle de mateur de la ligue de l enseignement,Cercle de Mateur de la Ligue de l'Enseignement-,vice_president,person_entry_statement,,281,https://gallica.bnf.fr/ark:/12148/bpt6k5505300s/f305.item,"et directeur de l'école de Mateur. Anc. v.-prés. du Cercle de Mateur de la Ligue de l'Enseignement-; prés, du Cercle de l'Union.",Cercle de Mateur de la Ligue de l'Enseignement-
L1912-01720,MATTEI Aétius,L1912-01720,resolved,ORG:societe de bienfaisance francaise,Société de Bienfaisance française,vice_president,person_entry_statement,,282,https://gallica.bnf.fr/ark:/12148/bpt6k5505300s/f306.item,"n président de «l'Harmonie Sfaxienne» ; vice-président de la Société de Bienfaisance française; prés, de la «Mutuelle»; viceprés, de l",Société de Bienfaisance française
L1912-01720,MATTEI Aétius,L1912-01720,resolved,ORG:conference consultative lors de son ancienne organisation,Conférence Consultative lors de son ancienne organisation,member,person_entry_statement,,282,https://gallica.bnf.fr/ark:/12148/bpt6k5505300s/f306.item,"s, de la Société Hippique de Sfax, etc. Membre de la Conférence Consultative lors de son ancienne organisation.",Conférence Consultative lors de son ancienne organisation
L1912-01723,MATTEIS Albert DE,L1912-01723,resolved,ORG:conseil de l ordre a la conference des avocats stagiaires,Conseil de l'ordre à la Conférence des avocats stagiaires,member,person_entry_statement,,282,https://gallica.bnf.fr/ark:/12148/bpt6k5505300s/f306.item,"ncié en . d r o i t. Ancien bâtonni er, membre du Conseil de l'ordre des avocats. Juge de paix suppléant, canton Nord.",Conseil de l'ordre des avocats
L1912-01726,M AURAS Félix,L1912-01726,resolved,ORG:municipalite de kairouan du 28 mars 1906 au 22 avril 1908,Municipalité de Kairouan du 28 mars 1906 au 22 avril 1908,delegate,person_entry_statement,,283,https://gallica.bnf.fr/ark:/12148/bpt6k5505300s/f307.item,"iétaire, Kairouan, 1882. Vice-président délégué de la Municipalité de Kairouan, membre de la Chambre mixte de commerce",Municipalité de Kairouan
L1912-01726,M AURAS Félix,L1912-01726,resolved,ORG:chambre mixte de commerce et d agriculture du centre,Chambre mixte de commerce et d'agriculture du Centre,member,person_entry_statement,,283,https://gallica.bnf.fr/ark:/12148/bpt6k5505300s/f307.item,"délégué de la Municipalité de Kairouan, membre de la Chambre mixte de commerce et d'agriculture du Centre.",Chambre mixte de commerce et d'agriculture du Centre
L1912-01729,M A U R Y Armand-Pierre-Louis-JeanBaptisle,L1912-01729,resolved,ORG:conseil de surveillance de la caisse agricole de soukel khemis,Conseil de surveillance de la Caisse agricole de Soukel-Khemis,president,person_entry_statement,,283,https://gallica.bnf.fr/ark:/12148/bpt6k5505300s/f307.item,"t séminaire de Servières (Corrèze). Viceprésident du Conseil de surveillance de la Caisse agricole de Soukel-Khemis. ""Auteur ae piusieurs articles dans div",Conseil de surveillance de la Caisse agricole de Soukel-Khemis
L1912-01732,MAZET Pierre,L1912-01732,resolved,ORG:in sociele des anciens sous officiers,In Sociélé des Anciens sous-officiers,president,person_entry_statement,,283,https://gallica.bnf.fr/ark:/12148/bpt6k5505300s/f307.item," Sous-officier de cavalerie de réserve. Président de In Sociélé des Anciens sous-officiers, v.-prés. de la, Sec- - lion de In Ligu",In Sociélé des Anciens sous-officiers
L1912-01732,MAZET Pierre,L1912-01732,resolved,ORG:comites de la figue de l enseignement el de differentes autres societes,Comités de la figue de l'Enseignement el de différentes autres sociétés,member,person_entry_statement,,283,https://gallica.bnf.fr/ark:/12148/bpt6k5505300s/f307.item,"lion de In Ligue des droits de l'Homme, membre des Comités de la figue de l'Enseignement el de différentes autres sociétés (courses, gymnastique, etc.).",Comités de la figue de l'Enseignement el de différentes autres sociétés
L1912-01733,MAZIËRES Marc-Alfred DE,L1912-01733,resolved,ORG:comite de la societe d horticulture de tunisie,Comité de la Société d'Horticulture de Tunisie,member,person_entry_statement,,284,https://gallica.bnf.fr/ark:/12148/bpt6k5505300s/f308.item,"Géographie comm. de Paris, secl. tiin.; membre du Comité de la Société d'Horticulture de Tunisie; memb. du Comité de la Ligue maritime f",Comité de la Société d'Horticulture de Tunisie
L1912-01734,MAZOYER Emile,L1912-01734,resolved,ORG:office postal de tunisie,Office postal de Tunisie,director,person_entry_statement,,284,https://gallica.bnf.fr/ark:/12148/bpt6k5505300s/f308.item,"tes et d e s Télégraphes, Paris. Ancien directeur de l'Office postal tunisien. Juillet 1901.ETUDES : coilège de Louha",Office postal tunisien
L1912-01736,MEARY,L1912-01736,resolved,ORG:ecole de garcons de kairounn,Ecole de garçons de Kairounn,director,person_entry_statement,,284,https://gallica.bnf.fr/ark:/12148/bpt6k5505300s/f308.item," 20 janvier 1879, Saint-Gooirs (Isère). Directeur de l'Ecole de garçons de Kairounn. 15 oct. 1901. ETUDES "": Ecole normale ",Ecole de garçons de Kairounn
L1912-01738,MECHIRKI Mohamed,L1912-01738,resolved,ORG:societe musulmane de bienfaisance de bizerle,Société musulmane de bienfaisance de Bizerle,secretary,person_entry_statement,,284,https://gallica.bnf.fr/ark:/12148/bpt6k5505300s/f308.item,"ène de musique «Eniincerin» ; el nncien secrétaire de la Société cie Bienfaisance musulmane de Tunis; fond, de VAssisInnce médicale, filiale",Société cie Bienfaisance musulmane de Tunis
L1912-01743,MÉDINA,L1912-01743,resolved,ORG:conseil d administration de,Conseil d'administration de,president,person_entry_statement,,286,https://gallica.bnf.fr/ark:/12148/bpt6k5505300s/f310.item,a; agent de la Cie Gle Transatlantique; président du Conseil d'administration de la. Société anonyme Monastiérienne pour l',Conseil d'administration de
L1912-01759,MENATTI Atlilio,L1912-01759,resolved,ORG:sociela operaia ltaliana di mutuo soccorso,Sociela operaia ltaliana di mutuo soccorso,president,person_entry_statement,,287,https://gallica.bnf.fr/ark:/12148/bpt6k5505300s/f311.item,me. Capitaine médecin clans la réserve. Président de la Sociela operaia ltaliana di mutuo soccorso.,Sociela operaia ltaliana di mutuo soccorso
L1912-01773,MERCIER François,L1912-01773,resolved,ORG:societe de retraites le proletariat de l avenir,Société de retraites Le Prolétariat de l'Avenir,member,person_entry_statement,,288,https://gallica.bnf.fr/ark:/12148/bpt6k5505300s/f312.item,"ino, Zarzis, Souk-el-Khemis el, Nabeul. Membre de la Société de retraites Le Prolétariat de l'Avenir, de l'Association générale de l'Office ",Société de retraites Le Prolétariat de l'Avenir
L1912-01775,MERLIN Alfred-Maurice-Joseph,L1912-01775,resolved,ORG:direction des antiquites et arts,Direction des Antiquités et Arts,director,person_entry_statement,,288,https://gallica.bnf.fr/ark:/12148/bpt6k5505300s/f312.item,"ion publique, comm. du Nichan-Iftikhar. Directeur des Antiquités et Arts, plateau Charles-Quint, Tunis. Mai 1901",Antiquités et Arts
L1912-01784,METLAOUI-GARE V. Philippe - Thomas.,L1912-01784,resolved,ORG:commission de reception a l exposition internationale de l est de la fr,Commission de réception à l'Exposition internationale de l'Est de la Fr,member,person_entry_statement,,288,https://gallica.bnf.fr/ark:/12148/bpt6k5505300s/f312.item,VAUX : a été pendant son séjour à Nancy membre de la Commission de réception à l'Exposition internationale de l'Est de la France; membre du Conseil de la Société In,Commission de réception à l'Exposition internationale de l'Est de la Fr
L1912-01784,METLAOUI-GARE V. Philippe - Thomas.,L1912-01784,resolved,ORG:conseil de la societe industrielle de l est,Conseil de la Société Industrielle de l'Est,member,person_entry_statement,,288,https://gallica.bnf.fr/ark:/12148/bpt6k5505300s/f312.item,n internationale de l'Est de la France; membre du Conseil de la Société Industrielle de l'Est (section Trans- ports); membre du Comité,Conseil de la Société Industrielle de l'Est
L1912-01784,METLAOUI-GARE V. Philippe - Thomas.,L1912-01784,resolved,ORG:comite des fetes de la ville de nancy,Comité des Fêtes de la ville de Nancy,member,person_entry_statement,,288,https://gallica.bnf.fr/ark:/12148/bpt6k5505300s/f312.item,rielle de l'Est (section Trans- ports); membre du Comité des Fêtes de la ville de Nancy. ' Electrification des Tramways de Sain,Comité des Fêtes de la ville de Nancy
L1912-01792,MICHEL Edmond - François-Richard,L1912-01792,resolved,ORG:normands de paris,Normands de Paris,delegate,person_entry_statement,,289,https://gallica.bnf.fr/ark:/12148/bpt6k5505300s/f313.item," de la société de Statistique de Paris; délégué des Normands de Paris; percepteur surnuméraire, vérificateur,",Normands de Paris
L1912-01802,MINICONI Jérôme-Henry,L1912-01802,resolved,ORG:societe des courses,Société des Courses,vice_president,person_entry_statement,,292,https://gallica.bnf.fr/ark:/12148/bpt6k5505300s/f316.item, de la société «Les droits de l'homme»; v.-prés. de la Société des courses. A été membre du Jury clu Concours de S,Société des courses
L1912-01802,MINICONI Jérôme-Henry,L1912-01802,resolved,ORG:jury clu concours de sousse,Jury nu Concours général de Tunis,member,person_entry_statement,,292,https://gallica.bnf.fr/ark:/12148/bpt6k5505300s/f316.item,"-prés. de la Société des courses. A été membre du Jury clu Concours de Sousse, 19:10.",Jury clu Concours de Sousse
L1912-01810,MOCQOERIS,L1912-01810,resolved,L1912-00224,Banque de l'Algérie,director,person_entry_statement,,292,https://gallica.bnf.fr/ark:/12148/bpt6k5505300s/f316.item, ; ingénieur clos Arts el Manufactures; administrateur de la Banque de l'Algérie; administrateur de la Croix-Verl.e; v.-,Banque de l'Algérie
L1912-01810,MOCQOERIS,L1912-01810,resolved,ORG:croix verl,Croix-Verl,director,person_entry_statement,,292,https://gallica.bnf.fr/ark:/12148/bpt6k5505300s/f316.item,ministrateur de la Banque de l'Algérie; administrateur de la Croix-Verl.e; v.-pres. ue la ciguë n» Droits do l',Croix-Verl
L1912-01820,MOLCO Emile,L1912-01820,resolved,ORG:alliance israelite de m unis,Alliance Israélite de M'unis,secretary,person_entry_statement,,293,https://gallica.bnf.fr/ark:/12148/bpt6k5505300s/f317.item,médecin de la. ferme-école de Djedeïda; secrétaire de l'Alliance Israélite de M'unis. TRAVAUX: «Recherches sur la circulatio,Alliance Israélite de M'unis
L1912-01822,MOLINARI Philippe-Antoine,L1912-01822,resolved,ORG:comite de surveillance de l assistance mutuelle tuni,Comité de surveillance de l'Assistance Mutuelle Tuni,member,person_entry_statement,,293,https://gallica.bnf.fr/ark:/12148/bpt6k5505300s/f317.item,anes du 1.6.janv. 1898 au 20 nov. 1899. Membre du Comité de surveillance de l'Assistance Mutuelle Tuni.sienne.,Comité de surveillance de l'Assistance Mutuelle Tuni
L1912-01828,MONTEFIORE Lucien,L1912-01828,resolved,ORG:conseil d administration de la societe de bienfaisance italienne de m u,Conseil d'administration de la Société de Bienfaisance italienne de M'u,member,person_entry_statement,,294,https://gallica.bnf.fr/ark:/12148/bpt6k5505300s/f318.item,"rés, du Cercle s sportif «Jean-Louis»; -membre de la Société de Bienfaisance italienne, de la 1 «Anlichi Allievi».",Société de Bienfaisance italienne
L1912-01831,MONT-LOUIS Paul-Louis-Mars,L1912-01831,resolved,ORG:amicale de la presse tunisienne du centre et du sud,Amicale de la Presse tunisienne du Centre et du Sud,secretary,person_entry_statement,,295,https://gallica.bnf.fr/ark:/12148/bpt6k5505300s/f319.item," Douanes en 1894, démissionna en 1897). Secrétaire de l'Amicale de la Presse tunisienne du Centre et du Sud. A collaboré à presque tous les journau",Amicale de la Presse tunisienne du Centre et du Sud
L1912-01831,MONT-LOUIS Paul-Louis-Mars,L1912-01831,resolved,ORG:monts de piete est m,Monts de Piété est M,director,person_entry_statement,,295,https://gallica.bnf.fr/ark:/12148/bpt6k5505300s/f319.item,admis par le Mont de Piété de Paris. Le directeur des Monts de Piété est M. Daninos.,Monts de Piété est M
L1912-01835,MORELLI Alphonse,L1912-01835,resolved,ORG:mutuelle tunisienne et de la mutuelle de france et des colonies,Mutuelle Tunisienne et de la Mutuelle de France et des Colonies,member,person_entry_statement,,295,https://gallica.bnf.fr/ark:/12148/bpt6k5505300s/f319.item, Président de la Mutualité commerciale; membre de la Mutuelle Tunisienne et de la Mutuelle de France et des Colonies. TRAVAUX: «Rapport de la délégation des,Mutuelle Tunisienne et de la Mutuelle de France et des Colonies
L1912-01837,MORENO Raffaelo,L1912-01837,resolved,L1912-00581,Chambre de commerce italienne,president,person_entry_statement,1884,296,https://gallica.bnf.fr/ark:/12148/bpt6k5505300s/f320.item,à la suppression des juridictions; anc. président de la Chambre de commerce italienne; député scolaire nommé par le Gouvernem,Chambre de commerce italienne
L1912-01837,MORENO Raffaelo,L1912-01837,resolved,ORG:conseil superieur de l hopital israelite,Conseil supérieur de l'hôpital israélite,member,person_entry_statement,,296,https://gallica.bnf.fr/ark:/12148/bpt6k5505300s/f320.item,ement italien pour les écoles de Tunis; membre du Conseil supérieur de l'hôpital israélite; administrateur de la Banque commercial,Conseil supérieur de l'hôpital israélite
L1912-01837,MORENO Raffaelo,L1912-01837,resolved,ORG:banque commerciale tunisienne et de la societe tunisienne des petroles,Banque commerciale tunisienne et de la Société tunisienne des Pétroles,director,person_entry_statement,,296,https://gallica.bnf.fr/ark:/12148/bpt6k5505300s/f320.item,"nseil supérieur de l'hôpital israélite; administrateur de la Banque commerciale tunisienne et de la Société tunisienne des Pétroles, conseiller d'escompte à la Banque de l",Banque commerciale tunisienne et de la Société tunisienne des Pétroles
L1912-01838,MORENO Ugo,L1912-01838,resolved,ORG:conseil d administration de la societe de bienfaisance italienne de m u,Conseil d'administration de la Société de Bienfaisance italienne de M'u,member,person_entry_statement,,296,https://gallica.bnf.fr/ark:/12148/bpt6k5505300s/f320.item,ur la diffusion de la langue italienne; membre du Conseil d'administration de la Société de Bienfaisance italienne de M'unis; avocat conseil de la Société de l'h,Conseil d'administration de la Société de Bienfaisance italienne de M'u
L1912-01838,MORENO Ugo,L1912-01838,resolved,ORG:conseil d administration de l hopital israelite,Conseil d'administration de l'hôpital israélite,member,person_entry_statement,,296,https://gallica.bnf.fr/ark:/12148/bpt6k5505300s/f320.item,Société de l'hôpital colonial italien ; membre du Conseil d'administration de l'hôpital israélite.,Conseil d'administration de l'hôpital israélite
L1912-01841,MORIZOT Albert-Henri,L1912-01841,resolved,L1912-00721,Conférence Consultative,member,person_entry_statement,1891,296,https://gallica.bnf.fr/ark:/12148/bpt6k5505300s/f320.item,"«l'Action Française» pour VExtrême-Sud. Membre de la Conférence Consultative (S' cire, 1"" coll.). Propriétaire-agricu",Conférence Consultative
L1912-01844,MORPURGO Léonidas,L1912-01844,resolved,ORG:in societe medico psycologique de floren ce,In Société médico-psycologique de Floren- ce,corresponding_member,person_entry_statement,,296,https://gallica.bnf.fr/ark:/12148/bpt6k5505300s/f320.item,ole supérieure de médecine do Florence. Membre correspondant de In Société médico-psycologique de Floren- ce. Attaché à la S' compagnie sanitaire (r,In Société médico-psycologique de Floren- ce
L1912-01844,MORPURGO Léonidas,L1912-01844,resolved,ORG:croix rouge italienne,Croix-Rouge italienne,delegate,person_entry_statement,,296,https://gallica.bnf.fr/ark:/12148/bpt6k5505300s/f320.item," député scolaire des écoles italiennes; délégué de la Croix-Rouge italienne, nommé par le Conseil central de Rome, ",Croix-Rouge italienne
L1912-01849,MOUCHARD Louis-Marie-Lucien-Vicor,L1912-01849,resolved,ORG:cie du gaz et des eaux de tunis,Cie du Gaz et des Eaux de Tunis,director,person_entry_statement,,297,https://gallica.bnf.fr/ark:/12148/bpt6k5505300s/f321.item,"te agricole. Mimii. du Nichan-IIlikhar. Directeur de la Cie du Gaz et des Eaux de Tunis, i, rue Es-Sadikia. M'unis. 30 avril 18",Cie du Gaz et des Eaux de Tunis
L1912-01880,NADAL Paul-Georges,L1912-01880,resolved,ORG:societe des anc,Société des anc,founder,person_entry_statement,,301,https://gallica.bnf.fr/ark:/12148/bpt6k5505300s/f325.item,"ions de Rouen, Bordeaux, Rades, M'unis. Fondateur de la Société des anc. sous-officiers de M'unisie el de la So",Société des anc
L1912-01896,NESTLER Charles-Herniann,L1912-01896,resolved,ORG:chambre de commerce du sud,Chambre de Commerce du Sud,member,person_entry_statement,,303,https://gallica.bnf.fr/ark:/12148/bpt6k5505300s/f327.item,ue de l'Enseignement laïque. SUCCESS' : membre de la Chambre de Commerce du Sud (1892); secr. de la Chambre du Sud el me,Chambre de Commerce du Sud
L1912-01896,NESTLER Charles-Herniann,L1912-01896,resolved,L1912-00583,Chambre mixte du Centre,member,person_entry_statement,1892,303,https://gallica.bnf.fr/ark:/12148/bpt6k5505300s/f327.item,"• le In Conférence Consultative (1894), membre de la Chambre mixte du Centre (1.900), secr. de la Chambre mixle el me",Chambre mixte du Centre
L1912-01896,NESTLER Charles-Herniann,L1912-01896,resolved,L1912-00721,Conférence Consultative,member,person_entry_statement,1891,303,https://gallica.bnf.fr/ark:/12148/bpt6k5505300s/f327.item,"e (1.900), secr. de la Chambre mixle el membre de la Conférence Consultative (1.902). TRAVAUX : élévation eL distribu",Conférence Consultative
L1912-01900,NICOLAS Alfred,L1912-01900,resolved,ORG:alliance francaise a,Alliance Française à,secretary,person_entry_statement,,304,https://gallica.bnf.fr/ark:/12148/bpt6k5505300s/f328.item,"ba, à Kairouan, à. M'unis ol à Bizerte; secrétaire de l'Alliance Française à. Bizerte; bibliothécaire-archiviste de ",Alliance Française à
L1912-01904,NICOLLE Charles-Jules-Henri,L1912-01904,resolved,ORG:institut pasteur,Institut Pasteur,director,person_entry_statement,,306,https://gallica.bnf.fr/ark:/12148/bpt6k5505300s/f330.item," D'), 2.1 sept. 1861), Rouen (S.-lnf.). Directeur de l'Institut Pasteur, à Tunis. 1"" janv. 1903. Ancien interne",Institut Pasteur
L1912-01906,NIEWENGLOWSKI Gaston-Henri,L1912-01906,resolved,ORG:societe d instruction populaire superieure,Société d'instruction populaire supérieure,vice_president,person_entry_statement,,306,https://gallica.bnf.fr/ark:/12148/bpt6k5505300s/f330.item," générale à l'école dentaire française. V.-prés. de la Société d'instruction populaire supérieure; v.-prés. lion. fond, de la Société d'i",Société d'instruction populaire supérieure
L1912-01921,OLIVIER Paul-Louis-Joseph,L1912-01921,resolved,ORG:controle civil ffons de greffier huissier a mactar,Contrôle civil ffons de greffier-huissier à Mactar,secretary,person_entry_statement,,311,https://gallica.bnf.fr/ark:/12148/bpt6k5505300s/f335.item,"t démissionnaire du 2* zouaves en 1890, secrétaire de Contrôle civil en 1.890, - contrôleur civil suppléant à Gro",Contrôle civil en 1
L1912-01923,OMESSA Pierre,L1912-01923,resolved,L1912-00721,Conférence Consultative,member,person_entry_statement,1891,312,https://gallica.bnf.fr/ark:/12148/bpt6k5505300s/f336.item,". Publicisle, rue d'Espagne, 14, Tunis. Membre de la Conférence Consultative (3' cire.,3"" coll.), élu en 1905, réélu ",Conférence Consultative
L1912-01927,ORDINAIRE Maurice,L1912-01927,resolved,ORG:conseil superieur des colonies,Conseil supérieur des colonies,member,person_entry_statement,,313,https://gallica.bnf.fr/ark:/12148/bpt6k5505300s/f337.item,"e des Colonies, ancien député du Doubs, membre du Conseil supérieur des colonies, rédacteur à plusieurs journaux parisie",Conseil supérieur des colonies
L1912-01931,ORTONA Cesare,L1912-01931,resolved,ORG:societe de geographie italienne de rome,Société de Géographie italienne de Rome,president,person_entry_statement,,314,https://gallica.bnf.fr/ark:/12148/bpt6k5505300s/f338.item," Médecine de Rome, docteur en médecine. Président de la Société de Géographie italienne de Rome.",Société de Géographie italienne de Rome
L1912-01934,OTTAVY Octave,L1912-01934,resolved,ORG:chambre de commerce de bizerte,Chambre de Commerce de Bizerte,member,person_entry_statement,,314,https://gallica.bnf.fr/ark:/12148/bpt6k5505300s/f338.item,"ymnastique «La Vaillante» à Ferryville. Membre de la Chambre de Commerce de Bizerte. Prés, de «l'Avenir du Prolétariat» (Co",Chambre de Commerce de Bizerte
L1912-01983,OUZIEL Clément,L1912-01983,resolved,L1912-00084,Alliance Israélite,director,person_entry_statement,1878,317,https://gallica.bnf.fr/ark:/12148/bpt6k5505300s/f341.item,"tion publique, off. du Nichan-Iftikhar. Directeur de l'Alliance Israélite, 1, rue Malt'a-Srira.Tunis. Sept. 1900.",Alliance Israélite
L1912-01989,PADOVANI Pierre,L1912-01989,resolved,ORG:association mutuelle tunisienne,Association Mutuelle tunisienne,member,person_entry_statement,,318,https://gallica.bnf.fr/ark:/12148/bpt6k5505300s/f342.item,7; chef de gare à Djedéïda depuis 1S99. Membre de l'Association Mutuelle tunisienne. Campagnes du Tonkin comme sous-officie,Association Mutuelle tunisienne
L1912-02008,PAUTHIER Joseph-Charles-Lucien,L1912-02008,resolved,ORG:amicale se condaire,Amicale se-' condaire,vice_president,person_entry_statement,,321,https://gallica.bnf.fr/ark:/12148/bpt6k5505300s/f345.item,"eur au lycée Carnot, M'unis. Nov. 1892. V.-prés. de l'Amicale se-' condaire.",Amicale se-' condaire
L1912-02016,PEIRON Eugène,L1912-02016,resolved,ORG:comite de la federation des cercles tunisiens et du cercle de tunis,Comité de la Fédération des Cercles tunisiens et du Cercle de Tunis,vice_president,person_entry_statement,,322,https://gallica.bnf.fr/ark:/12148/bpt6k5505300s/f346.item,Ligue de l'Epseigneinent à Sousse. anc. v.-prés. de la Fédération des Cercles tunisiens de la. Ligue de VEnseignem'.,Fédération des Cercles tunisiens de
L1912-02019,PELLET,L1912-02019,resolved,ORG:societe pour la defense clu commerce des grains et derives a m unis,Société pour la défense clu commerce des grains et dérivés à M'unis,vice_president,person_entry_statement,,322,https://gallica.bnf.fr/ark:/12148/bpt6k5505300s/f346.item,"ace -pour entrepreneurs et industriels. V.-prés. de la Chambre de commerce de M'unis; prés, de la Société régionale la «Fran",Chambre de commerce de M'unis
L1912-02019,PELLET,L1912-02019,resolved,ORG:societe des travailleurs francais,Société des Travailleurs Français,vice_president,person_entry_statement,,322,https://gallica.bnf.fr/ark:/12148/bpt6k5505300s/f346.item,été régionale la «FrancComtoise»; a.nc. v.-prés. de la Société des Travailleurs Français; anc. v.-prés. du groupe D de l'Assista,Société des Travailleurs Français
L1912-02020,PELLETIER Louis-J.,L1912-02020,resolved,ORG:association des colons francais de la region de mateur,Association des Colons français de la région de Mateur,president,person_entry_statement,,322,https://gallica.bnf.fr/ark:/12148/bpt6k5505300s/f346.item,Muxula -Rades. 189 0. Docteur en droit. Président de l'Association des Colons français de la région de Mateur ; membre de la Conférence Cnnsultive dep,Association des Colons français de la région de Mateur
L1912-02020,PELLETIER Louis-J.,L1912-02020,resolved,ORG:conference cnnsultive,Conférence Cnnsultive,member,person_entry_statement,,322,https://gallica.bnf.fr/ark:/12148/bpt6k5505300s/f346.item,olons français de la région de Mateur ; membre de la Conférence Cnnsultive depuis 1896 ; vice-président de la Chambre d'Agricul,Conférence Cnnsultive
L1912-02020,PELLETIER Louis-J.,L1912-02020,resolved,ORG:chambre d agriculture de m unis,Chambre d'Agriculture de M'unis,vice_president,person_entry_statement,,322,https://gallica.bnf.fr/ark:/12148/bpt6k5505300s/f346.item, la Conférence Cnnsultive depuis 1896 ; vice-président de la Chambre d'Agriculture de M'unis; conseiller municipal à Mateur.,Chambre d'Agriculture de M'unis
L1912-02022,PËLONI Jean-Pierre,L1912-02022,resolved,ORG:societe pour la defense clu commerce des grains et derives a m unis,Société pour la défense clu commerce des grains et dérivés à M'unis,member,person_entry_statement,,323,https://gallica.bnf.fr/ark:/12148/bpt6k5505300s/f347.item,"ée en béton de ciment armé à Béja, etc. Membre de la Chambre de Commerce de M'unis, 1890-190.1; secrétaire élu de ce corps",Chambre de Commerce de M'unis
L1912-02025,PERCIE DU SERT Fleury,L1912-02025,resolved,ORG:commission municipale de m ebourba,Commission municipale de M'ebourba,vice_president,person_entry_statement,,323,https://gallica.bnf.fr/ark:/12148/bpt6k5505300s/f347.item,ETUDES : Université de Gand (Belgique). Vice-président de la Commission municipale de M'ebourba.,Commission municipale de M'ebourba
L1912-02029,PERPETUA Giulio,L1912-02029,resolved,ORG:conseil d administration et caissier de l hopital colonial italien,Conseil d'administration et caissier de l'hôpital colonial italien,member,person_entry_statement,,323,https://gallica.bnf.fr/ark:/12148/bpt6k5505300s/f347.item,"ociété ((La Croix Verte»; anc. secr. et membre du Conseil d'administration de l'hôpital italien, de la Chambre.de commerce italienne et",Conseil d'administration de l'hôpital italien
L1912-02029,PERPETUA Giulio,L1912-02029,resolved,ORG:conseil de l instruction publique en m unisie,Conseil de l'Instruction publique en M'unisie,member,person_entry_statement,,323,https://gallica.bnf.fr/ark:/12148/bpt6k5505300s/f347.item,is : «Géographie de la Tunisie». Ancien membre du Conseil de l'Instruction publique en M'unisie; membre de la députaiion scolaire des é,Conseil de l'Instruction publique en M'unisie
L1912-02031,PERRET Jules,L1912-02031,resolved,ORG:conseil d administration,Conseil d'administration,secretary,person_entry_statement,,324,https://gallica.bnf.fr/ark:/12148/bpt6k5505300s/f348.item,"division à. la. Direction des Finances; Secrétaire du Conseil d'administration, de la Société cla prévoyance des fonct",Conseil d'administration
L1912-02032,PERRIER Fernand,L1912-02032,resolved,ORG:confe 3 rence consultative,Confé 3 rence Consultative,member,person_entry_statement,,324,https://gallica.bnf.fr/ark:/12148/bpt6k5505300s/f348.item,ublique en Tunisie. Agriculteur. Ancien membre de la Confé 3 rence Consultative; fit voter le projet de l'assistance pu,Confé 3 rence Consultative
L1912-02035,PERROCHON Henri-Auguste,L1912-02035,resolved,ORG:societe pour la defense clu commerce des grains et derives a m unis,Société pour la défense clu commerce des grains et dérivés à M'unis,member,person_entry_statement,,324,https://gallica.bnf.fr/ark:/12148/bpt6k5505300s/f348.item,cerre (Cher) pour le canton cl'Aubigny. Membre de la Chambre de Commerce de M'unis. Médaille d'argent à l'Exposition unive,Chambre de Commerce de M'unis
L1912-02038,PETIT Régis,L1912-02038,resolved,ORG:societe des anciens combattants,Société des anciens combattants,member,person_entry_statement,,324,https://gallica.bnf.fr/ark:/12148/bpt6k5505300s/f348.item,"agé volontaire en 1,870, au 1"" zouaves. Membre de la Société des anciens combattants de 1870-71. contre l'Allemagne; prés, actif de la ",Société des anciens combattants
L1912-02054,PICARD François,L1912-02054,resolved,ORG:touring club,Touring-Club,delegate,person_entry_statement,,327,https://gallica.bnf.fr/ark:/12148/bpt6k5505300s/f351.item,"; v.-prés. d'honneur cluclit Institut ; délégué du Touring-Club. 'TRAVAUX :' roules, adductions d'eau, ",Touring-Club
L1912-02058,PIETRA Charles,L1912-02058,resolved,ORG:comite permanent des fetes de m unis,Comité permanent des fêtes de M'unis,member,person_entry_statement,,328,https://gallica.bnf.fr/ark:/12148/bpt6k5505300s/f352.item,"ion générale des""étudiants de M'unisie; membre du Comité permanent des fêtes de M'unis; anc. corresp. gén. en M'unisie de «L'A",Comité permanent des fêtes de M'unis
L1912-02075,PLOUCHART Alphonse,L1912-02075,resolved,ORG:societe des an oiens chasseurs d afrique residant en m unisie,Société des an- oiens chasseurs d'Afrique résidant en M'unisie,secretary,person_entry_statement,,330,https://gallica.bnf.fr/ark:/12148/bpt6k5505300s/f354.item,"t, de «l'Harmonie Française», à. Tunis; secrétaire de la Société des an- oiens chasseurs d'Afrique résidant en M'unisie; président de «lT-lairmonie de Medjez-e",Société des an- oiens chasseurs d'Afrique résidant en M'unisie
L1912-02082,POIVRE Pierre,L1912-02082,resolved,ORG:congres republicain radical socialiste et socialiste de bizerte,Congrès républicain radical-socialiste et socialiste de Bizerte,secretary_general,person_entry_statement,,332,https://gallica.bnf.fr/ark:/12148/bpt6k5505300s/f356.item,"urnal» et au «Petit Journal», de Paris. Secrétaire général du Congrès républicain radical-socialiste et socialiste de Bizerte. Membre de la. Société de Géographie co",Congrès républicain radical-socialiste et socialiste de Bizerte
L1912-02096,PORTERIE Clément,L1912-02096,resolved,L1912-02404,Société archéologique de Sousse,member,person_entry_statement,,333,https://gallica.bnf.fr/ark:/12148/bpt6k5505300s/f357.item,de la Cie Bône-Guelma et prolongements. Membre de la Société archéologique de Sousse. • Campagne clu Sud-Oranais 1882-.IS83 ,Société archéologique de Sousse
L1912-02102,POTERIE René-Guillot DE LA,L1912-02102,resolved,L1912-00721,Conférence Consultative,member,person_entry_statement,1891,334,https://gallica.bnf.fr/ark:/12148/bpt6k5505300s/f358.item,"a Cour d'appel d'Angers pendant 18 ans. Membre de la Conférence Consultative (l'° cire. 1."" coll.); membre de la. Cha",Conférence Consultative
L1912-02103,POUJADE Raphaël,L1912-02103,resolved,ORG:amicale des employes francais des postes et telegraphes,Amicale des employés français des Postes et Télégraphes,president,person_entry_statement,,334,https://gallica.bnf.fr/ark:/12148/bpt6k5505300s/f358.item,u Vice-Consulat de France à M'unis. Viceprésident de l'Amicale des employés français des Postes et Télégraphes ; memb. du Conseil supérieur de surveill,Amicale des employés français des Postes et Télégraphes
L1912-02105,POYET Joannès,L1912-02105,resolved,ORG:syndicat des chemins de fer tunisiens et secretaire de ce syndicat,Syndicat des chemins de fer tunisiens et' secrétaire de ce Syndicat,founder,person_entry_statement,,334,https://gallica.bnf.fr/ark:/12148/bpt6k5505300s/f358.item,"; chauffeur classé el mécanicien, 1895. Fondateur du Syndicat des chemins de fer tunisiens et' secrétaire de ce Syndicat de 1.S94 à 1897. .",Syndicat des chemins de fer tunisiens et' secrétaire de ce Syndicat
L1912-02112,PRËVERAUD DE VAUMAS WilliamCharles,L1912-02112,resolved,ORG:chambre d agriculture,Chambre d'Agriculture,member,person_entry_statement,,335,https://gallica.bnf.fr/ark:/12148/bpt6k5505300s/f359.item, au domaine de Zaouem (Souk-el-Khemis). Membre de la Chambre d'agriculture; administrateur de la Caisse locale de ,Chambre d'agriculture
L1912-02112,PRËVERAUD DE VAUMAS WilliamCharles,L1912-02112,resolved,ORG:caisse locale de credit mutuel de souk el khemis,Caisse locale de crédit mutuel de Souk-el-Khemis,director,person_entry_statement,,335,https://gallica.bnf.fr/ark:/12148/bpt6k5505300s/f359.item,s). Membre de la Chambre d'agriculture; administrateur de la Caisse locale de crédit mutuel de Souk-el-Khemis.,Caisse locale de crédit mutuel de Souk-el-Khemis
L1912-02119,PROUST Paul-Eugène-Emile,L1912-02119,resolved,ORG:comite directeur de l institut de carthage,Comité directeur de l'Institut de Carthage,member,person_entry_statement,,336,https://gallica.bnf.fr/ark:/12148/bpt6k5505300s/f360.item,"s, dessinateur, chef de bureau au B.-G. Membre du Comité directeur de l'Institut de Carthage, 1.8951.897 ; commissaire général des S",Comité directeur de l'Institut de Carthage
L1912-02119,PROUST Paul-Eugène-Emile,L1912-02119,resolved,ORG:institut de carthage et la societe de geographie commerciale de paris,Institut de Carthage et la Société de Géographie commerciale de Paris,secretary,person_entry_statement,,336,https://gallica.bnf.fr/ark:/12148/bpt6k5505300s/f360.item,"ciété tunisienne cîes Beaux-Arts, 1904; secrétaire de la Société de Géographie commerciale de Paris, section tunisienne, 1904-05-06; commis",Société de Géographie commerciale de Paris
L1912-02120,PROUST Théodore-Auguste-GaspardOscar,L1912-02120,resolved,L1912-00701,Compagnie Algérienne,director,person_entry_statement,,336,https://gallica.bnf.fr/ark:/12148/bpt6k5505300s/f360.item,l du service de l'Intendance militaire; directeur de la Compagnie Algérienne; directeur du Comptoir National d'Escom,Compagnie Algérienne
L1912-02120,PROUST Théodore-Auguste-GaspardOscar,L1912-02120,resolved,ORG:comptoir national d escompte de paris en tunisie,Comptoir National d'Escompte de Paris en Tunisie,director,person_entry_statement,,336,https://gallica.bnf.fr/ark:/12148/bpt6k5505300s/f360.item,; directeur de la Compagnie Algérienne; directeur du Comptoir National d'Escompte de Paris en Tunisie; vice-président de la Municipalité de T,Comptoir National d'Escompte de Paris en Tunisie
L1912-02120,PROUST Théodore-Auguste-GaspardOscar,L1912-02120,resolved,ORG:municipalite de tunis,Municipalité de Tunis,vice_president,person_entry_statement,,336,https://gallica.bnf.fr/ark:/12148/bpt6k5505300s/f360.item,ational d'Escompte de Paris en Tunisie; vice-président de la Municipalité de Tunis; président du Comité du Comptoir Nation,Municipalité de Tunis
L1912-02120,PROUST Théodore-Auguste-GaspardOscar,L1912-02120,resolved,ORG:comptoir national d escompte de paris en tunisie,Comptoir National d'Escompte de Paris en Tunisie,president,person_entry_statement,,336,https://gallica.bnf.fr/ark:/12148/bpt6k5505300s/f360.item,-président de la Municipalité de Tunis; président du Comité du Comptoir National d'Escompte de Paris; administrateur de la Banque de l'Algér,Comité du Comptoir National d'Escompte de Paris
L1912-02120,PROUST Théodore-Auguste-GaspardOscar,L1912-02120,resolved,L1912-00224,Banque de l'Algérie,director,person_entry_statement,,336,https://gallica.bnf.fr/ark:/12148/bpt6k5505300s/f360.item, Comptoir National d'Escompte de Paris; administrateur de la Banque de l'Algérie; président et organisateur de la Chambr,Banque de l'Algérie
L1912-02120,PROUST Théodore-Auguste-GaspardOscar,L1912-02120,resolved,ORG:harmonie francaise,Harmonie Française,president,person_entry_statement,,336,https://gallica.bnf.fr/ark:/12148/bpt6k5505300s/f360.item,"Conférence Consultativependant dix ans; président de l'Harmonie Française. Auteur d'une brochure sur la, colonisa",Harmonie Française
L1912-02122,PROVENCE Henry,L1912-02122,resolved,ORG:syndical de la presse tunisienne,Syndical de la Presse tunisienne,member,person_entry_statement,,336,https://gallica.bnf.fr/ark:/12148/bpt6k5505300s/f360.item,"u «Courrier de M'unisie» (sept. 1.910). Membre du Syndical de la Presse tunisienne. TRAVAUX : «Fleurs de rêve», vol. de ve",Syndical de la Presse tunisienne
L1912-02124,PUCH Elie-M'héodore-Albéric DU,L1912-02124,resolved,ORG:syndicat des colons francais de la,Syndicat des Côlons français de La,president,person_entry_statement,,337,https://gallica.bnf.fr/ark:/12148/bpt6k5505300s/f361.item,"ropriétaire à. La. Manouba el à Gamarl. Président du Syndicat des Côlons français de La. Manouba. Depuis sa. sortie"" de Saint-C",Syndicat des Côlons français de La
L1912-02129,QUINEL,L1912-02129,resolved,ORG:internat de garcons de beja,Internat de garçons de Béja,director,person_entry_statement,,338,https://gallica.bnf.fr/ark:/12148/bpt6k5505300s/f362.item,"QUINEL, 1874. Directeur de l'Internat de garçons de Béja. Brevet supérieur; élève-maître d'école",Internat de garçons de Béja
L1912-02131,RACINE Henry-Marie,L1912-02131,resolved,ORG:societe des grands moulins de m unis,Société des Grands Moulins de M'unis,delegate,person_entry_statement,,339,https://gallica.bnf.fr/ark:/12148/bpt6k5505300s/f363.item," au 1.-41"" d'infanterie. Administrateur délégué de la Société des Grands Moulins de M'unis; membre de la. Maison Aug. Racine et fi",Société des Grands Moulins de M'unis
L1912-02131,RACINE Henry-Marie,L1912-02131,resolved,ORG:societe pour la defense clu commerce des grains et derives a m unis,Société pour la défense clu commerce des grains et dérivés à M'unis,secretary,person_entry_statement,,339,https://gallica.bnf.fr/ark:/12148/bpt6k5505300s/f363.item,a. Chambre de Commerce de Tunis; ancien secrétaire de la Société pour la défense clu commerce des grains et dérivés à M'unis. Raisins secs. Le séchage des raisins e,Société pour la défense clu commerce des grains et dérivés à M'unis
L1912-02135,RAIGHLEN Louis-Jacques,L1912-02135,resolved,ORG:banque de tunisie il est defendu,Banque de Tunisie Il est défendu,director,person_entry_statement,,339,https://gallica.bnf.fr/ark:/12148/bpt6k5505300s/f363.item,"RAIGHLEN (Louis-Jacques), 1862, Genève. Directeur de la Banque de Tunisie Il est défendu, depuis le fedjer (le commencement de l",Banque de Tunisie Il est défendu
L1912-02138,RANDET Paul-Joseph,L1912-02138,resolved,ORG:societe regionale,Société régionale,vice_president,person_entry_statement,,340,https://gallica.bnf.fr/ark:/12148/bpt6k5505300s/f364.item,"t vice-président à M'unis, 1.91.1. Anc. v.-prés. de la Société régionale « La Dauphinoise ». Memb. du ""Comité de ",Société régionale
L1912-02146,RAUCHER Julien,L1912-02146,resolved,ORG:comite des l etes de m unis,Comité des l'êtes de M'unis,member,person_entry_statement,,340,https://gallica.bnf.fr/ark:/12148/bpt6k5505300s/f364.item,té clu «Saint-Huberl.Club de M'unisie»; membre du Comité des l'êtes de M'unis. Campagnes clé guerre au Sénégal et au ,Comité des l'êtes de M'unis
L1912-02158,REIX Jean,L1912-02158,resolved,ORG:cercle de beja de la ligue francaise de l enseignement,Cercle de Béja de la Ligue française de l'Enseignement,vice_president,person_entry_statement,,342,https://gallica.bnf.fr/ark:/12148/bpt6k5505300s/f366.item," 1895-1.902, et à Béja, 19p2 à ce jour. V.-prés. du Cercle de Béja de la Ligue française de l'Enseignement; v.-prés. de la Société des Amis des ar",Cercle de Béja de la Ligue française de l'Enseignement
L1912-02158,REIX Jean,L1912-02158,resolved,ORG:section de beja des amis des arbres en tunisie,Section de Tunis de la Société des Amis des Arbres,vice_president,person_entry_statement,,342,https://gallica.bnf.fr/ark:/12148/bpt6k5505300s/f366.item,e la Ligue française de l'Enseignement; v.-prés. de la Société des Amis des arbres (section de Béja). Médailles d'argent à ,Société des Amis des arbres
L1912-02160,RENAULT Jules,L1912-02160,resolved,ORG:conseil des ministres du gouvernement tunisien,Conseil des ministres du Gouvernement tunisien,president,person_entry_statement,,342,https://gallica.bnf.fr/ark:/12148/bpt6k5505300s/f366.item,"sl, ministre des affaires étrangères el président du Conseil des ministres du Gouvernement tunisien. Il est'dépositaire des pouvoirs de la.",Conseil des ministres du Gouvernement tunisien
L1912-02161,RESFLANDY Jean-Emile-Ferdinaild,L1912-02161,resolved,ORG:comite des fetes de tunis,Comité des Fêtes de Tunis,president,person_entry_statement,,343,https://gallica.bnf.fr/ark:/12148/bpt6k5505300s/f367.item," des Trav a u x oublies de 1894 à 1900. Président du Comité des fêtes de Tunis. Prés, de la Société régionale «La Rous",Comité des fêtes de Tunis
L1912-02162,REÙBEL Maurice,L1912-02162,resolved,ORG:alliance francaise en annam,Alliance Française en Annam,delegate,person_entry_statement,,343,https://gallica.bnf.fr/ark:/12148/bpt6k5505300s/f367.item,TUDES:- Ecole nationale des Beaux-Arts. Délégué de l'Alliance Française en Annam ; président de la section tunisienne de ,Alliance Française en Annam
L1912-02162,REÙBEL Maurice,L1912-02162,resolved,ORG:institut de carthage et la societe de geographie commerciale de paris,Institut de Carthage et la Société de Géographie commerciale de Paris,secretary_general,person_entry_statement,,343,https://gallica.bnf.fr/ark:/12148/bpt6k5505300s/f367.item,unisienne de ila «France prévoyante » ; secrétaire général de la Société de géographie commerciale (section tunisienne). Exudes de chemins ,Société de géographie commerciale
L1912-02166,REVOL Jean,L1912-02166,resolved,ORG:association des journalistes francais de m unisie,Association des Journalistes français de M'unisie,vice_president,person_entry_statement,,344,https://gallica.bnf.fr/ark:/12148/bpt6k5505300s/f368.item,"pêche Sfaxienne», hebdomadaire en 1901. V.-prés. de l'Association des Journalistes français de M'unisie, 1908.",Association des Journalistes français de M'unisie
L1912-02169,REY Louis,L1912-02169,resolved,ORG:chambre de gommer ce italienne,Chambre de Gommer- ce Italienne,vice_president,person_entry_statement,,344,https://gallica.bnf.fr/ark:/12148/bpt6k5505300s/f368.item,e des Frères de la Doctrine chrétienne. V.-prés. de la Chambre de Gommer- ce Italienne; v.-prés. de ta Banque Commerciale Tuni,Chambre de Gommer- ce Italienne
L1912-02170,REY Louis,L1912-02170,resolved,ORG:municipalite a gafsa,Municipalité à Gafsa,president,person_entry_statement,,345,https://gallica.bnf.fr/ark:/12148/bpt6k5505300s/f369.item,TUDES : lycée de Conlantine. Ancien viceprésident de la Municipalité à Gafsa. Membre de la Chambre mixte de Commerce,Municipalité à Gafsa
L1912-02170,REY Louis,L1912-02170,resolved,ORG:chambre mixte de commerce et d agriculture du centre,Chambre mixte de commerce et d'agriculture du Centre,member,person_entry_statement,,345,https://gallica.bnf.fr/ark:/12148/bpt6k5505300s/f369.item,ceprésident de la Municipalité à Gafsa. Membre de la Chambre mixte de Commerce el d'Agriculture du Sud.,Chambre mixte de Commerce el d'Agriculture du Sud
L1912-02171,REYMOND I-I.-L.,L1912-02171,resolved,ORG:esl m unisien,Esl-M'unisien,director,person_entry_statement,,345,https://gallica.bnf.fr/ark:/12148/bpt6k5505300s/f369.item,mpagnie francotunisienne de Navigation; directeur de l'Esl-M'unisien. Membre du Comité de la. Société frança,Esl-M'unisien
L1912-02171,REYMOND I-I.-L.,L1912-02171,resolved,ORG:comite de,Comité de,member,person_entry_statement,,345,https://gallica.bnf.fr/ark:/12148/bpt6k5505300s/f369.item,vigation; directeur de l'Esl-M'unisien. Membre du Comité de la. Société française de Bienfaisance; v.-,Comité de
L1912-02172,REYNAUD Alphonse,L1912-02172,resolved,ORG:ligne de l enseignement et de la ligue des droits de l homme et du cito,Ligne de l'Enseignement et de la Ligue des Droits de l'Homme et du Cito,member,person_entry_statement,,345,https://gallica.bnf.fr/ark:/12148/bpt6k5505300s/f369.item,"s en 'Tunisie, au Sénégal et au Soudan. Membre de la Ligne de l'Enseignement et de la Ligue des Droits de l'Homme et du Citoyen. M'RAVAUX : égouls de Dakar (Sénégal",Ligne de l'Enseignement et de la Ligue des Droits de l'Homme et du Cito
L1912-02179,RICHARD,L1912-02179,resolved,ORG:comite des enfants traduits en justice,Comité des enfants traduits en justice,member,person_entry_statement,,345,https://gallica.bnf.fr/ark:/12148/bpt6k5505300s/f369.item, Petites familles d'enfants abandonnés; membre du Comité des enfants traduits en justice. Chargé de mission du Gouvernement en G,Comité des enfants traduits en justice
L1912-02180,RICHARD Victor,L1912-02180,resolved,ORG:comptoir national d escompte de paris en tunisie,Comptoir National d'Escompte de Paris en Tunisie,director,person_entry_statement,,346,https://gallica.bnf.fr/ark:/12148/bpt6k5505300s/f370.item,"e, gr. off. du NidiaxiTlftikhar. Ancien directeur du Comptoir National d'Escompte de Paris à. M'unis. 1892. ETUDES : Lycée de Marsei",Comptoir National d'Escompte de Paris à
L1912-02182,RIETMANN Edouard-Rodolphe,L1912-02182,resolved,ORG:societe coloniale bordelaise de madagascar,Société coloniale Bordelaise de Madagascar,director,person_entry_statement,,346,https://gallica.bnf.fr/ark:/12148/bpt6k5505300s/f370.item,"e), Ecole Duvigneau-de-Lanneau (Paris). Directeur de la Société coloniale Bordelaise de Madagascar, à Majunga. Membre de. la Chambre mixte",Société coloniale Bordelaise de Madagascar
L1912-02190,ROBAGLIA Pascal-Nonce,L1912-02190,resolved,ORG:etat a l interieur,Etat à l'Intérieur,secretary,person_entry_statement,,347,https://gallica.bnf.fr/ark:/12148/bpt6k5505300s/f371.item," qui fut approuvé par M. -""Welche, sous-secrétaire d'Etat à l'Intérieur. A reçu de la. Colonie italienne de La ",Etat à l'Intérieur
L1912-02190,ROBAGLIA Pascal-Nonce,L1912-02190,resolved,ORG:municipalite de la goulette de 1,Municipalité de La Goulette de 1,delegate,person_entry_statement,,347,https://gallica.bnf.fr/ark:/12148/bpt6k5505300s/f371.item,iété des Monts de Piété. Vice-Président délégué de la Municipalité de La Goulette de 1.896 à 1903. Fondateur de ta Société fra,Municipalité de La Goulette de 1
L1912-02190,ROBAGLIA Pascal-Nonce,L1912-02190,resolved,ORG:societe de secours mutuels des anciens militaires cle la marine,Société de Secours Mutuels des Anciens Militaires cle la Marine,president,person_entry_statement,,347,https://gallica.bnf.fr/ark:/12148/bpt6k5505300s/f371.item,"ent de ladite Société de 1:897 à 1.903: président de la Société de secours mutuels «l'Union des Travailleurs français», sec",Société de secours mutuels
L1912-02191,ROBERT Henri-Léon,L1912-02191,resolved,ORG:service de sante de la division de constantine,Service de Santé de la division de Constantine,director,person_entry_statement,,347,https://gallica.bnf.fr/ark:/12148/bpt6k5505300s/f371.item,"ires de La Rochelle et de Constantine ; directeur du Service de Santé de la division de Constantine, puis de la Division d'occupation de la",Service de Santé de la division de Constantine
L1912-02191,ROBERT Henri-Léon,L1912-02191,resolved,ORG:societe de medecine de nancy,Société de Médecine de Nancy,member,person_entry_statement,,347,https://gallica.bnf.fr/ark:/12148/bpt6k5505300s/f371.item,"la Division d'occupation de la Tunisie. Membre de la Société de Médecine de Nancy. Campagne de 1870 (siège de Strasbourg,",Société de Médecine de Nancy
L1912-02203,ROMDAN BEN ROMDAN,L1912-02203,resolved,ORG:cercl e international de mahdia,Cercl e international de Mahdia,vice_president,person_entry_statement,,349,https://gallica.bnf.fr/ark:/12148/bpt6k5505300s/f373.item,iles de grignons au sulfure de carbone; V.-prés. du Cercl e international de Mahdia; administrateur de la Compagnie des Eau,Cercl e international de Mahdia
L1912-02203,ROMDAN BEN ROMDAN,L1912-02203,resolved,ORG:compagnie des eaux thermales et du domaine de korbous,Compagnie des Eaux thermales et du Domaine de Korbous,director,person_entry_statement,,349,https://gallica.bnf.fr/ark:/12148/bpt6k5505300s/f373.item,és. du Cercl e international de Mahdia; administrateur de la Compagnie des Eaux thermales et du Domaine de Korbous. Conseiller municipal de Mahdia. Exposi,Compagnie des Eaux thermales et du Domaine de Korbous
L1912-02205,RONNE Gustave,L1912-02205,resolved,ORG:comice agricole et de la societe d elevage des cantons de vienne et rou,Comice agricole et de la Société d'élevage des cantons de Vienne et Rou,secretary_general,person_entry_statement,,350,https://gallica.bnf.fr/ark:/12148/bpt6k5505300s/f374.item,"anitaire de l'arrondissement de Vienne; secrétaire général du Comice agricole et de la Société d'élevage des cantons de Vienne et Roussillon (Isère). Prés, de la Société hip",Comice agricole et de la Société d'élevage des cantons de Vienne et Rou
L1912-02205,RONNE Gustave,L1912-02205,resolved,ORG:cercle de la ligue de l enseignement de kairouan,Cercle de la Ligue de l'enseignement de Kairouan,vice_president,person_entry_statement,,350,https://gallica.bnf.fr/ark:/12148/bpt6k5505300s/f374.item,"és, de la Société hippique de Kairouan; v.-prés. de la Ligue de l'Enseignement à Kairouan.",Ligue de l'Enseignement à Kairouan
L1912-02206,ROQUES Antonin-Hippolvle-Félix,L1912-02206,resolved,ORG:chambre des avoues,Chambre des avoués,president,person_entry_statement,,350,https://gallica.bnf.fr/ark:/12148/bpt6k5505300s/f374.item,"clerc d'avoué en l'élude de M. Lacroix, président de la Chambre des avoués, à Millau, pendant trois ans; employé à",Chambre des avoués
L1912-02206,ROQUES Antonin-Hippolvle-Félix,L1912-02206,resolved,ORG:controle civil ffons de greffier huissier a mactar,Contrôle civil ffons de greffier-huissier à Mactar,secretary,person_entry_statement,,350,https://gallica.bnf.fr/ark:/12148/bpt6k5505300s/f374.item," à Gafsa, 29 janv. 1896-18 juill. 1898; secrétaire de Contrôle civil ffons de greffier-huissier à Mactar, 1S juill. 189S-8 mai 1903; commis expé",Contrôle civil ffons de greffier-huissier à Mactar
L1912-02221,RUPRICH-ROBERT Edmoïid-Alberl,L1912-02221,resolved,ORG:municipalite de nabeul,Municipalité de Nabeul,vice_president,person_entry_statement,,353,https://gallica.bnf.fr/ark:/12148/bpt6k5505300s/f377.item,"ataillon territorial de zouaves. Ancien vice-président de la Municipalité de Nabeul. Colon, ' propriétaire, négociant en mé",Municipalité de Nabeul
L1912-02221,RUPRICH-ROBERT Edmoïid-Alberl,L1912-02221,resolved,ORG:societe de tir du capbon,Société de Tir du CapBon,vice_president,person_entry_statement,,353,https://gallica.bnf.fr/ark:/12148/bpt6k5505300s/f377.item," propriétaire, négociant en mégisserie. V.-prés. de la Société de Tir du CapBon; correspondant de «la Dépêche Tunisienn",Société de Tir du CapBon
L1912-02223,RUTILY,L1912-02223,resolved,ORG:syndicat des entrepreneurs francais,Syndicat des Entrepreneurs français,president,person_entry_statement,,353,https://gallica.bnf.fr/ark:/12148/bpt6k5505300s/f377.item,"ce-président de la «Corse» (trois ans), président du Syndicat des Entrepreneurs français (trois ans). Directeur du «Libéral», quo",Syndicat des Entrepreneurs français
L1912-02224,SAADA Albert,L1912-02224,resolved,ORG:gouvernement pres la caisse de bienfaisance israelite,Gouvernement près la Caisse de Bienfaisance Israélite,delegate,person_entry_statement,,354,https://gallica.bnf.fr/ark:/12148/bpt6k5505300s/f378.item,uis est venu comme entrepreneur à Sfax. Délégué du Gouvernement près la Caisse de Bienfaisance Israélite.,Gouvernement près la Caisse de Bienfaisance Israélite
L1912-02226,SAADA Victor,L1912-02226,resolved,ORG:conseil d administration de l hopital israelite,Conseil d'administration de l'hôpital israélite,member,person_entry_statement,,354,https://gallica.bnf.fr/ark:/12148/bpt6k5505300s/f378.item,"900; inscrit au barreau de Tunis, 1899. Membre du Conseil d'administration de l'hôpital israélite.",Conseil d'administration de l'hôpital israélite
L1912-02231,SADOUN Jacques,L1912-02231,resolved,ORG:comite de propagande de la societe mutuelle ouvriere israelite,Comité de propagande de la Société mutuelle Ouvrière israélite,member,person_entry_statement,,354,https://gallica.bnf.fr/ark:/12148/bpt6k5505300s/f378.item,"s, de la Société «l'Esludianlina»; anc. membre du Comité de propagande de la Société mutuelle Ouvrière israélite; membre de la Chambre italienne de Comm",Comité de propagande de la Société mutuelle Ouvrière israélite
L1912-02231,SADOUN Jacques,L1912-02231,resolved,ORG:chambre italienne de commerce et membre de l association des anciens el,Chambre italienne de Commerce et membre de l'Association des Anciens él,member,person_entry_statement,,354,https://gallica.bnf.fr/ark:/12148/bpt6k5505300s/f378.item,la Société mutuelle Ouvrière israélite; membre de la Chambre italienne de Commerce et membre de l'Association des Anciens élèves des Ecoles italiennes de Tunis. TJM,Chambre italienne de Commerce et membre de l'Association des Anciens él
L1912-02255,SAKKAT Ali,L1912-02255,resolved,ORG:comite de la khaldounia,Comité de la Khaldounia,member,person_entry_statement,,357,https://gallica.bnf.fr/ark:/12148/bpt6k5505300s/f381.item,"e, puis chef de bureau aux H a b o u s. Membre du Comité de la Khaldounia ; membre du Cercle Tunisien et, de nluI ",Comité de la Khaldounia
L1912-02255,SAKKAT Ali,L1912-02255,resolved,L1912-00556,Cercle Tunisien,member,person_entry_statement,1908,357,https://gallica.bnf.fr/ark:/12148/bpt6k5505300s/f381.item," s. Membre du Comité de la Khaldounia ; membre du Cercle Tunisien et, de nluI sieurs autres sociétés indigèn",Cercle Tunisien
L1912-02259,SALIÉGE Henri,L1912-02259,resolved,ORG:conseil de l ordre,Conseil de l'ordre,member,person_entry_statement,,358,https://gallica.bnf.fr/ark:/12148/bpt6k5505300s/f382.item,officier d'artillerie cle territoriale. Membre du Conseil de l'ordre.,Conseil de l'ordre
L1912-02260,SALIH Mohamed,L1912-02260,resolved,ORG:societe sportive,Société Sportive,member,person_entry_statement,,358,https://gallica.bnf.fr/ark:/12148/bpt6k5505300s/f382.item,"ique du D1 Bouhajeb' de 1903 à ce jour. Membre de la Société sportive «la Musulmane» et du Cercle Tunisien.,",Société sportive
L1912-02265,SANGÉS Giuseppe,L1912-02265,resolved,ORG:societe des anciens eleves des ecoles italiennes de tunis,Société des anciens Elèves des Ecoles italiennes de Tunis,treasurer,person_entry_statement,,358,https://gallica.bnf.fr/ark:/12148/bpt6k5505300s/f382.item,"harmacien. «Pharmacie Anglaise», Tunis. Trésorier de l'Association des anciens élèves des écoles italiennes depuis 1.902.",Association des anciens élèves des écoles italiennes
L1912-02267,SANTILLANA Léon,L1912-02267,resolved,ORG:conseil d administration de l hopital israelite,Conseil d'administration de l'hôpital israélite,vice_president,person_entry_statement,,358,https://gallica.bnf.fr/ark:/12148/bpt6k5505300s/f382.item,ec. cle la Britisch Benevolent Society; vice-président du Conseil d'administration de l'hôpital israélite. TRAVAUX : «Infiuenza. délia sifibse su,Conseil d'administration de l'hôpital israélite
L1912-02269,SANTSCHI Félix,L1912-02269,resolved,ORG:societe vaudoise des sciences naturelles,Société Vaudoise des Sciences naturelles,member,person_entry_statement,,359,https://gallica.bnf.fr/ark:/12148/bpt6k5505300s/f383.item,à Finshaut (Suisse) ; médecin a J-imis. Membre de la Société Vaudoise des Sciences naturelles; membre à vie cle la Société-Entomologi,Société Vaudoise des Sciences naturelles
L1912-02271,SAUNIER Henri-Louis,L1912-02271,resolved,ORG:societe hippique du sahel,Société Hippique du Sahel,vice_president,person_entry_statement,,359,https://gallica.bnf.fr/ark:/12148/bpt6k5505300s/f383.item,"crime «Jean-Louis» ; fond., très., puis v.-prés. de la Société Hippique du Sahel; fond, et prés, cle la Société «La Patr",Société Hippique du Sahel
L1912-02277,SAYAH Mohamed,L1912-02277,resolved,ORG:institut de carthage et la societe de geographie commerciale de paris,Institut de Carthage et la Société de Géographie commerciale de Paris,member,person_entry_statement,,360,https://gallica.bnf.fr/ark:/12148/bpt6k5505300s/f384.item,"amicale des membres cle l'Enseignement; membre de la Société de Géographie commerciale de Paris; fond, de la Ligue antialcoolique indig",Société de Géographie commerciale de Paris
L1912-02283,SCHEMBRI Emmanuel,L1912-02283,resolved,ORG:comite du cercle republicain,Comité du Cercle Républicain,member,person_entry_statement,,361,https://gallica.bnf.fr/ark:/12148/bpt6k5505300s/f385.item,"-Hugo, Sousse. ETUDES : collège Alaoui; membre du Comité du Cercle républicain. THAVAUX : surveillant aux travaux d'ad",Comité du Cercle républicain
L1912-02286,SCHLUMBERGER Raoul,L1912-02286,resolved,ORG:conseil superieur de l assistance mutuelle tunisienne,Conseil supérieur de l'Assistance Mutuelle Tunisienne,member,person_entry_statement,,361,https://gallica.bnf.fr/ark:/12148/bpt6k5505300s/f385.item,ien chancelier du Consulat de Danemark. Membre du Conseil supérieur de l'Assistance Mutuelle Tunisienne; membre du bureau cle la Société des Al,Conseil supérieur de l'Assistance Mutuelle Tunisienne
L1912-02287,SCHUH François,L1912-02287,resolved,L1912-00721,Conférence Consultative,member,person_entry_statement,1891,362,https://gallica.bnf.fr/ark:/12148/bpt6k5505300s/f386.item,"nicien, puis entrepreneur depuis 1S9 4, Membre de la Conférence Consultative (2* cire, 2- Collège), élu. en 1905, réé",Conférence Consultative
L1912-02287,SCHUH François,L1912-02287,resolved,ORG:syndicat des entrepreneurs francais de tunisie,Syndicat des Entrepreneurs français de Tunisie,vice_president,person_entry_statement,,362,https://gallica.bnf.fr/ark:/12148/bpt6k5505300s/f386.item,a Soc. Amicale l'Algérienne de Bizerte; v.-prés. du Syndicat des Entrepreneurs français de Tunisie; v.-pr. de l'Union des Travailleurs fra,Syndicat des Entrepreneurs français de Tunisie
L1912-02287,SCHUH François,L1912-02287,resolved,ORG:conseil d administration de l action republicaine,Conseil d'administration de l'Action républicaine,member,person_entry_statement,,362,https://gallica.bnf.fr/ark:/12148/bpt6k5505300s/f386.item,"n des Travailleurs français de Bizerle; membre du Conseil d'administration de l'Action républicaine,Bizerte: fondateur cle plusieurs Sociét",Conseil d'administration de l'Action républicaine
L1912-02289,SCIALOM David-Dario,L1912-02289,resolved,ORG:societe tropicale de paris,Société tropicale de Paris,member,person_entry_statement,,362,https://gallica.bnf.fr/ark:/12148/bpt6k5505300s/f386.item,"hôpitaux israélite et italien de Tunis; membre de la Société tropicale de Paris; prés, de la Soc. desAne. Elèves de l'A",Société tropicale de Paris
L1912-02289,SCIALOM David-Dario,L1912-02289,resolved,ORG:comite de la societe de secours mutuels et de la section esperantisle d,Comité de la Société de Secours mutuels et de la Section espérantisle d,member,person_entry_statement,,362,https://gallica.bnf.fr/ark:/12148/bpt6k5505300s/f386.item,kient honoraire de l'Alliance Sportive; membre du Comité de la Société de Secours mutuels et de la Section espérantisle de l'Institut de Carthage; médecin cle la,Comité de la Société de Secours mutuels et de la Section espérantisle d
L1912-02290,SCIALOM,L1912-02290,resolved,ORG:conseil de l ordre a la conference des avocats stagiaires,Conseil de l'ordre à la Conférence des avocats stagiaires,member,person_entry_statement,,362,https://gallica.bnf.fr/ark:/12148/bpt6k5505300s/f386.item," es sciences; licencié en droit; ancien membre du Conseil cle l'ordre des avocats de Tunis, bibliothécaire de l'ordre des avocats ",Conseil cle l'ordre des avocats de Tunis
L1912-02290,SCIALOM,L1912-02290,resolved,ORG:conseil de l ordre a la conference des avocats stagiaires,Conseil de l'ordre à la Conférence des avocats stagiaires,delegate,person_entry_statement,,362,https://gallica.bnf.fr/ark:/12148/bpt6k5505300s/f386.item,"bliothécaire de l'ordre des avocats et, délégué du Conseil de l'ordre à la Conférence des avocats stagiaires. A été président du Conseil de surveill",Conseil de l'ordre à la Conférence des avocats stagiaires
L1912-02290,SCIALOM,L1912-02290,resolved,ORG:conseil de surveillance cle l hopital israelite de tunis et de l associ,Conseil de surveillance cle l'Hôpital israélite de Tunis et de l'Associ,president,person_entry_statement,,362,https://gallica.bnf.fr/ark:/12148/bpt6k5505300s/f386.item,onférence des avocats stagiaires. A été président du Conseil de surveillance cle l'Hôpital israélite de Tunis et de l'Association des Ane. Elèves de l'Alliance isra,Conseil de surveillance cle l'Hôpital israélite de Tunis et de l'Associ
L1912-02321,SERRES Jean-Victor,L1912-02321,resolved,L1912-01457,Institut de Carthage,president,person_entry_statement,1893,365,https://gallica.bnf.fr/ark:/12148/bpt6k5505300s/f389.item,ntrôles civils n la Résidence Générale. Président de l'Institut de Carthage en 1903 et 1.905. A publié : «Journal de la première,Institut de Carthage
L1912-02330,SFAR Béchir,L1912-02330,resolved,ORG:conseil d administration des i labous,Conseil d'administration des I-labous,president,person_entry_statement,,366,https://gallica.bnf.fr/ark:/12148/bpt6k5505300s/f390.item,"tration générale, délégué aux I-Iabous, président du Conseil d'administration des I-labous: président honoraire cle la Khaldounïa;",Conseil d'administration des I-labous
L1912-02330,SFAR Béchir,L1912-02330,resolved,L1912-01457,Institut de Carthage,member,person_entry_statement,1893,366,https://gallica.bnf.fr/ark:/12148/bpt6k5505300s/f390.item," président honoraire cle la Khaldounïa; membre de l'Institut de Carthage. cle la Société de Géographie, du Comit",Institut de Carthage
L1912-02336,SICAULT Firmin,L1912-02336,resolved,ORG:controles civils de souk el arba et de bizerle,Contrôles civils de Souk-el-Arba et de Bizerle,secretary,person_entry_statement,,369,https://gallica.bnf.fr/ark:/12148/bpt6k5505300s/f393.item,our l'arabe); licencié en droit. Ancien secrétaire des Contrôles civils de Souk-el-Arba et de Bizerle.,Contrôles civils de Souk-el-Arba et de Bizerle
L1912-02337,SICRE DE FONTBRUNE Alphonse,L1912-02337,resolved,ORG:chambre d agriculture de l ile de la reunion,Chambre d'Agriculture de l'île de La Réunion,president,person_entry_statement,,369,https://gallica.bnf.fr/ark:/12148/bpt6k5505300s/f393.item,"DES : lycée Sainte-Barbe, Paris. Ancien président de la Chambre d'Agriculture de l'île de La Réunion; ancien membre titulaire du Conseil sup",Chambre d'Agriculture de l'île de La Réunion
L1912-02385,SIGNORETTY Gustave,L1912-02385,resolved,ORG:chambre cle commerce de tunis,Chambre cle Commerce de Tunis,member,person_entry_statement,,372,https://gallica.bnf.fr/ark:/12148/bpt6k5505300s/f396.item,où il s'est retiré des affaires. Ancien membre de la Chambre cle Commerce de Tunis; ancien conseiller municipal de la vill,Chambre cle Commerce de Tunis
L1912-02388,SIMIER Joseph-Pierre,L1912-02388,resolved,ORG:comite de defense republicaine aux colonies,Comité de Défense républicaine aux colonies,treasurer,person_entry_statement,,372,https://gallica.bnf.fr/ark:/12148/bpt6k5505300s/f396.item, bureau de la Ligue cle l'Enseignement; trésorier du Comité de Défense républicaine aux colonies. TRAVAUX : Eclairage électrique du Pala,Comité de Défense républicaine aux colonies
L1912-02389,SIMONNET Alfred-Louis-Alexandre,L1912-02389,resolved,ORG:libre pensee de tunis,Libre Pensée de Tunis,founder,person_entry_statement,,372,https://gallica.bnf.fr/ark:/12148/bpt6k5505300s/f396.item,mme et du Citoyen (section tunisienne); membre fondateur de la Libre Pensée de Tunis; membre de la Société de Bienfaisance d,Libre Pensée de Tunis
L1912-02389,SIMONNET Alfred-Louis-Alexandre,L1912-02389,resolved,ORG:societe de bienfaisance de tunis,Société de Bienfaisance de Tunis,member,person_entry_statement,,372,https://gallica.bnf.fr/ark:/12148/bpt6k5505300s/f396.item, fondateur de la Libre Pensée de Tunis; membre de la Société de Bienfaisance de Tunis; membre fondateur cle la Mission Laïque,Société de Bienfaisance de Tunis
L1912-02389,SIMONNET Alfred-Louis-Alexandre,L1912-02389,resolved,ORG:cercle republicain democratique cle chalons sur marne,Cercle républicain démocratique cle Châlons-sur-Marne,member,person_entry_statement,,372,https://gallica.bnf.fr/ark:/12148/bpt6k5505300s/f396.item," la Mission Laïque (section cle Tunis); membre du Cercle républicain démocratique cle Châlons-sur-Marne, etc.",Cercle républicain démocratique cle Châlons-sur-Marne
L1912-02443,SOF,L1912-02443,resolved,ORG:chambre d agriculture,Chambre d'Agriculture,member,person_entry_statement,,381,https://gallica.bnf.fr/ark:/12148/bpt6k5505300s/f405.item,"ole. Agriculteur-propriétaire, Bizerle. Membre de la Chambre d'Agriculture, élu en 1906, réélu en 1909; membre de ",Chambre d'Agriculture
L1912-02445,SOLAL Eugène,L1912-02445,resolved,ORG:association des journalistes francais,Association des journalistes français,member,person_entry_statement,,381,https://gallica.bnf.fr/ark:/12148/bpt6k5505300s/f405.item,ien rédacteur à «la Tunisie Française». Membre de l'Association des journalistes français.,Association des journalistes français
L1912-02453,SOUCIET M.-A.-Joseph,L1912-02453,resolved,ORG:chambre d agriculture,Chambre d'Agriculture,member,person_entry_statement,,381,https://gallica.bnf.fr/ark:/12148/bpt6k5505300s/f405.item,ocale de .crédit agricole de la région. Membre de la Chambre d'Agriculture. Décédé en France en 1909.,Chambre d'Agriculture
L1912-02475,STALLA-BOURDILLON Camille-Laurent-Gustave-Léon,L1912-02475,resolved,ORG:conseil de l ordre a la conference des avocats stagiaires,Conseil de l'ordre à la Conférence des avocats stagiaires,member,person_entry_statement,,385,https://gallica.bnf.fr/ark:/12148/bpt6k5505300s/f409.item,ces et es lettres-mathémaliques. Ancien membre du Conseil de l'ordre des avocats; a fait son stage à la Cour d'appel d'A,Conseil de l'ordre des avocats
L1912-02481,STRESINO Charles-Pascal,L1912-02481,resolved,ORG:commission municipale des logements insalubres,Commission municipale des logements insalubres,member,person_entry_statement,,386,https://gallica.bnf.fr/ark:/12148/bpt6k5505300s/f410.item,leur de l'infirmerie Margherita. Ancien membre de la Commission municipale des logements insalubres.,Commission municipale des logements insalubres
L1912-02483,SUCH Antonin,L1912-02483,resolved,ORG:institut de carthage et la societe de geographie commerciale de paris,Institut de Carthage et la Société de Géographie commerciale de Paris,member,person_entry_statement,,386,https://gallica.bnf.fr/ark:/12148/bpt6k5505300s/f410.item,le Montpellier ; diplôme de pharmacien. Membre de l'Institut cic Carthage.,Institut cic Carthage
L1912-02485,SURDON Rômi-Elie,L1912-02485,resolved,ORG:bibliotheque populaire de kairouan et,Bibliothèque populaire de Kairouan et,founder,person_entry_statement,,386,https://gallica.bnf.fr/ark:/12148/bpt6k5505300s/f410.item,cle l'Enseignement primaire de Tunisie; fondateur de la Bibliothèque populaire de Kairouan et du .Cercle kairouanais de la Ligue français,Bibliothèque populaire de Kairouan et
L1912-02487,SUSINI Jean-Paul,L1912-02487,resolved,ORG:societe de bienfaisance,Société de Bienfaisance,member,person_entry_statement,,387,https://gallica.bnf.fr/ark:/12148/bpt6k5505300s/f411.item,"83. ETUDES : écoles communales laïques. Membre de la Société de Bienfaisance, de la « Patriote », cle la Société des",Société de Bienfaisance
L1912-02488,SUSINI Paul,L1912-02488,resolved,ORG:service municipal des pompes funebres,Service municipal des pompes funèbres,director,person_entry_statement,,387,https://gallica.bnf.fr/ark:/12148/bpt6k5505300s/f411.item,"le du Dahomey, oi'L du Nichan-Iftikhar. Directeur du Service municipal des pompes funèbres. Avril 1908. ETUDES : lycée cle Bastia.",Service municipal des pompes funèbres
L1912-02551,THERMES Jules-Léon-Pierre,L1912-02551,resolved,ORG:societe civile miniere de la mohammedia,Société civile minière de La Mohammêdia,director,person_entry_statement,,396,https://gallica.bnf.fr/ark:/12148/bpt6k5505300s/f420.item,Chaux et Ciments Thermes). Actuellement administrateur de la Société civile minière de La Mohammêdia.,Société civile minière de La Mohammêdia
L1912-02555,THOMAS Ferdinand,L1912-02555,resolved,ORG:cercle tunisien de lu,Cercle tunisien de lu,vice_president,person_entry_statement,,396,https://gallica.bnf.fr/ark:/12148/bpt6k5505300s/f420.item," laïque, M. F. Thomas était également ' vice-président du Cercle tunisien de lu. Ligue française de l'Enseignement, qui",Cercle tunisien de lu
L1912-02555,THOMAS Ferdinand,L1912-02555,resolved,ORG:conseil de perfectionnement de l ecole emile loubet el du conseil centr,Conseil de perfectionnement de l'Ecole Emile-Loubet el du Conseil centr,member,person_entry_statement,,396,https://gallica.bnf.fr/ark:/12148/bpt6k5505300s/f420.item,"de la Fédération, de la Libre Pensée et membre du Conseil de perfectionnement de l'Ecole pro-. fessionnelle de Tunis, qui, dans une '",Conseil de perfectionnement de l'Ecole pro-
L1912-02555,THOMAS Ferdinand,L1912-02555,resolved,ORG:commission chargee d etudier,Commission chargée d'étudier,member,person_entry_statement,,396,https://gallica.bnf.fr/ark:/12148/bpt6k5505300s/f420.item,"e sur la question du Bargou. Il est élu membre de la Commission chargée d'étudier la. possibilité clu rachat, des chemins de",Commission chargée d'étudier
L1912-02558,THORRAND François-E.,L1912-02558,resolved,ORG:comite de la societe francaise de bienfaisance,Comité de la Société française de Bienfaisance,member,person_entry_statement,,400,https://gallica.bnf.fr/ark:/12148/bpt6k5505300s/f424.item,ux en ciment armé. Tunis. 23 mars 1891. Membre du Comité de la Société française de Bienfaisance.,Comité de la Société française de Bienfaisance
L1912-02564,TIPHAINE Lambert,L1912-02564,resolved,ORG:monopoles a tunis,Monopoles à Tunis,director,person_entry_statement,,402,https://gallica.bnf.fr/ark:/12148/bpt6k5505300s/f426.item," Paris; ingénieur à Nice, puis à Tunis; directeur des Monopoles à Tunis jusqu'en 191.0.",Monopoles à Tunis
L1912-02568,TIXADOR François,L1912-02568,resolved,ORG:cercle republicain de tunis,Cercle - Républicain de Tunis,member,person_entry_statement,,402,https://gallica.bnf.fr/ark:/12148/bpt6k5505300s/f426.item," de la société «Delta», à Alger. Ancien membre du Cercle - Républicain de Tunis. Parti de Tunisie le 30 mars 1908.",Cercle - Républicain de Tunis
L1912-02574,TOUCON Jacques-Marie,L1912-02574,resolved,ORG:syndicat de la presse periodique du sud ouest,Syndicat de la presse périodique du Sud-Ouést,secretary,person_entry_statement,,402,https://gallica.bnf.fr/ark:/12148/bpt6k5505300s/f426.item,ar); président par intérim du tribunal; secrétaire du Syndicat de la presse périodique du Sud-Ouést: (en France); secrétaire général des Sa,Syndicat de la presse périodique du Sud-Ouést
L1912-02574,TOUCON Jacques-Marie,L1912-02574,resolved,ORG:sauveteurs me tou tra dailles du gouvernement,Sauveteurs Mé- TOÙ — TRÀ daillés du Gouvernement,secretary_general,person_entry_statement,,402,https://gallica.bnf.fr/ark:/12148/bpt6k5505300s/f426.item,"e périodique du Sud-Ouést: (en France); secrétaire général des Sauveteurs Mé- TOÙ — TRÀ daillés du Gouvernement, à Toulouse; •■• membre de l'Associatio",Sauveteurs Mé- TOÙ — TRÀ daillés du Gouvernement
L1912-02574,TOUCON Jacques-Marie,L1912-02574,resolved,ORG:association des publicistes,Association des Publicistes,member,person_entry_statement,,402,https://gallica.bnf.fr/ark:/12148/bpt6k5505300s/f426.item,"aillés du Gouvernement, à Toulouse; •■• membre de l'Association des Publicistes, délégué général pour la Tunisie; socié",Association des Publicistes
L1912-02574,TOUCON Jacques-Marie,L1912-02574,resolved,ORG:amicale de la presse a sousse,Amicale de la Presse à Sousse,founder,person_entry_statement,,402,https://gallica.bnf.fr/ark:/12148/bpt6k5505300s/f426.item,ondant de journaux français en Tunisie. Membre fondateur de l'Amicale de la Presse à Sousse. A sauvé 72 personnes lors des inondati,Amicale de la Presse à Sousse
L1912-02579,TOURNIER Jean-Joseph,L1912-02579,resolved,ORG:syndicat general obligatoire des viticulteurs de la regence de tunis,Syndicat général obligatoire des Viticulteurs de la Régence de Tunis,treasurer,person_entry_statement,,403,https://gallica.bnf.fr/ark:/12148/bpt6k5505300s/f427.item, juin suivant; archidiacre de Carthage. Trésorier du Syndicat obligatoire des Viticulteurs de la Régence cle Tunis.,Syndicat obligatoire des Viticulteurs de la Régence cle Tunis
L1912-02585,TREMSAL Paul,L1912-02585,resolved,ORG:section de tunis de l alliance francaise,Section de Tunis de l'Alliance française,vice_president,person_entry_statement,,406,https://gallica.bnf.fr/ark:/12148/bpt6k5505300s/f430.item,"es; lauréat du Concours général, Paris. V.-prés. de la Section de Tunis de l'Alliance française; memb. du Comité de la Société des Alsa",Section de Tunis de l'Alliance française
L1912-02600,TROUILLET Alexis,L1912-02600,resolved,ORG:societe de bienfaisance et de la bibliotheque populaire,Société de Bienfaisance et de la Bibliothèque populaire,president,person_entry_statement,,408,https://gallica.bnf.fr/ark:/12148/bpt6k5505300s/f432.item,"l; médecin expert près les tribu- naux. Président de la Société de Bienfaisance et de la Bibliothèque populaire. Travaux chirurgicaux, et bactériologiq",Société de Bienfaisance et de la Bibliothèque populaire
L1912-02602,TULLIER Louis-Agna.n,L1912-02602,resolved,ORG:abattoirs de tunis,Abattoirs de Tunis,director,person_entry_statement,,409,https://gallica.bnf.fr/ark:/12148/bpt6k5505300s/f433.item,"du Nichan-Iftikhar. Médecinvétérinaire, directeur des Abattoirs de Tunis. 1892. ETUDES : collège de Blois, lycée",Abattoirs de Tunis
L1912-02602,TULLIER Louis-Agna.n,L1912-02602,resolved,ORG:comite cle la ligue de l enseignement,Comité cle la Ligue de l'Enseignement,member,person_entry_statement,,409,https://gallica.bnf.fr/ark:/12148/bpt6k5505300s/f433.item,"aise cle bienfaisance cle La Goulette."" Membre du Comité cle la Ligue de l'Enseignement, vice-président du groupe C. de la Mutu",Comité cle la Ligue de l'Enseignement
L1912-02615,USANNAZ-JORIS Marcel,L1912-02615,resolved,ORG:societe regionale,Société régionale,vice_president,person_entry_statement,,416,https://gallica.bnf.fr/ark:/12148/bpt6k5505300s/f440.item,avoisienne d'histoire et d'archéologie. V.-prés. de la Société régionale « Les Savoyards».,Société régionale
L1912-02627,VALENSI Joseph,L1912-02627,resolved,ORG:services administratifs de la municipajite de tunis dep,Services administratifs de la Municipajité de Tunis dep,director,person_entry_statement,,419,https://gallica.bnf.fr/ark:/12148/bpt6k5505300s/f443.item," d'Italie, gr. off. du Nichan-Iftikhar. Directeur des Services administratifs de la Municipajité de Tunis dep. 1.897. ETUDES : lycées Charlemagne et ",Services administratifs de la Municipajité de Tunis dep
L1912-02630,VALENSI Raoul,L1912-02630,resolved,ORG:conseil de l ordre,Conseil de l'ordre,member,person_entry_statement,,420,https://gallica.bnf.fr/ark:/12148/bpt6k5505300s/f444.item,CESS' : avocat au barreau de Marseille; membre du Conseil de l'ordre; juge d'instruction à Toulon; juge de 1,Conseil de l'ordre
L1912-02632,VALENSI Rodolphe,L1912-02632,resolved,ORG:institut de carthage et la societe de geographie commerciale de paris,Institut de Carthage et la Société de Géographie commerciale de Paris,secretary,person_entry_statement,,420,https://gallica.bnf.fr/ark:/12148/bpt6k5505300s/f444.item," Chancellerie du Nichan-Iftikhar, 1907. Secrétaire de la Société de Géographie commerciale, 1903; secr. de la Comrniss. clu Congrè",Société de Géographie commerciale
L1912-02632,VALENSI Rodolphe,L1912-02632,resolved,ORG:section tunisienne au congres de geographie de saint etienne,Section tunisienne au Congrès de géographie de Saint-Etienne,delegate,person_entry_statement,,420,https://gallica.bnf.fr/ark:/12148/bpt6k5505300s/f444.item,"Congrès cle géographie coloniale, 1904; Délégué de la Section tunisienne au Congrès de géographie de Saint-Etienne, 1905; memb. corresp. du Syndicat de la",Section tunisienne au Congrès de géographie de Saint-Etienne
L1912-02633,VALENSI Théodore,L1912-02633,resolved,ORG:association generale des etudiants de tunis,Association générale des Etudiants de Tunis,founder,person_entry_statement,,420,https://gallica.bnf.fr/ark:/12148/bpt6k5505300s/f444.item,l. du Syndicat de la Presse tunisienne; fondateur de l'Association générale des Etudiants de Tunis; correspondant du journal «La Lanterne»,Association générale des Etudiants de Tunis
L1912-02637,VALITON Jules-Eugône,L1912-02637,resolved,L1912-00139,Assistance Mutuelle Tunisienne,treasurer,person_entry_statement,1901,421,https://gallica.bnf.fr/ark:/12148/bpt6k5505300s/f445.item,"e mars 1.892 à janvier 1902. Secrétaire-trésorier de l'Assistance Mutuelle Tunisienne; très, de l'Avenir du Prolétariat; secr",Assistance Mutuelle Tunisienne
L1912-02642,VAQUIË Paul-Louis,L1912-02642,resolved,ORG:tribunal mixte a tunis,Tribunal mixte à Tunis,rapporteur,person_entry_statement,,422,https://gallica.bnf.fr/ark:/12148/bpt6k5505300s/f446.item,"s), 16 nov. 1877, Louben (Ariège). Juge rapporteur du Tribunal mixte, à Sousse. SUCCESS' : Juge suppléant ré",Tribunal mixte
L1912-02645,VASSEL Marie-Joseph-Eusôbe,L1912-02645,resolved,ORG:salon tunisien de 1,Salon tunisien de 1,vice_president,person_entry_statement,,422,https://gallica.bnf.fr/ark:/12148/bpt6k5505300s/f446.item,icat des propriétaires de Maxula-Radès; v.-prés. du Salon tunisien de 1.898; président du Salon tunisien do 1.9,Salon tunisien de 1
L1912-02645,VASSEL Marie-Joseph-Eusôbe,L1912-02645,resolved,ORG:salon tunisien do 1,Salon tunisien do 1,president,person_entry_statement,,422,https://gallica.bnf.fr/ark:/12148/bpt6k5505300s/f446.item,"s; v.-prés. du Salon tunisien de 1.898; président du Salon tunisien do 1.901: anc. secr. gén. et anc. prés, de l",Salon tunisien do 1
L1912-02645,VASSEL Marie-Joseph-Eusôbe,L1912-02645,resolved,L1912-02493,Syndicat de la presse tunisienne,member,person_entry_statement,1905,422,https://gallica.bnf.fr/ark:/12148/bpt6k5505300s/f446.item,"thage, actuellement v.-prés. d'honneur. Membre du Syndicat de la presse tunisienne. TRAVAUX : A donné au Muséum cle Paris ",Syndicat de la presse tunisienne
L1912-02647,VENDEL Georges,L1912-02647,resolved,ORG:societe d assistance mutuelle en cas cle deces outre les fonctionnaires,Société d'assistance mutuelle en cas cle décès outre les fonctionnaires,president,person_entry_statement,,423,https://gallica.bnf.fr/ark:/12148/bpt6k5505300s/f447.item, de l'annexe du collège Sadiki à Tunis. Président de la Société d'assistance mutuelle en cas cle décès outre les fonctionnaires cle l'Enseignement public en Tunisie; a,Société d'assistance mutuelle en cas cle décès outre les fonctionnaires
L1912-02647,VENDEL Georges,L1912-02647,resolved,ORG:comite local cle l orphelinat de l enseignement primaire,Comité tunisien de l'Orphelinat de l'enseignement primaire,vice_president,person_entry_statement,,423,https://gallica.bnf.fr/ark:/12148/bpt6k5505300s/f447.item, l'Enseignement public en Tunisie; anc. v.-prés. de l'Amicale de l'Enseignement primaire. pour la Tunisie du Syndicat de la Pres,Amicale de l'Enseignement primaire
L1912-02647,VENDEL Georges,L1912-02647,resolved,ORG:chambre alixte de commerce et d agriculture du centre,Chambre Alixte de Commerce et d'Agriculture du Centre,member,person_entry_statement,,423,https://gallica.bnf.fr/ark:/12148/bpt6k5505300s/f447.item," Secr. clu Syndicat du Sahel, 1.894-96; membre de la Chambre cle Commerce du Centre, 1898-1904; secrétaire cle ladite Compa",Chambre cle Commerce du Centre
L1912-02647,VENDEL Georges,L1912-02647,resolved,L1912-00721,Conférence Consultative,member,person_entry_statement,1891,423,https://gallica.bnf.fr/ark:/12148/bpt6k5505300s/f447.item,"ecrétaire cle ladite Compagnie 1902-04; membre de la Conférence Consultative, 1901-03. Entreprit le commerce des pri",Conférence Consultative
L1912-02649,VENTRE Joseph-Auguste,L1912-02649,resolved,ORG:syndicat pour la defense du comm,Syndicat pour la défense du comm,president,person_entry_statement,,423,https://gallica.bnf.fr/ark:/12148/bpt6k5505300s/f447.item,n. de la Chambre de Commerce de Tunis ; président du Syndicat pour la défense du comm. des grains et de leurs dérivés; anc. j,Syndicat pour la défense du comm
L1912-02655,VERSINI Dominique-Séraphin,L1912-02655,resolved,L1912-01457,Institut de Carthage,member,person_entry_statement,1893,424,https://gallica.bnf.fr/ark:/12148/bpt6k5505300s/f448.item,; juge de paix du canton Nord de Tunis. Membre de l'Institut de Carthage. TRAVAUX : publication d'oeuvres poétiq,Institut de Carthage
L1912-02657,VEYRIER Jean-Etienne,L1912-02657,resolved,ORG:comite local cle l orphelinat de l enseignement primaire,Comité tunisien de l'Orphelinat de l'enseignement primaire,treasurer,person_entry_statement,,424,https://gallica.bnf.fr/ark:/12148/bpt6k5505300s/f448.item,sident cle la Municipalité cle Bizerte; trésorier du Comité tunisien de l'Orphelinat de l'enseignement primaire depuis que l'oeuvre fonctionne en Tunisie (1892); tr,Comité tunisien de l'Orphelinat de l'enseignement primaire
L1912-02657,VEYRIER Jean-Etienne,L1912-02657,resolved,ORG:conseil d administration de la cooperative l epargne tunisienne,Conseil d'administration de la coopérative l'Epargne Tunisienne,member,person_entry_statement,,424,https://gallica.bnf.fr/ark:/12148/bpt6k5505300s/f448.item,"ionne en Tunisie (1892); très, adjoint, membre du Conseil d'administration de la coopérative l'Epargne Tunisienne (1905-1908). A fondé la Caisse d'Epargne",Conseil d'administration de la coopérative l'Epargne Tunisienne
L1912-02659,VIDAL Martial-Camille,L1912-02659,resolved,ORG:ecole primaire super,Ecole primaire super,director,person_entry_statement,,425,https://gallica.bnf.fr/ark:/12148/bpt6k5505300s/f449.item,"teur de l'école franco-arabe à Moknine; directeur de l'Ecole primaire super, de Sousse; membre fondateur du Cercle ",Ecole primaire super
L1912-02659,VIDAL Martial-Camille,L1912-02659,resolved,ORG:cercle de la ligue de l enseignement a sousse,Cercle de la Ligue de l'Enseignement à Sousse,founder,person_entry_statement,,425,https://gallica.bnf.fr/ark:/12148/bpt6k5505300s/f449.item,"r de l'Ecole primaire super, de Sousse; membre fondateur du Cercle de la Ligue de l'Enseignement à Sousse; trésorier dudit cercle pendant plusieu",Cercle de la Ligue de l'Enseignement à Sousse
L1912-02664,VILLATE Louis-Edgard,L1912-02664,resolved,ORG:societes suivantes gauloise,Sociétés suivantes Gauloise,member,person_entry_statement,,426,https://gallica.bnf.fr/ark:/12148/bpt6k5505300s/f450.item,"graphique unitaire (groupe de Tu nis) ; membre des Sociétés suivantes Gauloise, . Franco-Arabe, Tunisienne Lyre Tunisi",Sociétés suivantes Gauloise
L1912-02673,VIRZI Mineo-Paolo,L1912-02673,resolved,ORG:societe de l asile garibaldi,Société de l'Asile Gàribaldi,founder,person_entry_statement,,428,https://gallica.bnf.fr/ark:/12148/bpt6k5505300s/f452.item,"e-prés, de la Société des Garibaldiens; membre fondateur de la Société de l'Asile Gàribaldi, cle la «Corale», de la «Croix-Verle» e",Société de l'Asile Gàribaldi
L1912-02673,VIRZI Mineo-Paolo,L1912-02673,resolved,ORG:circolo cattolico di mutuo soccorso,Circolo Cattolico di Mutuo Soccorso,president,person_entry_statement,,428,https://gallica.bnf.fr/ark:/12148/bpt6k5505300s/f452.item,"cle la «Corale», de la «Croix-Verle» et président du Circolo Cattolico di Mutuo Soccorso. vice-prés, et membre fondateur de la S",Circolo Cattolico di Mutuo Soccorso
L1912-02673,VIRZI Mineo-Paolo,L1912-02673,resolved,ORG:societe typographique,Société typographique,founder,person_entry_statement,,428,https://gallica.bnf.fr/ark:/12148/bpt6k5505300s/f452.item,"tolico di Mutuo Soccorso. vice-prés, et membre fondateur de la Société typographique « GutenbergClub»; membre assesseur cle l",Société typographique
L1912-02680,WARREN,L1912-02680,resolved,ORG:caisse regionale de credit mutuel du nord de la regence,Caisse régionale de Crédit mutuel du nord de la Régence,vice_president,person_entry_statement,,430,https://gallica.bnf.fr/ark:/12148/bpt6k5505300s/f454.item,"e l'Association agricole de la Tunisie; v.-prés. de la Caisse régionale de Crédit mutuel du nord de la Régence; prés, d'honn. cle la Caisse de Crédit ",Caisse régionale de Crédit mutuel du nord de la Régence
L1912-02680,WARREN,L1912-02680,resolved,ORG:association des colons francais du mornag,Association des colons français du Mornag,vice_president,person_entry_statement,,430,https://gallica.bnf.fr/ark:/12148/bpt6k5505300s/f454.item,se de Crédit agricole mutuel du Mornag; v.-prés. de l'Association des colons français du Mornag. THAVAUX : Conférences mutualistes en T,Association des colons français du Mornag
L1912-02685,WATRIN Ernest-Dominique,L1912-02685,resolved,L1912-00721,Conférence Consultative,member,person_entry_statement,1891,430,https://gallica.bnf.fr/ark:/12148/bpt6k5505300s/f454.item,les ou industrielles de Tunisie. Ancien membre de la Conférence Consultative (1905-1909).,Conférence Consultative
L1912-02686,WEBER Jean-Frédéric,L1912-02686,resolved,ORG:societe,Société,vice_president,person_entry_statement,,430,https://gallica.bnf.fr/ark:/12148/bpt6k5505300s/f454.item,la Société des Alsaciens-Lorrains; anc. v.-prés. de la Société «La Légion »; memb. du Conseil d'admin. ,Société
L1912-02687,WEISSEN-SZUMLANSKI Wilfrid,L1912-02687,resolved,ORG:societe astronomique de france,Société Astronomique de France,member,person_entry_statement,,430,https://gallica.bnf.fr/ark:/12148/bpt6k5505300s/f454.item,"ents journaux poétiques et littéraires; membre de la Société Astronomique de France. TRAVAUX : «Lôandre et Héro», opéra en ",Société Astronomique de France
L1912-02689,WISSEMANS Maurice-Mario-Joseph,L1912-02689,resolved,ORG:service de sante de la division d occupation cle tunisie,Service de Santé de la Division d'occupation cle Tunisie,director,person_entry_statement,,431,https://gallica.bnf.fr/ark:/12148/bpt6k5505300s/f455.item,ecin principal de 1™ classe de l'armée; directeur du Service do Santé de la division d'occupation de Tunisie. Tunis. 5 juillet 1911. ETUDES : Lycée ,Service do Santé de la division d'occupation de Tunisie
L1912-02700,ZAKARIA Mohsen,L1912-02700,resolved,ORG:comite de,Comité de,member,person_entry_statement,,433,https://gallica.bnf.fr/ark:/12148/bpt6k5505300s/f457.item, la revue sociale arabe « Kheïreddine». Membre du Comité de la. société sportive « La •'Musulmane » ; ,Comité de
L1912-02707,ZAOUCHE Abdeljelil,L1912-02707,resolved,ORG:conseil d administration,Conseil d'administration,member,person_entry_statement,,434,https://gallica.bnf.fr/ark:/12148/bpt6k5505300s/f458.item,"seiller municipal de la ville de Tunis; membre du Conseil d'administration, de «la Dépêche Tunisienne»; membre clu",Conseil d'administration
L1912-02707,ZAOUCHE Abdeljelil,L1912-02707,resolved,ORG:commission de renovation des arts indigenes,Commission de rénovation des arts indigènes,member,person_entry_statement,,434,https://gallica.bnf.fr/ark:/12148/bpt6k5505300s/f458.item, supérieur du Gouvernement (1911-1912); membre de la Commission de rénovation des arts indigènes. TRAVAUX : deux brochures : «L'Instruct,Commission de rénovation des arts indigènes
L1912-02708,ZAOUCHE Abdulhamid,L1912-02708,resolved,L1912-00556,Cercle Tunisien,founder,person_entry_statement,1908,434,https://gallica.bnf.fr/ark:/12148/bpt6k5505300s/f458.item,le la Société coopérative «La Sâadia» ; membre fondateur du Cercle Tunisien.,Cercle Tunisien
L1912-02709,ZAOUCHE Sellam,L1912-02709,resolved,L1912-00556,Cercle Tunisien,member,person_entry_statement,1908,434,https://gallica.bnf.fr/ark:/12148/bpt6k5505300s/f458.item," dos concours agricoles el, horticoles. Membre du Cercle Tunisien, membre du bureau de la Société des Ami",Cercle Tunisien
L1912-02725,ZARROUK Abou Baker,L1912-02725,resolved,ORG:comite des courses,Comité des Courses,member,person_entry_statement,,435,https://gallica.bnf.fr/ark:/12148/bpt6k5505300s/f459.item,"diplôme de fin d'études cle ce collège. Membre du Comité des Courses, de la Colonie agricole de Lansarine, d",Comité des Courses
L1912-02741,ZURETTI Louis,L1912-02741,resolved,ORG:societe des mines de guelma,Société des Mines de Guelma,director,person_entry_statement,,436,https://gallica.bnf.fr/ark:/12148/bpt6k5505300s/f460.item,"ative (2e coll., 5"" cire), élu en 1909; administrateur de la Société des Mines de Guelma; co-propriétaire et directeur des Mines",Société des Mines de Guelma
L1912-02741,ZURETTI Louis,L1912-02741,resolved,ORG:mines clu koudiatel i iamra,Mines clu Koudiatel-I-Iamra,director,person_entry_statement,,436,https://gallica.bnf.fr/ark:/12148/bpt6k5505300s/f460.item,des Mines de Guelma; co-propriétaire et directeur des Mines clu Koudiatel-I-Iamra (Tunisie). A été vice-président clu Synd,Mines clu Koudiatel-I-Iamra
L1912-02741,ZURETTI Louis,L1912-02741,resolved,ORG:comite de la bibliotheque populaire de ferryville,Comité de la Bibliothèque populaire de Ferryville,president,person_entry_statement,,436,https://gallica.bnf.fr/ark:/12148/bpt6k5505300s/f460.item,"trepreneurs français de la Régence; est président du Comité de la Bibliothèque populaire de Ferryville. En Algérie, le 4° zouaves fit l'expédi",Comité de la Bibliothèque populaire de Ferryville
L1912-02744,CAPELLANO Halo,L1912-02744,resolved,ORG:ligue i ranco italienne,Ligue i'ranco\ Italienne,member,person_entry_statement,,437,https://gallica.bnf.fr/ark:/12148/bpt6k5505300s/f461.item,"mmercia'les Institut V. E, de Gênes ; ■ membre de la Ligue i'ranco\ Italienne (Section cle 'l'unis); membre du Conseil",Ligue i'ranco\ Italienne
L1912-02744,CAPELLANO Halo,L1912-02744,resolved,ORG:conseil d administration uu l,Conseil d'administration uu L,member,person_entry_statement,,437,https://gallica.bnf.fr/ark:/12148/bpt6k5505300s/f461.item,ranco\ Italienne (Section cle 'l'unis); membre du Conseil d'administration uu L.omue ci Hivernage ; loncialeu-r et secr,Conseil d'administration uu L
L1912-02744,CAPELLANO Halo,L1912-02744,resolved,L1912-02493,Syndicat de la Presse tunisienne,member,person_entry_statement,1905,437,https://gallica.bnf.fr/ark:/12148/bpt6k5505300s/f461.item,e-traducteur au Service. Topographique. Membre du Syndicat de la Presse tunisienne; membre du bureau de la. Société l'Algé,Syndicat de la Presse tunisienne
L1912-02747,DOUMET-ADANSON Paul-Napoléon,L1912-02747,resolved,ORG:uessos pohoomull brothers,Uessos Pohoomull Brothers,director,person_entry_statement,,438,https://gallica.bnf.fr/ark:/12148/bpt6k5505300s/f462.item,"l on 1897. (Inde anglaise), 1882. Agent-directeur de Uessos Pohoomull Brothers, de Bombay, maison de Tunis, ' 17, aven",Uessos Pohoomull Brothers
L1912-02749,FELICI Jean-Olivier,L1912-02749,resolved,ORG:union gene,Union géné,president,person_entry_statement,,439,https://gallica.bnf.fr/ark:/12148/bpt6k5505300s/f463.item, contre les accidents « la Prévoyante»; président de l'Union géné. raie des Corses et des amis cle la Cor,Union géné
L1912-02749,FELICI Jean-Olivier,L1912-02749,resolved,ORG:societe,Société,president,person_entry_statement,,439,https://gallica.bnf.fr/ark:/12148/bpt6k5505300s/f463.item,"ie des Corses et des amis cle la Corse; président de la Société «l'Epée»; président du Comité permanent,",Société
L1912-02749,FELICI Jean-Olivier,L1912-02749,resolved,ORG:comite permanent,Comité permanent,president,person_entry_statement,,439,https://gallica.bnf.fr/ark:/12148/bpt6k5505300s/f463.item,"orse; président de la Société «l'Epée»; président du Comité permanent, de la Semaine des armes. 23 campagnes ",Comité permanent
L1912-02753,KELLER Paul-Adolphe,L1912-02753,resolved,ORG:association des comptables de tunisie,Association des Comptables de Tunisie,president,person_entry_statement,,440,https://gallica.bnf.fr/ark:/12148/bpt6k5505300s/f464.item,que de Commerce d'Oran cle 1900 à 1902. Président de l'Association des Comptables de Tunisie. Lettre de-félicita lion du Ministre de,Association des Comptables de Tunisie
L1912-02762,MIFSUD Joseph,L1912-02762,resolved,ORG:societe britannique de bienfaisance,Société britannique de Bienfaisance,president,person_entry_statement,,442,https://gallica.bnf.fr/ark:/12148/bpt6k5505300s/f466.item,"aire, 25, rue de. la Commission, Tunis. Président de la Société britannique de Bienfaisance, viceprésident de la Chambre de Commerc",Société britannique de Bienfaisance
L1912-02762,MIFSUD Joseph,L1912-02762,resolved,L1912-00580,Chambre de Commerce britannique,president,person_entry_statement,1899,442,https://gallica.bnf.fr/ark:/12148/bpt6k5505300s/f466.item,"ociété britannique de Bienfaisance, viceprésident de la Chambre de Commerce britannique.",Chambre de Commerce britannique
L1912-02767,NANI Elconide,L1912-02767,resolved,ORG:chambre cle commerce britannique,Chambre cle Commerce britannique,vice_president,person_entry_statement,,442,https://gallica.bnf.fr/ark:/12148/bpt6k5505300s/f466.item," Malte. Industriel, rue Amilcar, Tunis. Vice-président de la Chambre cle Commerce britannique; président du Conseil d'administration ",Chambre cle Commerce britannique
L1912-02767,NANI Elconide,L1912-02767,resolved,ORG:conseil d administration de la societe anonyme des mines de sidi driss,Conseil d'administration de la Société anonyme des Mines de Sidi-Driss,president,person_entry_statement,,442,https://gallica.bnf.fr/ark:/12148/bpt6k5505300s/f466.item,de la Chambre cle Commerce britannique; président du Conseil d'administration de la Société anonyme des Mines de Sidi-Driss. Administrateur cle la Société civile d,Conseil d'administration de la Société anonyme des Mines de Sidi-Driss
L1912-02770,PATTI Pietro,L1912-02770,resolved,ORG:conseil d administration de la societe de bienfaisance italienne de m u,Conseil d'administration de la Société de Bienfaisance italienne de M'u,councillor,person_entry_statement,,442,https://gallica.bnf.fr/ark:/12148/bpt6k5505300s/f466.item,ESSIVEM'' : marchand de tissus el vins: Conseiller de la Société de Bienfaisance Italienne; conseiller k la Société de la. Croix--,Société de Bienfaisance Italienne
L1912-02770,PATTI Pietro,L1912-02770,resolved,ORG:societe dan le alighieri,Société Dan- - le Alighieri,member,person_entry_statement,,442,https://gallica.bnf.fr/ark:/12148/bpt6k5505300s/f466.item,"ler k la Société de la. Croix-- Verte ; membre de la Société Dan- - le Alighieri, membre bienfaiteur cle la Société Ouvr",Société Dan- - le Alighieri
L1912-02771,PISANI François,L1912-02771,resolved,ORG:mines de guejma a ain imara,Mines de GueJma à Aïn-Imara,director,person_entry_statement,,443,https://gallica.bnf.fr/ark:/12148/bpt6k5505300s/f467.item,"er 1884, Tunis. Ingénieur, anciennement directeur des Mines de GueJma à Aïn-Imara, actuellement ingénieur attaclié à la S",Mines de GueJma à Aïn-Imara
L1912-02776,VUARNET Lucien,L1912-02776,resolved,ORG:societe des dragages cle l indo chine,Société des dragages cle l'Indo-Chine,director,person_entry_statement,,443,https://gallica.bnf.fr/ark:/12148/bpt6k5505300s/f467.item,"ent en 1892; journaliste à Thonon; puis directeur de la Société des dragages cle l'Indo-Chine, à Saigon, mars 1.897. Rentré en France",Société des dragages cle l'Indo-Chine
L1912-02779,XUËREB Salvator,L1912-02779,resolved,ORG:chambre de commerce i anglo maltaise,Chambre de Commerce I anglo-maltaise,member,person_entry_statement,,443,https://gallica.bnf.fr/ark:/12148/bpt6k5505300s/f467.item, Tunis. ETUDES : école des Frères. Anc. membre de la Chambre de Commerce I anglo-maltaise. AIGROT (Charles),Chambre de Commerce I anglo-maltaise
