source,target,weight,edge_type,shared_organisations
L1912-00271,L1912-01601,1,co_membership,L1912-00085
L1912-00271,L1912-02391,2,co_membership,L1912-00085;L1912-01877
L1912-00271,NAME:A ILALFON,1,co_membership,L1912-00085
L1912-00271,NAME:I IAVOUN,1,co_membership,L1912-00085
L1912-00271,NAME:JOSEPH COHEN,1,co_membership,L1912-00085
L1912-00271,NAME:JULES BESSIS,1,co_membership,L1912-00085
L1912-00271,NAME:VICTOR SLAMA,1,co_membership,L1912-00085
L1912-01601,L1912-02391,1,co_membership,L1912-00085
L1912-01601,NAME:A ILALFON,1,co_membership,L1912-00085
L1912-01601,NAME:I IAVOUN,1,co_membership,L1912-00085
L1912-01601,NAME:JOSEPH COHEN,1,co_membership,L1912-00085
L1912-01601,NAME:JULES BESSIS,1,co_membership,L1912-00085
L1912-01601,NAME:VICTOR SLAMA,1,co_membership,L1912-00085
L1912-02391,NAME:A ILALFON,1,co_membership,L1912-00085
L1912-02391,NAME:I IAVOUN,1,co_membership,L1912-00085
L1912-02391,NAME:JOSEPH COHEN,1,co_membership,L1912-00085
L1912-02391,NAME:JULES BESSIS,1,co_membership,L1912-00085
L1912-02391,NAME:VICTOR SLAMA,1,co_membership,L1912-00085
NAME:A ILALFON,NAME:I IAVOUN,1,co_membership,L1912-00085
NAME:A ILALFON,NAME:JOSEPH COHEN,1,co_membership,L1912-00085
NAME:A ILALFON,NAME:JULES BESSIS,1,co_membership,L1912-00085
NAME:A ILALFON,NAME:VICTOR SLAMA,1,co_membership,L1912-00085
NAME:I IAVOUN,NAME:JOSEPH COHEN,1,co_membership,L1912-00085
NAME:I IAVOUN,NAME:JULES BESSIS,1,co_membership,L1912-00085
NAME:I IAVOUN,NAME:VICTOR SLAMA,1,co_membership,L1912-00085
NAME:JOSEPH COHEN,NAME:JULES BESSIS,1,co_membership,L1912-00085
NAME:JOSEPH COHEN,NAME:VICTOR SLAMA,1,co_membership,L1912-00085
NAME:JULES BESSIS,NAME:VICTOR SLAMA,1,co_membership,L1912-00085
L1912-00989,L1912-01157,1,co_membership,L1912-00139
L1912-00989,L1912-01428,1,co_membership,L1912-00139
L1912-00989,L1912-02203,1,co_membership,L1912-00139
L1912-00989,L1912-02585,1,co_membership,L1912-00139
L1912-00989,L1912-02637,1,co_membership,L1912-00139
L1912-00989,L1912-02688,1,co_membership,L1912-00139
L1912-00989,NAME:CONSTANTIN,1,co_membership,L1912-00139
L1912-00989,NAME:GARNIER,1,co_membership,L1912-00139
L1912-00989,NAME:GRAZIANI,1,co_membership,L1912-00139
L1912-00989,NAME:HALLOUIN,1,co_membership,L1912-00139
L1912-01157,L1912-01428,1,co_membership,L1912-00139
L1912-01157,L1912-02203,1,co_membership,L1912-00139
L1912-01157,L1912-02585,1,co_membership,L1912-00139
L1912-01157,L1912-02637,1,co_membership,L1912-00139
L1912-01157,L1912-02688,1,co_membership,L1912-00139
L1912-01157,NAME:CONSTANTIN,1,co_membership,L1912-00139
L1912-01157,NAME:GARNIER,1,co_membership,L1912-00139
L1912-01157,NAME:GRAZIANI,1,co_membership,L1912-00139
L1912-01157,NAME:HALLOUIN,1,co_membership,L1912-00139
L1912-01428,L1912-02203,1,co_membership,L1912-00139
L1912-01428,L1912-02585,1,co_membership,L1912-00139
L1912-01428,L1912-02637,1,co_membership,L1912-00139
L1912-01428,L1912-02688,1,co_membership,L1912-00139
L1912-01428,NAME:CONSTANTIN,1,co_membership,L1912-00139
L1912-01428,NAME:GARNIER,1,co_membership,L1912-00139
L1912-01428,NAME:GRAZIANI,1,co_membership,L1912-00139
L1912-01428,NAME:HALLOUIN,1,co_membership,L1912-00139
L1912-02203,L1912-02585,1,co_membership,L1912-00139
L1912-02203,L1912-02637,1,co_membership,L1912-00139
L1912-02203,L1912-02688,1,co_membership,L1912-00139
L1912-02203,NAME:CONSTANTIN,1,co_membership,L1912-00139
L1912-02203,NAME:GARNIER,1,co_membership,L1912-00139
L1912-02203,NAME:GRAZIANI,1,co_membership,L1912-00139
L1912-02203,NAME:HALLOUIN,1,co_membership,L1912-00139
L1912-02585,L1912-02637,1,co_membership,L1912-00139
L1912-02585,L1912-02688,1,co_membership,L1912-00139
L1912-02585,NAME:CONSTANTIN,1,co_membership,L1912-00139
L1912-02585,NAME:GARNIER,1,co_membership,L1912-00139
L1912-02585,NAME:GRAZIANI,1,co_membership,L1912-00139
L1912-02585,NAME:HALLOUIN,1,co_membership,L1912-00139
L1912-02637,L1912-02688,1,co_membership,L1912-00139
L1912-02637,NAME:CONSTANTIN,1,co_membership,L1912-00139
L1912-02637,NAME:GARNIER,1,co_membership,L1912-00139
L1912-02637,NAME:GRAZIANI,1,co_membership,L1912-00139
L1912-02637,NAME:HALLOUIN,1,co_membership,L1912-00139
L1912-02688,NAME:CONSTANTIN,1,co_membership,L1912-00139
L1912-02688,NAME:GARNIER,1,co_membership,L1912-00139
L1912-02688,NAME:GRAZIANI,1,co_membership,L1912-00139
L1912-02688,NAME:HALLOUIN,1,co_membership,L1912-00139
NAME:CONSTANTIN,NAME:GARNIER,1,co_membership,L1912-00139
NAME:CONSTANTIN,NAME:GRAZIANI,1,co_membership,L1912-00139
NAME:CONSTANTIN,NAME:HALLOUIN,1,co_membership,L1912-00139
NAME:GARNIER,NAME:GRAZIANI,1,co_membership,L1912-00139
NAME:GARNIER,NAME:HALLOUIN,1,co_membership,L1912-00139
NAME:GRAZIANI,NAME:HALLOUIN,1,co_membership,L1912-00139
L1912-00347,L1912-00524,1,co_membership,L1912-00141
L1912-00347,L1912-00665,1,co_membership,L1912-00141
L1912-00347,L1912-01291,2,co_membership,L1912-00141;L1912-00721
L1912-00347,L1912-02682,1,co_membership,L1912-00141
L1912-00347,NAME:AYMARD,1,co_membership,L1912-00141
L1912-00347,NAME:BARRION,1,co_membership,L1912-00141
L1912-00347,NAME:BLAIVE,1,co_membership,L1912-00141
L1912-00347,NAME:COSTET,1,co_membership,L1912-00141
L1912-00347,NAME:COURRAI,1,co_membership,L1912-00141
L1912-00347,NAME:DELIGNE,1,co_membership,L1912-00141
L1912-00347,NAME:DUCROQUET,1,co_membership,L1912-00141
L1912-00347,NAME:EDOUARD,1,co_membership,L1912-00141
L1912-00347,NAME:PATRICE,1,co_membership,L1912-00141
L1912-00347,NAME:REBILLET,1,co_membership,L1912-00141
L1912-00347,NAME:ROLLAND,1,co_membership,L1912-00141
L1912-00347,NAME:S TARDY,1,co_membership,L1912-00141
L1912-00524,L1912-00665,1,co_membership,L1912-00141
L1912-00524,L1912-01291,1,co_membership,L1912-00141
L1912-00524,L1912-02682,1,co_membership,L1912-00141
L1912-00524,NAME:AYMARD,1,co_membership,L1912-00141
L1912-00524,NAME:BARRION,1,co_membership,L1912-00141
L1912-00524,NAME:BLAIVE,1,co_membership,L1912-00141
L1912-00524,NAME:COSTET,1,co_membership,L1912-00141
L1912-00524,NAME:COURRAI,1,co_membership,L1912-00141
L1912-00524,NAME:DELIGNE,1,co_membership,L1912-00141
L1912-00524,NAME:DUCROQUET,1,co_membership,L1912-00141
L1912-00524,NAME:EDOUARD,1,co_membership,L1912-00141
L1912-00524,NAME:PATRICE,1,co_membership,L1912-00141
L1912-00524,NAME:REBILLET,1,co_membership,L1912-00141
L1912-00524,NAME:ROLLAND,1,co_membership,L1912-00141
L1912-00524,NAME:S TARDY,1,co_membership,L1912-00141
L1912-00665,L1912-01291,2,co_membership,L1912-00141;L1912-00144
L1912-00665,L1912-02682,1,co_membership,L1912-00141
L1912-00665,NAME:AYMARD,1,co_membership,L1912-00141
L1912-00665,NAME:BARRION,1,co_membership,L1912-00141
L1912-00665,NAME:BLAIVE,1,co_membership,L1912-00141
L1912-00665,NAME:COSTET,1,co_membership,L1912-00141
L1912-00665,NAME:COURRAI,1,co_membership,L1912-00141
L1912-00665,NAME:DELIGNE,1,co_membership,L1912-00141
L1912-00665,NAME:DUCROQUET,1,co_membership,L1912-00141
L1912-00665,NAME:EDOUARD,1,co_membership,L1912-00141
L1912-00665,NAME:PATRICE,1,co_membership,L1912-00141
L1912-00665,NAME:REBILLET,1,co_membership,L1912-00141
L1912-00665,NAME:ROLLAND,1,co_membership,L1912-00141
L1912-00665,NAME:S TARDY,1,co_membership,L1912-00141
L1912-01291,L1912-02682,1,co_membership,L1912-00141
L1912-01291,NAME:AYMARD,1,co_membership,L1912-00141
L1912-01291,NAME:BARRION,2,co_membership,L1912-00141;L1912-02426
L1912-01291,NAME:BLAIVE,1,co_membership,L1912-00141
L1912-01291,NAME:COSTET,1,co_membership,L1912-00141
L1912-01291,NAME:COURRAI,1,co_membership,L1912-00141
L1912-01291,NAME:DELIGNE,1,co_membership,L1912-00141
L1912-01291,NAME:DUCROQUET,1,co_membership,L1912-00141
L1912-01291,NAME:EDOUARD,1,co_membership,L1912-00141
L1912-01291,NAME:PATRICE,1,co_membership,L1912-00141
L1912-01291,NAME:REBILLET,1,co_membership,L1912-00141
L1912-01291,NAME:ROLLAND,1,co_membership,L1912-00141
L1912-01291,NAME:S TARDY,1,co_membership,L1912-00141
L1912-02682,NAME:AYMARD,1,co_membership,L1912-00141
L1912-02682,NAME:BARRION,1,co_membership,L1912-00141
L1912-02682,NAME:BLAIVE,1,co_membership,L1912-00141
L1912-02682,NAME:COSTET,1,co_membership,L1912-00141
L1912-02682,NAME:COURRAI,1,co_membership,L1912-00141
L1912-02682,NAME:DELIGNE,1,co_membership,L1912-00141
L1912-02682,NAME:DUCROQUET,1,co_membership,L1912-00141
L1912-02682,NAME:EDOUARD,1,co_membership,L1912-00141
L1912-02682,NAME:PATRICE,1,co_membership,L1912-00141
L1912-02682,NAME:REBILLET,1,co_membership,L1912-00141
L1912-02682,NAME:ROLLAND,1,co_membership,L1912-00141
L1912-02682,NAME:S TARDY,1,co_membership,L1912-00141
NAME:AYMARD,NAME:BARRION,1,co_membership,L1912-00141
NAME:AYMARD,NAME:BLAIVE,1,co_membership,L1912-00141
NAME:AYMARD,NAME:COSTET,1,co_membership,L1912-00141
NAME:AYMARD,NAME:COURRAI,1,co_membership,L1912-00141
NAME:AYMARD,NAME:DELIGNE,1,co_membership,L1912-00141
NAME:AYMARD,NAME:DUCROQUET,1,co_membership,L1912-00141
NAME:AYMARD,NAME:EDOUARD,1,co_membership,L1912-00141
NAME:AYMARD,NAME:PATRICE,1,co_membership,L1912-00141
NAME:AYMARD,NAME:REBILLET,1,co_membership,L1912-00141
NAME:AYMARD,NAME:ROLLAND,1,co_membership,L1912-00141
NAME:AYMARD,NAME:S TARDY,1,co_membership,L1912-00141
NAME:BARRION,NAME:BLAIVE,1,co_membership,L1912-00141
NAME:BARRION,NAME:COSTET,1,co_membership,L1912-00141
NAME:BARRION,NAME:COURRAI,1,co_membership,L1912-00141
NAME:BARRION,NAME:DELIGNE,1,co_membership,L1912-00141
NAME:BARRION,NAME:DUCROQUET,1,co_membership,L1912-00141
NAME:BARRION,NAME:EDOUARD,1,co_membership,L1912-00141
NAME:BARRION,NAME:PATRICE,1,co_membership,L1912-00141
NAME:BARRION,NAME:REBILLET,1,co_membership,L1912-00141
NAME:BARRION,NAME:ROLLAND,1,co_membership,L1912-00141
NAME:BARRION,NAME:S TARDY,1,co_membership,L1912-00141
NAME:BLAIVE,NAME:COSTET,1,co_membership,L1912-00141
NAME:BLAIVE,NAME:COURRAI,1,co_membership,L1912-00141
NAME:BLAIVE,NAME:DELIGNE,1,co_membership,L1912-00141
NAME:BLAIVE,NAME:DUCROQUET,1,co_membership,L1912-00141
NAME:BLAIVE,NAME:EDOUARD,1,co_membership,L1912-00141
NAME:BLAIVE,NAME:PATRICE,1,co_membership,L1912-00141
NAME:BLAIVE,NAME:REBILLET,1,co_membership,L1912-00141
NAME:BLAIVE,NAME:ROLLAND,1,co_membership,L1912-00141
NAME:BLAIVE,NAME:S TARDY,1,co_membership,L1912-00141
NAME:COSTET,NAME:COURRAI,1,co_membership,L1912-00141
NAME:COSTET,NAME:DELIGNE,1,co_membership,L1912-00141
NAME:COSTET,NAME:DUCROQUET,1,co_membership,L1912-00141
NAME:COSTET,NAME:EDOUARD,1,co_membership,L1912-00141
NAME:COSTET,NAME:PATRICE,1,co_membership,L1912-00141
NAME:COSTET,NAME:REBILLET,1,co_membership,L1912-00141
NAME:COSTET,NAME:ROLLAND,1,co_membership,L1912-00141
NAME:COSTET,NAME:S TARDY,1,co_membership,L1912-00141
NAME:COURRAI,NAME:DELIGNE,1,co_membership,L1912-00141
NAME:COURRAI,NAME:DUCROQUET,1,co_membership,L1912-00141
NAME:COURRAI,NAME:EDOUARD,1,co_membership,L1912-00141
NAME:COURRAI,NAME:PATRICE,1,co_membership,L1912-00141
NAME:COURRAI,NAME:REBILLET,1,co_membership,L1912-00141
NAME:COURRAI,NAME:ROLLAND,1,co_membership,L1912-00141
NAME:COURRAI,NAME:S TARDY,1,co_membership,L1912-00141
NAME:DELIGNE,NAME:DUCROQUET,1,co_membership,L1912-00141
NAME:DELIGNE,NAME:EDOUARD,1,co_membership,L1912-00141
NAME:DELIGNE,NAME:PATRICE,1,co_membership,L1912-00141
NAME:DELIGNE,NAME:REBILLET,1,co_membership,L1912-00141
NAME:DELIGNE,NAME:ROLLAND,1,co_membership,L1912-00141
NAME:DELIGNE,NAME:S TARDY,1,co_membership,L1912-00141
NAME:DUCROQUET,NAME:EDOUARD,1,co_membership,L1912-00141
NAME:DUCROQUET,NAME:PATRICE,1,co_membership,L1912-00141
NAME:DUCROQUET,NAME:REBILLET,1,co_membership,L1912-00141
NAME:DUCROQUET,NAME:ROLLAND,1,co_membership,L1912-00141
NAME:DUCROQUET,NAME:S TARDY,1,co_membership,L1912-00141
NAME:EDOUARD,NAME:PATRICE,1,co_membership,L1912-00141
NAME:EDOUARD,NAME:REBILLET,1,co_membership,L1912-00141
NAME:EDOUARD,NAME:ROLLAND,1,co_membership,L1912-00141
NAME:EDOUARD,NAME:S TARDY,1,co_membership,L1912-00141
NAME:PATRICE,NAME:REBILLET,1,co_membership,L1912-00141
NAME:PATRICE,NAME:ROLLAND,1,co_membership,L1912-00141
NAME:PATRICE,NAME:S TARDY,1,co_membership,L1912-00141
NAME:REBILLET,NAME:ROLLAND,1,co_membership,L1912-00141
NAME:REBILLET,NAME:S TARDY,1,co_membership,L1912-00141
NAME:ROLLAND,NAME:S TARDY,1,co_membership,L1912-00141
NAME:A LEBUCHER,NAME:G LECOLLIER,1,co_membership,L1912-00142
NAME:A LEBUCHER,NAME:MATTOU,1,co_membership,L1912-00142
NAME:A LEBUCHER,NAME:P BER,1,co_membership,L1912-00142
NAME:A LEBUCHER,NAME:SURLEAU,1,co_membership,L1912-00142
NAME:G LECOLLIER,NAME:MATTOU,1,co_membership,L1912-00142
NAME:G LECOLLIER,NAME:P BER,1,co_membership,L1912-00142
NAME:G LECOLLIER,NAME:SURLEAU,1,co_membership,L1912-00142
NAME:MATTOU,NAME:P BER,1,co_membership,L1912-00142
NAME:MATTOU,NAME:SURLEAU,1,co_membership,L1912-00142
NAME:P BER,NAME:SURLEAU,1,co_membership,L1912-00142
L1912-01165,L1912-01465,1,co_membership,L1912-00143
L1912-01165,NAME:HOUBANI,1,co_membership,L1912-00143
L1912-01165,NAME:JULES BESSIS,1,co_membership,L1912-00143
L1912-01165,NAME:SCIALOM,1,co_membership,L1912-00143
L1912-01165,NAME:V SITRUK,1,co_membership,L1912-00143
L1912-01165,NAME:VICTOR SCIALOM,1,co_membership,L1912-00143
L1912-01465,NAME:HOUBANI,1,co_membership,L1912-00143
L1912-01465,NAME:JULES BESSIS,1,co_membership,L1912-00143
L1912-01465,NAME:SCIALOM,1,co_membership,L1912-00143
L1912-01465,NAME:V SITRUK,1,co_membership,L1912-00143
L1912-01465,NAME:VICTOR SCIALOM,1,co_membership,L1912-00143
NAME:HOUBANI,NAME:JULES BESSIS,1,co_membership,L1912-00143
NAME:HOUBANI,NAME:SCIALOM,1,co_membership,L1912-00143
NAME:HOUBANI,NAME:V SITRUK,1,co_membership,L1912-00143
NAME:HOUBANI,NAME:VICTOR SCIALOM,1,co_membership,L1912-00143
NAME:JULES BESSIS,NAME:SCIALOM,1,co_membership,L1912-00143
NAME:JULES BESSIS,NAME:V SITRUK,1,co_membership,L1912-00143
NAME:JULES BESSIS,NAME:VICTOR SCIALOM,1,co_membership,L1912-00143
NAME:SCIALOM,NAME:V SITRUK,1,co_membership,L1912-00143
NAME:SCIALOM,NAME:VICTOR SCIALOM,1,co_membership,L1912-00143
NAME:V SITRUK,NAME:VICTOR SCIALOM,1,co_membership,L1912-00143
L1912-00665,NAME:RENOUX,1,co_membership,L1912-00144
L1912-00665,NAME:SOUIIVEL,1,co_membership,L1912-00144
L1912-00665,NAME:TRONCHE,1,co_membership,L1912-00144
L1912-01291,NAME:RENOUX,1,co_membership,L1912-00144
L1912-01291,NAME:SOUIIVEL,1,co_membership,L1912-00144
L1912-01291,NAME:TRONCHE,1,co_membership,L1912-00144
NAME:RENOUX,NAME:SOUIIVEL,1,co_membership,L1912-00144
NAME:RENOUX,NAME:TRONCHE,1,co_membership,L1912-00144
NAME:SOUIIVEL,NAME:TRONCHE,1,co_membership,L1912-00144
L1912-00178,L1912-00791,1,co_membership,L1912-00145
L1912-00178,L1912-01591,1,co_membership,L1912-00145
L1912-00178,L1912-01640,1,co_membership,L1912-00145
L1912-00178,NAME:A DUVIALARD,1,co_membership,L1912-00145
L1912-00178,NAME:BIANCHI,1,co_membership,L1912-00145
L1912-00178,NAME:BREUIL,1,co_membership,L1912-00145
L1912-00178,NAME:E LOUBET,1,co_membership,L1912-00145
L1912-00178,NAME:GERENTE,1,co_membership,L1912-00145
L1912-00178,NAME:INVERSIN,1,co_membership,L1912-00145
L1912-00178,NAME:L JOSSE,1,co_membership,L1912-00145
L1912-00178,NAME:MANVILLE,1,co_membership,L1912-00145
L1912-00178,NAME:MATLEI,1,co_membership,L1912-00145
L1912-00178,NAME:P NORMANT,1,co_membership,L1912-00145
L1912-00791,L1912-01591,1,co_membership,L1912-00145
L1912-00791,L1912-01640,1,co_membership,L1912-00145
L1912-00791,NAME:A DUVIALARD,1,co_membership,L1912-00145
L1912-00791,NAME:BIANCHI,1,co_membership,L1912-00145
L1912-00791,NAME:BREUIL,1,co_membership,L1912-00145
L1912-00791,NAME:E LOUBET,1,co_membership,L1912-00145
L1912-00791,NAME:GERENTE,1,co_membership,L1912-00145
L1912-00791,NAME:INVERSIN,1,co_membership,L1912-00145
L1912-00791,NAME:L JOSSE,1,co_membership,L1912-00145
L1912-00791,NAME:MANVILLE,1,co_membership,L1912-00145
L1912-00791,NAME:MATLEI,1,co_membership,L1912-00145
L1912-00791,NAME:P NORMANT,1,co_membership,L1912-00145
L1912-01591,L1912-01640,1,co_membership,L1912-00145
L1912-01591,NAME:A DUVIALARD,1,co_membership,L1912-00145
L1912-01591,NAME:BIANCHI,1,co_membership,L1912-00145
L1912-01591,NAME:BREUIL,1,co_membership,L1912-00145
L1912-01591,NAME:E LOUBET,1,co_membership,L1912-00145
L1912-01591,NAME:GERENTE,1,co_membership,L1912-00145
L1912-01591,NAME:INVERSIN,1,co_membership,L1912-00145
L1912-01591,NAME:L JOSSE,1,co_membership,L1912-00145
L1912-01591,NAME:MANVILLE,1,co_membership,L1912-00145
L1912-01591,NAME:MATLEI,1,co_membership,L1912-00145
L1912-01591,NAME:P NORMANT,1,co_membership,L1912-00145
L1912-01640,NAME:A DUVIALARD,1,co_membership,L1912-00145
L1912-01640,NAME:BIANCHI,1,co_membership,L1912-00145
L1912-01640,NAME:BREUIL,1,co_membership,L1912-00145
L1912-01640,NAME:E LOUBET,1,co_membership,L1912-00145
L1912-01640,NAME:GERENTE,1,co_membership,L1912-00145
L1912-01640,NAME:INVERSIN,1,co_membership,L1912-00145
L1912-01640,NAME:L JOSSE,1,co_membership,L1912-00145
L1912-01640,NAME:MANVILLE,1,co_membership,L1912-00145
L1912-01640,NAME:MATLEI,1,co_membership,L1912-00145
L1912-01640,NAME:P NORMANT,1,co_membership,L1912-00145
NAME:A DUVIALARD,NAME:BIANCHI,1,co_membership,L1912-00145
NAME:A DUVIALARD,NAME:BREUIL,1,co_membership,L1912-00145
NAME:A DUVIALARD,NAME:E LOUBET,1,co_membership,L1912-00145
NAME:A DUVIALARD,NAME:GERENTE,1,co_membership,L1912-00145
NAME:A DUVIALARD,NAME:INVERSIN,1,co_membership,L1912-00145
NAME:A DUVIALARD,NAME:L JOSSE,1,co_membership,L1912-00145
NAME:A DUVIALARD,NAME:MANVILLE,1,co_membership,L1912-00145
NAME:A DUVIALARD,NAME:MATLEI,1,co_membership,L1912-00145
NAME:A DUVIALARD,NAME:P NORMANT,1,co_membership,L1912-00145
NAME:BIANCHI,NAME:BREUIL,1,co_membership,L1912-00145
NAME:BIANCHI,NAME:E LOUBET,1,co_membership,L1912-00145
NAME:BIANCHI,NAME:GERENTE,1,co_membership,L1912-00145
NAME:BIANCHI,NAME:INVERSIN,1,co_membership,L1912-00145
NAME:BIANCHI,NAME:L JOSSE,1,co_membership,L1912-00145
NAME:BIANCHI,NAME:MANVILLE,1,co_membership,L1912-00145
NAME:BIANCHI,NAME:MATLEI,1,co_membership,L1912-00145
NAME:BIANCHI,NAME:P NORMANT,1,co_membership,L1912-00145
NAME:BREUIL,NAME:E LOUBET,1,co_membership,L1912-00145
NAME:BREUIL,NAME:GERENTE,1,co_membership,L1912-00145
NAME:BREUIL,NAME:INVERSIN,1,co_membership,L1912-00145
NAME:BREUIL,NAME:L JOSSE,1,co_membership,L1912-00145
NAME:BREUIL,NAME:MANVILLE,1,co_membership,L1912-00145
NAME:BREUIL,NAME:MATLEI,1,co_membership,L1912-00145
NAME:BREUIL,NAME:P NORMANT,1,co_membership,L1912-00145
NAME:E LOUBET,NAME:GERENTE,1,co_membership,L1912-00145
NAME:E LOUBET,NAME:INVERSIN,1,co_membership,L1912-00145
NAME:E LOUBET,NAME:L JOSSE,1,co_membership,L1912-00145
NAME:E LOUBET,NAME:MANVILLE,1,co_membership,L1912-00145
NAME:E LOUBET,NAME:MATLEI,1,co_membership,L1912-00145
NAME:E LOUBET,NAME:P NORMANT,1,co_membership,L1912-00145
NAME:GERENTE,NAME:INVERSIN,1,co_membership,L1912-00145
NAME:GERENTE,NAME:L JOSSE,1,co_membership,L1912-00145
NAME:GERENTE,NAME:MANVILLE,1,co_membership,L1912-00145
NAME:GERENTE,NAME:MATLEI,1,co_membership,L1912-00145
NAME:GERENTE,NAME:P NORMANT,1,co_membership,L1912-00145
NAME:INVERSIN,NAME:L JOSSE,1,co_membership,L1912-00145
NAME:INVERSIN,NAME:MANVILLE,1,co_membership,L1912-00145
NAME:INVERSIN,NAME:MATLEI,1,co_membership,L1912-00145
NAME:INVERSIN,NAME:P NORMANT,1,co_membership,L1912-00145
NAME:L JOSSE,NAME:MANVILLE,1,co_membership,L1912-00145
NAME:L JOSSE,NAME:MATLEI,1,co_membership,L1912-00145
NAME:L JOSSE,NAME:P NORMANT,1,co_membership,L1912-00145
NAME:MANVILLE,NAME:MATLEI,1,co_membership,L1912-00145
NAME:MANVILLE,NAME:P NORMANT,1,co_membership,L1912-00145
NAME:MATLEI,NAME:P NORMANT,1,co_membership,L1912-00145
L1912-00071,L1912-00120,1,co_membership,L1912-00146
L1912-00071,NAME:BENTEJAC,1,co_membership,L1912-00146
L1912-00071,NAME:BREUIL,1,co_membership,L1912-00146
L1912-00071,NAME:BRUNEL,1,co_membership,L1912-00146
L1912-00071,NAME:MARTINI,1,co_membership,L1912-00146
L1912-00071,NAME:OLLIER,1,co_membership,L1912-00146
L1912-00120,NAME:BENTEJAC,1,co_membership,L1912-00146
L1912-00120,NAME:BREUIL,1,co_membership,L1912-00146
L1912-00120,NAME:BRUNEL,1,co_membership,L1912-00146
L1912-00120,NAME:MARTINI,1,co_membership,L1912-00146
L1912-00120,NAME:OLLIER,1,co_membership,L1912-00146
NAME:BENTEJAC,NAME:BREUIL,1,co_membership,L1912-00146
NAME:BENTEJAC,NAME:BRUNEL,1,co_membership,L1912-00146
NAME:BENTEJAC,NAME:MARTINI,1,co_membership,L1912-00146
NAME:BENTEJAC,NAME:OLLIER,1,co_membership,L1912-00146
NAME:BREUIL,NAME:BRUNEL,1,co_membership,L1912-00146
NAME:BREUIL,NAME:MARTINI,1,co_membership,L1912-00146
NAME:BREUIL,NAME:OLLIER,1,co_membership,L1912-00146
NAME:BRUNEL,NAME:MARTINI,1,co_membership,L1912-00146
NAME:BRUNEL,NAME:OLLIER,1,co_membership,L1912-00146
NAME:MARTINI,NAME:OLLIER,1,co_membership,L1912-00146
L1912-00405,L1912-02270,1,co_membership,L1912-00147
L1912-00405,NAME:BROU,1,co_membership,L1912-00147
L1912-00405,NAME:COURTADE,1,co_membership,L1912-00147
L1912-00405,NAME:GIROD,1,co_membership,L1912-00147
L1912-00405,NAME:HAIOUNI,1,co_membership,L1912-00147
L1912-00405,NAME:L BLANC,1,co_membership,L1912-00147
L1912-00405,NAME:MARCILLE,1,co_membership,L1912-00147
L1912-00405,NAME:VERRV,1,co_membership,L1912-00147
L1912-02270,NAME:BROU,1,co_membership,L1912-00147
L1912-02270,NAME:COURTADE,1,co_membership,L1912-00147
L1912-02270,NAME:GIROD,1,co_membership,L1912-00147
L1912-02270,NAME:HAIOUNI,1,co_membership,L1912-00147
L1912-02270,NAME:L BLANC,1,co_membership,L1912-00147
L1912-02270,NAME:MARCILLE,1,co_membership,L1912-00147
L1912-02270,NAME:VERRV,1,co_membership,L1912-00147
NAME:BROU,NAME:COURTADE,1,co_membership,L1912-00147
NAME:BROU,NAME:GIROD,1,co_membership,L1912-00147
NAME:BROU,NAME:HAIOUNI,1,co_membership,L1912-00147
NAME:BROU,NAME:L BLANC,1,co_membership,L1912-00147
NAME:BROU,NAME:MARCILLE,1,co_membership,L1912-00147
NAME:BROU,NAME:VERRV,1,co_membership,L1912-00147
NAME:COURTADE,NAME:GIROD,1,co_membership,L1912-00147
NAME:COURTADE,NAME:HAIOUNI,1,co_membership,L1912-00147
NAME:COURTADE,NAME:L BLANC,1,co_membership,L1912-00147
NAME:COURTADE,NAME:MARCILLE,1,co_membership,L1912-00147
NAME:COURTADE,NAME:VERRV,1,co_membership,L1912-00147
NAME:GIROD,NAME:HAIOUNI,1,co_membership,L1912-00147
NAME:GIROD,NAME:L BLANC,1,co_membership,L1912-00147
NAME:GIROD,NAME:MARCILLE,1,co_membership,L1912-00147
NAME:GIROD,NAME:VERRV,1,co_membership,L1912-00147
NAME:HAIOUNI,NAME:L BLANC,1,co_membership,L1912-00147
NAME:HAIOUNI,NAME:MARCILLE,1,co_membership,L1912-00147
NAME:HAIOUNI,NAME:VERRV,1,co_membership,L1912-00147
NAME:L BLANC,NAME:MARCILLE,1,co_membership,L1912-00147
NAME:L BLANC,NAME:VERRV,1,co_membership,L1912-00147
NAME:MARCILLE,NAME:VERRV,1,co_membership,L1912-00147
L1912-01219,NAME:FINNOCCHI,1,co_membership,L1912-00148
L1912-01219,NAME:RAPP,1,co_membership,L1912-00148
L1912-01219,NAME:SURLEAU,1,co_membership,L1912-00148
NAME:FINNOCCHI,NAME:RAPP,1,co_membership,L1912-00148
NAME:FINNOCCHI,NAME:SURLEAU,1,co_membership,L1912-00148
NAME:RAPP,NAME:SURLEAU,1,co_membership,L1912-00148
L1912-00319,L1912-01681,1,co_membership,L1912-00149
L1912-00319,NAME:BARRION,1,co_membership,L1912-00149
L1912-00319,NAME:COUPIN,1,co_membership,L1912-00149
L1912-00319,NAME:COUPIN J B,1,co_membership,L1912-00149
L1912-00319,NAME:GUSTAVE ROLLAND,1,co_membership,L1912-00149
L1912-00319,NAME:NOMBREUX,1,co_membership,L1912-00149
L1912-01681,NAME:BARRION,1,co_membership,L1912-00149
L1912-01681,NAME:COUPIN,1,co_membership,L1912-00149
L1912-01681,NAME:COUPIN J B,1,co_membership,L1912-00149
L1912-01681,NAME:GUSTAVE ROLLAND,1,co_membership,L1912-00149
L1912-01681,NAME:NOMBREUX,1,co_membership,L1912-00149
NAME:BARRION,NAME:COUPIN,1,co_membership,L1912-00149
NAME:BARRION,NAME:COUPIN J B,1,co_membership,L1912-00149
NAME:BARRION,NAME:GUSTAVE ROLLAND,1,co_membership,L1912-00149
NAME:BARRION,NAME:NOMBREUX,1,co_membership,L1912-00149
NAME:COUPIN,NAME:COUPIN J B,1,co_membership,L1912-00149
NAME:COUPIN,NAME:GUSTAVE ROLLAND,1,co_membership,L1912-00149
NAME:COUPIN,NAME:NOMBREUX,1,co_membership,L1912-00149
NAME:COUPIN J B,NAME:GUSTAVE ROLLAND,1,co_membership,L1912-00149
NAME:COUPIN J B,NAME:NOMBREUX,1,co_membership,L1912-00149
NAME:GUSTAVE ROLLAND,NAME:NOMBREUX,1,co_membership,L1912-00149
L1912-00308,L1912-00576,1,co_membership,L1912-00150
L1912-00308,NAME:JOLY LOUYS,1,co_membership,L1912-00150
L1912-00308,NAME:MATHIEU,1,co_membership,L1912-00150
L1912-00576,NAME:JOLY LOUYS,1,co_membership,L1912-00150
L1912-00576,NAME:MATHIEU,1,co_membership,L1912-00150
NAME:JOLY LOUYS,NAME:MATHIEU,1,co_membership,L1912-00150
L1912-01273,L1912-01587,1,co_membership,L1912-00151
L1912-01273,L1912-02008,1,co_membership,L1912-00151
L1912-01273,NAME:LUBAC,1,co_membership,L1912-00151
L1912-01273,NAME:VINCENT,1,co_membership,L1912-00151
L1912-01587,L1912-02008,1,co_membership,L1912-00151
L1912-01587,NAME:LUBAC,1,co_membership,L1912-00151
L1912-01587,NAME:VINCENT,1,co_membership,L1912-00151
L1912-02008,NAME:LUBAC,1,co_membership,L1912-00151
L1912-02008,NAME:VINCENT,1,co_membership,L1912-00151
NAME:LUBAC,NAME:VINCENT,1,co_membership,L1912-00151
L1912-00200,L1912-00494,1,co_membership,L1912-00152
L1912-00200,L1912-00744,1,co_membership,L1912-00152
L1912-00200,L1912-00961,1,co_membership,L1912-00152
L1912-00200,L1912-00977,1,co_membership,L1912-00152
L1912-00200,L1912-01258,1,co_membership,L1912-00152
L1912-00200,L1912-01350,1,co_membership,L1912-00152
L1912-00200,L1912-01645,1,co_membership,L1912-00152
L1912-00200,L1912-02073,1,co_membership,L1912-00152
L1912-00200,L1912-02171,1,co_membership,L1912-00152
L1912-00200,NAME:BENZIMRA,1,co_membership,L1912-00152
L1912-00200,NAME:BLOEH,1,co_membership,L1912-00152
L1912-00200,NAME:BODINEAU,1,co_membership,L1912-00152
L1912-00200,NAME:BORSINI,1,co_membership,L1912-00152
L1912-00200,NAME:BOULIER,1,co_membership,L1912-00152
L1912-00200,NAME:ENRIQUEZ,1,co_membership,L1912-00152
L1912-00200,NAME:GENEVAY,1,co_membership,L1912-00152
L1912-00200,NAME:GUINLE,1,co_membership,L1912-00152
L1912-00200,NAME:JEAN COLLIARD,1,co_membership,L1912-00152
L1912-00200,NAME:JEAN PELONI,1,co_membership,L1912-00152
L1912-00200,NAME:LAVAUX,1,co_membership,L1912-00152
L1912-00200,NAME:MAGASIN GENERAL,1,co_membership,L1912-00152
L1912-00200,NAME:MARTZ,1,co_membership,L1912-00152
L1912-00200,NAME:NANI,1,co_membership,L1912-00152
L1912-00200,NAME:PALAIS,1,co_membership,L1912-00152
L1912-00200,NAME:RENE LAVAU,1,co_membership,L1912-00152
L1912-00200,NAME:S BOCCARA,1,co_membership,L1912-00152
L1912-00200,NAME:V BENSASSON,1,co_membership,L1912-00152
L1912-00494,L1912-00744,1,co_membership,L1912-00152
L1912-00494,L1912-00961,1,co_membership,L1912-00152
L1912-00494,L1912-00977,1,co_membership,L1912-00152
L1912-00494,L1912-01258,1,co_membership,L1912-00152
L1912-00494,L1912-01350,1,co_membership,L1912-00152
L1912-00494,L1912-01645,2,co_membership,L1912-00152;L1912-02430
L1912-00494,L1912-02073,1,co_membership,L1912-00152
L1912-00494,L1912-02171,1,co_membership,L1912-00152
L1912-00494,NAME:BENZIMRA,1,co_membership,L1912-00152
L1912-00494,NAME:BLOEH,1,co_membership,L1912-00152
L1912-00494,NAME:BODINEAU,1,co_membership,L1912-00152
L1912-00494,NAME:BORSINI,1,co_membership,L1912-00152
L1912-00494,NAME:BOULIER,1,co_membership,L1912-00152
L1912-00494,NAME:ENRIQUEZ,1,co_membership,L1912-00152
L1912-00494,NAME:GENEVAY,1,co_membership,L1912-00152
L1912-00494,NAME:GUINLE,1,co_membership,L1912-00152
L1912-00494,NAME:JEAN COLLIARD,1,co_membership,L1912-00152
L1912-00494,NAME:JEAN PELONI,1,co_membership,L1912-00152
L1912-00494,NAME:LAVAUX,1,co_membership,L1912-00152
L1912-00494,NAME:MAGASIN GENERAL,1,co_membership,L1912-00152
L1912-00494,NAME:MARTZ,1,co_membership,L1912-00152
L1912-00494,NAME:NANI,1,co_membership,L1912-00152
L1912-00494,NAME:PALAIS,1,co_membership,L1912-00152
L1912-00494,NAME:RENE LAVAU,1,co_membership,L1912-00152
L1912-00494,NAME:S BOCCARA,1,co_membership,L1912-00152
L1912-00494,NAME:V BENSASSON,1,co_membership,L1912-00152
L1912-00744,L1912-00961,1,co_membership,L1912-00152
L1912-00744,L1912-00977,1,co_membership,L1912-00152
L1912-00744,L1912-01258,1,co_membership,L1912-00152
L1912-00744,L1912-01350,1,co_membership,L1912-00152
L1912-00744,L1912-01645,1,co_membership,L1912-00152
L1912-00744,L1912-02073,1,co_membership,L1912-00152
L1912-00744,L1912-02171,1,co_membership,L1912-00152
L1912-00744,NAME:BENZIMRA,1,co_membership,L1912-00152
L1912-00744,NAME:BLOEH,1,co_membership,L1912-00152
L1912-00744,NAME:BODINEAU,1,co_membership,L1912-00152
L1912-00744,NAME:BORSINI,1,co_membership,L1912-00152
L1912-00744,NAME:BOULIER,1,co_membership,L1912-00152
L1912-00744,NAME:ENRIQUEZ,1,co_membership,L1912-00152
L1912-00744,NAME:GENEVAY,1,co_membership,L1912-00152
L1912-00744,NAME:GUINLE,1,co_membership,L1912-00152
L1912-00744,NAME:JEAN COLLIARD,1,co_membership,L1912-00152
L1912-00744,NAME:JEAN PELONI,1,co_membership,L1912-00152
L1912-00744,NAME:LAVAUX,1,co_membership,L1912-00152
L1912-00744,NAME:MAGASIN GENERAL,1,co_membership,L1912-00152
L1912-00744,NAME:MARTZ,1,co_membership,L1912-00152
L1912-00744,NAME:NANI,1,co_membership,L1912-00152
L1912-00744,NAME:PALAIS,1,co_membership,L1912-00152
L1912-00744,NAME:RENE LAVAU,1,co_membership,L1912-00152
L1912-00744,NAME:S BOCCARA,1,co_membership,L1912-00152
L1912-00744,NAME:V BENSASSON,1,co_membership,L1912-00152
L1912-00961,L1912-00977,1,co_membership,L1912-00152
L1912-00961,L1912-01258,1,co_membership,L1912-00152
L1912-00961,L1912-01350,1,co_membership,L1912-00152
L1912-00961,L1912-01645,1,co_membership,L1912-00152
L1912-00961,L1912-02073,1,co_membership,L1912-00152
L1912-00961,L1912-02171,1,co_membership,L1912-00152
L1912-00961,NAME:BENZIMRA,1,co_membership,L1912-00152
L1912-00961,NAME:BLOEH,1,co_membership,L1912-00152
L1912-00961,NAME:BODINEAU,1,co_membership,L1912-00152
L1912-00961,NAME:BORSINI,1,co_membership,L1912-00152
L1912-00961,NAME:BOULIER,1,co_membership,L1912-00152
L1912-00961,NAME:ENRIQUEZ,1,co_membership,L1912-00152
L1912-00961,NAME:GENEVAY,1,co_membership,L1912-00152
L1912-00961,NAME:GUINLE,1,co_membership,L1912-00152
L1912-00961,NAME:JEAN COLLIARD,1,co_membership,L1912-00152
L1912-00961,NAME:JEAN PELONI,1,co_membership,L1912-00152
L1912-00961,NAME:LAVAUX,1,co_membership,L1912-00152
L1912-00961,NAME:MAGASIN GENERAL,1,co_membership,L1912-00152
L1912-00961,NAME:MARTZ,1,co_membership,L1912-00152
L1912-00961,NAME:NANI,1,co_membership,L1912-00152
L1912-00961,NAME:PALAIS,1,co_membership,L1912-00152
L1912-00961,NAME:RENE LAVAU,1,co_membership,L1912-00152
L1912-00961,NAME:S BOCCARA,1,co_membership,L1912-00152
L1912-00961,NAME:V BENSASSON,1,co_membership,L1912-00152
L1912-00977,L1912-01258,1,co_membership,L1912-00152
L1912-00977,L1912-01350,1,co_membership,L1912-00152
L1912-00977,L1912-01645,1,co_membership,L1912-00152
L1912-00977,L1912-02073,1,co_membership,L1912-00152
L1912-00977,L1912-02171,1,co_membership,L1912-00152
L1912-00977,NAME:BENZIMRA,1,co_membership,L1912-00152
L1912-00977,NAME:BLOEH,1,co_membership,L1912-00152
L1912-00977,NAME:BODINEAU,1,co_membership,L1912-00152
L1912-00977,NAME:BORSINI,1,co_membership,L1912-00152
L1912-00977,NAME:BOULIER,1,co_membership,L1912-00152
L1912-00977,NAME:ENRIQUEZ,1,co_membership,L1912-00152
L1912-00977,NAME:GENEVAY,1,co_membership,L1912-00152
L1912-00977,NAME:GUINLE,1,co_membership,L1912-00152
L1912-00977,NAME:JEAN COLLIARD,1,co_membership,L1912-00152
L1912-00977,NAME:JEAN PELONI,1,co_membership,L1912-00152
L1912-00977,NAME:LAVAUX,1,co_membership,L1912-00152
L1912-00977,NAME:MAGASIN GENERAL,1,co_membership,L1912-00152
L1912-00977,NAME:MARTZ,1,co_membership,L1912-00152
L1912-00977,NAME:NANI,1,co_membership,L1912-00152
L1912-00977,NAME:PALAIS,1,co_membership,L1912-00152
L1912-00977,NAME:RENE LAVAU,1,co_membership,L1912-00152
L1912-00977,NAME:S BOCCARA,1,co_membership,L1912-00152
L1912-00977,NAME:V BENSASSON,1,co_membership,L1912-00152
L1912-01258,L1912-01350,1,co_membership,L1912-00152
L1912-01258,L1912-01645,1,co_membership,L1912-00152
L1912-01258,L1912-02073,1,co_membership,L1912-00152
L1912-01258,L1912-02171,1,co_membership,L1912-00152
L1912-01258,NAME:BENZIMRA,1,co_membership,L1912-00152
L1912-01258,NAME:BLOEH,1,co_membership,L1912-00152
L1912-01258,NAME:BODINEAU,1,co_membership,L1912-00152
L1912-01258,NAME:BORSINI,1,co_membership,L1912-00152
L1912-01258,NAME:BOULIER,1,co_membership,L1912-00152
L1912-01258,NAME:ENRIQUEZ,1,co_membership,L1912-00152
L1912-01258,NAME:GENEVAY,1,co_membership,L1912-00152
L1912-01258,NAME:GUINLE,1,co_membership,L1912-00152
L1912-01258,NAME:JEAN COLLIARD,1,co_membership,L1912-00152
L1912-01258,NAME:JEAN PELONI,1,co_membership,L1912-00152
L1912-01258,NAME:LAVAUX,1,co_membership,L1912-00152
L1912-01258,NAME:MAGASIN GENERAL,1,co_membership,L1912-00152
L1912-01258,NAME:MARTZ,1,co_membership,L1912-00152
L1912-01258,NAME:NANI,1,co_membership,L1912-00152
L1912-01258,NAME:PALAIS,1,co_membership,L1912-00152
L1912-01258,NAME:RENE LAVAU,1,co_membership,L1912-00152
L1912-01258,NAME:S BOCCARA,1,co_membership,L1912-00152
L1912-01258,NAME:V BENSASSON,1,co_membership,L1912-00152
L1912-01350,L1912-01645,1,co_membership,L1912-00152
L1912-01350,L1912-02073,1,co_membership,L1912-00152
L1912-01350,L1912-02171,1,co_membership,L1912-00152
L1912-01350,NAME:BENZIMRA,1,co_membership,L1912-00152
L1912-01350,NAME:BLOEH,1,co_membership,L1912-00152
L1912-01350,NAME:BODINEAU,1,co_membership,L1912-00152
L1912-01350,NAME:BORSINI,1,co_membership,L1912-00152
L1912-01350,NAME:BOULIER,1,co_membership,L1912-00152
L1912-01350,NAME:ENRIQUEZ,1,co_membership,L1912-00152
L1912-01350,NAME:GENEVAY,1,co_membership,L1912-00152
L1912-01350,NAME:GUINLE,1,co_membership,L1912-00152
L1912-01350,NAME:JEAN COLLIARD,1,co_membership,L1912-00152
L1912-01350,NAME:JEAN PELONI,1,co_membership,L1912-00152
L1912-01350,NAME:LAVAUX,1,co_membership,L1912-00152
L1912-01350,NAME:MAGASIN GENERAL,1,co_membership,L1912-00152
L1912-01350,NAME:MARTZ,1,co_membership,L1912-00152
L1912-01350,NAME:NANI,1,co_membership,L1912-00152
L1912-01350,NAME:PALAIS,1,co_membership,L1912-00152
L1912-01350,NAME:RENE LAVAU,1,co_membership,L1912-00152
L1912-01350,NAME:S BOCCARA,1,co_membership,L1912-00152
L1912-01350,NAME:V BENSASSON,1,co_membership,L1912-00152
L1912-01645,L1912-02073,1,co_membership,L1912-00152
L1912-01645,L1912-02171,1,co_membership,L1912-00152
L1912-01645,NAME:BENZIMRA,1,co_membership,L1912-00152
L1912-01645,NAME:BLOEH,1,co_membership,L1912-00152
L1912-01645,NAME:BODINEAU,1,co_membership,L1912-00152
L1912-01645,NAME:BORSINI,1,co_membership,L1912-00152
L1912-01645,NAME:BOULIER,1,co_membership,L1912-00152
L1912-01645,NAME:ENRIQUEZ,1,co_membership,L1912-00152
L1912-01645,NAME:GENEVAY,1,co_membership,L1912-00152
L1912-01645,NAME:GUINLE,1,co_membership,L1912-00152
L1912-01645,NAME:JEAN COLLIARD,1,co_membership,L1912-00152
L1912-01645,NAME:JEAN PELONI,1,co_membership,L1912-00152
L1912-01645,NAME:LAVAUX,1,co_membership,L1912-00152
L1912-01645,NAME:MAGASIN GENERAL,1,co_membership,L1912-00152
L1912-01645,NAME:MARTZ,1,co_membership,L1912-00152
L1912-01645,NAME:NANI,1,co_membership,L1912-00152
L1912-01645,NAME:PALAIS,1,co_membership,L1912-00152
L1912-01645,NAME:RENE LAVAU,1,co_membership,L1912-00152
L1912-01645,NAME:S BOCCARA,1,co_membership,L1912-00152
L1912-01645,NAME:V BENSASSON,1,co_membership,L1912-00152
L1912-02073,L1912-02171,1,co_membership,L1912-00152
L1912-02073,NAME:BENZIMRA,1,co_membership,L1912-00152
L1912-02073,NAME:BLOEH,1,co_membership,L1912-00152
L1912-02073,NAME:BODINEAU,1,co_membership,L1912-00152
L1912-02073,NAME:BORSINI,1,co_membership,L1912-00152
L1912-02073,NAME:BOULIER,1,co_membership,L1912-00152
L1912-02073,NAME:ENRIQUEZ,1,co_membership,L1912-00152
L1912-02073,NAME:GENEVAY,1,co_membership,L1912-00152
L1912-02073,NAME:GUINLE,1,co_membership,L1912-00152
L1912-02073,NAME:JEAN COLLIARD,1,co_membership,L1912-00152
L1912-02073,NAME:JEAN PELONI,1,co_membership,L1912-00152
L1912-02073,NAME:LAVAUX,1,co_membership,L1912-00152
L1912-02073,NAME:MAGASIN GENERAL,1,co_membership,L1912-00152
L1912-02073,NAME:MARTZ,1,co_membership,L1912-00152
L1912-02073,NAME:NANI,1,co_membership,L1912-00152
L1912-02073,NAME:PALAIS,1,co_membership,L1912-00152
L1912-02073,NAME:RENE LAVAU,1,co_membership,L1912-00152
L1912-02073,NAME:S BOCCARA,1,co_membership,L1912-00152
L1912-02073,NAME:V BENSASSON,1,co_membership,L1912-00152
L1912-02171,NAME:BENZIMRA,1,co_membership,L1912-00152
L1912-02171,NAME:BLOEH,1,co_membership,L1912-00152
L1912-02171,NAME:BODINEAU,1,co_membership,L1912-00152
L1912-02171,NAME:BORSINI,1,co_membership,L1912-00152
L1912-02171,NAME:BOULIER,1,co_membership,L1912-00152
L1912-02171,NAME:ENRIQUEZ,1,co_membership,L1912-00152
L1912-02171,NAME:GENEVAY,1,co_membership,L1912-00152
L1912-02171,NAME:GUINLE,1,co_membership,L1912-00152
L1912-02171,NAME:JEAN COLLIARD,1,co_membership,L1912-00152
L1912-02171,NAME:JEAN PELONI,1,co_membership,L1912-00152
L1912-02171,NAME:LAVAUX,1,co_membership,L1912-00152
L1912-02171,NAME:MAGASIN GENERAL,1,co_membership,L1912-00152
L1912-02171,NAME:MARTZ,1,co_membership,L1912-00152
L1912-02171,NAME:NANI,1,co_membership,L1912-00152
L1912-02171,NAME:PALAIS,1,co_membership,L1912-00152
L1912-02171,NAME:RENE LAVAU,1,co_membership,L1912-00152
L1912-02171,NAME:S BOCCARA,1,co_membership,L1912-00152
L1912-02171,NAME:V BENSASSON,1,co_membership,L1912-00152
NAME:BENZIMRA,NAME:BLOEH,1,co_membership,L1912-00152
NAME:BENZIMRA,NAME:BODINEAU,1,co_membership,L1912-00152
NAME:BENZIMRA,NAME:BORSINI,1,co_membership,L1912-00152
NAME:BENZIMRA,NAME:BOULIER,1,co_membership,L1912-00152
NAME:BENZIMRA,NAME:ENRIQUEZ,1,co_membership,L1912-00152
NAME:BENZIMRA,NAME:GENEVAY,1,co_membership,L1912-00152
NAME:BENZIMRA,NAME:GUINLE,1,co_membership,L1912-00152
NAME:BENZIMRA,NAME:JEAN COLLIARD,1,co_membership,L1912-00152
NAME:BENZIMRA,NAME:JEAN PELONI,1,co_membership,L1912-00152
NAME:BENZIMRA,NAME:LAVAUX,1,co_membership,L1912-00152
NAME:BENZIMRA,NAME:MAGASIN GENERAL,1,co_membership,L1912-00152
NAME:BENZIMRA,NAME:MARTZ,1,co_membership,L1912-00152
NAME:BENZIMRA,NAME:NANI,1,co_membership,L1912-00152
NAME:BENZIMRA,NAME:PALAIS,1,co_membership,L1912-00152
NAME:BENZIMRA,NAME:RENE LAVAU,1,co_membership,L1912-00152
NAME:BENZIMRA,NAME:S BOCCARA,1,co_membership,L1912-00152
NAME:BENZIMRA,NAME:V BENSASSON,1,co_membership,L1912-00152
NAME:BLOEH,NAME:BODINEAU,1,co_membership,L1912-00152
NAME:BLOEH,NAME:BORSINI,1,co_membership,L1912-00152
NAME:BLOEH,NAME:BOULIER,1,co_membership,L1912-00152
NAME:BLOEH,NAME:ENRIQUEZ,1,co_membership,L1912-00152
NAME:BLOEH,NAME:GENEVAY,1,co_membership,L1912-00152
NAME:BLOEH,NAME:GUINLE,1,co_membership,L1912-00152
NAME:BLOEH,NAME:JEAN COLLIARD,1,co_membership,L1912-00152
NAME:BLOEH,NAME:JEAN PELONI,1,co_membership,L1912-00152
NAME:BLOEH,NAME:LAVAUX,1,co_membership,L1912-00152
NAME:BLOEH,NAME:MAGASIN GENERAL,1,co_membership,L1912-00152
NAME:BLOEH,NAME:MARTZ,1,co_membership,L1912-00152
NAME:BLOEH,NAME:NANI,1,co_membership,L1912-00152
NAME:BLOEH,NAME:PALAIS,1,co_membership,L1912-00152
NAME:BLOEH,NAME:RENE LAVAU,1,co_membership,L1912-00152
NAME:BLOEH,NAME:S BOCCARA,1,co_membership,L1912-00152
NAME:BLOEH,NAME:V BENSASSON,1,co_membership,L1912-00152
NAME:BODINEAU,NAME:BORSINI,1,co_membership,L1912-00152
NAME:BODINEAU,NAME:BOULIER,1,co_membership,L1912-00152
NAME:BODINEAU,NAME:ENRIQUEZ,1,co_membership,L1912-00152
NAME:BODINEAU,NAME:GENEVAY,1,co_membership,L1912-00152
NAME:BODINEAU,NAME:GUINLE,1,co_membership,L1912-00152
NAME:BODINEAU,NAME:JEAN COLLIARD,1,co_membership,L1912-00152
NAME:BODINEAU,NAME:JEAN PELONI,1,co_membership,L1912-00152
NAME:BODINEAU,NAME:LAVAUX,1,co_membership,L1912-00152
NAME:BODINEAU,NAME:MAGASIN GENERAL,1,co_membership,L1912-00152
NAME:BODINEAU,NAME:MARTZ,1,co_membership,L1912-00152
NAME:BODINEAU,NAME:NANI,1,co_membership,L1912-00152
NAME:BODINEAU,NAME:PALAIS,1,co_membership,L1912-00152
NAME:BODINEAU,NAME:RENE LAVAU,1,co_membership,L1912-00152
NAME:BODINEAU,NAME:S BOCCARA,1,co_membership,L1912-00152
NAME:BODINEAU,NAME:V BENSASSON,1,co_membership,L1912-00152
NAME:BORSINI,NAME:BOULIER,1,co_membership,L1912-00152
NAME:BORSINI,NAME:ENRIQUEZ,1,co_membership,L1912-00152
NAME:BORSINI,NAME:GENEVAY,1,co_membership,L1912-00152
NAME:BORSINI,NAME:GUINLE,1,co_membership,L1912-00152
NAME:BORSINI,NAME:JEAN COLLIARD,1,co_membership,L1912-00152
NAME:BORSINI,NAME:JEAN PELONI,1,co_membership,L1912-00152
NAME:BORSINI,NAME:LAVAUX,1,co_membership,L1912-00152
NAME:BORSINI,NAME:MAGASIN GENERAL,1,co_membership,L1912-00152
NAME:BORSINI,NAME:MARTZ,1,co_membership,L1912-00152
NAME:BORSINI,NAME:NANI,1,co_membership,L1912-00152
NAME:BORSINI,NAME:PALAIS,1,co_membership,L1912-00152
NAME:BORSINI,NAME:RENE LAVAU,1,co_membership,L1912-00152
NAME:BORSINI,NAME:S BOCCARA,1,co_membership,L1912-00152
NAME:BORSINI,NAME:V BENSASSON,1,co_membership,L1912-00152
NAME:BOULIER,NAME:ENRIQUEZ,1,co_membership,L1912-00152
NAME:BOULIER,NAME:GENEVAY,1,co_membership,L1912-00152
NAME:BOULIER,NAME:GUINLE,1,co_membership,L1912-00152
NAME:BOULIER,NAME:JEAN COLLIARD,1,co_membership,L1912-00152
NAME:BOULIER,NAME:JEAN PELONI,1,co_membership,L1912-00152
NAME:BOULIER,NAME:LAVAUX,1,co_membership,L1912-00152
NAME:BOULIER,NAME:MAGASIN GENERAL,1,co_membership,L1912-00152
NAME:BOULIER,NAME:MARTZ,1,co_membership,L1912-00152
NAME:BOULIER,NAME:NANI,1,co_membership,L1912-00152
NAME:BOULIER,NAME:PALAIS,1,co_membership,L1912-00152
NAME:BOULIER,NAME:RENE LAVAU,1,co_membership,L1912-00152
NAME:BOULIER,NAME:S BOCCARA,1,co_membership,L1912-00152
NAME:BOULIER,NAME:V BENSASSON,1,co_membership,L1912-00152
NAME:ENRIQUEZ,NAME:GENEVAY,1,co_membership,L1912-00152
NAME:ENRIQUEZ,NAME:GUINLE,1,co_membership,L1912-00152
NAME:ENRIQUEZ,NAME:JEAN COLLIARD,1,co_membership,L1912-00152
NAME:ENRIQUEZ,NAME:JEAN PELONI,1,co_membership,L1912-00152
NAME:ENRIQUEZ,NAME:LAVAUX,1,co_membership,L1912-00152
NAME:ENRIQUEZ,NAME:MAGASIN GENERAL,1,co_membership,L1912-00152
NAME:ENRIQUEZ,NAME:MARTZ,1,co_membership,L1912-00152
NAME:ENRIQUEZ,NAME:NANI,1,co_membership,L1912-00152
NAME:ENRIQUEZ,NAME:PALAIS,1,co_membership,L1912-00152
NAME:ENRIQUEZ,NAME:RENE LAVAU,1,co_membership,L1912-00152
NAME:ENRIQUEZ,NAME:S BOCCARA,1,co_membership,L1912-00152
NAME:ENRIQUEZ,NAME:V BENSASSON,1,co_membership,L1912-00152
NAME:GENEVAY,NAME:GUINLE,1,co_membership,L1912-00152
NAME:GENEVAY,NAME:JEAN COLLIARD,1,co_membership,L1912-00152
NAME:GENEVAY,NAME:JEAN PELONI,1,co_membership,L1912-00152
NAME:GENEVAY,NAME:LAVAUX,1,co_membership,L1912-00152
NAME:GENEVAY,NAME:MAGASIN GENERAL,1,co_membership,L1912-00152
NAME:GENEVAY,NAME:MARTZ,1,co_membership,L1912-00152
NAME:GENEVAY,NAME:NANI,1,co_membership,L1912-00152
NAME:GENEVAY,NAME:PALAIS,1,co_membership,L1912-00152
NAME:GENEVAY,NAME:RENE LAVAU,1,co_membership,L1912-00152
NAME:GENEVAY,NAME:S BOCCARA,1,co_membership,L1912-00152
NAME:GENEVAY,NAME:V BENSASSON,1,co_membership,L1912-00152
NAME:GUINLE,NAME:JEAN COLLIARD,1,co_membership,L1912-00152
NAME:GUINLE,NAME:JEAN PELONI,1,co_membership,L1912-00152
NAME:GUINLE,NAME:LAVAUX,1,co_membership,L1912-00152
NAME:GUINLE,NAME:MAGASIN GENERAL,1,co_membership,L1912-00152
NAME:GUINLE,NAME:MARTZ,1,co_membership,L1912-00152
NAME:GUINLE,NAME:NANI,1,co_membership,L1912-00152
NAME:GUINLE,NAME:PALAIS,1,co_membership,L1912-00152
NAME:GUINLE,NAME:RENE LAVAU,1,co_membership,L1912-00152
NAME:GUINLE,NAME:S BOCCARA,1,co_membership,L1912-00152
NAME:GUINLE,NAME:V BENSASSON,1,co_membership,L1912-00152
NAME:JEAN COLLIARD,NAME:JEAN PELONI,1,co_membership,L1912-00152
NAME:JEAN COLLIARD,NAME:LAVAUX,1,co_membership,L1912-00152
NAME:JEAN COLLIARD,NAME:MAGASIN GENERAL,1,co_membership,L1912-00152
NAME:JEAN COLLIARD,NAME:MARTZ,1,co_membership,L1912-00152
NAME:JEAN COLLIARD,NAME:NANI,1,co_membership,L1912-00152
NAME:JEAN COLLIARD,NAME:PALAIS,1,co_membership,L1912-00152
NAME:JEAN COLLIARD,NAME:RENE LAVAU,1,co_membership,L1912-00152
NAME:JEAN COLLIARD,NAME:S BOCCARA,1,co_membership,L1912-00152
NAME:JEAN COLLIARD,NAME:V BENSASSON,1,co_membership,L1912-00152
NAME:JEAN PELONI,NAME:LAVAUX,1,co_membership,L1912-00152
NAME:JEAN PELONI,NAME:MAGASIN GENERAL,1,co_membership,L1912-00152
NAME:JEAN PELONI,NAME:MARTZ,1,co_membership,L1912-00152
NAME:JEAN PELONI,NAME:NANI,1,co_membership,L1912-00152
NAME:JEAN PELONI,NAME:PALAIS,1,co_membership,L1912-00152
NAME:JEAN PELONI,NAME:RENE LAVAU,1,co_membership,L1912-00152
NAME:JEAN PELONI,NAME:S BOCCARA,1,co_membership,L1912-00152
NAME:JEAN PELONI,NAME:V BENSASSON,1,co_membership,L1912-00152
NAME:LAVAUX,NAME:MAGASIN GENERAL,1,co_membership,L1912-00152
NAME:LAVAUX,NAME:MARTZ,1,co_membership,L1912-00152
NAME:LAVAUX,NAME:NANI,1,co_membership,L1912-00152
NAME:LAVAUX,NAME:PALAIS,1,co_membership,L1912-00152
NAME:LAVAUX,NAME:RENE LAVAU,1,co_membership,L1912-00152
NAME:LAVAUX,NAME:S BOCCARA,1,co_membership,L1912-00152
NAME:LAVAUX,NAME:V BENSASSON,1,co_membership,L1912-00152
NAME:MAGASIN GENERAL,NAME:MARTZ,1,co_membership,L1912-00152
NAME:MAGASIN GENERAL,NAME:NANI,1,co_membership,L1912-00152
NAME:MAGASIN GENERAL,NAME:PALAIS,1,co_membership,L1912-00152
NAME:MAGASIN GENERAL,NAME:RENE LAVAU,1,co_membership,L1912-00152
NAME:MAGASIN GENERAL,NAME:S BOCCARA,1,co_membership,L1912-00152
NAME:MAGASIN GENERAL,NAME:V BENSASSON,1,co_membership,L1912-00152
NAME:MARTZ,NAME:NANI,1,co_membership,L1912-00152
NAME:MARTZ,NAME:PALAIS,1,co_membership,L1912-00152
NAME:MARTZ,NAME:RENE LAVAU,1,co_membership,L1912-00152
NAME:MARTZ,NAME:S BOCCARA,1,co_membership,L1912-00152
NAME:MARTZ,NAME:V BENSASSON,1,co_membership,L1912-00152
NAME:NANI,NAME:PALAIS,1,co_membership,L1912-00152
NAME:NANI,NAME:RENE LAVAU,1,co_membership,L1912-00152
NAME:NANI,NAME:S BOCCARA,1,co_membership,L1912-00152
NAME:NANI,NAME:V BENSASSON,1,co_membership,L1912-00152
NAME:PALAIS,NAME:RENE LAVAU,1,co_membership,L1912-00152
NAME:PALAIS,NAME:S BOCCARA,1,co_membership,L1912-00152
NAME:PALAIS,NAME:V BENSASSON,1,co_membership,L1912-00152
NAME:RENE LAVAU,NAME:S BOCCARA,1,co_membership,L1912-00152
NAME:RENE LAVAU,NAME:V BENSASSON,1,co_membership,L1912-00152
NAME:S BOCCARA,NAME:V BENSASSON,1,co_membership,L1912-00152
L1912-01423,NAME:CASINLERE,1,co_membership,L1912-00153
L1912-01423,NAME:DEPUIS,1,co_membership,L1912-00153
L1912-01423,NAME:JEAN,1,co_membership,L1912-00153
L1912-01423,NAME:MABILLANT,1,co_membership,L1912-00153
L1912-01423,NAME:MEDAILLE,1,co_membership,L1912-00153
L1912-01423,NAME:MUZART,1,co_membership,L1912-00153
L1912-01423,NAME:OBERL,1,co_membership,L1912-00153
NAME:CASINLERE,NAME:DEPUIS,1,co_membership,L1912-00153
NAME:CASINLERE,NAME:JEAN,1,co_membership,L1912-00153
NAME:CASINLERE,NAME:MABILLANT,1,co_membership,L1912-00153
NAME:CASINLERE,NAME:MEDAILLE,1,co_membership,L1912-00153
NAME:CASINLERE,NAME:MUZART,1,co_membership,L1912-00153
NAME:CASINLERE,NAME:OBERL,1,co_membership,L1912-00153
NAME:DEPUIS,NAME:JEAN,1,co_membership,L1912-00153
NAME:DEPUIS,NAME:MABILLANT,1,co_membership,L1912-00153
NAME:DEPUIS,NAME:MEDAILLE,1,co_membership,L1912-00153
NAME:DEPUIS,NAME:MUZART,1,co_membership,L1912-00153
NAME:DEPUIS,NAME:OBERL,1,co_membership,L1912-00153
NAME:JEAN,NAME:MABILLANT,1,co_membership,L1912-00153
NAME:JEAN,NAME:MEDAILLE,1,co_membership,L1912-00153
NAME:JEAN,NAME:MUZART,1,co_membership,L1912-00153
NAME:JEAN,NAME:OBERL,1,co_membership,L1912-00153
NAME:MABILLANT,NAME:MEDAILLE,1,co_membership,L1912-00153
NAME:MABILLANT,NAME:MUZART,1,co_membership,L1912-00153
NAME:MABILLANT,NAME:OBERL,1,co_membership,L1912-00153
NAME:MEDAILLE,NAME:MUZART,1,co_membership,L1912-00153
NAME:MEDAILLE,NAME:OBERL,1,co_membership,L1912-00153
NAME:MUZART,NAME:OBERL,1,co_membership,L1912-00153
L1912-00031,L1912-01012,1,co_membership,L1912-00154
L1912-00031,L1912-01506,1,co_membership,L1912-00154
L1912-00031,NAME:ALI BNCH I IAMBA,1,co_membership,L1912-00154
L1912-00031,NAME:AMOR BOUHAGEB,1,co_membership,L1912-00154
L1912-00031,NAME:AZIZ HAYOUNNI,1,co_membership,L1912-00154
L1912-00031,NAME:CHADLI OKBI,1,co_membership,L1912-00154
L1912-00031,NAME:HADI TAHAR,1,co_membership,L1912-00154
L1912-00031,NAME:KLIAIRAILAH,1,co_membership,L1912-00154
L1912-00031,NAME:MOHAMED,1,co_membership,L1912-00154
L1912-00031,NAME:MOHAMED BACLI HAMBA,1,co_membership,L1912-00154
L1912-00031,NAME:MOHAMED CHABINI,1,co_membership,L1912-00154
L1912-00031,NAME:RECLIID,1,co_membership,L1912-00154
L1912-01012,L1912-01506,1,co_membership,L1912-00154
L1912-01012,NAME:ALI BNCH I IAMBA,1,co_membership,L1912-00154
L1912-01012,NAME:AMOR BOUHAGEB,1,co_membership,L1912-00154
L1912-01012,NAME:AZIZ HAYOUNNI,1,co_membership,L1912-00154
L1912-01012,NAME:CHADLI OKBI,1,co_membership,L1912-00154
L1912-01012,NAME:HADI TAHAR,1,co_membership,L1912-00154
L1912-01012,NAME:KLIAIRAILAH,1,co_membership,L1912-00154
L1912-01012,NAME:MOHAMED,1,co_membership,L1912-00154
L1912-01012,NAME:MOHAMED BACLI HAMBA,1,co_membership,L1912-00154
L1912-01012,NAME:MOHAMED CHABINI,1,co_membership,L1912-00154
L1912-01012,NAME:RECLIID,1,co_membership,L1912-00154
L1912-01506,NAME:ALI BNCH I IAMBA,1,co_membership,L1912-00154
L1912-01506,NAME:AMOR BOUHAGEB,1,co_membership,L1912-00154
L1912-01506,NAME:AZIZ HAYOUNNI,1,co_membership,L1912-00154
L1912-01506,NAME:CHADLI OKBI,1,co_membership,L1912-00154
L1912-01506,NAME:HADI TAHAR,1,co_membership,L1912-00154
L1912-01506,NAME:KLIAIRAILAH,1,co_membership,L1912-00154
L1912-01506,NAME:MOHAMED,1,co_membership,L1912-00154
L1912-01506,NAME:MOHAMED BACLI HAMBA,1,co_membership,L1912-00154
L1912-01506,NAME:MOHAMED CHABINI,1,co_membership,L1912-00154
L1912-01506,NAME:RECLIID,1,co_membership,L1912-00154
NAME:ALI BNCH I IAMBA,NAME:AMOR BOUHAGEB,1,co_membership,L1912-00154
NAME:ALI BNCH I IAMBA,NAME:AZIZ HAYOUNNI,1,co_membership,L1912-00154
NAME:ALI BNCH I IAMBA,NAME:CHADLI OKBI,1,co_membership,L1912-00154
NAME:ALI BNCH I IAMBA,NAME:HADI TAHAR,1,co_membership,L1912-00154
NAME:ALI BNCH I IAMBA,NAME:KLIAIRAILAH,1,co_membership,L1912-00154
NAME:ALI BNCH I IAMBA,NAME:MOHAMED,1,co_membership,L1912-00154
NAME:ALI BNCH I IAMBA,NAME:MOHAMED BACLI HAMBA,1,co_membership,L1912-00154
NAME:ALI BNCH I IAMBA,NAME:MOHAMED CHABINI,1,co_membership,L1912-00154
NAME:ALI BNCH I IAMBA,NAME:RECLIID,1,co_membership,L1912-00154
NAME:AMOR BOUHAGEB,NAME:AZIZ HAYOUNNI,1,co_membership,L1912-00154
NAME:AMOR BOUHAGEB,NAME:CHADLI OKBI,1,co_membership,L1912-00154
NAME:AMOR BOUHAGEB,NAME:HADI TAHAR,1,co_membership,L1912-00154
NAME:AMOR BOUHAGEB,NAME:KLIAIRAILAH,1,co_membership,L1912-00154
NAME:AMOR BOUHAGEB,NAME:MOHAMED,1,co_membership,L1912-00154
NAME:AMOR BOUHAGEB,NAME:MOHAMED BACLI HAMBA,1,co_membership,L1912-00154
NAME:AMOR BOUHAGEB,NAME:MOHAMED CHABINI,1,co_membership,L1912-00154
NAME:AMOR BOUHAGEB,NAME:RECLIID,1,co_membership,L1912-00154
NAME:AZIZ HAYOUNNI,NAME:CHADLI OKBI,1,co_membership,L1912-00154
NAME:AZIZ HAYOUNNI,NAME:HADI TAHAR,1,co_membership,L1912-00154
NAME:AZIZ HAYOUNNI,NAME:KLIAIRAILAH,1,co_membership,L1912-00154
NAME:AZIZ HAYOUNNI,NAME:MOHAMED,1,co_membership,L1912-00154
NAME:AZIZ HAYOUNNI,NAME:MOHAMED BACLI HAMBA,1,co_membership,L1912-00154
NAME:AZIZ HAYOUNNI,NAME:MOHAMED CHABINI,1,co_membership,L1912-00154
NAME:AZIZ HAYOUNNI,NAME:RECLIID,1,co_membership,L1912-00154
NAME:CHADLI OKBI,NAME:HADI TAHAR,1,co_membership,L1912-00154
NAME:CHADLI OKBI,NAME:KLIAIRAILAH,1,co_membership,L1912-00154
NAME:CHADLI OKBI,NAME:MOHAMED,1,co_membership,L1912-00154
NAME:CHADLI OKBI,NAME:MOHAMED BACLI HAMBA,1,co_membership,L1912-00154
NAME:CHADLI OKBI,NAME:MOHAMED CHABINI,1,co_membership,L1912-00154
NAME:CHADLI OKBI,NAME:RECLIID,1,co_membership,L1912-00154
NAME:HADI TAHAR,NAME:KLIAIRAILAH,1,co_membership,L1912-00154
NAME:HADI TAHAR,NAME:MOHAMED,1,co_membership,L1912-00154
NAME:HADI TAHAR,NAME:MOHAMED BACLI HAMBA,1,co_membership,L1912-00154
NAME:HADI TAHAR,NAME:MOHAMED CHABINI,1,co_membership,L1912-00154
NAME:HADI TAHAR,NAME:RECLIID,1,co_membership,L1912-00154
NAME:KLIAIRAILAH,NAME:MOHAMED,1,co_membership,L1912-00154
NAME:KLIAIRAILAH,NAME:MOHAMED BACLI HAMBA,1,co_membership,L1912-00154
NAME:KLIAIRAILAH,NAME:MOHAMED CHABINI,1,co_membership,L1912-00154
NAME:KLIAIRAILAH,NAME:RECLIID,1,co_membership,L1912-00154
NAME:MOHAMED,NAME:MOHAMED BACLI HAMBA,1,co_membership,L1912-00154
NAME:MOHAMED,NAME:MOHAMED CHABINI,1,co_membership,L1912-00154
NAME:MOHAMED,NAME:RECLIID,1,co_membership,L1912-00154
NAME:MOHAMED BACLI HAMBA,NAME:MOHAMED CHABINI,1,co_membership,L1912-00154
NAME:MOHAMED BACLI HAMBA,NAME:RECLIID,1,co_membership,L1912-00154
NAME:MOHAMED CHABINI,NAME:RECLIID,1,co_membership,L1912-00154
L1912-00524,L1912-01124,1,co_membership,L1912-00155
L1912-00524,NAME:A BOUTET,1,co_membership,L1912-00155
L1912-00524,NAME:CLARY,1,co_membership,L1912-00155
L1912-00524,NAME:F FABRE,1,co_membership,L1912-00155
L1912-00524,NAME:J LECLERC,1,co_membership,L1912-00155
L1912-01124,NAME:A BOUTET,1,co_membership,L1912-00155
L1912-01124,NAME:CLARY,1,co_membership,L1912-00155
L1912-01124,NAME:F FABRE,1,co_membership,L1912-00155
L1912-01124,NAME:J LECLERC,1,co_membership,L1912-00155
NAME:A BOUTET,NAME:CLARY,1,co_membership,L1912-00155
NAME:A BOUTET,NAME:F FABRE,1,co_membership,L1912-00155
NAME:A BOUTET,NAME:J LECLERC,1,co_membership,L1912-00155
NAME:CLARY,NAME:F FABRE,1,co_membership,L1912-00155
NAME:CLARY,NAME:J LECLERC,1,co_membership,L1912-00155
NAME:F FABRE,NAME:J LECLERC,1,co_membership,L1912-00155
NAME:DOUTE,NAME:ROUBAUD,1,co_membership,L1912-00156
NAME:DOUTE,NAME:WALCB,1,co_membership,L1912-00156
NAME:ROUBAUD,NAME:WALCB,1,co_membership,L1912-00156
L1912-01706,NAME:CHARRION,1,co_membership,L1912-00157
L1912-01706,NAME:GILLES,1,co_membership,L1912-00157
L1912-01706,NAME:MESCLOU,1,co_membership,L1912-00157
NAME:CHARRION,NAME:GILLES,1,co_membership,L1912-00157
NAME:CHARRION,NAME:MESCLOU,1,co_membership,L1912-00157
NAME:GILLES,NAME:MESCLOU,1,co_membership,L1912-00157
L1912-01124,L1912-01611,1,co_membership,L1912-00158
L1912-00416,L1912-01313,1,co_membership,L1912-00159
L1912-00416,NAME:BATTESTI,1,co_membership,L1912-00159
L1912-00416,NAME:F J RELIER,1,co_membership,L1912-00159
L1912-00416,NAME:J BONAN,1,co_membership,L1912-00159
L1912-01313,NAME:BATTESTI,1,co_membership,L1912-00159
L1912-01313,NAME:F J RELIER,1,co_membership,L1912-00159
L1912-01313,NAME:J BONAN,1,co_membership,L1912-00159
NAME:BATTESTI,NAME:F J RELIER,1,co_membership,L1912-00159
NAME:BATTESTI,NAME:J BONAN,1,co_membership,L1912-00159
NAME:F J RELIER,NAME:J BONAN,1,co_membership,L1912-00159
L1912-01443,L1912-01594,1,co_membership,L1912-00160
L1912-01443,L1912-01904,1,co_membership,L1912-00160
L1912-01443,NAME:AI HOUETTE,1,co_membership,L1912-00160
L1912-01443,NAME:BARRION,1,co_membership,L1912-00160
L1912-01443,NAME:BOEUF,1,co_membership,L1912-00160
L1912-01443,NAME:CHAUSSE,1,co_membership,L1912-00160
L1912-01443,NAME:DESSANLI,1,co_membership,L1912-00160
L1912-01443,NAME:GREGOIRE,1,co_membership,L1912-00160
L1912-01443,NAME:KLENTZ,1,co_membership,L1912-00160
L1912-01443,NAME:LAMORRE,1,co_membership,L1912-00160
L1912-01443,NAME:PAGANO,1,co_membership,L1912-00160
L1912-01443,NAME:ROY,1,co_membership,L1912-00160
L1912-01443,NAME:SECTION,1,co_membership,L1912-00160
L1912-01594,L1912-01904,1,co_membership,L1912-00160
L1912-01594,NAME:AI HOUETTE,1,co_membership,L1912-00160
L1912-01594,NAME:BARRION,1,co_membership,L1912-00160
L1912-01594,NAME:BOEUF,1,co_membership,L1912-00160
L1912-01594,NAME:CHAUSSE,1,co_membership,L1912-00160
L1912-01594,NAME:DESSANLI,1,co_membership,L1912-00160
L1912-01594,NAME:GREGOIRE,1,co_membership,L1912-00160
L1912-01594,NAME:KLENTZ,1,co_membership,L1912-00160
L1912-01594,NAME:LAMORRE,1,co_membership,L1912-00160
L1912-01594,NAME:PAGANO,1,co_membership,L1912-00160
L1912-01594,NAME:ROY,1,co_membership,L1912-00160
L1912-01594,NAME:SECTION,1,co_membership,L1912-00160
L1912-01904,NAME:AI HOUETTE,1,co_membership,L1912-00160
L1912-01904,NAME:BARRION,1,co_membership,L1912-00160
L1912-01904,NAME:BOEUF,1,co_membership,L1912-00160
L1912-01904,NAME:CHAUSSE,1,co_membership,L1912-00160
L1912-01904,NAME:DESSANLI,1,co_membership,L1912-00160
L1912-01904,NAME:GREGOIRE,1,co_membership,L1912-00160
L1912-01904,NAME:KLENTZ,1,co_membership,L1912-00160
L1912-01904,NAME:LAMORRE,1,co_membership,L1912-00160
L1912-01904,NAME:PAGANO,1,co_membership,L1912-00160
L1912-01904,NAME:ROY,1,co_membership,L1912-00160
L1912-01904,NAME:SECTION,1,co_membership,L1912-00160
NAME:AI HOUETTE,NAME:BARRION,1,co_membership,L1912-00160
NAME:AI HOUETTE,NAME:BOEUF,1,co_membership,L1912-00160
NAME:AI HOUETTE,NAME:CHAUSSE,1,co_membership,L1912-00160
NAME:AI HOUETTE,NAME:DESSANLI,1,co_membership,L1912-00160
NAME:AI HOUETTE,NAME:GREGOIRE,1,co_membership,L1912-00160
NAME:AI HOUETTE,NAME:KLENTZ,1,co_membership,L1912-00160
NAME:AI HOUETTE,NAME:LAMORRE,1,co_membership,L1912-00160
NAME:AI HOUETTE,NAME:PAGANO,1,co_membership,L1912-00160
NAME:AI HOUETTE,NAME:ROY,1,co_membership,L1912-00160
NAME:AI HOUETTE,NAME:SECTION,1,co_membership,L1912-00160
NAME:BARRION,NAME:BOEUF,1,co_membership,L1912-00160
NAME:BARRION,NAME:CHAUSSE,1,co_membership,L1912-00160
NAME:BARRION,NAME:DESSANLI,1,co_membership,L1912-00160
NAME:BARRION,NAME:GREGOIRE,1,co_membership,L1912-00160
NAME:BARRION,NAME:KLENTZ,1,co_membership,L1912-00160
NAME:BARRION,NAME:LAMORRE,1,co_membership,L1912-00160
NAME:BARRION,NAME:PAGANO,1,co_membership,L1912-00160
NAME:BARRION,NAME:ROY,1,co_membership,L1912-00160
NAME:BARRION,NAME:SECTION,1,co_membership,L1912-00160
NAME:BOEUF,NAME:CHAUSSE,1,co_membership,L1912-00160
NAME:BOEUF,NAME:DESSANLI,1,co_membership,L1912-00160
NAME:BOEUF,NAME:GREGOIRE,1,co_membership,L1912-00160
NAME:BOEUF,NAME:KLENTZ,1,co_membership,L1912-00160
NAME:BOEUF,NAME:LAMORRE,1,co_membership,L1912-00160
NAME:BOEUF,NAME:PAGANO,1,co_membership,L1912-00160
NAME:BOEUF,NAME:ROY,1,co_membership,L1912-00160
NAME:BOEUF,NAME:SECTION,1,co_membership,L1912-00160
NAME:CHAUSSE,NAME:DESSANLI,1,co_membership,L1912-00160
NAME:CHAUSSE,NAME:GREGOIRE,1,co_membership,L1912-00160
NAME:CHAUSSE,NAME:KLENTZ,1,co_membership,L1912-00160
NAME:CHAUSSE,NAME:LAMORRE,1,co_membership,L1912-00160
NAME:CHAUSSE,NAME:PAGANO,1,co_membership,L1912-00160
NAME:CHAUSSE,NAME:ROY,1,co_membership,L1912-00160
NAME:CHAUSSE,NAME:SECTION,1,co_membership,L1912-00160
NAME:DESSANLI,NAME:GREGOIRE,1,co_membership,L1912-00160
NAME:DESSANLI,NAME:KLENTZ,1,co_membership,L1912-00160
NAME:DESSANLI,NAME:LAMORRE,1,co_membership,L1912-00160
NAME:DESSANLI,NAME:PAGANO,1,co_membership,L1912-00160
NAME:DESSANLI,NAME:ROY,1,co_membership,L1912-00160
NAME:DESSANLI,NAME:SECTION,1,co_membership,L1912-00160
NAME:GREGOIRE,NAME:KLENTZ,1,co_membership,L1912-00160
NAME:GREGOIRE,NAME:LAMORRE,1,co_membership,L1912-00160
NAME:GREGOIRE,NAME:PAGANO,1,co_membership,L1912-00160
NAME:GREGOIRE,NAME:ROY,1,co_membership,L1912-00160
NAME:GREGOIRE,NAME:SECTION,1,co_membership,L1912-00160
NAME:KLENTZ,NAME:LAMORRE,1,co_membership,L1912-00160
NAME:KLENTZ,NAME:PAGANO,1,co_membership,L1912-00160
NAME:KLENTZ,NAME:ROY,1,co_membership,L1912-00160
NAME:KLENTZ,NAME:SECTION,1,co_membership,L1912-00160
NAME:LAMORRE,NAME:PAGANO,1,co_membership,L1912-00160
NAME:LAMORRE,NAME:ROY,1,co_membership,L1912-00160
NAME:LAMORRE,NAME:SECTION,1,co_membership,L1912-00160
NAME:PAGANO,NAME:ROY,1,co_membership,L1912-00160
NAME:PAGANO,NAME:SECTION,1,co_membership,L1912-00160
NAME:ROY,NAME:SECTION,1,co_membership,L1912-00160
L1912-00098,NAME:ALLIA,1,co_membership,L1912-00161
L1912-00098,NAME:BENEDELLI,1,co_membership,L1912-00161
L1912-00098,NAME:BONURA,1,co_membership,L1912-00161
L1912-00098,NAME:IMPARIALE,1,co_membership,L1912-00161
L1912-00098,NAME:SOCLDU,1,co_membership,L1912-00161
NAME:ALLIA,NAME:BENEDELLI,1,co_membership,L1912-00161
NAME:ALLIA,NAME:BONURA,1,co_membership,L1912-00161
NAME:ALLIA,NAME:IMPARIALE,1,co_membership,L1912-00161
NAME:ALLIA,NAME:SOCLDU,1,co_membership,L1912-00161
NAME:BENEDELLI,NAME:BONURA,1,co_membership,L1912-00161
NAME:BENEDELLI,NAME:IMPARIALE,1,co_membership,L1912-00161
NAME:BENEDELLI,NAME:SOCLDU,1,co_membership,L1912-00161
NAME:BONURA,NAME:IMPARIALE,1,co_membership,L1912-00161
NAME:BONURA,NAME:SOCLDU,1,co_membership,L1912-00161
NAME:IMPARIALE,NAME:SOCLDU,1,co_membership,L1912-00161
L1912-01931,L1912-01994,1,co_membership,L1912-00162
L1912-01931,L1912-02265,1,co_membership,L1912-00162
L1912-01931,NAME:A M,1,co_membership,L1912-00162
L1912-01931,NAME:A NUNEZ,1,co_membership,L1912-00162
L1912-01931,NAME:A RAMELIA,1,co_membership,L1912-00162
L1912-01931,NAME:ALARIO VAIS,1,co_membership,L1912-00162
L1912-01931,NAME:CAPPELLANO,1,co_membership,L1912-00162
L1912-01931,NAME:F BAUSELLI,1,co_membership,L1912-00162
L1912-01931,NAME:MAL A GAGLIARDO,1,co_membership,L1912-00162
L1912-01931,NAME:MAURIZIO LUMBROSO,1,co_membership,L1912-00162
L1912-01931,NAME:P SORIA,1,co_membership,L1912-00162
L1912-01931,NAME:WERLEMBERG,1,co_membership,L1912-00162
L1912-01994,L1912-02265,1,co_membership,L1912-00162
L1912-01994,NAME:A M,1,co_membership,L1912-00162
L1912-01994,NAME:A NUNEZ,1,co_membership,L1912-00162
L1912-01994,NAME:A RAMELIA,1,co_membership,L1912-00162
L1912-01994,NAME:ALARIO VAIS,1,co_membership,L1912-00162
L1912-01994,NAME:CAPPELLANO,1,co_membership,L1912-00162
L1912-01994,NAME:F BAUSELLI,1,co_membership,L1912-00162
L1912-01994,NAME:MAL A GAGLIARDO,1,co_membership,L1912-00162
L1912-01994,NAME:MAURIZIO LUMBROSO,1,co_membership,L1912-00162
L1912-01994,NAME:P SORIA,1,co_membership,L1912-00162
L1912-01994,NAME:WERLEMBERG,1,co_membership,L1912-00162
L1912-02265,NAME:A M,1,co_membership,L1912-00162
L1912-02265,NAME:A NUNEZ,1,co_membership,L1912-00162
L1912-02265,NAME:A RAMELIA,1,co_membership,L1912-00162
L1912-02265,NAME:ALARIO VAIS,1,co_membership,L1912-00162
L1912-02265,NAME:CAPPELLANO,1,co_membership,L1912-00162
L1912-02265,NAME:F BAUSELLI,1,co_membership,L1912-00162
L1912-02265,NAME:MAL A GAGLIARDO,1,co_membership,L1912-00162
L1912-02265,NAME:MAURIZIO LUMBROSO,1,co_membership,L1912-00162
L1912-02265,NAME:P SORIA,1,co_membership,L1912-00162
L1912-02265,NAME:WERLEMBERG,1,co_membership,L1912-00162
NAME:A M,NAME:A NUNEZ,1,co_membership,L1912-00162
NAME:A M,NAME:A RAMELIA,1,co_membership,L1912-00162
NAME:A M,NAME:ALARIO VAIS,1,co_membership,L1912-00162
NAME:A M,NAME:CAPPELLANO,1,co_membership,L1912-00162
NAME:A M,NAME:F BAUSELLI,1,co_membership,L1912-00162
NAME:A M,NAME:MAL A GAGLIARDO,1,co_membership,L1912-00162
NAME:A M,NAME:MAURIZIO LUMBROSO,1,co_membership,L1912-00162
NAME:A M,NAME:P SORIA,1,co_membership,L1912-00162
NAME:A M,NAME:WERLEMBERG,1,co_membership,L1912-00162
NAME:A NUNEZ,NAME:A RAMELIA,1,co_membership,L1912-00162
NAME:A NUNEZ,NAME:ALARIO VAIS,1,co_membership,L1912-00162
NAME:A NUNEZ,NAME:CAPPELLANO,1,co_membership,L1912-00162
NAME:A NUNEZ,NAME:F BAUSELLI,1,co_membership,L1912-00162
NAME:A NUNEZ,NAME:MAL A GAGLIARDO,1,co_membership,L1912-00162
NAME:A NUNEZ,NAME:MAURIZIO LUMBROSO,1,co_membership,L1912-00162
NAME:A NUNEZ,NAME:P SORIA,1,co_membership,L1912-00162
NAME:A NUNEZ,NAME:WERLEMBERG,1,co_membership,L1912-00162
NAME:A RAMELIA,NAME:ALARIO VAIS,1,co_membership,L1912-00162
NAME:A RAMELIA,NAME:CAPPELLANO,1,co_membership,L1912-00162
NAME:A RAMELIA,NAME:F BAUSELLI,1,co_membership,L1912-00162
NAME:A RAMELIA,NAME:MAL A GAGLIARDO,1,co_membership,L1912-00162
NAME:A RAMELIA,NAME:MAURIZIO LUMBROSO,1,co_membership,L1912-00162
NAME:A RAMELIA,NAME:P SORIA,1,co_membership,L1912-00162
NAME:A RAMELIA,NAME:WERLEMBERG,1,co_membership,L1912-00162
NAME:ALARIO VAIS,NAME:CAPPELLANO,1,co_membership,L1912-00162
NAME:ALARIO VAIS,NAME:F BAUSELLI,1,co_membership,L1912-00162
NAME:ALARIO VAIS,NAME:MAL A GAGLIARDO,1,co_membership,L1912-00162
NAME:ALARIO VAIS,NAME:MAURIZIO LUMBROSO,1,co_membership,L1912-00162
NAME:ALARIO VAIS,NAME:P SORIA,1,co_membership,L1912-00162
NAME:ALARIO VAIS,NAME:WERLEMBERG,1,co_membership,L1912-00162
NAME:CAPPELLANO,NAME:F BAUSELLI,1,co_membership,L1912-00162
NAME:CAPPELLANO,NAME:MAL A GAGLIARDO,1,co_membership,L1912-00162
NAME:CAPPELLANO,NAME:MAURIZIO LUMBROSO,1,co_membership,L1912-00162
NAME:CAPPELLANO,NAME:P SORIA,1,co_membership,L1912-00162
NAME:CAPPELLANO,NAME:WERLEMBERG,1,co_membership,L1912-00162
NAME:F BAUSELLI,NAME:MAL A GAGLIARDO,1,co_membership,L1912-00162
NAME:F BAUSELLI,NAME:MAURIZIO LUMBROSO,1,co_membership,L1912-00162
NAME:F BAUSELLI,NAME:P SORIA,1,co_membership,L1912-00162
NAME:F BAUSELLI,NAME:WERLEMBERG,1,co_membership,L1912-00162
NAME:MAL A GAGLIARDO,NAME:MAURIZIO LUMBROSO,1,co_membership,L1912-00162
NAME:MAL A GAGLIARDO,NAME:P SORIA,1,co_membership,L1912-00162
NAME:MAL A GAGLIARDO,NAME:WERLEMBERG,1,co_membership,L1912-00162
NAME:MAURIZIO LUMBROSO,NAME:P SORIA,1,co_membership,L1912-00162
NAME:MAURIZIO LUMBROSO,NAME:WERLEMBERG,1,co_membership,L1912-00162
NAME:P SORIA,NAME:WERLEMBERG,1,co_membership,L1912-00162
L1912-00361,L1912-00768,1,co_membership,L1912-00163
L1912-00361,L1912-00823,1,co_membership,L1912-00163
L1912-00361,NAME:AFILLOU,1,co_membership,L1912-00163
L1912-00361,NAME:CHARLES PIETRA,1,co_membership,L1912-00163
L1912-00361,NAME:EDMOND BOCCARA,1,co_membership,L1912-00163
L1912-00361,NAME:JEAN MOULIN,1,co_membership,L1912-00163
L1912-00361,NAME:VALENSI THEODORE,1,co_membership,L1912-00163
L1912-00768,L1912-00823,1,co_membership,L1912-00163
L1912-00768,NAME:AFILLOU,1,co_membership,L1912-00163
L1912-00768,NAME:CHARLES PIETRA,1,co_membership,L1912-00163
L1912-00768,NAME:EDMOND BOCCARA,1,co_membership,L1912-00163
L1912-00768,NAME:JEAN MOULIN,1,co_membership,L1912-00163
L1912-00768,NAME:VALENSI THEODORE,1,co_membership,L1912-00163
L1912-00823,NAME:AFILLOU,1,co_membership,L1912-00163
L1912-00823,NAME:CHARLES PIETRA,1,co_membership,L1912-00163
L1912-00823,NAME:EDMOND BOCCARA,1,co_membership,L1912-00163
L1912-00823,NAME:JEAN MOULIN,1,co_membership,L1912-00163
L1912-00823,NAME:VALENSI THEODORE,1,co_membership,L1912-00163
NAME:AFILLOU,NAME:CHARLES PIETRA,1,co_membership,L1912-00163
NAME:AFILLOU,NAME:EDMOND BOCCARA,1,co_membership,L1912-00163
NAME:AFILLOU,NAME:JEAN MOULIN,1,co_membership,L1912-00163
NAME:AFILLOU,NAME:VALENSI THEODORE,1,co_membership,L1912-00163
NAME:CHARLES PIETRA,NAME:EDMOND BOCCARA,1,co_membership,L1912-00163
NAME:CHARLES PIETRA,NAME:JEAN MOULIN,1,co_membership,L1912-00163
NAME:CHARLES PIETRA,NAME:VALENSI THEODORE,1,co_membership,L1912-00163
NAME:EDMOND BOCCARA,NAME:JEAN MOULIN,1,co_membership,L1912-00163
NAME:EDMOND BOCCARA,NAME:VALENSI THEODORE,1,co_membership,L1912-00163
NAME:JEAN MOULIN,NAME:VALENSI THEODORE,1,co_membership,L1912-00163
L1912-00174,L1912-00181,1,co_membership,L1912-00164
L1912-00174,L1912-02191,1,co_membership,L1912-00164
L1912-00174,NAME:ANSIDEI,1,co_membership,L1912-00164
L1912-00174,NAME:CARBONNEL,1,co_membership,L1912-00164
L1912-00174,NAME:LEPIDI,1,co_membership,L1912-00164
L1912-00181,L1912-02191,1,co_membership,L1912-00164
L1912-00181,NAME:ANSIDEI,1,co_membership,L1912-00164
L1912-00181,NAME:CARBONNEL,1,co_membership,L1912-00164
L1912-00181,NAME:LEPIDI,1,co_membership,L1912-00164
L1912-02191,NAME:ANSIDEI,1,co_membership,L1912-00164
L1912-02191,NAME:CARBONNEL,1,co_membership,L1912-00164
L1912-02191,NAME:LEPIDI,1,co_membership,L1912-00164
NAME:ANSIDEI,NAME:CARBONNEL,1,co_membership,L1912-00164
NAME:ANSIDEI,NAME:LEPIDI,1,co_membership,L1912-00164
NAME:CARBONNEL,NAME:LEPIDI,1,co_membership,L1912-00164
L1912-00067,L1912-00094,1,co_membership,L1912-00165
L1912-00067,L1912-00460,1,co_membership,L1912-00165
L1912-00067,L1912-01993,1,co_membership,L1912-00165
L1912-00067,L1912-02264,1,co_membership,L1912-00165
L1912-00067,NAME:ERICE MILIANI,1,co_membership,L1912-00165
L1912-00067,NAME:GAETANO BANTI,1,co_membership,L1912-00165
L1912-00067,NAME:LOPINTO,1,co_membership,L1912-00165
L1912-00094,L1912-00460,1,co_membership,L1912-00165
L1912-00094,L1912-01993,1,co_membership,L1912-00165
L1912-00094,L1912-02264,1,co_membership,L1912-00165
L1912-00094,NAME:ERICE MILIANI,1,co_membership,L1912-00165
L1912-00094,NAME:GAETANO BANTI,1,co_membership,L1912-00165
L1912-00094,NAME:LOPINTO,1,co_membership,L1912-00165
L1912-00460,L1912-01993,1,co_membership,L1912-00165
L1912-00460,L1912-02264,1,co_membership,L1912-00165
L1912-00460,NAME:ERICE MILIANI,1,co_membership,L1912-00165
L1912-00460,NAME:GAETANO BANTI,1,co_membership,L1912-00165
L1912-00460,NAME:LOPINTO,1,co_membership,L1912-00165
L1912-01993,L1912-02264,1,co_membership,L1912-00165
L1912-01993,NAME:ERICE MILIANI,1,co_membership,L1912-00165
L1912-01993,NAME:GAETANO BANTI,1,co_membership,L1912-00165
L1912-01993,NAME:LOPINTO,1,co_membership,L1912-00165
L1912-02264,NAME:ERICE MILIANI,1,co_membership,L1912-00165
L1912-02264,NAME:GAETANO BANTI,1,co_membership,L1912-00165
L1912-02264,NAME:LOPINTO,1,co_membership,L1912-00165
NAME:ERICE MILIANI,NAME:GAETANO BANTI,1,co_membership,L1912-00165
NAME:ERICE MILIANI,NAME:LOPINTO,1,co_membership,L1912-00165
NAME:GAETANO BANTI,NAME:LOPINTO,1,co_membership,L1912-00165
L1912-00493,L1912-02263,1,co_membership,L1912-00166
L1912-00493,L1912-02663,1,co_membership,L1912-00166
L1912-00493,NAME:HABIB NESSIM,1,co_membership,L1912-00166
L1912-00493,NAME:LEVY DAVID,1,co_membership,L1912-00166
L1912-00493,NAME:TOUKI ANGE,1,co_membership,L1912-00166
L1912-00493,NAME:VULGARISER,1,co_membership,L1912-00166
L1912-02263,L1912-02663,1,co_membership,L1912-00166
L1912-02263,NAME:HABIB NESSIM,1,co_membership,L1912-00166
L1912-02263,NAME:LEVY DAVID,1,co_membership,L1912-00166
L1912-02263,NAME:TOUKI ANGE,1,co_membership,L1912-00166
L1912-02263,NAME:VULGARISER,1,co_membership,L1912-00166
L1912-02663,NAME:HABIB NESSIM,1,co_membership,L1912-00166
L1912-02663,NAME:LEVY DAVID,1,co_membership,L1912-00166
L1912-02663,NAME:TOUKI ANGE,1,co_membership,L1912-00166
L1912-02663,NAME:VULGARISER,1,co_membership,L1912-00166
NAME:HABIB NESSIM,NAME:LEVY DAVID,1,co_membership,L1912-00166
NAME:HABIB NESSIM,NAME:TOUKI ANGE,1,co_membership,L1912-00166
NAME:HABIB NESSIM,NAME:VULGARISER,1,co_membership,L1912-00166
NAME:LEVY DAVID,NAME:TOUKI ANGE,1,co_membership,L1912-00166
NAME:LEVY DAVID,NAME:VULGARISER,1,co_membership,L1912-00166
NAME:TOUKI ANGE,NAME:VULGARISER,1,co_membership,L1912-00166
L1912-00460,L1912-00477,1,co_membership,L1912-00167
L1912-00460,NAME:ALASI,1,co_membership,L1912-00167
L1912-00460,NAME:PETRUCCI,1,co_membership,L1912-00167
L1912-00477,NAME:ALASI,1,co_membership,L1912-00167
L1912-00477,NAME:PETRUCCI,1,co_membership,L1912-00167
NAME:ALASI,NAME:PETRUCCI,1,co_membership,L1912-00167
L1912-00134,L1912-00961,1,co_membership,L1912-00483
L1912-00134,L1912-02623,1,co_membership,L1912-00483
L1912-00134,NAME:BARTHE,1,co_membership,L1912-00483
L1912-00134,NAME:COUSLURIOU,1,co_membership,L1912-00483
L1912-00134,NAME:DESPEROUX,1,co_membership,L1912-00483
L1912-00134,NAME:DT CADIERGUES,1,co_membership,L1912-00483
L1912-00134,NAME:DUBOURG,1,co_membership,L1912-00483
L1912-00134,NAME:LASSERAND,1,co_membership,L1912-00483
L1912-00134,NAME:SAMARAN,1,co_membership,L1912-00483
L1912-00134,NAME:THUILLIER,1,co_membership,L1912-00483
L1912-00961,L1912-02623,1,co_membership,L1912-00483
L1912-00961,NAME:BARTHE,1,co_membership,L1912-00483
L1912-00961,NAME:COUSLURIOU,1,co_membership,L1912-00483
L1912-00961,NAME:DESPEROUX,1,co_membership,L1912-00483
L1912-00961,NAME:DT CADIERGUES,1,co_membership,L1912-00483
L1912-00961,NAME:DUBOURG,1,co_membership,L1912-00483
L1912-00961,NAME:LASSERAND,1,co_membership,L1912-00483
L1912-00961,NAME:SAMARAN,1,co_membership,L1912-00483
L1912-00961,NAME:THUILLIER,1,co_membership,L1912-00483
L1912-02623,NAME:BARTHE,1,co_membership,L1912-00483
L1912-02623,NAME:COUSLURIOU,1,co_membership,L1912-00483
L1912-02623,NAME:DESPEROUX,1,co_membership,L1912-00483
L1912-02623,NAME:DT CADIERGUES,1,co_membership,L1912-00483
L1912-02623,NAME:DUBOURG,1,co_membership,L1912-00483
L1912-02623,NAME:LASSERAND,1,co_membership,L1912-00483
L1912-02623,NAME:SAMARAN,1,co_membership,L1912-00483
L1912-02623,NAME:THUILLIER,1,co_membership,L1912-00483
NAME:BARTHE,NAME:COUSLURIOU,1,co_membership,L1912-00483
NAME:BARTHE,NAME:DESPEROUX,1,co_membership,L1912-00483
NAME:BARTHE,NAME:DT CADIERGUES,1,co_membership,L1912-00483
NAME:BARTHE,NAME:DUBOURG,1,co_membership,L1912-00483
NAME:BARTHE,NAME:LASSERAND,1,co_membership,L1912-00483
NAME:BARTHE,NAME:SAMARAN,1,co_membership,L1912-00483
NAME:BARTHE,NAME:THUILLIER,1,co_membership,L1912-00483
NAME:COUSLURIOU,NAME:DESPEROUX,1,co_membership,L1912-00483
NAME:COUSLURIOU,NAME:DT CADIERGUES,1,co_membership,L1912-00483
NAME:COUSLURIOU,NAME:DUBOURG,1,co_membership,L1912-00483
NAME:COUSLURIOU,NAME:LASSERAND,1,co_membership,L1912-00483
NAME:COUSLURIOU,NAME:SAMARAN,1,co_membership,L1912-00483
NAME:COUSLURIOU,NAME:THUILLIER,1,co_membership,L1912-00483
NAME:DESPEROUX,NAME:DT CADIERGUES,1,co_membership,L1912-00483
NAME:DESPEROUX,NAME:DUBOURG,1,co_membership,L1912-00483
NAME:DESPEROUX,NAME:LASSERAND,1,co_membership,L1912-00483
NAME:DESPEROUX,NAME:SAMARAN,1,co_membership,L1912-00483
NAME:DESPEROUX,NAME:THUILLIER,1,co_membership,L1912-00483
NAME:DT CADIERGUES,NAME:DUBOURG,1,co_membership,L1912-00483
NAME:DT CADIERGUES,NAME:LASSERAND,1,co_membership,L1912-00483
NAME:DT CADIERGUES,NAME:SAMARAN,1,co_membership,L1912-00483
NAME:DT CADIERGUES,NAME:THUILLIER,1,co_membership,L1912-00483
NAME:DUBOURG,NAME:LASSERAND,1,co_membership,L1912-00483
NAME:DUBOURG,NAME:SAMARAN,1,co_membership,L1912-00483
NAME:DUBOURG,NAME:THUILLIER,1,co_membership,L1912-00483
NAME:LASSERAND,NAME:SAMARAN,1,co_membership,L1912-00483
NAME:LASSERAND,NAME:THUILLIER,1,co_membership,L1912-00483
NAME:SAMARAN,NAME:THUILLIER,1,co_membership,L1912-00483
L1912-01423,L1912-02191,1,co_membership,L1912-00490
L1912-01423,NAME:ALORY,1,co_membership,L1912-00490
L1912-01423,NAME:CASINIERE,1,co_membership,L1912-00490
L1912-01423,NAME:MABILON,1,co_membership,L1912-00490
L1912-01423,NAME:MERCIER,1,co_membership,L1912-00490
L1912-01423,NAME:ROUSSEAUX,1,co_membership,L1912-00490
L1912-01423,NAME:TOUTES,1,co_membership,L1912-00490
L1912-01423,NAME:VACON,1,co_membership,L1912-00490
L1912-01423,NAME:VINVENT,1,co_membership,L1912-00490
L1912-01423,NAME:VOLET,1,co_membership,L1912-00490
L1912-02191,NAME:ALORY,1,co_membership,L1912-00490
L1912-02191,NAME:CASINIERE,1,co_membership,L1912-00490
L1912-02191,NAME:MABILON,1,co_membership,L1912-00490
L1912-02191,NAME:MERCIER,1,co_membership,L1912-00490
L1912-02191,NAME:ROUSSEAUX,1,co_membership,L1912-00490
L1912-02191,NAME:TOUTES,1,co_membership,L1912-00490
L1912-02191,NAME:VACON,1,co_membership,L1912-00490
L1912-02191,NAME:VINVENT,1,co_membership,L1912-00490
L1912-02191,NAME:VOLET,1,co_membership,L1912-00490
NAME:ALORY,NAME:CASINIERE,1,co_membership,L1912-00490
NAME:ALORY,NAME:MABILON,1,co_membership,L1912-00490
NAME:ALORY,NAME:MERCIER,1,co_membership,L1912-00490
NAME:ALORY,NAME:ROUSSEAUX,1,co_membership,L1912-00490
NAME:ALORY,NAME:TOUTES,1,co_membership,L1912-00490
NAME:ALORY,NAME:VACON,1,co_membership,L1912-00490
NAME:ALORY,NAME:VINVENT,1,co_membership,L1912-00490
NAME:ALORY,NAME:VOLET,1,co_membership,L1912-00490
NAME:CASINIERE,NAME:MABILON,1,co_membership,L1912-00490
NAME:CASINIERE,NAME:MERCIER,1,co_membership,L1912-00490
NAME:CASINIERE,NAME:ROUSSEAUX,1,co_membership,L1912-00490
NAME:CASINIERE,NAME:TOUTES,1,co_membership,L1912-00490
NAME:CASINIERE,NAME:VACON,1,co_membership,L1912-00490
NAME:CASINIERE,NAME:VINVENT,1,co_membership,L1912-00490
NAME:CASINIERE,NAME:VOLET,1,co_membership,L1912-00490
NAME:MABILON,NAME:MERCIER,1,co_membership,L1912-00490
NAME:MABILON,NAME:ROUSSEAUX,1,co_membership,L1912-00490
NAME:MABILON,NAME:TOUTES,1,co_membership,L1912-00490
NAME:MABILON,NAME:VACON,1,co_membership,L1912-00490
NAME:MABILON,NAME:VINVENT,1,co_membership,L1912-00490
NAME:MABILON,NAME:VOLET,1,co_membership,L1912-00490
NAME:MERCIER,NAME:ROUSSEAUX,1,co_membership,L1912-00490
NAME:MERCIER,NAME:TOUTES,1,co_membership,L1912-00490
NAME:MERCIER,NAME:VACON,1,co_membership,L1912-00490
NAME:MERCIER,NAME:VINVENT,1,co_membership,L1912-00490
NAME:MERCIER,NAME:VOLET,1,co_membership,L1912-00490
NAME:ROUSSEAUX,NAME:TOUTES,1,co_membership,L1912-00490
NAME:ROUSSEAUX,NAME:VACON,2,co_membership,L1912-00490;L1912-00732
NAME:ROUSSEAUX,NAME:VINVENT,1,co_membership,L1912-00490
NAME:ROUSSEAUX,NAME:VOLET,1,co_membership,L1912-00490
NAME:TOUTES,NAME:VACON,1,co_membership,L1912-00490
NAME:TOUTES,NAME:VINVENT,1,co_membership,L1912-00490
NAME:TOUTES,NAME:VOLET,1,co_membership,L1912-00490
NAME:VACON,NAME:VINVENT,1,co_membership,L1912-00490
NAME:VACON,NAME:VOLET,1,co_membership,L1912-00490
NAME:VINVENT,NAME:VOLET,1,co_membership,L1912-00490
L1912-01291,NAME:AIN EL ASKER,1,co_membership,L1912-00491
L1912-01291,NAME:CHARMETANT,1,co_membership,L1912-00491
NAME:AIN EL ASKER,NAME:CHARMETANT,1,co_membership,L1912-00491
L1912-00067,L1912-00767,1,co_membership,L1912-00548
L1912-00067,L1912-00791,1,co_membership,L1912-00548
L1912-00067,L1912-01593,1,co_membership,L1912-00548
L1912-00067,L1912-01682,1,co_membership,L1912-00548
L1912-00067,NAME:ALBERTINI,1,co_membership,L1912-00548
L1912-00067,NAME:BONETTE,1,co_membership,L1912-00548
L1912-00067,NAME:MAUBE,1,co_membership,L1912-00548
L1912-00767,L1912-00791,1,co_membership,L1912-00548
L1912-00767,L1912-01593,1,co_membership,L1912-00548
L1912-00767,L1912-01682,1,co_membership,L1912-00548
L1912-00767,NAME:ALBERTINI,1,co_membership,L1912-00548
L1912-00767,NAME:BONETTE,1,co_membership,L1912-00548
L1912-00767,NAME:MAUBE,1,co_membership,L1912-00548
L1912-00791,L1912-01593,1,co_membership,L1912-00548
L1912-00791,L1912-01682,1,co_membership,L1912-00548
L1912-00791,NAME:ALBERTINI,1,co_membership,L1912-00548
L1912-00791,NAME:BONETTE,1,co_membership,L1912-00548
L1912-00791,NAME:MAUBE,1,co_membership,L1912-00548
L1912-01593,L1912-01682,1,co_membership,L1912-00548
L1912-01593,NAME:ALBERTINI,1,co_membership,L1912-00548
L1912-01593,NAME:BONETTE,1,co_membership,L1912-00548
L1912-01593,NAME:MAUBE,1,co_membership,L1912-00548
L1912-01682,NAME:ALBERTINI,1,co_membership,L1912-00548
L1912-01682,NAME:BONETTE,1,co_membership,L1912-00548
L1912-01682,NAME:MAUBE,1,co_membership,L1912-00548
NAME:ALBERTINI,NAME:BONETTE,1,co_membership,L1912-00548
NAME:ALBERTINI,NAME:MAUBE,1,co_membership,L1912-00548
NAME:BONETTE,NAME:MAUBE,1,co_membership,L1912-00548
L1912-01171,L1912-01607,1,co_membership,L1912-00550
L1912-01171,NAME:BAIZEAU,1,co_membership,L1912-00550
L1912-01171,NAME:BOISSONNAS,1,co_membership,L1912-00550
L1912-01171,NAME:COMBES,1,co_membership,L1912-00550
L1912-01171,NAME:GEOFL ROY SAINFE J JILAIRE,1,co_membership,L1912-00550
L1912-01607,NAME:BAIZEAU,1,co_membership,L1912-00550
L1912-01607,NAME:BOISSONNAS,1,co_membership,L1912-00550
L1912-01607,NAME:COMBES,1,co_membership,L1912-00550
L1912-01607,NAME:GEOFL ROY SAINFE J JILAIRE,1,co_membership,L1912-00550
NAME:BAIZEAU,NAME:BOISSONNAS,1,co_membership,L1912-00550
NAME:BAIZEAU,NAME:COMBES,1,co_membership,L1912-00550
NAME:BAIZEAU,NAME:GEOFL ROY SAINFE J JILAIRE,1,co_membership,L1912-00550
NAME:BOISSONNAS,NAME:COMBES,1,co_membership,L1912-00550
NAME:BOISSONNAS,NAME:GEOFL ROY SAINFE J JILAIRE,1,co_membership,L1912-00550
NAME:COMBES,NAME:GEOFL ROY SAINFE J JILAIRE,1,co_membership,L1912-00550
L1912-01743,NAME:C DIAEONO,1,co_membership,L1912-00552
L1912-01743,NAME:MOHAMED MUBROUK,1,co_membership,L1912-00552
L1912-01743,NAME:S BARUSH,1,co_membership,L1912-00552
L1912-01743,NAME:SBRANA,1,co_membership,L1912-00552
L1912-01743,NAME:VICTOR SACUTO,1,co_membership,L1912-00552
NAME:C DIAEONO,NAME:MOHAMED MUBROUK,1,co_membership,L1912-00552
NAME:C DIAEONO,NAME:S BARUSH,1,co_membership,L1912-00552
NAME:C DIAEONO,NAME:SBRANA,1,co_membership,L1912-00552
NAME:C DIAEONO,NAME:VICTOR SACUTO,1,co_membership,L1912-00552
NAME:MOHAMED MUBROUK,NAME:S BARUSH,1,co_membership,L1912-00552
NAME:MOHAMED MUBROUK,NAME:SBRANA,1,co_membership,L1912-00552
NAME:MOHAMED MUBROUK,NAME:VICTOR SACUTO,1,co_membership,L1912-00552
NAME:S BARUSH,NAME:SBRANA,1,co_membership,L1912-00552
NAME:S BARUSH,NAME:VICTOR SACUTO,1,co_membership,L1912-00552
NAME:SBRANA,NAME:VICTOR SACUTO,1,co_membership,L1912-00552
L1912-01482,L1912-01702,1,co_membership,L1912-00554
L1912-01482,NAME:V BENSASSON,1,co_membership,L1912-00554
L1912-01702,NAME:V BENSASSON,1,co_membership,L1912-00554
L1912-00424,L1912-01320,1,co_membership,L1912-00556
L1912-00424,L1912-01321,1,co_membership,L1912-00556
L1912-00424,L1912-01391,1,co_membership,L1912-00556
L1912-00424,L1912-01506,1,co_membership,L1912-00556
L1912-00424,L1912-02255,1,co_membership,L1912-00556
L1912-00424,L1912-02708,1,co_membership,L1912-00556
L1912-00424,L1912-02709,1,co_membership,L1912-00556
L1912-00424,NAME:ABDESSELEM ZAOUCHE,1,co_membership,L1912-00556
L1912-00424,NAME:H BOU HADJEB,1,co_membership,L1912-00556
L1912-00424,NAME:HAIOUNI AZIZ,1,co_membership,L1912-00556
L1912-00424,NAME:HASSEN GUELLATY,1,co_membership,L1912-00556
L1912-00424,NAME:ZAOUCHE,1,co_membership,L1912-00556
L1912-01320,L1912-01321,1,co_membership,L1912-00556
L1912-01320,L1912-01391,1,co_membership,L1912-00556
L1912-01320,L1912-01506,1,co_membership,L1912-00556
L1912-01320,L1912-02255,1,co_membership,L1912-00556
L1912-01320,L1912-02708,1,co_membership,L1912-00556
L1912-01320,L1912-02709,1,co_membership,L1912-00556
L1912-01320,NAME:ABDESSELEM ZAOUCHE,1,co_membership,L1912-00556
L1912-01320,NAME:H BOU HADJEB,1,co_membership,L1912-00556
L1912-01320,NAME:HAIOUNI AZIZ,1,co_membership,L1912-00556
L1912-01320,NAME:HASSEN GUELLATY,1,co_membership,L1912-00556
L1912-01320,NAME:ZAOUCHE,1,co_membership,L1912-00556
L1912-01321,L1912-01391,1,co_membership,L1912-00556
L1912-01321,L1912-01506,1,co_membership,L1912-00556
L1912-01321,L1912-02255,1,co_membership,L1912-00556
L1912-01321,L1912-02708,1,co_membership,L1912-00556
L1912-01321,L1912-02709,1,co_membership,L1912-00556
L1912-01321,NAME:ABDESSELEM ZAOUCHE,1,co_membership,L1912-00556
L1912-01321,NAME:H BOU HADJEB,1,co_membership,L1912-00556
L1912-01321,NAME:HAIOUNI AZIZ,1,co_membership,L1912-00556
L1912-01321,NAME:HASSEN GUELLATY,1,co_membership,L1912-00556
L1912-01321,NAME:ZAOUCHE,1,co_membership,L1912-00556
L1912-01391,L1912-01506,1,co_membership,L1912-00556
L1912-01391,L1912-02255,1,co_membership,L1912-00556
L1912-01391,L1912-02708,1,co_membership,L1912-00556
L1912-01391,L1912-02709,1,co_membership,L1912-00556
L1912-01391,NAME:ABDESSELEM ZAOUCHE,1,co_membership,L1912-00556
L1912-01391,NAME:H BOU HADJEB,1,co_membership,L1912-00556
L1912-01391,NAME:HAIOUNI AZIZ,1,co_membership,L1912-00556
L1912-01391,NAME:HASSEN GUELLATY,1,co_membership,L1912-00556
L1912-01391,NAME:ZAOUCHE,1,co_membership,L1912-00556
L1912-01506,L1912-02255,1,co_membership,L1912-00556
L1912-01506,L1912-02708,1,co_membership,L1912-00556
L1912-01506,L1912-02709,1,co_membership,L1912-00556
L1912-01506,NAME:ABDESSELEM ZAOUCHE,1,co_membership,L1912-00556
L1912-01506,NAME:H BOU HADJEB,1,co_membership,L1912-00556
L1912-01506,NAME:HAIOUNI AZIZ,1,co_membership,L1912-00556
L1912-01506,NAME:HASSEN GUELLATY,1,co_membership,L1912-00556
L1912-01506,NAME:ZAOUCHE,1,co_membership,L1912-00556
L1912-02255,L1912-02708,1,co_membership,L1912-00556
L1912-02255,L1912-02709,1,co_membership,L1912-00556
L1912-02255,NAME:ABDESSELEM ZAOUCHE,1,co_membership,L1912-00556
L1912-02255,NAME:H BOU HADJEB,1,co_membership,L1912-00556
L1912-02255,NAME:HAIOUNI AZIZ,1,co_membership,L1912-00556
L1912-02255,NAME:HASSEN GUELLATY,1,co_membership,L1912-00556
L1912-02255,NAME:ZAOUCHE,1,co_membership,L1912-00556
L1912-02708,L1912-02709,1,co_membership,L1912-00556
L1912-02708,NAME:ABDESSELEM ZAOUCHE,1,co_membership,L1912-00556
L1912-02708,NAME:H BOU HADJEB,1,co_membership,L1912-00556
L1912-02708,NAME:HAIOUNI AZIZ,1,co_membership,L1912-00556
L1912-02708,NAME:HASSEN GUELLATY,1,co_membership,L1912-00556
L1912-02708,NAME:ZAOUCHE,1,co_membership,L1912-00556
L1912-02709,NAME:ABDESSELEM ZAOUCHE,1,co_membership,L1912-00556
L1912-02709,NAME:H BOU HADJEB,1,co_membership,L1912-00556
L1912-02709,NAME:HAIOUNI AZIZ,1,co_membership,L1912-00556
L1912-02709,NAME:HASSEN GUELLATY,1,co_membership,L1912-00556
L1912-02709,NAME:ZAOUCHE,1,co_membership,L1912-00556
NAME:ABDESSELEM ZAOUCHE,NAME:H BOU HADJEB,1,co_membership,L1912-00556
NAME:ABDESSELEM ZAOUCHE,NAME:HAIOUNI AZIZ,1,co_membership,L1912-00556
NAME:ABDESSELEM ZAOUCHE,NAME:HASSEN GUELLATY,1,co_membership,L1912-00556
NAME:ABDESSELEM ZAOUCHE,NAME:ZAOUCHE,1,co_membership,L1912-00556
NAME:H BOU HADJEB,NAME:HAIOUNI AZIZ,1,co_membership,L1912-00556
NAME:H BOU HADJEB,NAME:HASSEN GUELLATY,1,co_membership,L1912-00556
NAME:H BOU HADJEB,NAME:ZAOUCHE,1,co_membership,L1912-00556
NAME:HAIOUNI AZIZ,NAME:HASSEN GUELLATY,1,co_membership,L1912-00556
NAME:HAIOUNI AZIZ,NAME:ZAOUCHE,1,co_membership,L1912-00556
NAME:HASSEN GUELLATY,NAME:ZAOUCHE,1,co_membership,L1912-00556
L1912-02398,NAME:J ATTAL,1,co_membership,L1912-00557
L1912-00106,L1912-00521,1,co_membership,L1912-00578
L1912-00106,L1912-02020,1,co_membership,L1912-00578
L1912-00106,L1912-02102,1,co_membership,L1912-00578
L1912-00106,L1912-02443,1,co_membership,L1912-00578
L1912-00106,NAME:JEAN MARIE TERRAS,1,co_membership,L1912-00578
L1912-00106,NAME:MACTAR,1,co_membership,L1912-00578
L1912-00106,NAME:TROUCHE,1,co_membership,L1912-00578
L1912-00106,NAME:TRUELLE,1,co_membership,L1912-00578
L1912-00521,L1912-02020,1,co_membership,L1912-00578
L1912-00521,L1912-02102,2,co_membership,L1912-00578;L1912-00721
L1912-00521,L1912-02443,1,co_membership,L1912-00578
L1912-00521,NAME:JEAN MARIE TERRAS,1,co_membership,L1912-00578
L1912-00521,NAME:MACTAR,1,co_membership,L1912-00578
L1912-00521,NAME:TROUCHE,1,co_membership,L1912-00578
L1912-00521,NAME:TRUELLE,1,co_membership,L1912-00578
L1912-02020,L1912-02102,1,co_membership,L1912-00578
L1912-02020,L1912-02443,1,co_membership,L1912-00578
L1912-02020,NAME:JEAN MARIE TERRAS,1,co_membership,L1912-00578
L1912-02020,NAME:MACTAR,1,co_membership,L1912-00578
L1912-02020,NAME:TROUCHE,1,co_membership,L1912-00578
L1912-02020,NAME:TRUELLE,1,co_membership,L1912-00578
L1912-02102,L1912-02443,1,co_membership,L1912-00578
L1912-02102,NAME:JEAN MARIE TERRAS,1,co_membership,L1912-00578
L1912-02102,NAME:MACTAR,1,co_membership,L1912-00578
L1912-02102,NAME:TROUCHE,1,co_membership,L1912-00578
L1912-02102,NAME:TRUELLE,1,co_membership,L1912-00578
L1912-02443,NAME:JEAN MARIE TERRAS,1,co_membership,L1912-00578
L1912-02443,NAME:MACTAR,1,co_membership,L1912-00578
L1912-02443,NAME:TROUCHE,1,co_membership,L1912-00578
L1912-02443,NAME:TRUELLE,1,co_membership,L1912-00578
NAME:JEAN MARIE TERRAS,NAME:MACTAR,1,co_membership,L1912-00578
NAME:JEAN MARIE TERRAS,NAME:TROUCHE,1,co_membership,L1912-00578
NAME:JEAN MARIE TERRAS,NAME:TRUELLE,1,co_membership,L1912-00578
NAME:MACTAR,NAME:TROUCHE,1,co_membership,L1912-00578
NAME:MACTAR,NAME:TRUELLE,1,co_membership,L1912-00578
NAME:TROUCHE,NAME:TRUELLE,1,co_membership,L1912-00578
L1912-00478,L1912-01451,1,co_membership,L1912-00580
L1912-00478,L1912-01795,1,co_membership,L1912-00580
L1912-00478,L1912-02258,1,co_membership,L1912-00580
L1912-00478,L1912-02500,1,co_membership,L1912-00580
L1912-00478,L1912-02741,1,co_membership,L1912-00580
L1912-00478,NAME:E AZUELOS,1,co_membership,L1912-00580
L1912-00478,NAME:E LICARI,1,co_membership,L1912-00580
L1912-00478,NAME:E NANI,1,co_membership,L1912-00580
L1912-00478,NAME:S XUEREB,1,co_membership,L1912-00580
L1912-01451,L1912-01795,1,co_membership,L1912-00580
L1912-01451,L1912-02258,1,co_membership,L1912-00580
L1912-01451,L1912-02500,1,co_membership,L1912-00580
L1912-01451,L1912-02741,1,co_membership,L1912-00580
L1912-01451,NAME:E AZUELOS,1,co_membership,L1912-00580
L1912-01451,NAME:E LICARI,1,co_membership,L1912-00580
L1912-01451,NAME:E NANI,1,co_membership,L1912-00580
L1912-01451,NAME:S XUEREB,1,co_membership,L1912-00580
L1912-01795,L1912-02258,1,co_membership,L1912-00580
L1912-01795,L1912-02500,1,co_membership,L1912-00580
L1912-01795,L1912-02741,1,co_membership,L1912-00580
L1912-01795,NAME:E AZUELOS,1,co_membership,L1912-00580
L1912-01795,NAME:E LICARI,1,co_membership,L1912-00580
L1912-01795,NAME:E NANI,1,co_membership,L1912-00580
L1912-01795,NAME:S XUEREB,1,co_membership,L1912-00580
L1912-02258,L1912-02500,1,co_membership,L1912-00580
L1912-02258,L1912-02741,1,co_membership,L1912-00580
L1912-02258,NAME:E AZUELOS,1,co_membership,L1912-00580
L1912-02258,NAME:E LICARI,1,co_membership,L1912-00580
L1912-02258,NAME:E NANI,1,co_membership,L1912-00580
L1912-02258,NAME:S XUEREB,1,co_membership,L1912-00580
L1912-02500,L1912-02741,1,co_membership,L1912-00580
L1912-02500,NAME:E AZUELOS,1,co_membership,L1912-00580
L1912-02500,NAME:E LICARI,1,co_membership,L1912-00580
L1912-02500,NAME:E NANI,1,co_membership,L1912-00580
L1912-02500,NAME:S XUEREB,1,co_membership,L1912-00580
L1912-02741,NAME:E AZUELOS,1,co_membership,L1912-00580
L1912-02741,NAME:E LICARI,1,co_membership,L1912-00580
L1912-02741,NAME:E NANI,1,co_membership,L1912-00580
L1912-02741,NAME:S XUEREB,1,co_membership,L1912-00580
NAME:E AZUELOS,NAME:E LICARI,1,co_membership,L1912-00580
NAME:E AZUELOS,NAME:E NANI,1,co_membership,L1912-00580
NAME:E AZUELOS,NAME:S XUEREB,1,co_membership,L1912-00580
NAME:E LICARI,NAME:E NANI,1,co_membership,L1912-00580
NAME:E LICARI,NAME:S XUEREB,1,co_membership,L1912-00580
NAME:E NANI,NAME:S XUEREB,1,co_membership,L1912-00580
L1912-00172,L1912-01837,1,co_membership,L1912-00581
L1912-00172,NAME:ANE,1,co_membership,L1912-00581
L1912-00172,NAME:CONSUL,1,co_membership,L1912-00581
L1912-00172,NAME:LUIGI REY,1,co_membership,L1912-00581
L1912-00172,NAME:S CANINO,1,co_membership,L1912-00581
L1912-00172,NAME:V BOCCARA,1,co_membership,L1912-00581
L1912-01837,NAME:ANE,1,co_membership,L1912-00581
L1912-01837,NAME:CONSUL,1,co_membership,L1912-00581
L1912-01837,NAME:LUIGI REY,1,co_membership,L1912-00581
L1912-01837,NAME:S CANINO,1,co_membership,L1912-00581
L1912-01837,NAME:V BOCCARA,1,co_membership,L1912-00581
NAME:ANE,NAME:CONSUL,1,co_membership,L1912-00581
NAME:ANE,NAME:LUIGI REY,1,co_membership,L1912-00581
NAME:ANE,NAME:S CANINO,1,co_membership,L1912-00581
NAME:ANE,NAME:V BOCCARA,1,co_membership,L1912-00581
NAME:CONSUL,NAME:LUIGI REY,1,co_membership,L1912-00581
NAME:CONSUL,NAME:S CANINO,1,co_membership,L1912-00581
NAME:CONSUL,NAME:V BOCCARA,1,co_membership,L1912-00581
NAME:LUIGI REY,NAME:S CANINO,1,co_membership,L1912-00581
NAME:LUIGI REY,NAME:V BOCCARA,1,co_membership,L1912-00581
NAME:S CANINO,NAME:V BOCCARA,1,co_membership,L1912-00581
L1912-00228,L1912-00273,1,co_membership,L1912-00582
L1912-00228,L1912-00274,1,co_membership,L1912-00582
L1912-00228,L1912-00741,1,co_membership,L1912-00582
L1912-00228,L1912-00765,1,co_membership,L1912-00582
L1912-00228,L1912-00824,1,co_membership,L1912-00582
L1912-00228,L1912-00929,1,co_membership,L1912-00582
L1912-00228,L1912-01429,1,co_membership,L1912-00582
L1912-00228,L1912-02019,1,co_membership,L1912-00582
L1912-00228,L1912-02649,1,co_membership,L1912-00582
L1912-00273,L1912-00274,1,co_membership,L1912-00582
L1912-00273,L1912-00741,1,co_membership,L1912-00582
L1912-00273,L1912-00765,1,co_membership,L1912-00582
L1912-00273,L1912-00824,1,co_membership,L1912-00582
L1912-00273,L1912-00929,1,co_membership,L1912-00582
L1912-00273,L1912-01429,1,co_membership,L1912-00582
L1912-00273,L1912-02019,1,co_membership,L1912-00582
L1912-00273,L1912-02649,1,co_membership,L1912-00582
L1912-00274,L1912-00741,1,co_membership,L1912-00582
L1912-00274,L1912-00765,1,co_membership,L1912-00582
L1912-00274,L1912-00824,1,co_membership,L1912-00582
L1912-00274,L1912-00929,1,co_membership,L1912-00582
L1912-00274,L1912-01429,1,co_membership,L1912-00582
L1912-00274,L1912-02019,1,co_membership,L1912-00582
L1912-00274,L1912-02649,1,co_membership,L1912-00582
L1912-00741,L1912-00765,1,co_membership,L1912-00582
L1912-00741,L1912-00824,1,co_membership,L1912-00582
L1912-00741,L1912-00929,1,co_membership,L1912-00582
L1912-00741,L1912-01429,1,co_membership,L1912-00582
L1912-00741,L1912-02019,1,co_membership,L1912-00582
L1912-00741,L1912-02649,1,co_membership,L1912-00582
L1912-00765,L1912-00824,1,co_membership,L1912-00582
L1912-00765,L1912-00929,1,co_membership,L1912-00582
L1912-00765,L1912-01429,1,co_membership,L1912-00582
L1912-00765,L1912-02019,1,co_membership,L1912-00582
L1912-00765,L1912-02649,1,co_membership,L1912-00582
L1912-00824,L1912-00929,1,co_membership,L1912-00582
L1912-00824,L1912-01429,1,co_membership,L1912-00582
L1912-00824,L1912-02019,1,co_membership,L1912-00582
L1912-00824,L1912-02649,1,co_membership,L1912-00582
L1912-00929,L1912-01429,1,co_membership,L1912-00582
L1912-00929,L1912-02019,1,co_membership,L1912-00582
L1912-00929,L1912-02649,1,co_membership,L1912-00582
L1912-01429,L1912-02019,1,co_membership,L1912-00582
L1912-01429,L1912-02649,1,co_membership,L1912-00582
L1912-02019,L1912-02649,1,co_membership,L1912-00582
L1912-00404,L1912-00507,1,co_membership,L1912-00583
L1912-00404,L1912-00976,1,co_membership,L1912-00583
L1912-00404,L1912-01579,1,co_membership,L1912-00583
L1912-00404,L1912-01726,1,co_membership,L1912-00583
L1912-00404,L1912-01847,1,co_membership,L1912-00583
L1912-00404,L1912-01896,1,co_membership,L1912-00583
L1912-00404,L1912-02155,1,co_membership,L1912-00583
L1912-00404,L1912-02182,1,co_membership,L1912-00583
L1912-00404,L1912-02191,1,co_membership,L1912-00583
L1912-00404,NAME:CHAMBRES,1,co_membership,L1912-00583
L1912-00404,NAME:DEMANGE,1,co_membership,L1912-00583
L1912-00404,NAME:EPINAL,1,co_membership,L1912-00583
L1912-00404,NAME:GRUNIG,1,co_membership,L1912-00583
L1912-00404,NAME:KAIROUAN,1,co_membership,L1912-00583
L1912-00404,NAME:LEFRONF,1,co_membership,L1912-00583
L1912-00404,NAME:TLIALA,1,co_membership,L1912-00583
L1912-00507,L1912-00976,1,co_membership,L1912-00583
L1912-00507,L1912-01579,1,co_membership,L1912-00583
L1912-00507,L1912-01726,1,co_membership,L1912-00583
L1912-00507,L1912-01847,1,co_membership,L1912-00583
L1912-00507,L1912-01896,1,co_membership,L1912-00583
L1912-00507,L1912-02155,1,co_membership,L1912-00583
L1912-00507,L1912-02182,1,co_membership,L1912-00583
L1912-00507,L1912-02191,1,co_membership,L1912-00583
L1912-00507,NAME:CHAMBRES,1,co_membership,L1912-00583
L1912-00507,NAME:DEMANGE,1,co_membership,L1912-00583
L1912-00507,NAME:EPINAL,1,co_membership,L1912-00583
L1912-00507,NAME:GRUNIG,1,co_membership,L1912-00583
L1912-00507,NAME:KAIROUAN,1,co_membership,L1912-00583
L1912-00507,NAME:LEFRONF,1,co_membership,L1912-00583
L1912-00507,NAME:TLIALA,1,co_membership,L1912-00583
L1912-00976,L1912-01579,1,co_membership,L1912-00583
L1912-00976,L1912-01726,1,co_membership,L1912-00583
L1912-00976,L1912-01847,1,co_membership,L1912-00583
L1912-00976,L1912-01896,1,co_membership,L1912-00583
L1912-00976,L1912-02155,1,co_membership,L1912-00583
L1912-00976,L1912-02182,1,co_membership,L1912-00583
L1912-00976,L1912-02191,1,co_membership,L1912-00583
L1912-00976,NAME:CHAMBRES,1,co_membership,L1912-00583
L1912-00976,NAME:DEMANGE,1,co_membership,L1912-00583
L1912-00976,NAME:EPINAL,1,co_membership,L1912-00583
L1912-00976,NAME:GRUNIG,1,co_membership,L1912-00583
L1912-00976,NAME:KAIROUAN,1,co_membership,L1912-00583
L1912-00976,NAME:LEFRONF,1,co_membership,L1912-00583
L1912-00976,NAME:TLIALA,1,co_membership,L1912-00583
L1912-01579,L1912-01726,1,co_membership,L1912-00583
L1912-01579,L1912-01847,1,co_membership,L1912-00583
L1912-01579,L1912-01896,1,co_membership,L1912-00583
L1912-01579,L1912-02155,1,co_membership,L1912-00583
L1912-01579,L1912-02182,1,co_membership,L1912-00583
L1912-01579,L1912-02191,1,co_membership,L1912-00583
L1912-01579,NAME:CHAMBRES,1,co_membership,L1912-00583
L1912-01579,NAME:DEMANGE,1,co_membership,L1912-00583
L1912-01579,NAME:EPINAL,1,co_membership,L1912-00583
L1912-01579,NAME:GRUNIG,1,co_membership,L1912-00583
L1912-01579,NAME:KAIROUAN,1,co_membership,L1912-00583
L1912-01579,NAME:LEFRONF,1,co_membership,L1912-00583
L1912-01579,NAME:TLIALA,1,co_membership,L1912-00583
L1912-01726,L1912-01847,1,co_membership,L1912-00583
L1912-01726,L1912-01896,1,co_membership,L1912-00583
L1912-01726,L1912-02155,1,co_membership,L1912-00583
L1912-01726,L1912-02182,1,co_membership,L1912-00583
L1912-01726,L1912-02191,1,co_membership,L1912-00583
L1912-01726,NAME:CHAMBRES,1,co_membership,L1912-00583
L1912-01726,NAME:DEMANGE,1,co_membership,L1912-00583
L1912-01726,NAME:EPINAL,1,co_membership,L1912-00583
L1912-01726,NAME:GRUNIG,1,co_membership,L1912-00583
L1912-01726,NAME:KAIROUAN,1,co_membership,L1912-00583
L1912-01726,NAME:LEFRONF,1,co_membership,L1912-00583
L1912-01726,NAME:TLIALA,1,co_membership,L1912-00583
L1912-01847,L1912-01896,1,co_membership,L1912-00583
L1912-01847,L1912-02155,1,co_membership,L1912-00583
L1912-01847,L1912-02182,1,co_membership,L1912-00583
L1912-01847,L1912-02191,1,co_membership,L1912-00583
L1912-01847,NAME:CHAMBRES,1,co_membership,L1912-00583
L1912-01847,NAME:DEMANGE,1,co_membership,L1912-00583
L1912-01847,NAME:EPINAL,1,co_membership,L1912-00583
L1912-01847,NAME:GRUNIG,1,co_membership,L1912-00583
L1912-01847,NAME:KAIROUAN,1,co_membership,L1912-00583
L1912-01847,NAME:LEFRONF,1,co_membership,L1912-00583
L1912-01847,NAME:TLIALA,1,co_membership,L1912-00583
L1912-01896,L1912-02155,1,co_membership,L1912-00583
L1912-01896,L1912-02182,1,co_membership,L1912-00583
L1912-01896,L1912-02191,1,co_membership,L1912-00583
L1912-01896,NAME:CHAMBRES,1,co_membership,L1912-00583
L1912-01896,NAME:DEMANGE,1,co_membership,L1912-00583
L1912-01896,NAME:EPINAL,1,co_membership,L1912-00583
L1912-01896,NAME:GRUNIG,1,co_membership,L1912-00583
L1912-01896,NAME:KAIROUAN,1,co_membership,L1912-00583
L1912-01896,NAME:LEFRONF,1,co_membership,L1912-00583
L1912-01896,NAME:TLIALA,1,co_membership,L1912-00583
L1912-02155,L1912-02182,1,co_membership,L1912-00583
L1912-02155,L1912-02191,1,co_membership,L1912-00583
L1912-02155,NAME:CHAMBRES,1,co_membership,L1912-00583
L1912-02155,NAME:DEMANGE,1,co_membership,L1912-00583
L1912-02155,NAME:EPINAL,1,co_membership,L1912-00583
L1912-02155,NAME:GRUNIG,1,co_membership,L1912-00583
L1912-02155,NAME:KAIROUAN,1,co_membership,L1912-00583
L1912-02155,NAME:LEFRONF,1,co_membership,L1912-00583
L1912-02155,NAME:TLIALA,1,co_membership,L1912-00583
L1912-02182,L1912-02191,1,co_membership,L1912-00583
L1912-02182,NAME:CHAMBRES,1,co_membership,L1912-00583
L1912-02182,NAME:DEMANGE,1,co_membership,L1912-00583
L1912-02182,NAME:EPINAL,1,co_membership,L1912-00583
L1912-02182,NAME:GRUNIG,1,co_membership,L1912-00583
L1912-02182,NAME:KAIROUAN,1,co_membership,L1912-00583
L1912-02182,NAME:LEFRONF,1,co_membership,L1912-00583
L1912-02182,NAME:TLIALA,1,co_membership,L1912-00583
L1912-02191,NAME:CHAMBRES,1,co_membership,L1912-00583
L1912-02191,NAME:DEMANGE,1,co_membership,L1912-00583
L1912-02191,NAME:EPINAL,1,co_membership,L1912-00583
L1912-02191,NAME:GRUNIG,1,co_membership,L1912-00583
L1912-02191,NAME:KAIROUAN,1,co_membership,L1912-00583
L1912-02191,NAME:LEFRONF,1,co_membership,L1912-00583
L1912-02191,NAME:TLIALA,1,co_membership,L1912-00583
NAME:CHAMBRES,NAME:DEMANGE,1,co_membership,L1912-00583
NAME:CHAMBRES,NAME:EPINAL,1,co_membership,L1912-00583
NAME:CHAMBRES,NAME:GRUNIG,1,co_membership,L1912-00583
NAME:CHAMBRES,NAME:KAIROUAN,1,co_membership,L1912-00583
NAME:CHAMBRES,NAME:LEFRONF,1,co_membership,L1912-00583
NAME:CHAMBRES,NAME:TLIALA,1,co_membership,L1912-00583
NAME:DEMANGE,NAME:EPINAL,1,co_membership,L1912-00583
NAME:DEMANGE,NAME:GRUNIG,1,co_membership,L1912-00583
NAME:DEMANGE,NAME:KAIROUAN,1,co_membership,L1912-00583
NAME:DEMANGE,NAME:LEFRONF,1,co_membership,L1912-00583
NAME:DEMANGE,NAME:TLIALA,1,co_membership,L1912-00583
NAME:EPINAL,NAME:GRUNIG,1,co_membership,L1912-00583
NAME:EPINAL,NAME:KAIROUAN,1,co_membership,L1912-00583
NAME:EPINAL,NAME:LEFRONF,1,co_membership,L1912-00583
NAME:EPINAL,NAME:TLIALA,1,co_membership,L1912-00583
NAME:GRUNIG,NAME:KAIROUAN,1,co_membership,L1912-00583
NAME:GRUNIG,NAME:LEFRONF,1,co_membership,L1912-00583
NAME:GRUNIG,NAME:TLIALA,1,co_membership,L1912-00583
NAME:KAIROUAN,NAME:LEFRONF,1,co_membership,L1912-00583
NAME:KAIROUAN,NAME:TLIALA,1,co_membership,L1912-00583
NAME:LEFRONF,NAME:TLIALA,1,co_membership,L1912-00583
L1912-00311,L1912-02135,1,co_membership,L1912-00664
L1912-00311,NAME:RAIMBAUD,1,co_membership,L1912-00664
L1912-00311,NAME:VICTOR ROY,1,co_membership,L1912-00664
L1912-02135,NAME:RAIMBAUD,1,co_membership,L1912-00664
L1912-02135,NAME:VICTOR ROY,1,co_membership,L1912-00664
NAME:RAIMBAUD,NAME:VICTOR ROY,1,co_membership,L1912-00664
L1912-00524,NAME:P EZON,1,co_membership,L1912-00686
L1912-00524,NAME:ROY,1,co_membership,L1912-00686
NAME:P EZON,NAME:ROY,1,co_membership,L1912-00686
L1912-00342,L1912-00969,1,co_membership,L1912-00687
L1912-00342,NAME:FEDERATION,1,co_membership,L1912-00687
L1912-00342,NAME:LOUIS THOMAS,1,co_membership,L1912-00687
L1912-00969,NAME:FEDERATION,1,co_membership,L1912-00687
L1912-00969,NAME:LOUIS THOMAS,1,co_membership,L1912-00687
NAME:FEDERATION,NAME:LOUIS THOMAS,1,co_membership,L1912-00687
L1912-00172,L1912-00240,1,co_membership,L1912-00689
L1912-00172,L1912-01165,1,co_membership,L1912-00689
L1912-00172,L1912-01171,1,co_membership,L1912-00689
L1912-00172,L1912-01325,1,co_membership,L1912-00689
L1912-00172,L1912-01343,1,co_membership,L1912-00689
L1912-00172,L1912-02685,1,co_membership,L1912-00689
L1912-00172,NAME:A BUSSULIL,1,co_membership,L1912-00689
L1912-00172,NAME:B COUIFEAS,1,co_membership,L1912-00689
L1912-00172,NAME:BARRION,1,co_membership,L1912-00689
L1912-00172,NAME:BERTHIER,1,co_membership,L1912-00689
L1912-00172,NAME:C FABBRI,1,co_membership,L1912-00689
L1912-00172,NAME:J M TERRAS,1,co_membership,L1912-00689
L1912-00172,NAME:LANDON,1,co_membership,L1912-00689
L1912-00172,NAME:LECORE CARPENTIER,1,co_membership,L1912-00689
L1912-00172,NAME:LEIRANSKI,1,co_membership,L1912-00689
L1912-00172,NAME:PROUST,1,co_membership,L1912-00689
L1912-00240,L1912-01165,1,co_membership,L1912-00689
L1912-00240,L1912-01171,1,co_membership,L1912-00689
L1912-00240,L1912-01325,1,co_membership,L1912-00689
L1912-00240,L1912-01343,1,co_membership,L1912-00689
L1912-00240,L1912-02685,1,co_membership,L1912-00689
L1912-00240,NAME:A BUSSULIL,1,co_membership,L1912-00689
L1912-00240,NAME:B COUIFEAS,1,co_membership,L1912-00689
L1912-00240,NAME:BARRION,1,co_membership,L1912-00689
L1912-00240,NAME:BERTHIER,1,co_membership,L1912-00689
L1912-00240,NAME:C FABBRI,1,co_membership,L1912-00689
L1912-00240,NAME:J M TERRAS,1,co_membership,L1912-00689
L1912-00240,NAME:LANDON,1,co_membership,L1912-00689
L1912-00240,NAME:LECORE CARPENTIER,1,co_membership,L1912-00689
L1912-00240,NAME:LEIRANSKI,1,co_membership,L1912-00689
L1912-00240,NAME:PROUST,1,co_membership,L1912-00689
L1912-01165,L1912-01171,1,co_membership,L1912-00689
L1912-01165,L1912-01325,1,co_membership,L1912-00689
L1912-01165,L1912-01343,1,co_membership,L1912-00689
L1912-01165,L1912-02685,2,co_membership,L1912-00689;L1912-00721
L1912-01165,NAME:A BUSSULIL,1,co_membership,L1912-00689
L1912-01165,NAME:B COUIFEAS,1,co_membership,L1912-00689
L1912-01165,NAME:BARRION,1,co_membership,L1912-00689
L1912-01165,NAME:BERTHIER,1,co_membership,L1912-00689
L1912-01165,NAME:C FABBRI,1,co_membership,L1912-00689
L1912-01165,NAME:J M TERRAS,1,co_membership,L1912-00689
L1912-01165,NAME:LANDON,1,co_membership,L1912-00689
L1912-01165,NAME:LECORE CARPENTIER,1,co_membership,L1912-00689
L1912-01165,NAME:LEIRANSKI,1,co_membership,L1912-00689
L1912-01165,NAME:PROUST,1,co_membership,L1912-00689
L1912-01171,L1912-01325,1,co_membership,L1912-00689
L1912-01171,L1912-01343,1,co_membership,L1912-00689
L1912-01171,L1912-02685,1,co_membership,L1912-00689
L1912-01171,NAME:A BUSSULIL,1,co_membership,L1912-00689
L1912-01171,NAME:B COUIFEAS,1,co_membership,L1912-00689
L1912-01171,NAME:BARRION,1,co_membership,L1912-00689
L1912-01171,NAME:BERTHIER,1,co_membership,L1912-00689
L1912-01171,NAME:C FABBRI,1,co_membership,L1912-00689
L1912-01171,NAME:J M TERRAS,1,co_membership,L1912-00689
L1912-01171,NAME:LANDON,1,co_membership,L1912-00689
L1912-01171,NAME:LECORE CARPENTIER,1,co_membership,L1912-00689
L1912-01171,NAME:LEIRANSKI,1,co_membership,L1912-00689
L1912-01171,NAME:PROUST,1,co_membership,L1912-00689
L1912-01325,L1912-01343,1,co_membership,L1912-00689
L1912-01325,L1912-02685,1,co_membership,L1912-00689
L1912-01325,NAME:A BUSSULIL,1,co_membership,L1912-00689
L1912-01325,NAME:B COUIFEAS,1,co_membership,L1912-00689
L1912-01325,NAME:BARRION,1,co_membership,L1912-00689
L1912-01325,NAME:BERTHIER,1,co_membership,L1912-00689
L1912-01325,NAME:C FABBRI,1,co_membership,L1912-00689
L1912-01325,NAME:J M TERRAS,1,co_membership,L1912-00689
L1912-01325,NAME:LANDON,1,co_membership,L1912-00689
L1912-01325,NAME:LECORE CARPENTIER,1,co_membership,L1912-00689
L1912-01325,NAME:LEIRANSKI,1,co_membership,L1912-00689
L1912-01325,NAME:PROUST,1,co_membership,L1912-00689
L1912-01343,L1912-02685,1,co_membership,L1912-00689
L1912-01343,NAME:A BUSSULIL,1,co_membership,L1912-00689
L1912-01343,NAME:B COUIFEAS,1,co_membership,L1912-00689
L1912-01343,NAME:BARRION,1,co_membership,L1912-00689
L1912-01343,NAME:BERTHIER,1,co_membership,L1912-00689
L1912-01343,NAME:C FABBRI,1,co_membership,L1912-00689
L1912-01343,NAME:J M TERRAS,1,co_membership,L1912-00689
L1912-01343,NAME:LANDON,1,co_membership,L1912-00689
L1912-01343,NAME:LECORE CARPENTIER,1,co_membership,L1912-00689
L1912-01343,NAME:LEIRANSKI,1,co_membership,L1912-00689
L1912-01343,NAME:PROUST,1,co_membership,L1912-00689
L1912-02685,NAME:A BUSSULIL,1,co_membership,L1912-00689
L1912-02685,NAME:B COUIFEAS,1,co_membership,L1912-00689
L1912-02685,NAME:BARRION,1,co_membership,L1912-00689
L1912-02685,NAME:BERTHIER,1,co_membership,L1912-00689
L1912-02685,NAME:C FABBRI,1,co_membership,L1912-00689
L1912-02685,NAME:J M TERRAS,1,co_membership,L1912-00689
L1912-02685,NAME:LANDON,1,co_membership,L1912-00689
L1912-02685,NAME:LECORE CARPENTIER,1,co_membership,L1912-00689
L1912-02685,NAME:LEIRANSKI,1,co_membership,L1912-00689
L1912-02685,NAME:PROUST,1,co_membership,L1912-00689
NAME:A BUSSULIL,NAME:B COUIFEAS,1,co_membership,L1912-00689
NAME:A BUSSULIL,NAME:BARRION,1,co_membership,L1912-00689
NAME:A BUSSULIL,NAME:BERTHIER,1,co_membership,L1912-00689
NAME:A BUSSULIL,NAME:C FABBRI,1,co_membership,L1912-00689
NAME:A BUSSULIL,NAME:J M TERRAS,1,co_membership,L1912-00689
NAME:A BUSSULIL,NAME:LANDON,1,co_membership,L1912-00689
NAME:A BUSSULIL,NAME:LECORE CARPENTIER,1,co_membership,L1912-00689
NAME:A BUSSULIL,NAME:LEIRANSKI,1,co_membership,L1912-00689
NAME:A BUSSULIL,NAME:PROUST,1,co_membership,L1912-00689
NAME:B COUIFEAS,NAME:BARRION,1,co_membership,L1912-00689
NAME:B COUIFEAS,NAME:BERTHIER,1,co_membership,L1912-00689
NAME:B COUIFEAS,NAME:C FABBRI,1,co_membership,L1912-00689
NAME:B COUIFEAS,NAME:J M TERRAS,1,co_membership,L1912-00689
NAME:B COUIFEAS,NAME:LANDON,1,co_membership,L1912-00689
NAME:B COUIFEAS,NAME:LECORE CARPENTIER,1,co_membership,L1912-00689
NAME:B COUIFEAS,NAME:LEIRANSKI,1,co_membership,L1912-00689
NAME:B COUIFEAS,NAME:PROUST,1,co_membership,L1912-00689
NAME:BARRION,NAME:BERTHIER,1,co_membership,L1912-00689
NAME:BARRION,NAME:C FABBRI,1,co_membership,L1912-00689
NAME:BARRION,NAME:J M TERRAS,1,co_membership,L1912-00689
NAME:BARRION,NAME:LANDON,1,co_membership,L1912-00689
NAME:BARRION,NAME:LECORE CARPENTIER,1,co_membership,L1912-00689
NAME:BARRION,NAME:LEIRANSKI,1,co_membership,L1912-00689
NAME:BARRION,NAME:PROUST,1,co_membership,L1912-00689
NAME:BERTHIER,NAME:C FABBRI,1,co_membership,L1912-00689
NAME:BERTHIER,NAME:J M TERRAS,1,co_membership,L1912-00689
NAME:BERTHIER,NAME:LANDON,1,co_membership,L1912-00689
NAME:BERTHIER,NAME:LECORE CARPENTIER,1,co_membership,L1912-00689
NAME:BERTHIER,NAME:LEIRANSKI,1,co_membership,L1912-00689
NAME:BERTHIER,NAME:PROUST,1,co_membership,L1912-00689
NAME:C FABBRI,NAME:J M TERRAS,1,co_membership,L1912-00689
NAME:C FABBRI,NAME:LANDON,1,co_membership,L1912-00689
NAME:C FABBRI,NAME:LECORE CARPENTIER,1,co_membership,L1912-00689
NAME:C FABBRI,NAME:LEIRANSKI,1,co_membership,L1912-00689
NAME:C FABBRI,NAME:PROUST,1,co_membership,L1912-00689
NAME:J M TERRAS,NAME:LANDON,1,co_membership,L1912-00689
NAME:J M TERRAS,NAME:LECORE CARPENTIER,1,co_membership,L1912-00689
NAME:J M TERRAS,NAME:LEIRANSKI,1,co_membership,L1912-00689
NAME:J M TERRAS,NAME:PROUST,1,co_membership,L1912-00689
NAME:LANDON,NAME:LECORE CARPENTIER,1,co_membership,L1912-00689
NAME:LANDON,NAME:LEIRANSKI,1,co_membership,L1912-00689
NAME:LANDON,NAME:PROUST,1,co_membership,L1912-00689
NAME:LECORE CARPENTIER,NAME:LEIRANSKI,1,co_membership,L1912-00689
NAME:LECORE CARPENTIER,NAME:PROUST,1,co_membership,L1912-00689
NAME:LEIRANSKI,NAME:PROUST,1,co_membership,L1912-00689
L1912-02159,L1912-02172,1,co_membership,L1912-00690
L1912-02159,NAME:MAZURKIEWIEZ,1,co_membership,L1912-00690
L1912-02172,NAME:MAZURKIEWIEZ,1,co_membership,L1912-00690
L1912-00507,L1912-00682,1,co_membership,L1912-00691
L1912-00507,L1912-00964,1,co_membership,L1912-00691
L1912-00507,L1912-01337,1,co_membership,L1912-00691
L1912-00507,NAME:KHEMIS,1,co_membership,L1912-00691
L1912-00507,NAME:VAUDAINE,1,co_membership,L1912-00691
L1912-00682,L1912-00964,1,co_membership,L1912-00691
L1912-00682,L1912-01337,1,co_membership,L1912-00691
L1912-00682,NAME:KHEMIS,1,co_membership,L1912-00691
L1912-00682,NAME:VAUDAINE,1,co_membership,L1912-00691
L1912-00964,L1912-01337,1,co_membership,L1912-00691
L1912-00964,NAME:KHEMIS,1,co_membership,L1912-00691
L1912-00964,NAME:VAUDAINE,1,co_membership,L1912-00691
L1912-01337,NAME:KHEMIS,1,co_membership,L1912-00691
L1912-01337,NAME:VAUDAINE,1,co_membership,L1912-00691
NAME:KHEMIS,NAME:VAUDAINE,1,co_membership,L1912-00691
L1912-00529,NAME:ANTIQUITES,1,co_membership,L1912-00693
L1912-00529,NAME:FERIOUILLET,1,co_membership,L1912-00693
L1912-00529,NAME:FRETIN,1,co_membership,L1912-00693
NAME:ANTIQUITES,NAME:FERIOUILLET,1,co_membership,L1912-00693
NAME:ANTIQUITES,NAME:FRETIN,1,co_membership,L1912-00693
NAME:FERIOUILLET,NAME:FRETIN,1,co_membership,L1912-00693
L1912-01702,L1912-02246,1,co_membership,L1912-00703
L1912-01343,L1912-01702,1,co_membership,L1912-00715
L1912-01343,NAME:LEON,1,co_membership,L1912-00715
L1912-01702,NAME:LEON,1,co_membership,L1912-00715
L1912-00083,L1912-00130,1,co_membership,L1912-00721
L1912-00083,L1912-00171,1,co_membership,L1912-00721
L1912-00083,L1912-00231,1,co_membership,L1912-00721
L1912-00083,L1912-00347,1,co_membership,L1912-00721
L1912-00083,L1912-00432,1,co_membership,L1912-00721
L1912-00083,L1912-00475,1,co_membership,L1912-00721
L1912-00083,L1912-00521,1,co_membership,L1912-00721
L1912-00083,L1912-00596,1,co_membership,L1912-00721
L1912-00083,L1912-00652,1,co_membership,L1912-00721
L1912-00083,L1912-00699,1,co_membership,L1912-00721
L1912-00083,L1912-00741,1,co_membership,L1912-00721
L1912-00083,L1912-00752,1,co_membership,L1912-00721
L1912-00083,L1912-00819,1,co_membership,L1912-00721
L1912-00083,L1912-00961,1,co_membership,L1912-00721
L1912-00083,L1912-00965,1,co_membership,L1912-00721
L1912-00083,L1912-00971,1,co_membership,L1912-00721
L1912-00083,L1912-01105,1,co_membership,L1912-00721
L1912-00083,L1912-01124,1,co_membership,L1912-00721
L1912-00083,L1912-01165,1,co_membership,L1912-00721
L1912-00083,L1912-01216,1,co_membership,L1912-00721
L1912-00083,L1912-01228,1,co_membership,L1912-00721
L1912-00083,L1912-01236,1,co_membership,L1912-00721
L1912-00083,L1912-01276,1,co_membership,L1912-00721
L1912-00083,L1912-01291,1,co_membership,L1912-00721
L1912-00083,L1912-01334,1,co_membership,L1912-00721
L1912-00083,L1912-01599,1,co_membership,L1912-00721
L1912-00083,L1912-01841,1,co_membership,L1912-00721
L1912-00083,L1912-01896,1,co_membership,L1912-00721
L1912-00083,L1912-01923,1,co_membership,L1912-00721
L1912-00083,L1912-02102,1,co_membership,L1912-00721
L1912-00083,L1912-02287,1,co_membership,L1912-00721
L1912-00083,L1912-02647,1,co_membership,L1912-00721
L1912-00083,L1912-02685,1,co_membership,L1912-00721
L1912-00083,NAME:AFFAIRES,1,co_membership,L1912-00721
L1912-00083,NAME:JUSTICE,1,co_membership,L1912-00721
L1912-00083,NAME:KHALDOUNIA,1,co_membership,L1912-00721
L1912-00083,NAME:LECORE CARPENLIER,1,co_membership,L1912-00721
L1912-00083,NAME:LEZZAM,1,co_membership,L1912-00721
L1912-00083,NAME:MINIS,1,co_membership,L1912-00721
L1912-00083,NAME:RESIDENT GENERAL,1,co_membership,L1912-00721
L1912-00130,L1912-00171,1,co_membership,L1912-00721
L1912-00130,L1912-00231,1,co_membership,L1912-00721
L1912-00130,L1912-00347,1,co_membership,L1912-00721
L1912-00130,L1912-00432,1,co_membership,L1912-00721
L1912-00130,L1912-00475,1,co_membership,L1912-00721
L1912-00130,L1912-00521,1,co_membership,L1912-00721
L1912-00130,L1912-00596,1,co_membership,L1912-00721
L1912-00130,L1912-00652,1,co_membership,L1912-00721
L1912-00130,L1912-00699,1,co_membership,L1912-00721
L1912-00130,L1912-00741,1,co_membership,L1912-00721
L1912-00130,L1912-00752,1,co_membership,L1912-00721
L1912-00130,L1912-00819,1,co_membership,L1912-00721
L1912-00130,L1912-00961,1,co_membership,L1912-00721
L1912-00130,L1912-00965,1,co_membership,L1912-00721
L1912-00130,L1912-00971,1,co_membership,L1912-00721
L1912-00130,L1912-01105,1,co_membership,L1912-00721
L1912-00130,L1912-01124,1,co_membership,L1912-00721
L1912-00130,L1912-01165,1,co_membership,L1912-00721
L1912-00130,L1912-01216,1,co_membership,L1912-00721
L1912-00130,L1912-01228,1,co_membership,L1912-00721
L1912-00130,L1912-01236,1,co_membership,L1912-00721
L1912-00130,L1912-01276,1,co_membership,L1912-00721
L1912-00130,L1912-01291,1,co_membership,L1912-00721
L1912-00130,L1912-01334,1,co_membership,L1912-00721
L1912-00130,L1912-01599,1,co_membership,L1912-00721
L1912-00130,L1912-01841,1,co_membership,L1912-00721
L1912-00130,L1912-01896,1,co_membership,L1912-00721
L1912-00130,L1912-01923,1,co_membership,L1912-00721
L1912-00130,L1912-02102,1,co_membership,L1912-00721
L1912-00130,L1912-02287,1,co_membership,L1912-00721
L1912-00130,L1912-02647,1,co_membership,L1912-00721
L1912-00130,L1912-02685,1,co_membership,L1912-00721
L1912-00130,NAME:AFFAIRES,1,co_membership,L1912-00721
L1912-00130,NAME:JUSTICE,1,co_membership,L1912-00721
L1912-00130,NAME:KHALDOUNIA,1,co_membership,L1912-00721
L1912-00130,NAME:LECORE CARPENLIER,1,co_membership,L1912-00721
L1912-00130,NAME:LEZZAM,1,co_membership,L1912-00721
L1912-00130,NAME:MINIS,1,co_membership,L1912-00721
L1912-00130,NAME:RESIDENT GENERAL,1,co_membership,L1912-00721
L1912-00171,L1912-00231,1,co_membership,L1912-00721
L1912-00171,L1912-00347,1,co_membership,L1912-00721
L1912-00171,L1912-00432,1,co_membership,L1912-00721
L1912-00171,L1912-00475,1,co_membership,L1912-00721
L1912-00171,L1912-00521,1,co_membership,L1912-00721
L1912-00171,L1912-00596,1,co_membership,L1912-00721
L1912-00171,L1912-00652,1,co_membership,L1912-00721
L1912-00171,L1912-00699,1,co_membership,L1912-00721
L1912-00171,L1912-00741,1,co_membership,L1912-00721
L1912-00171,L1912-00752,1,co_membership,L1912-00721
L1912-00171,L1912-00819,1,co_membership,L1912-00721
L1912-00171,L1912-00961,1,co_membership,L1912-00721
L1912-00171,L1912-00965,1,co_membership,L1912-00721
L1912-00171,L1912-00971,1,co_membership,L1912-00721
L1912-00171,L1912-01105,1,co_membership,L1912-00721
L1912-00171,L1912-01124,1,co_membership,L1912-00721
L1912-00171,L1912-01165,1,co_membership,L1912-00721
L1912-00171,L1912-01216,1,co_membership,L1912-00721
L1912-00171,L1912-01228,1,co_membership,L1912-00721
L1912-00171,L1912-01236,1,co_membership,L1912-00721
L1912-00171,L1912-01276,1,co_membership,L1912-00721
L1912-00171,L1912-01291,1,co_membership,L1912-00721
L1912-00171,L1912-01334,1,co_membership,L1912-00721
L1912-00171,L1912-01599,1,co_membership,L1912-00721
L1912-00171,L1912-01841,1,co_membership,L1912-00721
L1912-00171,L1912-01896,1,co_membership,L1912-00721
L1912-00171,L1912-01923,1,co_membership,L1912-00721
L1912-00171,L1912-02102,1,co_membership,L1912-00721
L1912-00171,L1912-02287,1,co_membership,L1912-00721
L1912-00171,L1912-02647,1,co_membership,L1912-00721
L1912-00171,L1912-02685,1,co_membership,L1912-00721
L1912-00171,NAME:AFFAIRES,1,co_membership,L1912-00721
L1912-00171,NAME:JUSTICE,1,co_membership,L1912-00721
L1912-00171,NAME:KHALDOUNIA,1,co_membership,L1912-00721
L1912-00171,NAME:LECORE CARPENLIER,1,co_membership,L1912-00721
L1912-00171,NAME:LEZZAM,1,co_membership,L1912-00721
L1912-00171,NAME:MINIS,1,co_membership,L1912-00721
L1912-00171,NAME:RESIDENT GENERAL,1,co_membership,L1912-00721
L1912-00231,L1912-00347,1,co_membership,L1912-00721
L1912-00231,L1912-00432,1,co_membership,L1912-00721
L1912-00231,L1912-00475,1,co_membership,L1912-00721
L1912-00231,L1912-00521,1,co_membership,L1912-00721
L1912-00231,L1912-00596,1,co_membership,L1912-00721
L1912-00231,L1912-00652,1,co_membership,L1912-00721
L1912-00231,L1912-00699,1,co_membership,L1912-00721
L1912-00231,L1912-00741,1,co_membership,L1912-00721
L1912-00231,L1912-00752,1,co_membership,L1912-00721
L1912-00231,L1912-00819,1,co_membership,L1912-00721
L1912-00231,L1912-00961,1,co_membership,L1912-00721
L1912-00231,L1912-00965,1,co_membership,L1912-00721
L1912-00231,L1912-00971,1,co_membership,L1912-00721
L1912-00231,L1912-01105,1,co_membership,L1912-00721
L1912-00231,L1912-01124,1,co_membership,L1912-00721
L1912-00231,L1912-01165,1,co_membership,L1912-00721
L1912-00231,L1912-01216,1,co_membership,L1912-00721
L1912-00231,L1912-01228,1,co_membership,L1912-00721
L1912-00231,L1912-01236,1,co_membership,L1912-00721
L1912-00231,L1912-01276,1,co_membership,L1912-00721
L1912-00231,L1912-01291,1,co_membership,L1912-00721
L1912-00231,L1912-01334,1,co_membership,L1912-00721
L1912-00231,L1912-01599,1,co_membership,L1912-00721
L1912-00231,L1912-01841,1,co_membership,L1912-00721
L1912-00231,L1912-01896,1,co_membership,L1912-00721
L1912-00231,L1912-01923,1,co_membership,L1912-00721
L1912-00231,L1912-02102,1,co_membership,L1912-00721
L1912-00231,L1912-02287,1,co_membership,L1912-00721
L1912-00231,L1912-02647,1,co_membership,L1912-00721
L1912-00231,L1912-02685,1,co_membership,L1912-00721
L1912-00231,NAME:AFFAIRES,1,co_membership,L1912-00721
L1912-00231,NAME:JUSTICE,1,co_membership,L1912-00721
L1912-00231,NAME:KHALDOUNIA,1,co_membership,L1912-00721
L1912-00231,NAME:LECORE CARPENLIER,1,co_membership,L1912-00721
L1912-00231,NAME:LEZZAM,1,co_membership,L1912-00721
L1912-00231,NAME:MINIS,1,co_membership,L1912-00721
L1912-00231,NAME:RESIDENT GENERAL,1,co_membership,L1912-00721
L1912-00347,L1912-00432,1,co_membership,L1912-00721
L1912-00347,L1912-00475,1,co_membership,L1912-00721
L1912-00347,L1912-00521,1,co_membership,L1912-00721
L1912-00347,L1912-00596,1,co_membership,L1912-00721
L1912-00347,L1912-00652,1,co_membership,L1912-00721
L1912-00347,L1912-00699,1,co_membership,L1912-00721
L1912-00347,L1912-00741,1,co_membership,L1912-00721
L1912-00347,L1912-00752,1,co_membership,L1912-00721
L1912-00347,L1912-00819,1,co_membership,L1912-00721
L1912-00347,L1912-00961,1,co_membership,L1912-00721
L1912-00347,L1912-00965,3,co_membership,L1912-00721;L1912-02492;ORG:chambre d agriculture
L1912-00347,L1912-00971,2,co_membership,L1912-00721;ORG:chambre d agriculture
L1912-00347,L1912-01105,1,co_membership,L1912-00721
L1912-00347,L1912-01124,1,co_membership,L1912-00721
L1912-00347,L1912-01165,1,co_membership,L1912-00721
L1912-00347,L1912-01216,1,co_membership,L1912-00721
L1912-00347,L1912-01228,1,co_membership,L1912-00721
L1912-00347,L1912-01236,1,co_membership,L1912-00721
L1912-00347,L1912-01276,1,co_membership,L1912-00721
L1912-00347,L1912-01334,1,co_membership,L1912-00721
L1912-00347,L1912-01599,1,co_membership,L1912-00721
L1912-00347,L1912-01841,1,co_membership,L1912-00721
L1912-00347,L1912-01896,1,co_membership,L1912-00721
L1912-00347,L1912-01923,1,co_membership,L1912-00721
L1912-00347,L1912-02102,1,co_membership,L1912-00721
L1912-00347,L1912-02287,1,co_membership,L1912-00721
L1912-00347,L1912-02647,1,co_membership,L1912-00721
L1912-00347,L1912-02685,1,co_membership,L1912-00721
L1912-00347,NAME:AFFAIRES,1,co_membership,L1912-00721
L1912-00347,NAME:JUSTICE,1,co_membership,L1912-00721
L1912-00347,NAME:KHALDOUNIA,1,co_membership,L1912-00721
L1912-00347,NAME:LECORE CARPENLIER,1,co_membership,L1912-00721
L1912-00347,NAME:LEZZAM,1,co_membership,L1912-00721
L1912-00347,NAME:MINIS,1,co_membership,L1912-00721
L1912-00347,NAME:RESIDENT GENERAL,1,co_membership,L1912-00721
L1912-00432,L1912-00475,1,co_membership,L1912-00721
L1912-00432,L1912-00521,1,co_membership,L1912-00721
L1912-00432,L1912-00596,1,co_membership,L1912-00721
L1912-00432,L1912-00652,1,co_membership,L1912-00721
L1912-00432,L1912-00699,1,co_membership,L1912-00721
L1912-00432,L1912-00741,1,co_membership,L1912-00721
L1912-00432,L1912-00752,1,co_membership,L1912-00721
L1912-00432,L1912-00819,1,co_membership,L1912-00721
L1912-00432,L1912-00961,1,co_membership,L1912-00721
L1912-00432,L1912-00965,1,co_membership,L1912-00721
L1912-00432,L1912-00971,1,co_membership,L1912-00721
L1912-00432,L1912-01105,1,co_membership,L1912-00721
L1912-00432,L1912-01124,1,co_membership,L1912-00721
L1912-00432,L1912-01165,1,co_membership,L1912-00721
L1912-00432,L1912-01216,1,co_membership,L1912-00721
L1912-00432,L1912-01228,1,co_membership,L1912-00721
L1912-00432,L1912-01236,1,co_membership,L1912-00721
L1912-00432,L1912-01276,1,co_membership,L1912-00721
L1912-00432,L1912-01291,1,co_membership,L1912-00721
L1912-00432,L1912-01334,1,co_membership,L1912-00721
L1912-00432,L1912-01599,1,co_membership,L1912-00721
L1912-00432,L1912-01841,1,co_membership,L1912-00721
L1912-00432,L1912-01896,1,co_membership,L1912-00721
L1912-00432,L1912-01923,1,co_membership,L1912-00721
L1912-00432,L1912-02102,1,co_membership,L1912-00721
L1912-00432,L1912-02287,1,co_membership,L1912-00721
L1912-00432,L1912-02647,1,co_membership,L1912-00721
L1912-00432,L1912-02685,1,co_membership,L1912-00721
L1912-00432,NAME:AFFAIRES,1,co_membership,L1912-00721
L1912-00432,NAME:JUSTICE,1,co_membership,L1912-00721
L1912-00432,NAME:KHALDOUNIA,1,co_membership,L1912-00721
L1912-00432,NAME:LECORE CARPENLIER,1,co_membership,L1912-00721
L1912-00432,NAME:LEZZAM,1,co_membership,L1912-00721
L1912-00432,NAME:MINIS,1,co_membership,L1912-00721
L1912-00432,NAME:RESIDENT GENERAL,1,co_membership,L1912-00721
L1912-00475,L1912-00521,1,co_membership,L1912-00721
L1912-00475,L1912-00596,1,co_membership,L1912-00721
L1912-00475,L1912-00652,1,co_membership,L1912-00721
L1912-00475,L1912-00699,1,co_membership,L1912-00721
L1912-00475,L1912-00741,1,co_membership,L1912-00721
L1912-00475,L1912-00752,1,co_membership,L1912-00721
L1912-00475,L1912-00819,1,co_membership,L1912-00721
L1912-00475,L1912-00961,1,co_membership,L1912-00721
L1912-00475,L1912-00965,1,co_membership,L1912-00721
L1912-00475,L1912-00971,1,co_membership,L1912-00721
L1912-00475,L1912-01105,1,co_membership,L1912-00721
L1912-00475,L1912-01124,1,co_membership,L1912-00721
L1912-00475,L1912-01165,1,co_membership,L1912-00721
L1912-00475,L1912-01216,1,co_membership,L1912-00721
L1912-00475,L1912-01228,1,co_membership,L1912-00721
L1912-00475,L1912-01236,1,co_membership,L1912-00721
L1912-00475,L1912-01276,1,co_membership,L1912-00721
L1912-00475,L1912-01291,1,co_membership,L1912-00721
L1912-00475,L1912-01334,1,co_membership,L1912-00721
L1912-00475,L1912-01599,1,co_membership,L1912-00721
L1912-00475,L1912-01841,1,co_membership,L1912-00721
L1912-00475,L1912-01896,1,co_membership,L1912-00721
L1912-00475,L1912-01923,1,co_membership,L1912-00721
L1912-00475,L1912-02102,1,co_membership,L1912-00721
L1912-00475,L1912-02287,1,co_membership,L1912-00721
L1912-00475,L1912-02647,1,co_membership,L1912-00721
L1912-00475,L1912-02685,1,co_membership,L1912-00721
L1912-00475,NAME:AFFAIRES,1,co_membership,L1912-00721
L1912-00475,NAME:JUSTICE,1,co_membership,L1912-00721
L1912-00475,NAME:KHALDOUNIA,1,co_membership,L1912-00721
L1912-00475,NAME:LECORE CARPENLIER,1,co_membership,L1912-00721
L1912-00475,NAME:LEZZAM,1,co_membership,L1912-00721
L1912-00475,NAME:MINIS,1,co_membership,L1912-00721
L1912-00475,NAME:RESIDENT GENERAL,1,co_membership,L1912-00721
L1912-00521,L1912-00596,1,co_membership,L1912-00721
L1912-00521,L1912-00652,1,co_membership,L1912-00721
L1912-00521,L1912-00699,1,co_membership,L1912-00721
L1912-00521,L1912-00741,1,co_membership,L1912-00721
L1912-00521,L1912-00752,1,co_membership,L1912-00721
L1912-00521,L1912-00819,1,co_membership,L1912-00721
L1912-00521,L1912-00961,1,co_membership,L1912-00721
L1912-00521,L1912-00965,1,co_membership,L1912-00721
L1912-00521,L1912-00971,1,co_membership,L1912-00721
L1912-00521,L1912-01105,1,co_membership,L1912-00721
L1912-00521,L1912-01124,1,co_membership,L1912-00721
L1912-00521,L1912-01165,1,co_membership,L1912-00721
L1912-00521,L1912-01216,1,co_membership,L1912-00721
L1912-00521,L1912-01228,1,co_membership,L1912-00721
L1912-00521,L1912-01236,1,co_membership,L1912-00721
L1912-00521,L1912-01276,1,co_membership,L1912-00721
L1912-00521,L1912-01291,1,co_membership,L1912-00721
L1912-00521,L1912-01334,1,co_membership,L1912-00721
L1912-00521,L1912-01599,1,co_membership,L1912-00721
L1912-00521,L1912-01841,1,co_membership,L1912-00721
L1912-00521,L1912-01896,1,co_membership,L1912-00721
L1912-00521,L1912-01923,1,co_membership,L1912-00721
L1912-00521,L1912-02287,1,co_membership,L1912-00721
L1912-00521,L1912-02647,1,co_membership,L1912-00721
L1912-00521,L1912-02685,1,co_membership,L1912-00721
L1912-00521,NAME:AFFAIRES,1,co_membership,L1912-00721
L1912-00521,NAME:JUSTICE,1,co_membership,L1912-00721
L1912-00521,NAME:KHALDOUNIA,1,co_membership,L1912-00721
L1912-00521,NAME:LECORE CARPENLIER,1,co_membership,L1912-00721
L1912-00521,NAME:LEZZAM,1,co_membership,L1912-00721
L1912-00521,NAME:MINIS,1,co_membership,L1912-00721
L1912-00521,NAME:RESIDENT GENERAL,1,co_membership,L1912-00721
L1912-00596,L1912-00652,1,co_membership,L1912-00721
L1912-00596,L1912-00699,1,co_membership,L1912-00721
L1912-00596,L1912-00741,1,co_membership,L1912-00721
L1912-00596,L1912-00752,1,co_membership,L1912-00721
L1912-00596,L1912-00819,1,co_membership,L1912-00721
L1912-00596,L1912-00961,1,co_membership,L1912-00721
L1912-00596,L1912-00965,1,co_membership,L1912-00721
L1912-00596,L1912-00971,1,co_membership,L1912-00721
L1912-00596,L1912-01105,1,co_membership,L1912-00721
L1912-00596,L1912-01124,1,co_membership,L1912-00721
L1912-00596,L1912-01165,1,co_membership,L1912-00721
L1912-00596,L1912-01216,1,co_membership,L1912-00721
L1912-00596,L1912-01228,1,co_membership,L1912-00721
L1912-00596,L1912-01236,1,co_membership,L1912-00721
L1912-00596,L1912-01276,1,co_membership,L1912-00721
L1912-00596,L1912-01291,1,co_membership,L1912-00721
L1912-00596,L1912-01334,1,co_membership,L1912-00721
L1912-00596,L1912-01599,1,co_membership,L1912-00721
L1912-00596,L1912-01841,1,co_membership,L1912-00721
L1912-00596,L1912-01896,1,co_membership,L1912-00721
L1912-00596,L1912-01923,1,co_membership,L1912-00721
L1912-00596,L1912-02102,1,co_membership,L1912-00721
L1912-00596,L1912-02287,1,co_membership,L1912-00721
L1912-00596,L1912-02647,1,co_membership,L1912-00721
L1912-00596,L1912-02685,1,co_membership,L1912-00721
L1912-00596,NAME:AFFAIRES,1,co_membership,L1912-00721
L1912-00596,NAME:JUSTICE,1,co_membership,L1912-00721
L1912-00596,NAME:KHALDOUNIA,1,co_membership,L1912-00721
L1912-00596,NAME:LECORE CARPENLIER,1,co_membership,L1912-00721
L1912-00596,NAME:LEZZAM,1,co_membership,L1912-00721
L1912-00596,NAME:MINIS,1,co_membership,L1912-00721
L1912-00596,NAME:RESIDENT GENERAL,1,co_membership,L1912-00721
L1912-00652,L1912-00699,1,co_membership,L1912-00721
L1912-00652,L1912-00741,1,co_membership,L1912-00721
L1912-00652,L1912-00752,1,co_membership,L1912-00721
L1912-00652,L1912-00819,1,co_membership,L1912-00721
L1912-00652,L1912-00961,1,co_membership,L1912-00721
L1912-00652,L1912-00965,1,co_membership,L1912-00721
L1912-00652,L1912-00971,1,co_membership,L1912-00721
L1912-00652,L1912-01105,1,co_membership,L1912-00721
L1912-00652,L1912-01124,1,co_membership,L1912-00721
L1912-00652,L1912-01165,1,co_membership,L1912-00721
L1912-00652,L1912-01216,1,co_membership,L1912-00721
L1912-00652,L1912-01228,1,co_membership,L1912-00721
L1912-00652,L1912-01236,1,co_membership,L1912-00721
L1912-00652,L1912-01276,1,co_membership,L1912-00721
L1912-00652,L1912-01291,1,co_membership,L1912-00721
L1912-00652,L1912-01334,1,co_membership,L1912-00721
L1912-00652,L1912-01599,1,co_membership,L1912-00721
L1912-00652,L1912-01841,1,co_membership,L1912-00721
L1912-00652,L1912-01896,1,co_membership,L1912-00721
L1912-00652,L1912-01923,1,co_membership,L1912-00721
L1912-00652,L1912-02102,1,co_membership,L1912-00721
L1912-00652,L1912-02287,1,co_membership,L1912-00721
L1912-00652,L1912-02647,1,co_membership,L1912-00721
L1912-00652,L1912-02685,1,co_membership,L1912-00721
L1912-00652,NAME:AFFAIRES,1,co_membership,L1912-00721
L1912-00652,NAME:JUSTICE,1,co_membership,L1912-00721
L1912-00652,NAME:KHALDOUNIA,1,co_membership,L1912-00721
L1912-00652,NAME:LECORE CARPENLIER,1,co_membership,L1912-00721
L1912-00652,NAME:LEZZAM,1,co_membership,L1912-00721
L1912-00652,NAME:MINIS,1,co_membership,L1912-00721
L1912-00652,NAME:RESIDENT GENERAL,1,co_membership,L1912-00721
L1912-00699,L1912-00741,1,co_membership,L1912-00721
L1912-00699,L1912-00752,1,co_membership,L1912-00721
L1912-00699,L1912-00819,1,co_membership,L1912-00721
L1912-00699,L1912-00961,2,co_membership,L1912-00721;L1912-01126
L1912-00699,L1912-00965,1,co_membership,L1912-00721
L1912-00699,L1912-00971,1,co_membership,L1912-00721
L1912-00699,L1912-01105,1,co_membership,L1912-00721
L1912-00699,L1912-01124,1,co_membership,L1912-00721
L1912-00699,L1912-01165,2,co_membership,L1912-00721;L1912-02432
L1912-00699,L1912-01216,1,co_membership,L1912-00721
L1912-00699,L1912-01228,1,co_membership,L1912-00721
L1912-00699,L1912-01236,1,co_membership,L1912-00721
L1912-00699,L1912-01276,2,co_membership,L1912-00721;L1912-02420
L1912-00699,L1912-01291,2,co_membership,L1912-00721;L1912-02420
L1912-00699,L1912-01334,1,co_membership,L1912-00721
L1912-00699,L1912-01599,1,co_membership,L1912-00721
L1912-00699,L1912-01841,1,co_membership,L1912-00721
L1912-00699,L1912-01896,1,co_membership,L1912-00721
L1912-00699,L1912-01923,1,co_membership,L1912-00721
L1912-00699,L1912-02102,1,co_membership,L1912-00721
L1912-00699,L1912-02287,1,co_membership,L1912-00721
L1912-00699,L1912-02647,1,co_membership,L1912-00721
L1912-00699,L1912-02685,1,co_membership,L1912-00721
L1912-00699,NAME:AFFAIRES,1,co_membership,L1912-00721
L1912-00699,NAME:JUSTICE,1,co_membership,L1912-00721
L1912-00699,NAME:KHALDOUNIA,1,co_membership,L1912-00721
L1912-00699,NAME:LECORE CARPENLIER,1,co_membership,L1912-00721
L1912-00699,NAME:LEZZAM,1,co_membership,L1912-00721
L1912-00699,NAME:MINIS,1,co_membership,L1912-00721
L1912-00699,NAME:RESIDENT GENERAL,1,co_membership,L1912-00721
L1912-00741,L1912-00752,1,co_membership,L1912-00721
L1912-00741,L1912-00819,1,co_membership,L1912-00721
L1912-00741,L1912-00961,1,co_membership,L1912-00721
L1912-00741,L1912-00965,1,co_membership,L1912-00721
L1912-00741,L1912-00971,1,co_membership,L1912-00721
L1912-00741,L1912-01105,1,co_membership,L1912-00721
L1912-00741,L1912-01124,1,co_membership,L1912-00721
L1912-00741,L1912-01165,1,co_membership,L1912-00721
L1912-00741,L1912-01216,1,co_membership,L1912-00721
L1912-00741,L1912-01228,1,co_membership,L1912-00721
L1912-00741,L1912-01236,1,co_membership,L1912-00721
L1912-00741,L1912-01276,1,co_membership,L1912-00721
L1912-00741,L1912-01291,1,co_membership,L1912-00721
L1912-00741,L1912-01334,1,co_membership,L1912-00721
L1912-00741,L1912-01599,1,co_membership,L1912-00721
L1912-00741,L1912-01841,1,co_membership,L1912-00721
L1912-00741,L1912-01896,1,co_membership,L1912-00721
L1912-00741,L1912-01923,1,co_membership,L1912-00721
L1912-00741,L1912-02102,1,co_membership,L1912-00721
L1912-00741,L1912-02287,1,co_membership,L1912-00721
L1912-00741,L1912-02647,1,co_membership,L1912-00721
L1912-00741,L1912-02685,1,co_membership,L1912-00721
L1912-00741,NAME:AFFAIRES,1,co_membership,L1912-00721
L1912-00741,NAME:JUSTICE,1,co_membership,L1912-00721
L1912-00741,NAME:KHALDOUNIA,1,co_membership,L1912-00721
L1912-00741,NAME:LECORE CARPENLIER,1,co_membership,L1912-00721
L1912-00741,NAME:LEZZAM,1,co_membership,L1912-00721
L1912-00741,NAME:MINIS,1,co_membership,L1912-00721
L1912-00741,NAME:RESIDENT GENERAL,1,co_membership,L1912-00721
L1912-00752,L1912-00819,1,co_membership,L1912-00721
L1912-00752,L1912-00961,1,co_membership,L1912-00721
L1912-00752,L1912-00965,1,co_membership,L1912-00721
L1912-00752,L1912-00971,1,co_membership,L1912-00721
L1912-00752,L1912-01105,1,co_membership,L1912-00721
L1912-00752,L1912-01124,1,co_membership,L1912-00721
L1912-00752,L1912-01165,1,co_membership,L1912-00721
L1912-00752,L1912-01216,1,co_membership,L1912-00721
L1912-00752,L1912-01228,1,co_membership,L1912-00721
L1912-00752,L1912-01236,1,co_membership,L1912-00721
L1912-00752,L1912-01276,1,co_membership,L1912-00721
L1912-00752,L1912-01291,1,co_membership,L1912-00721
L1912-00752,L1912-01334,1,co_membership,L1912-00721
L1912-00752,L1912-01599,1,co_membership,L1912-00721
L1912-00752,L1912-01841,1,co_membership,L1912-00721
L1912-00752,L1912-01896,1,co_membership,L1912-00721
L1912-00752,L1912-01923,1,co_membership,L1912-00721
L1912-00752,L1912-02102,1,co_membership,L1912-00721
L1912-00752,L1912-02287,1,co_membership,L1912-00721
L1912-00752,L1912-02647,1,co_membership,L1912-00721
L1912-00752,L1912-02685,1,co_membership,L1912-00721
L1912-00752,NAME:AFFAIRES,1,co_membership,L1912-00721
L1912-00752,NAME:JUSTICE,1,co_membership,L1912-00721
L1912-00752,NAME:KHALDOUNIA,1,co_membership,L1912-00721
L1912-00752,NAME:LECORE CARPENLIER,1,co_membership,L1912-00721
L1912-00752,NAME:LEZZAM,1,co_membership,L1912-00721
L1912-00752,NAME:MINIS,1,co_membership,L1912-00721
L1912-00752,NAME:RESIDENT GENERAL,1,co_membership,L1912-00721
L1912-00819,L1912-00961,1,co_membership,L1912-00721
L1912-00819,L1912-00965,1,co_membership,L1912-00721
L1912-00819,L1912-00971,1,co_membership,L1912-00721
L1912-00819,L1912-01105,1,co_membership,L1912-00721
L1912-00819,L1912-01124,1,co_membership,L1912-00721
L1912-00819,L1912-01165,1,co_membership,L1912-00721
L1912-00819,L1912-01216,1,co_membership,L1912-00721
L1912-00819,L1912-01228,1,co_membership,L1912-00721
L1912-00819,L1912-01236,1,co_membership,L1912-00721
L1912-00819,L1912-01276,1,co_membership,L1912-00721
L1912-00819,L1912-01291,1,co_membership,L1912-00721
L1912-00819,L1912-01334,1,co_membership,L1912-00721
L1912-00819,L1912-01599,1,co_membership,L1912-00721
L1912-00819,L1912-01841,1,co_membership,L1912-00721
L1912-00819,L1912-01896,1,co_membership,L1912-00721
L1912-00819,L1912-01923,1,co_membership,L1912-00721
L1912-00819,L1912-02102,1,co_membership,L1912-00721
L1912-00819,L1912-02287,1,co_membership,L1912-00721
L1912-00819,L1912-02647,1,co_membership,L1912-00721
L1912-00819,L1912-02685,1,co_membership,L1912-00721
L1912-00819,NAME:AFFAIRES,1,co_membership,L1912-00721
L1912-00819,NAME:JUSTICE,1,co_membership,L1912-00721
L1912-00819,NAME:KHALDOUNIA,1,co_membership,L1912-00721
L1912-00819,NAME:LECORE CARPENLIER,1,co_membership,L1912-00721
L1912-00819,NAME:LEZZAM,1,co_membership,L1912-00721
L1912-00819,NAME:MINIS,1,co_membership,L1912-00721
L1912-00819,NAME:RESIDENT GENERAL,1,co_membership,L1912-00721
L1912-00961,L1912-00965,1,co_membership,L1912-00721
L1912-00961,L1912-00971,1,co_membership,L1912-00721
L1912-00961,L1912-01105,1,co_membership,L1912-00721
L1912-00961,L1912-01124,1,co_membership,L1912-00721
L1912-00961,L1912-01165,1,co_membership,L1912-00721
L1912-00961,L1912-01216,1,co_membership,L1912-00721
L1912-00961,L1912-01228,1,co_membership,L1912-00721
L1912-00961,L1912-01236,1,co_membership,L1912-00721
L1912-00961,L1912-01276,1,co_membership,L1912-00721
L1912-00961,L1912-01291,1,co_membership,L1912-00721
L1912-00961,L1912-01334,1,co_membership,L1912-00721
L1912-00961,L1912-01599,1,co_membership,L1912-00721
L1912-00961,L1912-01841,1,co_membership,L1912-00721
L1912-00961,L1912-01896,1,co_membership,L1912-00721
L1912-00961,L1912-01923,1,co_membership,L1912-00721
L1912-00961,L1912-02102,1,co_membership,L1912-00721
L1912-00961,L1912-02287,1,co_membership,L1912-00721
L1912-00961,L1912-02647,1,co_membership,L1912-00721
L1912-00961,L1912-02685,1,co_membership,L1912-00721
L1912-00961,NAME:AFFAIRES,1,co_membership,L1912-00721
L1912-00961,NAME:JUSTICE,1,co_membership,L1912-00721
L1912-00961,NAME:KHALDOUNIA,1,co_membership,L1912-00721
L1912-00961,NAME:LECORE CARPENLIER,1,co_membership,L1912-00721
L1912-00961,NAME:LEZZAM,1,co_membership,L1912-00721
L1912-00961,NAME:MINIS,1,co_membership,L1912-00721
L1912-00961,NAME:RESIDENT GENERAL,1,co_membership,L1912-00721
L1912-00965,L1912-00971,2,co_membership,L1912-00721;ORG:chambre d agriculture
L1912-00965,L1912-01105,1,co_membership,L1912-00721
L1912-00965,L1912-01124,1,co_membership,L1912-00721
L1912-00965,L1912-01165,1,co_membership,L1912-00721
L1912-00965,L1912-01216,1,co_membership,L1912-00721
L1912-00965,L1912-01228,1,co_membership,L1912-00721
L1912-00965,L1912-01236,1,co_membership,L1912-00721
L1912-00965,L1912-01276,1,co_membership,L1912-00721
L1912-00965,L1912-01291,1,co_membership,L1912-00721
L1912-00965,L1912-01334,1,co_membership,L1912-00721
L1912-00965,L1912-01599,1,co_membership,L1912-00721
L1912-00965,L1912-01841,1,co_membership,L1912-00721
L1912-00965,L1912-01896,1,co_membership,L1912-00721
L1912-00965,L1912-01923,1,co_membership,L1912-00721
L1912-00965,L1912-02102,1,co_membership,L1912-00721
L1912-00965,L1912-02287,1,co_membership,L1912-00721
L1912-00965,L1912-02647,1,co_membership,L1912-00721
L1912-00965,L1912-02685,1,co_membership,L1912-00721
L1912-00965,NAME:AFFAIRES,1,co_membership,L1912-00721
L1912-00965,NAME:JUSTICE,1,co_membership,L1912-00721
L1912-00965,NAME:KHALDOUNIA,1,co_membership,L1912-00721
L1912-00965,NAME:LECORE CARPENLIER,1,co_membership,L1912-00721
L1912-00965,NAME:LEZZAM,1,co_membership,L1912-00721
L1912-00965,NAME:MINIS,1,co_membership,L1912-00721
L1912-00965,NAME:RESIDENT GENERAL,1,co_membership,L1912-00721
L1912-00971,L1912-01105,1,co_membership,L1912-00721
L1912-00971,L1912-01124,1,co_membership,L1912-00721
L1912-00971,L1912-01165,1,co_membership,L1912-00721
L1912-00971,L1912-01216,1,co_membership,L1912-00721
L1912-00971,L1912-01228,1,co_membership,L1912-00721
L1912-00971,L1912-01236,1,co_membership,L1912-00721
L1912-00971,L1912-01276,1,co_membership,L1912-00721
L1912-00971,L1912-01291,1,co_membership,L1912-00721
L1912-00971,L1912-01334,1,co_membership,L1912-00721
L1912-00971,L1912-01599,1,co_membership,L1912-00721
L1912-00971,L1912-01841,1,co_membership,L1912-00721
L1912-00971,L1912-01896,1,co_membership,L1912-00721
L1912-00971,L1912-01923,1,co_membership,L1912-00721
L1912-00971,L1912-02102,1,co_membership,L1912-00721
L1912-00971,L1912-02287,1,co_membership,L1912-00721
L1912-00971,L1912-02647,1,co_membership,L1912-00721
L1912-00971,L1912-02685,1,co_membership,L1912-00721
L1912-00971,NAME:AFFAIRES,1,co_membership,L1912-00721
L1912-00971,NAME:JUSTICE,1,co_membership,L1912-00721
L1912-00971,NAME:KHALDOUNIA,1,co_membership,L1912-00721
L1912-00971,NAME:LECORE CARPENLIER,1,co_membership,L1912-00721
L1912-00971,NAME:LEZZAM,1,co_membership,L1912-00721
L1912-00971,NAME:MINIS,1,co_membership,L1912-00721
L1912-00971,NAME:RESIDENT GENERAL,1,co_membership,L1912-00721
L1912-01105,L1912-01124,1,co_membership,L1912-00721
L1912-01105,L1912-01165,1,co_membership,L1912-00721
L1912-01105,L1912-01216,1,co_membership,L1912-00721
L1912-01105,L1912-01228,1,co_membership,L1912-00721
L1912-01105,L1912-01236,1,co_membership,L1912-00721
L1912-01105,L1912-01276,1,co_membership,L1912-00721
L1912-01105,L1912-01291,1,co_membership,L1912-00721
L1912-01105,L1912-01334,1,co_membership,L1912-00721
L1912-01105,L1912-01599,1,co_membership,L1912-00721
L1912-01105,L1912-01841,1,co_membership,L1912-00721
L1912-01105,L1912-01896,1,co_membership,L1912-00721
L1912-01105,L1912-01923,1,co_membership,L1912-00721
L1912-01105,L1912-02102,1,co_membership,L1912-00721
L1912-01105,L1912-02287,1,co_membership,L1912-00721
L1912-01105,L1912-02647,1,co_membership,L1912-00721
L1912-01105,L1912-02685,1,co_membership,L1912-00721
L1912-01105,NAME:AFFAIRES,1,co_membership,L1912-00721
L1912-01105,NAME:JUSTICE,1,co_membership,L1912-00721
L1912-01105,NAME:KHALDOUNIA,1,co_membership,L1912-00721
L1912-01105,NAME:LECORE CARPENLIER,1,co_membership,L1912-00721
L1912-01105,NAME:LEZZAM,1,co_membership,L1912-00721
L1912-01105,NAME:MINIS,1,co_membership,L1912-00721
L1912-01105,NAME:RESIDENT GENERAL,1,co_membership,L1912-00721
L1912-01124,L1912-01165,1,co_membership,L1912-00721
L1912-01124,L1912-01216,1,co_membership,L1912-00721
L1912-01124,L1912-01228,1,co_membership,L1912-00721
L1912-01124,L1912-01236,1,co_membership,L1912-00721
L1912-01124,L1912-01276,1,co_membership,L1912-00721
L1912-01124,L1912-01291,1,co_membership,L1912-00721
L1912-01124,L1912-01334,1,co_membership,L1912-00721
L1912-01124,L1912-01599,1,co_membership,L1912-00721
L1912-01124,L1912-01841,1,co_membership,L1912-00721
L1912-01124,L1912-01896,1,co_membership,L1912-00721
L1912-01124,L1912-01923,1,co_membership,L1912-00721
L1912-01124,L1912-02102,1,co_membership,L1912-00721
L1912-01124,L1912-02287,1,co_membership,L1912-00721
L1912-01124,L1912-02647,1,co_membership,L1912-00721
L1912-01124,L1912-02685,1,co_membership,L1912-00721
L1912-01124,NAME:AFFAIRES,1,co_membership,L1912-00721
L1912-01124,NAME:JUSTICE,1,co_membership,L1912-00721
L1912-01124,NAME:KHALDOUNIA,1,co_membership,L1912-00721
L1912-01124,NAME:LECORE CARPENLIER,1,co_membership,L1912-00721
L1912-01124,NAME:LEZZAM,1,co_membership,L1912-00721
L1912-01124,NAME:MINIS,1,co_membership,L1912-00721
L1912-01124,NAME:RESIDENT GENERAL,1,co_membership,L1912-00721
L1912-01165,L1912-01216,1,co_membership,L1912-00721
L1912-01165,L1912-01228,1,co_membership,L1912-00721
L1912-01165,L1912-01236,1,co_membership,L1912-00721
L1912-01165,L1912-01276,1,co_membership,L1912-00721
L1912-01165,L1912-01291,1,co_membership,L1912-00721
L1912-01165,L1912-01334,1,co_membership,L1912-00721
L1912-01165,L1912-01599,1,co_membership,L1912-00721
L1912-01165,L1912-01841,1,co_membership,L1912-00721
L1912-01165,L1912-01896,1,co_membership,L1912-00721
L1912-01165,L1912-01923,1,co_membership,L1912-00721
L1912-01165,L1912-02102,1,co_membership,L1912-00721
L1912-01165,L1912-02287,1,co_membership,L1912-00721
L1912-01165,L1912-02647,1,co_membership,L1912-00721
L1912-01165,NAME:AFFAIRES,1,co_membership,L1912-00721
L1912-01165,NAME:JUSTICE,1,co_membership,L1912-00721
L1912-01165,NAME:KHALDOUNIA,1,co_membership,L1912-00721
L1912-01165,NAME:LECORE CARPENLIER,1,co_membership,L1912-00721
L1912-01165,NAME:LEZZAM,1,co_membership,L1912-00721
L1912-01165,NAME:MINIS,1,co_membership,L1912-00721
L1912-01165,NAME:RESIDENT GENERAL,1,co_membership,L1912-00721
L1912-01216,L1912-01228,1,co_membership,L1912-00721
L1912-01216,L1912-01236,1,co_membership,L1912-00721
L1912-01216,L1912-01276,1,co_membership,L1912-00721
L1912-01216,L1912-01291,1,co_membership,L1912-00721
L1912-01216,L1912-01334,1,co_membership,L1912-00721
L1912-01216,L1912-01599,1,co_membership,L1912-00721
L1912-01216,L1912-01841,1,co_membership,L1912-00721
L1912-01216,L1912-01896,1,co_membership,L1912-00721
L1912-01216,L1912-01923,1,co_membership,L1912-00721
L1912-01216,L1912-02102,1,co_membership,L1912-00721
L1912-01216,L1912-02287,1,co_membership,L1912-00721
L1912-01216,L1912-02647,1,co_membership,L1912-00721
L1912-01216,L1912-02685,1,co_membership,L1912-00721
L1912-01216,NAME:AFFAIRES,1,co_membership,L1912-00721
L1912-01216,NAME:JUSTICE,1,co_membership,L1912-00721
L1912-01216,NAME:KHALDOUNIA,1,co_membership,L1912-00721
L1912-01216,NAME:LECORE CARPENLIER,1,co_membership,L1912-00721
L1912-01216,NAME:LEZZAM,1,co_membership,L1912-00721
L1912-01216,NAME:MINIS,1,co_membership,L1912-00721
L1912-01216,NAME:RESIDENT GENERAL,1,co_membership,L1912-00721
L1912-01228,L1912-01236,1,co_membership,L1912-00721
L1912-01228,L1912-01276,1,co_membership,L1912-00721
L1912-01228,L1912-01291,1,co_membership,L1912-00721
L1912-01228,L1912-01334,1,co_membership,L1912-00721
L1912-01228,L1912-01599,1,co_membership,L1912-00721
L1912-01228,L1912-01841,1,co_membership,L1912-00721
L1912-01228,L1912-01896,1,co_membership,L1912-00721
L1912-01228,L1912-01923,1,co_membership,L1912-00721
L1912-01228,L1912-02102,1,co_membership,L1912-00721
L1912-01228,L1912-02287,1,co_membership,L1912-00721
L1912-01228,L1912-02647,1,co_membership,L1912-00721
L1912-01228,L1912-02685,1,co_membership,L1912-00721
L1912-01228,NAME:AFFAIRES,1,co_membership,L1912-00721
L1912-01228,NAME:JUSTICE,1,co_membership,L1912-00721
L1912-01228,NAME:KHALDOUNIA,1,co_membership,L1912-00721
L1912-01228,NAME:LECORE CARPENLIER,1,co_membership,L1912-00721
L1912-01228,NAME:LEZZAM,1,co_membership,L1912-00721
L1912-01228,NAME:MINIS,1,co_membership,L1912-00721
L1912-01228,NAME:RESIDENT GENERAL,1,co_membership,L1912-00721
L1912-01236,L1912-01276,1,co_membership,L1912-00721
L1912-01236,L1912-01291,1,co_membership,L1912-00721
L1912-01236,L1912-01334,1,co_membership,L1912-00721
L1912-01236,L1912-01599,1,co_membership,L1912-00721
L1912-01236,L1912-01841,1,co_membership,L1912-00721
L1912-01236,L1912-01896,1,co_membership,L1912-00721
L1912-01236,L1912-01923,1,co_membership,L1912-00721
L1912-01236,L1912-02102,1,co_membership,L1912-00721
L1912-01236,L1912-02287,1,co_membership,L1912-00721
L1912-01236,L1912-02647,1,co_membership,L1912-00721
L1912-01236,L1912-02685,1,co_membership,L1912-00721
L1912-01236,NAME:AFFAIRES,1,co_membership,L1912-00721
L1912-01236,NAME:JUSTICE,1,co_membership,L1912-00721
L1912-01236,NAME:KHALDOUNIA,1,co_membership,L1912-00721
L1912-01236,NAME:LECORE CARPENLIER,1,co_membership,L1912-00721
L1912-01236,NAME:LEZZAM,1,co_membership,L1912-00721
L1912-01236,NAME:MINIS,1,co_membership,L1912-00721
L1912-01236,NAME:RESIDENT GENERAL,1,co_membership,L1912-00721
L1912-01276,L1912-01291,2,co_membership,L1912-00721;L1912-02420
L1912-01276,L1912-01334,1,co_membership,L1912-00721
L1912-01276,L1912-01599,1,co_membership,L1912-00721
L1912-01276,L1912-01841,1,co_membership,L1912-00721
L1912-01276,L1912-01896,1,co_membership,L1912-00721
L1912-01276,L1912-01923,1,co_membership,L1912-00721
L1912-01276,L1912-02102,1,co_membership,L1912-00721
L1912-01276,L1912-02287,1,co_membership,L1912-00721
L1912-01276,L1912-02647,1,co_membership,L1912-00721
L1912-01276,L1912-02685,1,co_membership,L1912-00721
L1912-01276,NAME:AFFAIRES,1,co_membership,L1912-00721
L1912-01276,NAME:JUSTICE,1,co_membership,L1912-00721
L1912-01276,NAME:KHALDOUNIA,1,co_membership,L1912-00721
L1912-01276,NAME:LECORE CARPENLIER,1,co_membership,L1912-00721
L1912-01276,NAME:LEZZAM,1,co_membership,L1912-00721
L1912-01276,NAME:MINIS,1,co_membership,L1912-00721
L1912-01276,NAME:RESIDENT GENERAL,1,co_membership,L1912-00721
L1912-01291,L1912-01334,1,co_membership,L1912-00721
L1912-01291,L1912-01599,1,co_membership,L1912-00721
L1912-01291,L1912-01841,1,co_membership,L1912-00721
L1912-01291,L1912-01896,1,co_membership,L1912-00721
L1912-01291,L1912-01923,1,co_membership,L1912-00721
L1912-01291,L1912-02102,1,co_membership,L1912-00721
L1912-01291,L1912-02287,1,co_membership,L1912-00721
L1912-01291,L1912-02647,1,co_membership,L1912-00721
L1912-01291,L1912-02685,1,co_membership,L1912-00721
L1912-01291,NAME:AFFAIRES,1,co_membership,L1912-00721
L1912-01291,NAME:JUSTICE,1,co_membership,L1912-00721
L1912-01291,NAME:KHALDOUNIA,1,co_membership,L1912-00721
L1912-01291,NAME:LECORE CARPENLIER,1,co_membership,L1912-00721
L1912-01291,NAME:LEZZAM,1,co_membership,L1912-00721
L1912-01291,NAME:MINIS,1,co_membership,L1912-00721
L1912-01291,NAME:RESIDENT GENERAL,1,co_membership,L1912-00721
L1912-01334,L1912-01599,1,co_membership,L1912-00721
L1912-01334,L1912-01841,1,co_membership,L1912-00721
L1912-01334,L1912-01896,1,co_membership,L1912-00721
L1912-01334,L1912-01923,1,co_membership,L1912-00721
L1912-01334,L1912-02102,1,co_membership,L1912-00721
L1912-01334,L1912-02287,1,co_membership,L1912-00721
L1912-01334,L1912-02647,1,co_membership,L1912-00721
L1912-01334,L1912-02685,1,co_membership,L1912-00721
L1912-01334,NAME:AFFAIRES,1,co_membership,L1912-00721
L1912-01334,NAME:JUSTICE,1,co_membership,L1912-00721
L1912-01334,NAME:KHALDOUNIA,1,co_membership,L1912-00721
L1912-01334,NAME:LECORE CARPENLIER,1,co_membership,L1912-00721
L1912-01334,NAME:LEZZAM,1,co_membership,L1912-00721
L1912-01334,NAME:MINIS,1,co_membership,L1912-00721
L1912-01334,NAME:RESIDENT GENERAL,1,co_membership,L1912-00721
L1912-01599,L1912-01841,1,co_membership,L1912-00721
L1912-01599,L1912-01896,1,co_membership,L1912-00721
L1912-01599,L1912-01923,1,co_membership,L1912-00721
L1912-01599,L1912-02102,1,co_membership,L1912-00721
L1912-01599,L1912-02287,1,co_membership,L1912-00721
L1912-01599,L1912-02647,1,co_membership,L1912-00721
L1912-01599,L1912-02685,1,co_membership,L1912-00721
L1912-01599,NAME:AFFAIRES,1,co_membership,L1912-00721
L1912-01599,NAME:JUSTICE,1,co_membership,L1912-00721
L1912-01599,NAME:KHALDOUNIA,1,co_membership,L1912-00721
L1912-01599,NAME:LECORE CARPENLIER,1,co_membership,L1912-00721
L1912-01599,NAME:LEZZAM,1,co_membership,L1912-00721
L1912-01599,NAME:MINIS,1,co_membership,L1912-00721
L1912-01599,NAME:RESIDENT GENERAL,1,co_membership,L1912-00721
L1912-01841,L1912-01896,1,co_membership,L1912-00721
L1912-01841,L1912-01923,1,co_membership,L1912-00721
L1912-01841,L1912-02102,1,co_membership,L1912-00721
L1912-01841,L1912-02287,1,co_membership,L1912-00721
L1912-01841,L1912-02647,1,co_membership,L1912-00721
L1912-01841,L1912-02685,1,co_membership,L1912-00721
L1912-01841,NAME:AFFAIRES,1,co_membership,L1912-00721
L1912-01841,NAME:JUSTICE,1,co_membership,L1912-00721
L1912-01841,NAME:KHALDOUNIA,1,co_membership,L1912-00721
L1912-01841,NAME:LECORE CARPENLIER,1,co_membership,L1912-00721
L1912-01841,NAME:LEZZAM,1,co_membership,L1912-00721
L1912-01841,NAME:MINIS,1,co_membership,L1912-00721
L1912-01841,NAME:RESIDENT GENERAL,1,co_membership,L1912-00721
L1912-01896,L1912-01923,1,co_membership,L1912-00721
L1912-01896,L1912-02102,1,co_membership,L1912-00721
L1912-01896,L1912-02287,1,co_membership,L1912-00721
L1912-01896,L1912-02647,1,co_membership,L1912-00721
L1912-01896,L1912-02685,1,co_membership,L1912-00721
L1912-01896,NAME:AFFAIRES,1,co_membership,L1912-00721
L1912-01896,NAME:JUSTICE,1,co_membership,L1912-00721
L1912-01896,NAME:KHALDOUNIA,1,co_membership,L1912-00721
L1912-01896,NAME:LECORE CARPENLIER,1,co_membership,L1912-00721
L1912-01896,NAME:LEZZAM,1,co_membership,L1912-00721
L1912-01896,NAME:MINIS,1,co_membership,L1912-00721
L1912-01896,NAME:RESIDENT GENERAL,1,co_membership,L1912-00721
L1912-01923,L1912-02102,1,co_membership,L1912-00721
L1912-01923,L1912-02287,1,co_membership,L1912-00721
L1912-01923,L1912-02647,1,co_membership,L1912-00721
L1912-01923,L1912-02685,1,co_membership,L1912-00721
L1912-01923,NAME:AFFAIRES,1,co_membership,L1912-00721
L1912-01923,NAME:JUSTICE,1,co_membership,L1912-00721
L1912-01923,NAME:KHALDOUNIA,1,co_membership,L1912-00721
L1912-01923,NAME:LECORE CARPENLIER,2,co_membership,L1912-00721;L1912-02493
L1912-01923,NAME:LEZZAM,1,co_membership,L1912-00721
L1912-01923,NAME:MINIS,1,co_membership,L1912-00721
L1912-01923,NAME:RESIDENT GENERAL,1,co_membership,L1912-00721
L1912-02102,L1912-02287,1,co_membership,L1912-00721
L1912-02102,L1912-02647,1,co_membership,L1912-00721
L1912-02102,L1912-02685,1,co_membership,L1912-00721
L1912-02102,NAME:AFFAIRES,1,co_membership,L1912-00721
L1912-02102,NAME:JUSTICE,1,co_membership,L1912-00721
L1912-02102,NAME:KHALDOUNIA,1,co_membership,L1912-00721
L1912-02102,NAME:LECORE CARPENLIER,1,co_membership,L1912-00721
L1912-02102,NAME:LEZZAM,1,co_membership,L1912-00721
L1912-02102,NAME:MINIS,1,co_membership,L1912-00721
L1912-02102,NAME:RESIDENT GENERAL,1,co_membership,L1912-00721
L1912-02287,L1912-02647,1,co_membership,L1912-00721
L1912-02287,L1912-02685,1,co_membership,L1912-00721
L1912-02287,NAME:AFFAIRES,1,co_membership,L1912-00721
L1912-02287,NAME:JUSTICE,1,co_membership,L1912-00721
L1912-02287,NAME:KHALDOUNIA,1,co_membership,L1912-00721
L1912-02287,NAME:LECORE CARPENLIER,1,co_membership,L1912-00721
L1912-02287,NAME:LEZZAM,1,co_membership,L1912-00721
L1912-02287,NAME:MINIS,1,co_membership,L1912-00721
L1912-02287,NAME:RESIDENT GENERAL,1,co_membership,L1912-00721
L1912-02647,L1912-02685,1,co_membership,L1912-00721
L1912-02647,NAME:AFFAIRES,1,co_membership,L1912-00721
L1912-02647,NAME:JUSTICE,1,co_membership,L1912-00721
L1912-02647,NAME:KHALDOUNIA,1,co_membership,L1912-00721
L1912-02647,NAME:LECORE CARPENLIER,1,co_membership,L1912-00721
L1912-02647,NAME:LEZZAM,1,co_membership,L1912-00721
L1912-02647,NAME:MINIS,1,co_membership,L1912-00721
L1912-02647,NAME:RESIDENT GENERAL,1,co_membership,L1912-00721
L1912-02685,NAME:AFFAIRES,1,co_membership,L1912-00721
L1912-02685,NAME:JUSTICE,1,co_membership,L1912-00721
L1912-02685,NAME:KHALDOUNIA,1,co_membership,L1912-00721
L1912-02685,NAME:LECORE CARPENLIER,1,co_membership,L1912-00721
L1912-02685,NAME:LEZZAM,1,co_membership,L1912-00721
L1912-02685,NAME:MINIS,1,co_membership,L1912-00721
L1912-02685,NAME:RESIDENT GENERAL,1,co_membership,L1912-00721
NAME:AFFAIRES,NAME:JUSTICE,1,co_membership,L1912-00721
NAME:AFFAIRES,NAME:KHALDOUNIA,1,co_membership,L1912-00721
NAME:AFFAIRES,NAME:LECORE CARPENLIER,1,co_membership,L1912-00721
NAME:AFFAIRES,NAME:LEZZAM,1,co_membership,L1912-00721
NAME:AFFAIRES,NAME:MINIS,1,co_membership,L1912-00721
NAME:AFFAIRES,NAME:RESIDENT GENERAL,1,co_membership,L1912-00721
NAME:JUSTICE,NAME:KHALDOUNIA,1,co_membership,L1912-00721
NAME:JUSTICE,NAME:LECORE CARPENLIER,1,co_membership,L1912-00721
NAME:JUSTICE,NAME:LEZZAM,1,co_membership,L1912-00721
NAME:JUSTICE,NAME:MINIS,1,co_membership,L1912-00721
NAME:JUSTICE,NAME:RESIDENT GENERAL,1,co_membership,L1912-00721
NAME:KHALDOUNIA,NAME:LECORE CARPENLIER,1,co_membership,L1912-00721
NAME:KHALDOUNIA,NAME:LEZZAM,1,co_membership,L1912-00721
NAME:KHALDOUNIA,NAME:MINIS,1,co_membership,L1912-00721
NAME:KHALDOUNIA,NAME:RESIDENT GENERAL,1,co_membership,L1912-00721
NAME:LECORE CARPENLIER,NAME:LEZZAM,1,co_membership,L1912-00721
NAME:LECORE CARPENLIER,NAME:MINIS,1,co_membership,L1912-00721
NAME:LECORE CARPENLIER,NAME:RESIDENT GENERAL,1,co_membership,L1912-00721
NAME:LEZZAM,NAME:MINIS,1,co_membership,L1912-00721
NAME:LEZZAM,NAME:RESIDENT GENERAL,1,co_membership,L1912-00721
NAME:MINIS,NAME:RESIDENT GENERAL,1,co_membership,L1912-00721
L1912-00524,L1912-01482,1,co_membership,L1912-00732
L1912-00524,L1912-02196,1,co_membership,L1912-00732
L1912-00524,NAME:AIN CL ASKER,1,co_membership,L1912-00732
L1912-00524,NAME:CARNET,1,co_membership,L1912-00732
L1912-00524,NAME:GOUBELLAT,1,co_membership,L1912-00732
L1912-00524,NAME:HENRI CBARVIN,1,co_membership,L1912-00732
L1912-00524,NAME:JACQUES,1,co_membership,L1912-00732
L1912-00524,NAME:MATEUR,1,co_membership,L1912-00732
L1912-00524,NAME:MESELON,1,co_membership,L1912-00732
L1912-00524,NAME:MNRT IMER,1,co_membership,L1912-00732
L1912-00524,NAME:ROUSSEAUX,1,co_membership,L1912-00732
L1912-00524,NAME:TEBOURBA,1,co_membership,L1912-00732
L1912-00524,NAME:VACON,1,co_membership,L1912-00732
L1912-01482,L1912-02196,1,co_membership,L1912-00732
L1912-01482,NAME:AIN CL ASKER,1,co_membership,L1912-00732
L1912-01482,NAME:CARNET,1,co_membership,L1912-00732
L1912-01482,NAME:GOUBELLAT,1,co_membership,L1912-00732
L1912-01482,NAME:HENRI CBARVIN,1,co_membership,L1912-00732
L1912-01482,NAME:JACQUES,1,co_membership,L1912-00732
L1912-01482,NAME:MATEUR,1,co_membership,L1912-00732
L1912-01482,NAME:MESELON,1,co_membership,L1912-00732
L1912-01482,NAME:MNRT IMER,1,co_membership,L1912-00732
L1912-01482,NAME:ROUSSEAUX,1,co_membership,L1912-00732
L1912-01482,NAME:TEBOURBA,1,co_membership,L1912-00732
L1912-01482,NAME:VACON,1,co_membership,L1912-00732
L1912-02196,NAME:AIN CL ASKER,1,co_membership,L1912-00732
L1912-02196,NAME:CARNET,1,co_membership,L1912-00732
L1912-02196,NAME:GOUBELLAT,1,co_membership,L1912-00732
L1912-02196,NAME:HENRI CBARVIN,1,co_membership,L1912-00732
L1912-02196,NAME:JACQUES,1,co_membership,L1912-00732
L1912-02196,NAME:MATEUR,1,co_membership,L1912-00732
L1912-02196,NAME:MESELON,1,co_membership,L1912-00732
L1912-02196,NAME:MNRT IMER,1,co_membership,L1912-00732
L1912-02196,NAME:ROUSSEAUX,1,co_membership,L1912-00732
L1912-02196,NAME:TEBOURBA,1,co_membership,L1912-00732
L1912-02196,NAME:VACON,1,co_membership,L1912-00732
NAME:AIN CL ASKER,NAME:CARNET,1,co_membership,L1912-00732
NAME:AIN CL ASKER,NAME:GOUBELLAT,1,co_membership,L1912-00732
NAME:AIN CL ASKER,NAME:HENRI CBARVIN,1,co_membership,L1912-00732
NAME:AIN CL ASKER,NAME:JACQUES,1,co_membership,L1912-00732
NAME:AIN CL ASKER,NAME:MATEUR,1,co_membership,L1912-00732
NAME:AIN CL ASKER,NAME:MESELON,1,co_membership,L1912-00732
NAME:AIN CL ASKER,NAME:MNRT IMER,1,co_membership,L1912-00732
NAME:AIN CL ASKER,NAME:ROUSSEAUX,1,co_membership,L1912-00732
NAME:AIN CL ASKER,NAME:TEBOURBA,1,co_membership,L1912-00732
NAME:AIN CL ASKER,NAME:VACON,1,co_membership,L1912-00732
NAME:CARNET,NAME:GOUBELLAT,1,co_membership,L1912-00732
NAME:CARNET,NAME:HENRI CBARVIN,1,co_membership,L1912-00732
NAME:CARNET,NAME:JACQUES,1,co_membership,L1912-00732
NAME:CARNET,NAME:MATEUR,1,co_membership,L1912-00732
NAME:CARNET,NAME:MESELON,1,co_membership,L1912-00732
NAME:CARNET,NAME:MNRT IMER,1,co_membership,L1912-00732
NAME:CARNET,NAME:ROUSSEAUX,1,co_membership,L1912-00732
NAME:CARNET,NAME:TEBOURBA,1,co_membership,L1912-00732
NAME:CARNET,NAME:VACON,1,co_membership,L1912-00732
NAME:GOUBELLAT,NAME:HENRI CBARVIN,1,co_membership,L1912-00732
NAME:GOUBELLAT,NAME:JACQUES,1,co_membership,L1912-00732
NAME:GOUBELLAT,NAME:MATEUR,1,co_membership,L1912-00732
NAME:GOUBELLAT,NAME:MESELON,1,co_membership,L1912-00732
NAME:GOUBELLAT,NAME:MNRT IMER,1,co_membership,L1912-00732
NAME:GOUBELLAT,NAME:ROUSSEAUX,1,co_membership,L1912-00732
NAME:GOUBELLAT,NAME:TEBOURBA,1,co_membership,L1912-00732
NAME:GOUBELLAT,NAME:VACON,1,co_membership,L1912-00732
NAME:HENRI CBARVIN,NAME:JACQUES,1,co_membership,L1912-00732
NAME:HENRI CBARVIN,NAME:MATEUR,1,co_membership,L1912-00732
NAME:HENRI CBARVIN,NAME:MESELON,1,co_membership,L1912-00732
NAME:HENRI CBARVIN,NAME:MNRT IMER,1,co_membership,L1912-00732
NAME:HENRI CBARVIN,NAME:ROUSSEAUX,1,co_membership,L1912-00732
NAME:HENRI CBARVIN,NAME:TEBOURBA,1,co_membership,L1912-00732
NAME:HENRI CBARVIN,NAME:VACON,1,co_membership,L1912-00732
NAME:JACQUES,NAME:MATEUR,1,co_membership,L1912-00732
NAME:JACQUES,NAME:MESELON,1,co_membership,L1912-00732
NAME:JACQUES,NAME:MNRT IMER,1,co_membership,L1912-00732
NAME:JACQUES,NAME:ROUSSEAUX,1,co_membership,L1912-00732
NAME:JACQUES,NAME:TEBOURBA,1,co_membership,L1912-00732
NAME:JACQUES,NAME:VACON,1,co_membership,L1912-00732
NAME:MATEUR,NAME:MESELON,1,co_membership,L1912-00732
NAME:MATEUR,NAME:MNRT IMER,1,co_membership,L1912-00732
NAME:MATEUR,NAME:ROUSSEAUX,1,co_membership,L1912-00732
NAME:MATEUR,NAME:TEBOURBA,1,co_membership,L1912-00732
NAME:MATEUR,NAME:VACON,1,co_membership,L1912-00732
NAME:MESELON,NAME:MNRT IMER,1,co_membership,L1912-00732
NAME:MESELON,NAME:ROUSSEAUX,1,co_membership,L1912-00732
NAME:MESELON,NAME:TEBOURBA,1,co_membership,L1912-00732
NAME:MESELON,NAME:VACON,1,co_membership,L1912-00732
NAME:MNRT IMER,NAME:ROUSSEAUX,1,co_membership,L1912-00732
NAME:MNRT IMER,NAME:TEBOURBA,1,co_membership,L1912-00732
NAME:MNRT IMER,NAME:VACON,1,co_membership,L1912-00732
NAME:ROUSSEAUX,NAME:TEBOURBA,1,co_membership,L1912-00732
NAME:TEBOURBA,NAME:VACON,1,co_membership,L1912-00732
NAME:COLONIE,NAME:ELIA,1,co_membership,L1912-00733
L1912-01657,L1912-02521,1,co_membership,L1912-00756
L1912-01657,NAME:BALESTRA,1,co_membership,L1912-00756
L1912-01657,NAME:BEY,1,co_membership,L1912-00756
L1912-01657,NAME:CADOLINI,1,co_membership,L1912-00756
L1912-01657,NAME:CARDORNA,1,co_membership,L1912-00756
L1912-01657,NAME:D BRAQUEHAYE,1,co_membership,L1912-00756
L1912-01657,NAME:DELIA SOMAGLIA,1,co_membership,L1912-00756
L1912-01657,NAME:FIDEI,1,co_membership,L1912-00756
L1912-01657,NAME:LABONNE,1,co_membership,L1912-00756
L1912-01657,NAME:LAGRENEE,1,co_membership,L1912-00756
L1912-01657,NAME:LUPACCHIOLI,1,co_membership,L1912-00756
L1912-01657,NAME:MAURIGI,1,co_membership,L1912-00756
L1912-01657,NAME:PICHON,1,co_membership,L1912-00756
L1912-01657,NAME:PONZEVERA,1,co_membership,L1912-00756
L1912-01657,NAME:TROLI,1,co_membership,L1912-00756
L1912-02521,NAME:BALESTRA,1,co_membership,L1912-00756
L1912-02521,NAME:BEY,1,co_membership,L1912-00756
L1912-02521,NAME:CADOLINI,1,co_membership,L1912-00756
L1912-02521,NAME:CARDORNA,1,co_membership,L1912-00756
L1912-02521,NAME:D BRAQUEHAYE,1,co_membership,L1912-00756
L1912-02521,NAME:DELIA SOMAGLIA,1,co_membership,L1912-00756
L1912-02521,NAME:FIDEI,1,co_membership,L1912-00756
L1912-02521,NAME:LABONNE,1,co_membership,L1912-00756
L1912-02521,NAME:LAGRENEE,1,co_membership,L1912-00756
L1912-02521,NAME:LUPACCHIOLI,1,co_membership,L1912-00756
L1912-02521,NAME:MAURIGI,1,co_membership,L1912-00756
L1912-02521,NAME:PICHON,1,co_membership,L1912-00756
L1912-02521,NAME:PONZEVERA,1,co_membership,L1912-00756
L1912-02521,NAME:TROLI,1,co_membership,L1912-00756
NAME:BALESTRA,NAME:BEY,1,co_membership,L1912-00756
NAME:BALESTRA,NAME:CADOLINI,1,co_membership,L1912-00756
NAME:BALESTRA,NAME:CARDORNA,1,co_membership,L1912-00756
NAME:BALESTRA,NAME:D BRAQUEHAYE,1,co_membership,L1912-00756
NAME:BALESTRA,NAME:DELIA SOMAGLIA,1,co_membership,L1912-00756
NAME:BALESTRA,NAME:FIDEI,1,co_membership,L1912-00756
NAME:BALESTRA,NAME:LABONNE,1,co_membership,L1912-00756
NAME:BALESTRA,NAME:LAGRENEE,1,co_membership,L1912-00756
NAME:BALESTRA,NAME:LUPACCHIOLI,1,co_membership,L1912-00756
NAME:BALESTRA,NAME:MAURIGI,1,co_membership,L1912-00756
NAME:BALESTRA,NAME:PICHON,1,co_membership,L1912-00756
NAME:BALESTRA,NAME:PONZEVERA,1,co_membership,L1912-00756
NAME:BALESTRA,NAME:TROLI,1,co_membership,L1912-00756
NAME:BEY,NAME:CADOLINI,1,co_membership,L1912-00756
NAME:BEY,NAME:CARDORNA,1,co_membership,L1912-00756
NAME:BEY,NAME:D BRAQUEHAYE,1,co_membership,L1912-00756
NAME:BEY,NAME:DELIA SOMAGLIA,1,co_membership,L1912-00756
NAME:BEY,NAME:FIDEI,1,co_membership,L1912-00756
NAME:BEY,NAME:LABONNE,1,co_membership,L1912-00756
NAME:BEY,NAME:LAGRENEE,1,co_membership,L1912-00756
NAME:BEY,NAME:LUPACCHIOLI,1,co_membership,L1912-00756
NAME:BEY,NAME:MAURIGI,1,co_membership,L1912-00756
NAME:BEY,NAME:PICHON,1,co_membership,L1912-00756
NAME:BEY,NAME:PONZEVERA,1,co_membership,L1912-00756
NAME:BEY,NAME:TROLI,1,co_membership,L1912-00756
NAME:CADOLINI,NAME:CARDORNA,1,co_membership,L1912-00756
NAME:CADOLINI,NAME:D BRAQUEHAYE,1,co_membership,L1912-00756
NAME:CADOLINI,NAME:DELIA SOMAGLIA,1,co_membership,L1912-00756
NAME:CADOLINI,NAME:FIDEI,1,co_membership,L1912-00756
NAME:CADOLINI,NAME:LABONNE,1,co_membership,L1912-00756
NAME:CADOLINI,NAME:LAGRENEE,1,co_membership,L1912-00756
NAME:CADOLINI,NAME:LUPACCHIOLI,1,co_membership,L1912-00756
NAME:CADOLINI,NAME:MAURIGI,1,co_membership,L1912-00756
NAME:CADOLINI,NAME:PICHON,1,co_membership,L1912-00756
NAME:CADOLINI,NAME:PONZEVERA,1,co_membership,L1912-00756
NAME:CADOLINI,NAME:TROLI,1,co_membership,L1912-00756
NAME:CARDORNA,NAME:D BRAQUEHAYE,1,co_membership,L1912-00756
NAME:CARDORNA,NAME:DELIA SOMAGLIA,1,co_membership,L1912-00756
NAME:CARDORNA,NAME:FIDEI,1,co_membership,L1912-00756
NAME:CARDORNA,NAME:LABONNE,1,co_membership,L1912-00756
NAME:CARDORNA,NAME:LAGRENEE,1,co_membership,L1912-00756
NAME:CARDORNA,NAME:LUPACCHIOLI,1,co_membership,L1912-00756
NAME:CARDORNA,NAME:MAURIGI,1,co_membership,L1912-00756
NAME:CARDORNA,NAME:PICHON,1,co_membership,L1912-00756
NAME:CARDORNA,NAME:PONZEVERA,1,co_membership,L1912-00756
NAME:CARDORNA,NAME:TROLI,1,co_membership,L1912-00756
NAME:D BRAQUEHAYE,NAME:DELIA SOMAGLIA,1,co_membership,L1912-00756
NAME:D BRAQUEHAYE,NAME:FIDEI,1,co_membership,L1912-00756
NAME:D BRAQUEHAYE,NAME:LABONNE,1,co_membership,L1912-00756
NAME:D BRAQUEHAYE,NAME:LAGRENEE,1,co_membership,L1912-00756
NAME:D BRAQUEHAYE,NAME:LUPACCHIOLI,1,co_membership,L1912-00756
NAME:D BRAQUEHAYE,NAME:MAURIGI,1,co_membership,L1912-00756
NAME:D BRAQUEHAYE,NAME:PICHON,1,co_membership,L1912-00756
NAME:D BRAQUEHAYE,NAME:PONZEVERA,1,co_membership,L1912-00756
NAME:D BRAQUEHAYE,NAME:TROLI,1,co_membership,L1912-00756
NAME:DELIA SOMAGLIA,NAME:FIDEI,1,co_membership,L1912-00756
NAME:DELIA SOMAGLIA,NAME:LABONNE,1,co_membership,L1912-00756
NAME:DELIA SOMAGLIA,NAME:LAGRENEE,1,co_membership,L1912-00756
NAME:DELIA SOMAGLIA,NAME:LUPACCHIOLI,1,co_membership,L1912-00756
NAME:DELIA SOMAGLIA,NAME:MAURIGI,1,co_membership,L1912-00756
NAME:DELIA SOMAGLIA,NAME:PICHON,1,co_membership,L1912-00756
NAME:DELIA SOMAGLIA,NAME:PONZEVERA,1,co_membership,L1912-00756
NAME:DELIA SOMAGLIA,NAME:TROLI,1,co_membership,L1912-00756
NAME:FIDEI,NAME:LABONNE,1,co_membership,L1912-00756
NAME:FIDEI,NAME:LAGRENEE,1,co_membership,L1912-00756
NAME:FIDEI,NAME:LUPACCHIOLI,1,co_membership,L1912-00756
NAME:FIDEI,NAME:MAURIGI,1,co_membership,L1912-00756
NAME:FIDEI,NAME:PICHON,1,co_membership,L1912-00756
NAME:FIDEI,NAME:PONZEVERA,1,co_membership,L1912-00756
NAME:FIDEI,NAME:TROLI,1,co_membership,L1912-00756
NAME:LABONNE,NAME:LAGRENEE,1,co_membership,L1912-00756
NAME:LABONNE,NAME:LUPACCHIOLI,1,co_membership,L1912-00756
NAME:LABONNE,NAME:MAURIGI,1,co_membership,L1912-00756
NAME:LABONNE,NAME:PICHON,1,co_membership,L1912-00756
NAME:LABONNE,NAME:PONZEVERA,1,co_membership,L1912-00756
NAME:LABONNE,NAME:TROLI,1,co_membership,L1912-00756
NAME:LAGRENEE,NAME:LUPACCHIOLI,1,co_membership,L1912-00756
NAME:LAGRENEE,NAME:MAURIGI,1,co_membership,L1912-00756
NAME:LAGRENEE,NAME:PICHON,1,co_membership,L1912-00756
NAME:LAGRENEE,NAME:PONZEVERA,1,co_membership,L1912-00756
NAME:LAGRENEE,NAME:TROLI,1,co_membership,L1912-00756
NAME:LUPACCHIOLI,NAME:MAURIGI,1,co_membership,L1912-00756
NAME:LUPACCHIOLI,NAME:PICHON,1,co_membership,L1912-00756
NAME:LUPACCHIOLI,NAME:PONZEVERA,1,co_membership,L1912-00756
NAME:LUPACCHIOLI,NAME:TROLI,1,co_membership,L1912-00756
NAME:MAURIGI,NAME:PICHON,1,co_membership,L1912-00756
NAME:MAURIGI,NAME:PONZEVERA,1,co_membership,L1912-00756
NAME:MAURIGI,NAME:TROLI,1,co_membership,L1912-00756
NAME:PICHON,NAME:PONZEVERA,1,co_membership,L1912-00756
NAME:PICHON,NAME:TROLI,1,co_membership,L1912-00756
NAME:PONZEVERA,NAME:TROLI,1,co_membership,L1912-00756
L1912-00731,L1912-02203,1,co_membership,L1912-00757
L1912-00731,NAME:CATANIA,1,co_membership,L1912-00757
L1912-00731,NAME:GUODAGNINO,1,co_membership,L1912-00757
L1912-00731,NAME:SORIA,1,co_membership,L1912-00757
L1912-00731,NAME:STEPHANINI,1,co_membership,L1912-00757
L1912-02203,NAME:CATANIA,1,co_membership,L1912-00757
L1912-02203,NAME:GUODAGNINO,1,co_membership,L1912-00757
L1912-02203,NAME:SORIA,1,co_membership,L1912-00757
L1912-02203,NAME:STEPHANINI,1,co_membership,L1912-00757
NAME:CATANIA,NAME:GUODAGNINO,1,co_membership,L1912-00757
NAME:CATANIA,NAME:SORIA,1,co_membership,L1912-00757
NAME:CATANIA,NAME:STEPHANINI,1,co_membership,L1912-00757
NAME:GUODAGNINO,NAME:SORIA,1,co_membership,L1912-00757
NAME:GUODAGNINO,NAME:STEPHANINI,1,co_membership,L1912-00757
NAME:SORIA,NAME:STEPHANINI,1,co_membership,L1912-00757
L1912-00281,L1912-02659,1,co_membership,L1912-01073
L1912-00281,NAME:BLANC,1,co_membership,L1912-01073
L1912-00281,NAME:BOURREL,1,co_membership,L1912-01073
L1912-00281,NAME:CARBONNEL,1,co_membership,L1912-01073
L1912-00281,NAME:COURTADE F,1,co_membership,L1912-01073
L1912-00281,NAME:GROS,1,co_membership,L1912-01073
L1912-00281,NAME:MALIS,1,co_membership,L1912-01073
L1912-00281,NAME:MARLINOLLES,1,co_membership,L1912-01073
L1912-02659,NAME:BLANC,1,co_membership,L1912-01073
L1912-02659,NAME:BOURREL,1,co_membership,L1912-01073
L1912-02659,NAME:CARBONNEL,1,co_membership,L1912-01073
L1912-02659,NAME:COURTADE F,1,co_membership,L1912-01073
L1912-02659,NAME:GROS,1,co_membership,L1912-01073
L1912-02659,NAME:MALIS,1,co_membership,L1912-01073
L1912-02659,NAME:MARLINOLLES,1,co_membership,L1912-01073
NAME:BLANC,NAME:BOURREL,1,co_membership,L1912-01073
NAME:BLANC,NAME:CARBONNEL,1,co_membership,L1912-01073
NAME:BLANC,NAME:COURTADE F,1,co_membership,L1912-01073
NAME:BLANC,NAME:GROS,1,co_membership,L1912-01073
NAME:BLANC,NAME:MALIS,1,co_membership,L1912-01073
NAME:BLANC,NAME:MARLINOLLES,1,co_membership,L1912-01073
NAME:BOURREL,NAME:CARBONNEL,1,co_membership,L1912-01073
NAME:BOURREL,NAME:COURTADE F,1,co_membership,L1912-01073
NAME:BOURREL,NAME:GROS,1,co_membership,L1912-01073
NAME:BOURREL,NAME:MALIS,1,co_membership,L1912-01073
NAME:BOURREL,NAME:MARLINOLLES,1,co_membership,L1912-01073
NAME:CARBONNEL,NAME:COURTADE F,1,co_membership,L1912-01073
NAME:CARBONNEL,NAME:GROS,1,co_membership,L1912-01073
NAME:CARBONNEL,NAME:MALIS,1,co_membership,L1912-01073
NAME:CARBONNEL,NAME:MARLINOLLES,1,co_membership,L1912-01073
NAME:COURTADE F,NAME:GROS,1,co_membership,L1912-01073
NAME:COURTADE F,NAME:MALIS,1,co_membership,L1912-01073
NAME:COURTADE F,NAME:MARLINOLLES,1,co_membership,L1912-01073
NAME:GROS,NAME:MALIS,1,co_membership,L1912-01073
NAME:GROS,NAME:MARLINOLLES,1,co_membership,L1912-01073
NAME:MALIS,NAME:MARLINOLLES,1,co_membership,L1912-01073
NAME:COSTE,NAME:E COSTE,1,co_membership,L1912-01075
L1912-00259,L1912-00699,1,co_membership,L1912-01126
L1912-00259,L1912-00961,1,co_membership,L1912-01126
L1912-00259,L1912-02213,1,co_membership,L1912-01126
L1912-00259,NAME:CORDIER,1,co_membership,L1912-01126
L1912-00699,L1912-02213,1,co_membership,L1912-01126
L1912-00699,NAME:CORDIER,1,co_membership,L1912-01126
L1912-00961,L1912-02213,1,co_membership,L1912-01126
L1912-00961,NAME:CORDIER,1,co_membership,L1912-01126
L1912-02213,NAME:CORDIER,1,co_membership,L1912-01126
L1912-02019,NAME:FAIVRE,1,co_membership,L1912-01195
L1912-02019,NAME:GALLEY,1,co_membership,L1912-01195
NAME:FAIVRE,NAME:GALLEY,1,co_membership,L1912-01195
NAME:BLANC,NAME:BRAQUEHAYE,1,co_membership,L1912-01416
L1912-00406,L1912-00477,1,co_membership,L1912-01417
L1912-00406,L1912-01099,1,co_membership,L1912-01417
L1912-00406,NAME:CAFTAN,1,co_membership,L1912-01417
L1912-00406,NAME:CASANELLO,1,co_membership,L1912-01417
L1912-00406,NAME:MOSSE,1,co_membership,L1912-01417
L1912-00477,L1912-01099,1,co_membership,L1912-01417
L1912-00477,NAME:CAFTAN,1,co_membership,L1912-01417
L1912-00477,NAME:CASANELLO,1,co_membership,L1912-01417
L1912-00477,NAME:MOSSE,1,co_membership,L1912-01417
L1912-01099,NAME:CAFTAN,1,co_membership,L1912-01417
L1912-01099,NAME:CASANELLO,1,co_membership,L1912-01417
L1912-01099,NAME:MOSSE,1,co_membership,L1912-01417
NAME:CAFTAN,NAME:CASANELLO,1,co_membership,L1912-01417
NAME:CAFTAN,NAME:MOSSE,1,co_membership,L1912-01417
NAME:CASANELLO,NAME:MOSSE,1,co_membership,L1912-01417
L1912-01515,NAME:DJEMAIA,1,co_membership,L1912-01419
L1912-01515,NAME:FINANCES,1,co_membership,L1912-01419
NAME:DJEMAIA,NAME:FINANCES,1,co_membership,L1912-01419
L1912-00319,L1912-00473,1,co_membership,L1912-01457
L1912-00319,L1912-00504,1,co_membership,L1912-01457
L1912-00319,L1912-00685,1,co_membership,L1912-01457
L1912-00319,L1912-01281,1,co_membership,L1912-01457
L1912-00319,L1912-01481,1,co_membership,L1912-01457
L1912-00319,L1912-01502,1,co_membership,L1912-01457
L1912-00319,L1912-02160,1,co_membership,L1912-01457
L1912-00319,L1912-02321,1,co_membership,L1912-01457
L1912-00319,L1912-02330,1,co_membership,L1912-01457
L1912-00319,L1912-02655,1,co_membership,L1912-01457
L1912-00319,NAME:ARTS,1,co_membership,L1912-01457
L1912-00319,NAME:COLLEGE ALAOUI,1,co_membership,L1912-01457
L1912-00319,NAME:REVUE,1,co_membership,L1912-01457
L1912-00319,NAME:SCIENCES,1,co_membership,L1912-01457
L1912-00319,NAME:SERL,1,co_membership,L1912-01457
L1912-00319,NAME:TRAVAIL,1,co_membership,L1912-01457
L1912-00473,L1912-00504,1,co_membership,L1912-01457
L1912-00473,L1912-00685,1,co_membership,L1912-01457
L1912-00473,L1912-01281,1,co_membership,L1912-01457
L1912-00473,L1912-01481,1,co_membership,L1912-01457
L1912-00473,L1912-01502,1,co_membership,L1912-01457
L1912-00473,L1912-02160,1,co_membership,L1912-01457
L1912-00473,L1912-02321,1,co_membership,L1912-01457
L1912-00473,L1912-02330,1,co_membership,L1912-01457
L1912-00473,L1912-02655,1,co_membership,L1912-01457
L1912-00473,NAME:ARTS,1,co_membership,L1912-01457
L1912-00473,NAME:COLLEGE ALAOUI,1,co_membership,L1912-01457
L1912-00473,NAME:REVUE,1,co_membership,L1912-01457
L1912-00473,NAME:SCIENCES,1,co_membership,L1912-01457
L1912-00473,NAME:SERL,1,co_membership,L1912-01457
L1912-00473,NAME:TRAVAIL,1,co_membership,L1912-01457
L1912-00504,L1912-00685,1,co_membership,L1912-01457
L1912-00504,L1912-01281,1,co_membership,L1912-01457
L1912-00504,L1912-01481,1,co_membership,L1912-01457
L1912-00504,L1912-01502,1,co_membership,L1912-01457
L1912-00504,L1912-02160,1,co_membership,L1912-01457
L1912-00504,L1912-02321,1,co_membership,L1912-01457
L1912-00504,L1912-02330,1,co_membership,L1912-01457
L1912-00504,L1912-02655,1,co_membership,L1912-01457
L1912-00504,NAME:ARTS,1,co_membership,L1912-01457
L1912-00504,NAME:COLLEGE ALAOUI,1,co_membership,L1912-01457
L1912-00504,NAME:REVUE,1,co_membership,L1912-01457
L1912-00504,NAME:SCIENCES,1,co_membership,L1912-01457
L1912-00504,NAME:SERL,1,co_membership,L1912-01457
L1912-00504,NAME:TRAVAIL,1,co_membership,L1912-01457
L1912-00685,L1912-01281,1,co_membership,L1912-01457
L1912-00685,L1912-01481,1,co_membership,L1912-01457
L1912-00685,L1912-01502,1,co_membership,L1912-01457
L1912-00685,L1912-02160,1,co_membership,L1912-01457
L1912-00685,L1912-02321,1,co_membership,L1912-01457
L1912-00685,L1912-02330,1,co_membership,L1912-01457
L1912-00685,L1912-02655,1,co_membership,L1912-01457
L1912-00685,NAME:ARTS,1,co_membership,L1912-01457
L1912-00685,NAME:COLLEGE ALAOUI,1,co_membership,L1912-01457
L1912-00685,NAME:REVUE,1,co_membership,L1912-01457
L1912-00685,NAME:SCIENCES,1,co_membership,L1912-01457
L1912-00685,NAME:SERL,1,co_membership,L1912-01457
L1912-00685,NAME:TRAVAIL,1,co_membership,L1912-01457
L1912-01281,L1912-01481,1,co_membership,L1912-01457
L1912-01281,L1912-01502,1,co_membership,L1912-01457
L1912-01281,L1912-02160,1,co_membership,L1912-01457
L1912-01281,L1912-02321,1,co_membership,L1912-01457
L1912-01281,L1912-02330,1,co_membership,L1912-01457
L1912-01281,L1912-02655,1,co_membership,L1912-01457
L1912-01281,NAME:ARTS,1,co_membership,L1912-01457
L1912-01281,NAME:COLLEGE ALAOUI,1,co_membership,L1912-01457
L1912-01281,NAME:REVUE,1,co_membership,L1912-01457
L1912-01281,NAME:SCIENCES,1,co_membership,L1912-01457
L1912-01281,NAME:SERL,1,co_membership,L1912-01457
L1912-01281,NAME:TRAVAIL,1,co_membership,L1912-01457
L1912-01481,L1912-01502,1,co_membership,L1912-01457
L1912-01481,L1912-02160,1,co_membership,L1912-01457
L1912-01481,L1912-02321,1,co_membership,L1912-01457
L1912-01481,L1912-02330,1,co_membership,L1912-01457
L1912-01481,L1912-02655,1,co_membership,L1912-01457
L1912-01481,NAME:ARTS,1,co_membership,L1912-01457
L1912-01481,NAME:COLLEGE ALAOUI,1,co_membership,L1912-01457
L1912-01481,NAME:REVUE,1,co_membership,L1912-01457
L1912-01481,NAME:SCIENCES,1,co_membership,L1912-01457
L1912-01481,NAME:SERL,1,co_membership,L1912-01457
L1912-01481,NAME:TRAVAIL,1,co_membership,L1912-01457
L1912-01502,L1912-02160,1,co_membership,L1912-01457
L1912-01502,L1912-02321,1,co_membership,L1912-01457
L1912-01502,L1912-02330,1,co_membership,L1912-01457
L1912-01502,L1912-02655,1,co_membership,L1912-01457
L1912-01502,NAME:ARTS,1,co_membership,L1912-01457
L1912-01502,NAME:COLLEGE ALAOUI,1,co_membership,L1912-01457
L1912-01502,NAME:REVUE,1,co_membership,L1912-01457
L1912-01502,NAME:SCIENCES,1,co_membership,L1912-01457
L1912-01502,NAME:SERL,1,co_membership,L1912-01457
L1912-01502,NAME:TRAVAIL,1,co_membership,L1912-01457
L1912-02160,L1912-02321,1,co_membership,L1912-01457
L1912-02160,L1912-02330,1,co_membership,L1912-01457
L1912-02160,L1912-02655,1,co_membership,L1912-01457
L1912-02160,NAME:ARTS,1,co_membership,L1912-01457
L1912-02160,NAME:COLLEGE ALAOUI,1,co_membership,L1912-01457
L1912-02160,NAME:REVUE,1,co_membership,L1912-01457
L1912-02160,NAME:SCIENCES,1,co_membership,L1912-01457
L1912-02160,NAME:SERL,1,co_membership,L1912-01457
L1912-02160,NAME:TRAVAIL,1,co_membership,L1912-01457
L1912-02321,L1912-02330,1,co_membership,L1912-01457
L1912-02321,L1912-02655,1,co_membership,L1912-01457
L1912-02321,NAME:ARTS,1,co_membership,L1912-01457
L1912-02321,NAME:COLLEGE ALAOUI,1,co_membership,L1912-01457
L1912-02321,NAME:REVUE,1,co_membership,L1912-01457
L1912-02321,NAME:SCIENCES,1,co_membership,L1912-01457
L1912-02321,NAME:SERL,1,co_membership,L1912-01457
L1912-02321,NAME:TRAVAIL,1,co_membership,L1912-01457
L1912-02330,L1912-02655,1,co_membership,L1912-01457
L1912-02330,NAME:ARTS,1,co_membership,L1912-01457
L1912-02330,NAME:COLLEGE ALAOUI,1,co_membership,L1912-01457
L1912-02330,NAME:REVUE,1,co_membership,L1912-01457
L1912-02330,NAME:SCIENCES,1,co_membership,L1912-01457
L1912-02330,NAME:SERL,1,co_membership,L1912-01457
L1912-02330,NAME:TRAVAIL,1,co_membership,L1912-01457
L1912-02655,NAME:ARTS,1,co_membership,L1912-01457
L1912-02655,NAME:COLLEGE ALAOUI,1,co_membership,L1912-01457
L1912-02655,NAME:REVUE,1,co_membership,L1912-01457
L1912-02655,NAME:SCIENCES,1,co_membership,L1912-01457
L1912-02655,NAME:SERL,1,co_membership,L1912-01457
L1912-02655,NAME:TRAVAIL,1,co_membership,L1912-01457
NAME:ARTS,NAME:COLLEGE ALAOUI,1,co_membership,L1912-01457
NAME:ARTS,NAME:REVUE,1,co_membership,L1912-01457
NAME:ARTS,NAME:SCIENCES,1,co_membership,L1912-01457
NAME:ARTS,NAME:SERL,1,co_membership,L1912-01457
NAME:ARTS,NAME:TRAVAIL,1,co_membership,L1912-01457
NAME:COLLEGE ALAOUI,NAME:REVUE,1,co_membership,L1912-01457
NAME:COLLEGE ALAOUI,NAME:SCIENCES,1,co_membership,L1912-01457
NAME:COLLEGE ALAOUI,NAME:SERL,1,co_membership,L1912-01457
NAME:COLLEGE ALAOUI,NAME:TRAVAIL,1,co_membership,L1912-01457
NAME:REVUE,NAME:SCIENCES,1,co_membership,L1912-01457
NAME:REVUE,NAME:SERL,1,co_membership,L1912-01457
NAME:REVUE,NAME:TRAVAIL,1,co_membership,L1912-01457
NAME:SCIENCES,NAME:SERL,1,co_membership,L1912-01457
NAME:SCIENCES,NAME:TRAVAIL,1,co_membership,L1912-01457
NAME:SERL,NAME:TRAVAIL,1,co_membership,L1912-01457
L1912-01637,NAME:MATEUR BEJA GOUBELLAT,1,co_membership,L1912-01459
NAME:CURIEL,NAME:MONTES,1,co_membership,L1912-01602
NAME:CURIEL,NAME:SENG,1,co_membership,L1912-01602
NAME:MONTES,NAME:SENG,1,co_membership,L1912-01602
L1912-00699,L1912-01645,1,co_membership,L1912-01624
NAME:CNLNBRE,NAME:MEDAILLE,1,co_membership,L1912-01876
L1912-00271,L1912-01428,1,co_membership,L1912-01877
L1912-00271,L1912-02318,1,co_membership,L1912-01877
L1912-00271,L1912-02603,1,co_membership,L1912-01877
L1912-00271,NAME:ELIE,1,co_membership,L1912-01877
L1912-00271,NAME:ELIE KHNYNL,1,co_membership,L1912-01877
L1912-00271,NAME:FELIX SFEZ,1,co_membership,L1912-01877
L1912-00271,NAME:FITOUS,1,co_membership,L1912-01877
L1912-00271,NAME:SAUVEUR KISRA OUI,1,co_membership,L1912-01877
L1912-01428,L1912-02318,1,co_membership,L1912-01877
L1912-01428,L1912-02391,1,co_membership,L1912-01877
L1912-01428,L1912-02603,1,co_membership,L1912-01877
L1912-01428,NAME:ELIE,1,co_membership,L1912-01877
L1912-01428,NAME:ELIE KHNYNL,1,co_membership,L1912-01877
L1912-01428,NAME:FELIX SFEZ,1,co_membership,L1912-01877
L1912-01428,NAME:FITOUS,1,co_membership,L1912-01877
L1912-01428,NAME:SAUVEUR KISRA OUI,1,co_membership,L1912-01877
L1912-02318,L1912-02391,1,co_membership,L1912-01877
L1912-02318,L1912-02603,1,co_membership,L1912-01877
L1912-02318,NAME:ELIE,1,co_membership,L1912-01877
L1912-02318,NAME:ELIE KHNYNL,1,co_membership,L1912-01877
L1912-02318,NAME:FELIX SFEZ,1,co_membership,L1912-01877
L1912-02318,NAME:FITOUS,1,co_membership,L1912-01877
L1912-02318,NAME:SAUVEUR KISRA OUI,1,co_membership,L1912-01877
L1912-02391,L1912-02603,1,co_membership,L1912-01877
L1912-02391,NAME:ELIE,1,co_membership,L1912-01877
L1912-02391,NAME:ELIE KHNYNL,1,co_membership,L1912-01877
L1912-02391,NAME:FELIX SFEZ,1,co_membership,L1912-01877
L1912-02391,NAME:FITOUS,1,co_membership,L1912-01877
L1912-02391,NAME:SAUVEUR KISRA OUI,1,co_membership,L1912-01877
L1912-02603,NAME:ELIE,1,co_membership,L1912-01877
L1912-02603,NAME:ELIE KHNYNL,1,co_membership,L1912-01877
L1912-02603,NAME:FELIX SFEZ,1,co_membership,L1912-01877
L1912-02603,NAME:FITOUS,1,co_membership,L1912-01877
L1912-02603,NAME:SAUVEUR KISRA OUI,1,co_membership,L1912-01877
NAME:ELIE,NAME:ELIE KHNYNL,1,co_membership,L1912-01877
NAME:ELIE,NAME:FELIX SFEZ,1,co_membership,L1912-01877
NAME:ELIE,NAME:FITOUS,1,co_membership,L1912-01877
NAME:ELIE,NAME:SAUVEUR KISRA OUI,1,co_membership,L1912-01877
NAME:ELIE KHNYNL,NAME:FELIX SFEZ,1,co_membership,L1912-01877
NAME:ELIE KHNYNL,NAME:FITOUS,1,co_membership,L1912-01877
NAME:ELIE KHNYNL,NAME:SAUVEUR KISRA OUI,1,co_membership,L1912-01877
NAME:FELIX SFEZ,NAME:FITOUS,1,co_membership,L1912-01877
NAME:FELIX SFEZ,NAME:SAUVEUR KISRA OUI,1,co_membership,L1912-01877
NAME:FITOUS,NAME:SAUVEUR KISRA OUI,1,co_membership,L1912-01877
L1912-00428,L1912-02397,1,co_membership,L1912-02005
L1912-00428,NAME:A BONAN,1,co_membership,L1912-02005
L1912-00428,NAME:D COHEN TANUDJI,1,co_membership,L1912-02005
L1912-00428,NAME:I ABEASIS ET V SLAMA,1,co_membership,L1912-02005
L1912-00428,NAME:MAIMOUN,1,co_membership,L1912-02005
L1912-00428,NAME:MAURICE ATTAL,1,co_membership,L1912-02005
L1912-00428,NAME:N M AYEB,1,co_membership,L1912-02005
L1912-00428,NAME:S HAGEGE,1,co_membership,L1912-02005
L1912-00428,NAME:VICTOR LUMBROSO,1,co_membership,L1912-02005
L1912-02397,NAME:A BONAN,1,co_membership,L1912-02005
L1912-02397,NAME:D COHEN TANUDJI,1,co_membership,L1912-02005
L1912-02397,NAME:I ABEASIS ET V SLAMA,1,co_membership,L1912-02005
L1912-02397,NAME:MAIMOUN,1,co_membership,L1912-02005
L1912-02397,NAME:MAURICE ATTAL,1,co_membership,L1912-02005
L1912-02397,NAME:N M AYEB,1,co_membership,L1912-02005
L1912-02397,NAME:S HAGEGE,1,co_membership,L1912-02005
L1912-02397,NAME:VICTOR LUMBROSO,1,co_membership,L1912-02005
NAME:A BONAN,NAME:D COHEN TANUDJI,1,co_membership,L1912-02005
NAME:A BONAN,NAME:I ABEASIS ET V SLAMA,1,co_membership,L1912-02005
NAME:A BONAN,NAME:MAIMOUN,1,co_membership,L1912-02005
NAME:A BONAN,NAME:MAURICE ATTAL,1,co_membership,L1912-02005
NAME:A BONAN,NAME:N M AYEB,1,co_membership,L1912-02005
NAME:A BONAN,NAME:S HAGEGE,1,co_membership,L1912-02005
NAME:A BONAN,NAME:VICTOR LUMBROSO,1,co_membership,L1912-02005
NAME:D COHEN TANUDJI,NAME:I ABEASIS ET V SLAMA,1,co_membership,L1912-02005
NAME:D COHEN TANUDJI,NAME:MAIMOUN,1,co_membership,L1912-02005
NAME:D COHEN TANUDJI,NAME:MAURICE ATTAL,1,co_membership,L1912-02005
NAME:D COHEN TANUDJI,NAME:N M AYEB,1,co_membership,L1912-02005
NAME:D COHEN TANUDJI,NAME:S HAGEGE,1,co_membership,L1912-02005
NAME:D COHEN TANUDJI,NAME:VICTOR LUMBROSO,1,co_membership,L1912-02005
NAME:I ABEASIS ET V SLAMA,NAME:MAIMOUN,1,co_membership,L1912-02005
NAME:I ABEASIS ET V SLAMA,NAME:MAURICE ATTAL,1,co_membership,L1912-02005
NAME:I ABEASIS ET V SLAMA,NAME:N M AYEB,1,co_membership,L1912-02005
NAME:I ABEASIS ET V SLAMA,NAME:S HAGEGE,1,co_membership,L1912-02005
NAME:I ABEASIS ET V SLAMA,NAME:VICTOR LUMBROSO,1,co_membership,L1912-02005
NAME:MAIMOUN,NAME:MAURICE ATTAL,1,co_membership,L1912-02005
NAME:MAIMOUN,NAME:N M AYEB,1,co_membership,L1912-02005
NAME:MAIMOUN,NAME:S HAGEGE,1,co_membership,L1912-02005
NAME:MAIMOUN,NAME:VICTOR LUMBROSO,1,co_membership,L1912-02005
NAME:MAURICE ATTAL,NAME:N M AYEB,1,co_membership,L1912-02005
NAME:MAURICE ATTAL,NAME:S HAGEGE,1,co_membership,L1912-02005
NAME:MAURICE ATTAL,NAME:VICTOR LUMBROSO,1,co_membership,L1912-02005
NAME:N M AYEB,NAME:S HAGEGE,1,co_membership,L1912-02005
NAME:N M AYEB,NAME:VICTOR LUMBROSO,1,co_membership,L1912-02005
NAME:S HAGEGE,NAME:VICTOR LUMBROSO,1,co_membership,L1912-02005
L1912-00570,L1912-00765,1,co_membership,L1912-02301
L1912-00570,L1912-00970,1,co_membership,L1912-02301
L1912-00570,L1912-01579,1,co_membership,L1912-02301
L1912-00570,NAME:MARCHEGAY,1,co_membership,L1912-02301
L1912-00570,NAME:S REVOLON,1,co_membership,L1912-02301
L1912-00765,L1912-00970,1,co_membership,L1912-02301
L1912-00765,L1912-01579,1,co_membership,L1912-02301
L1912-00765,NAME:MARCHEGAY,1,co_membership,L1912-02301
L1912-00765,NAME:S REVOLON,1,co_membership,L1912-02301
L1912-00970,L1912-01579,1,co_membership,L1912-02301
L1912-00970,NAME:MARCHEGAY,1,co_membership,L1912-02301
L1912-00970,NAME:S REVOLON,1,co_membership,L1912-02301
L1912-01579,NAME:MARCHEGAY,1,co_membership,L1912-02301
L1912-01579,NAME:S REVOLON,1,co_membership,L1912-02301
NAME:MARCHEGAY,NAME:S REVOLON,1,co_membership,L1912-02301
L1912-00762,L1912-00964,1,co_membership,L1912-02303
L1912-00762,L1912-01475,1,co_membership,L1912-02303
L1912-00762,L1912-01607,1,co_membership,L1912-02303
L1912-00762,L1912-02391,1,co_membership,L1912-02303
L1912-00762,NAME:ALIX,1,co_membership,L1912-02303
L1912-00762,NAME:DIVE,1,co_membership,L1912-02303
L1912-00762,NAME:J MOULIN,1,co_membership,L1912-02303
L1912-00964,L1912-01475,1,co_membership,L1912-02303
L1912-00964,L1912-01607,1,co_membership,L1912-02303
L1912-00964,L1912-02391,1,co_membership,L1912-02303
L1912-00964,NAME:ALIX,1,co_membership,L1912-02303
L1912-00964,NAME:DIVE,1,co_membership,L1912-02303
L1912-00964,NAME:J MOULIN,1,co_membership,L1912-02303
L1912-01475,L1912-01607,1,co_membership,L1912-02303
L1912-01475,L1912-02391,1,co_membership,L1912-02303
L1912-01475,NAME:ALIX,1,co_membership,L1912-02303
L1912-01475,NAME:DIVE,1,co_membership,L1912-02303
L1912-01475,NAME:J MOULIN,1,co_membership,L1912-02303
L1912-01607,L1912-02391,1,co_membership,L1912-02303
L1912-01607,NAME:ALIX,1,co_membership,L1912-02303
L1912-01607,NAME:DIVE,1,co_membership,L1912-02303
L1912-01607,NAME:J MOULIN,1,co_membership,L1912-02303
L1912-02391,NAME:ALIX,1,co_membership,L1912-02303
L1912-02391,NAME:DIVE,1,co_membership,L1912-02303
L1912-02391,NAME:J MOULIN,1,co_membership,L1912-02303
NAME:ALIX,NAME:DIVE,1,co_membership,L1912-02303
NAME:ALIX,NAME:J MOULIN,1,co_membership,L1912-02303
NAME:DIVE,NAME:J MOULIN,1,co_membership,L1912-02303
L1912-00311,L1912-00718,1,co_membership,L1912-02401
L1912-00311,L1912-00832,1,co_membership,L1912-02401
L1912-00311,L1912-01210,1,co_membership,L1912-02401
L1912-00311,L1912-01579,1,co_membership,L1912-02401
L1912-00311,L1912-02211,1,co_membership,L1912-02401
L1912-00311,NAME:ANGELI,1,co_membership,L1912-02401
L1912-00311,NAME:BALOUZAT,1,co_membership,L1912-02401
L1912-00311,NAME:BARRION,1,co_membership,L1912-02401
L1912-00311,NAME:CAPET,1,co_membership,L1912-02401
L1912-00311,NAME:CHEVAL,1,co_membership,L1912-02401
L1912-00311,NAME:CLAVE,1,co_membership,L1912-02401
L1912-00311,NAME:DIIUAYO,1,co_membership,L1912-02401
L1912-00311,NAME:FRAYSSINEL,1,co_membership,L1912-02401
L1912-00311,NAME:GAUVRY,1,co_membership,L1912-02401
L1912-00311,NAME:GRISCELLI,1,co_membership,L1912-02401
L1912-00311,NAME:NEAU,1,co_membership,L1912-02401
L1912-00311,NAME:O VARGUES,1,co_membership,L1912-02401
L1912-00311,NAME:ROYAT,1,co_membership,L1912-02401
L1912-00311,NAME:TIVEYRAT,1,co_membership,L1912-02401
L1912-00311,NAME:VILLATFE,1,co_membership,L1912-02401
L1912-00718,L1912-00832,1,co_membership,L1912-02401
L1912-00718,L1912-01210,1,co_membership,L1912-02401
L1912-00718,L1912-01579,1,co_membership,L1912-02401
L1912-00718,L1912-02211,1,co_membership,L1912-02401
L1912-00718,NAME:ANGELI,1,co_membership,L1912-02401
L1912-00718,NAME:BALOUZAT,1,co_membership,L1912-02401
L1912-00718,NAME:BARRION,1,co_membership,L1912-02401
L1912-00718,NAME:CAPET,1,co_membership,L1912-02401
L1912-00718,NAME:CHEVAL,1,co_membership,L1912-02401
L1912-00718,NAME:CLAVE,1,co_membership,L1912-02401
L1912-00718,NAME:DIIUAYO,1,co_membership,L1912-02401
L1912-00718,NAME:FRAYSSINEL,1,co_membership,L1912-02401
L1912-00718,NAME:GAUVRY,1,co_membership,L1912-02401
L1912-00718,NAME:GRISCELLI,1,co_membership,L1912-02401
L1912-00718,NAME:NEAU,1,co_membership,L1912-02401
L1912-00718,NAME:O VARGUES,1,co_membership,L1912-02401
L1912-00718,NAME:ROYAT,1,co_membership,L1912-02401
L1912-00718,NAME:TIVEYRAT,1,co_membership,L1912-02401
L1912-00718,NAME:VILLATFE,1,co_membership,L1912-02401
L1912-00832,L1912-01210,1,co_membership,L1912-02401
L1912-00832,L1912-01579,1,co_membership,L1912-02401
L1912-00832,L1912-02211,1,co_membership,L1912-02401
L1912-00832,NAME:ANGELI,1,co_membership,L1912-02401
L1912-00832,NAME:BALOUZAT,1,co_membership,L1912-02401
L1912-00832,NAME:BARRION,1,co_membership,L1912-02401
L1912-00832,NAME:CAPET,1,co_membership,L1912-02401
L1912-00832,NAME:CHEVAL,1,co_membership,L1912-02401
L1912-00832,NAME:CLAVE,1,co_membership,L1912-02401
L1912-00832,NAME:DIIUAYO,1,co_membership,L1912-02401
L1912-00832,NAME:FRAYSSINEL,1,co_membership,L1912-02401
L1912-00832,NAME:GAUVRY,1,co_membership,L1912-02401
L1912-00832,NAME:GRISCELLI,1,co_membership,L1912-02401
L1912-00832,NAME:NEAU,1,co_membership,L1912-02401
L1912-00832,NAME:O VARGUES,1,co_membership,L1912-02401
L1912-00832,NAME:ROYAT,1,co_membership,L1912-02401
L1912-00832,NAME:TIVEYRAT,1,co_membership,L1912-02401
L1912-00832,NAME:VILLATFE,1,co_membership,L1912-02401
L1912-01210,L1912-01579,2,co_membership,L1912-02401;L1912-02493
L1912-01210,L1912-02211,1,co_membership,L1912-02401
L1912-01210,NAME:ANGELI,1,co_membership,L1912-02401
L1912-01210,NAME:BALOUZAT,1,co_membership,L1912-02401
L1912-01210,NAME:BARRION,1,co_membership,L1912-02401
L1912-01210,NAME:CAPET,1,co_membership,L1912-02401
L1912-01210,NAME:CHEVAL,1,co_membership,L1912-02401
L1912-01210,NAME:CLAVE,1,co_membership,L1912-02401
L1912-01210,NAME:DIIUAYO,1,co_membership,L1912-02401
L1912-01210,NAME:FRAYSSINEL,1,co_membership,L1912-02401
L1912-01210,NAME:GAUVRY,1,co_membership,L1912-02401
L1912-01210,NAME:GRISCELLI,1,co_membership,L1912-02401
L1912-01210,NAME:NEAU,1,co_membership,L1912-02401
L1912-01210,NAME:O VARGUES,1,co_membership,L1912-02401
L1912-01210,NAME:ROYAT,1,co_membership,L1912-02401
L1912-01210,NAME:TIVEYRAT,1,co_membership,L1912-02401
L1912-01210,NAME:VILLATFE,1,co_membership,L1912-02401
L1912-01579,L1912-02211,1,co_membership,L1912-02401
L1912-01579,NAME:ANGELI,1,co_membership,L1912-02401
L1912-01579,NAME:BALOUZAT,1,co_membership,L1912-02401
L1912-01579,NAME:BARRION,1,co_membership,L1912-02401
L1912-01579,NAME:CAPET,1,co_membership,L1912-02401
L1912-01579,NAME:CHEVAL,1,co_membership,L1912-02401
L1912-01579,NAME:CLAVE,1,co_membership,L1912-02401
L1912-01579,NAME:DIIUAYO,1,co_membership,L1912-02401
L1912-01579,NAME:FRAYSSINEL,1,co_membership,L1912-02401
L1912-01579,NAME:GAUVRY,1,co_membership,L1912-02401
L1912-01579,NAME:GRISCELLI,1,co_membership,L1912-02401
L1912-01579,NAME:NEAU,1,co_membership,L1912-02401
L1912-01579,NAME:O VARGUES,1,co_membership,L1912-02401
L1912-01579,NAME:ROYAT,1,co_membership,L1912-02401
L1912-01579,NAME:TIVEYRAT,1,co_membership,L1912-02401
L1912-01579,NAME:VILLATFE,1,co_membership,L1912-02401
L1912-02211,NAME:ANGELI,1,co_membership,L1912-02401
L1912-02211,NAME:BALOUZAT,1,co_membership,L1912-02401
L1912-02211,NAME:BARRION,1,co_membership,L1912-02401
L1912-02211,NAME:CAPET,1,co_membership,L1912-02401
L1912-02211,NAME:CHEVAL,1,co_membership,L1912-02401
L1912-02211,NAME:CLAVE,1,co_membership,L1912-02401
L1912-02211,NAME:DIIUAYO,1,co_membership,L1912-02401
L1912-02211,NAME:FRAYSSINEL,1,co_membership,L1912-02401
L1912-02211,NAME:GAUVRY,1,co_membership,L1912-02401
L1912-02211,NAME:GRISCELLI,1,co_membership,L1912-02401
L1912-02211,NAME:NEAU,1,co_membership,L1912-02401
L1912-02211,NAME:O VARGUES,1,co_membership,L1912-02401
L1912-02211,NAME:ROYAT,1,co_membership,L1912-02401
L1912-02211,NAME:TIVEYRAT,1,co_membership,L1912-02401
L1912-02211,NAME:VILLATFE,1,co_membership,L1912-02401
NAME:ANGELI,NAME:BALOUZAT,1,co_membership,L1912-02401
NAME:ANGELI,NAME:BARRION,1,co_membership,L1912-02401
NAME:ANGELI,NAME:CAPET,1,co_membership,L1912-02401
NAME:ANGELI,NAME:CHEVAL,1,co_membership,L1912-02401
NAME:ANGELI,NAME:CLAVE,1,co_membership,L1912-02401
NAME:ANGELI,NAME:DIIUAYO,1,co_membership,L1912-02401
NAME:ANGELI,NAME:FRAYSSINEL,1,co_membership,L1912-02401
NAME:ANGELI,NAME:GAUVRY,1,co_membership,L1912-02401
NAME:ANGELI,NAME:GRISCELLI,1,co_membership,L1912-02401
NAME:ANGELI,NAME:NEAU,1,co_membership,L1912-02401
NAME:ANGELI,NAME:O VARGUES,1,co_membership,L1912-02401
NAME:ANGELI,NAME:ROYAT,1,co_membership,L1912-02401
NAME:ANGELI,NAME:TIVEYRAT,1,co_membership,L1912-02401
NAME:ANGELI,NAME:VILLATFE,1,co_membership,L1912-02401
NAME:BALOUZAT,NAME:BARRION,1,co_membership,L1912-02401
NAME:BALOUZAT,NAME:CAPET,1,co_membership,L1912-02401
NAME:BALOUZAT,NAME:CHEVAL,1,co_membership,L1912-02401
NAME:BALOUZAT,NAME:CLAVE,1,co_membership,L1912-02401
NAME:BALOUZAT,NAME:DIIUAYO,1,co_membership,L1912-02401
NAME:BALOUZAT,NAME:FRAYSSINEL,1,co_membership,L1912-02401
NAME:BALOUZAT,NAME:GAUVRY,1,co_membership,L1912-02401
NAME:BALOUZAT,NAME:GRISCELLI,1,co_membership,L1912-02401
NAME:BALOUZAT,NAME:NEAU,1,co_membership,L1912-02401
NAME:BALOUZAT,NAME:O VARGUES,1,co_membership,L1912-02401
NAME:BALOUZAT,NAME:ROYAT,1,co_membership,L1912-02401
NAME:BALOUZAT,NAME:TIVEYRAT,1,co_membership,L1912-02401
NAME:BALOUZAT,NAME:VILLATFE,1,co_membership,L1912-02401
NAME:BARRION,NAME:CAPET,1,co_membership,L1912-02401
NAME:BARRION,NAME:CHEVAL,1,co_membership,L1912-02401
NAME:BARRION,NAME:CLAVE,1,co_membership,L1912-02401
NAME:BARRION,NAME:DIIUAYO,1,co_membership,L1912-02401
NAME:BARRION,NAME:FRAYSSINEL,1,co_membership,L1912-02401
NAME:BARRION,NAME:GAUVRY,1,co_membership,L1912-02401
NAME:BARRION,NAME:GRISCELLI,1,co_membership,L1912-02401
NAME:BARRION,NAME:NEAU,1,co_membership,L1912-02401
NAME:BARRION,NAME:O VARGUES,1,co_membership,L1912-02401
NAME:BARRION,NAME:ROYAT,1,co_membership,L1912-02401
NAME:BARRION,NAME:TIVEYRAT,1,co_membership,L1912-02401
NAME:BARRION,NAME:VILLATFE,1,co_membership,L1912-02401
NAME:CAPET,NAME:CHEVAL,1,co_membership,L1912-02401
NAME:CAPET,NAME:CLAVE,1,co_membership,L1912-02401
NAME:CAPET,NAME:DIIUAYO,1,co_membership,L1912-02401
NAME:CAPET,NAME:FRAYSSINEL,1,co_membership,L1912-02401
NAME:CAPET,NAME:GAUVRY,1,co_membership,L1912-02401
NAME:CAPET,NAME:GRISCELLI,1,co_membership,L1912-02401
NAME:CAPET,NAME:NEAU,1,co_membership,L1912-02401
NAME:CAPET,NAME:O VARGUES,1,co_membership,L1912-02401
NAME:CAPET,NAME:ROYAT,1,co_membership,L1912-02401
NAME:CAPET,NAME:TIVEYRAT,1,co_membership,L1912-02401
NAME:CAPET,NAME:VILLATFE,1,co_membership,L1912-02401
NAME:CHEVAL,NAME:CLAVE,1,co_membership,L1912-02401
NAME:CHEVAL,NAME:DIIUAYO,1,co_membership,L1912-02401
NAME:CHEVAL,NAME:FRAYSSINEL,1,co_membership,L1912-02401
NAME:CHEVAL,NAME:GAUVRY,1,co_membership,L1912-02401
NAME:CHEVAL,NAME:GRISCELLI,1,co_membership,L1912-02401
NAME:CHEVAL,NAME:NEAU,1,co_membership,L1912-02401
NAME:CHEVAL,NAME:O VARGUES,1,co_membership,L1912-02401
NAME:CHEVAL,NAME:ROYAT,1,co_membership,L1912-02401
NAME:CHEVAL,NAME:TIVEYRAT,1,co_membership,L1912-02401
NAME:CHEVAL,NAME:VILLATFE,1,co_membership,L1912-02401
NAME:CLAVE,NAME:DIIUAYO,1,co_membership,L1912-02401
NAME:CLAVE,NAME:FRAYSSINEL,1,co_membership,L1912-02401
NAME:CLAVE,NAME:GAUVRY,1,co_membership,L1912-02401
NAME:CLAVE,NAME:GRISCELLI,1,co_membership,L1912-02401
NAME:CLAVE,NAME:NEAU,1,co_membership,L1912-02401
NAME:CLAVE,NAME:O VARGUES,1,co_membership,L1912-02401
NAME:CLAVE,NAME:ROYAT,1,co_membership,L1912-02401
NAME:CLAVE,NAME:TIVEYRAT,1,co_membership,L1912-02401
NAME:CLAVE,NAME:VILLATFE,1,co_membership,L1912-02401
NAME:DIIUAYO,NAME:FRAYSSINEL,1,co_membership,L1912-02401
NAME:DIIUAYO,NAME:GAUVRY,1,co_membership,L1912-02401
NAME:DIIUAYO,NAME:GRISCELLI,1,co_membership,L1912-02401
NAME:DIIUAYO,NAME:NEAU,1,co_membership,L1912-02401
NAME:DIIUAYO,NAME:O VARGUES,1,co_membership,L1912-02401
NAME:DIIUAYO,NAME:ROYAT,1,co_membership,L1912-02401
NAME:DIIUAYO,NAME:TIVEYRAT,1,co_membership,L1912-02401
NAME:DIIUAYO,NAME:VILLATFE,1,co_membership,L1912-02401
NAME:FRAYSSINEL,NAME:GAUVRY,1,co_membership,L1912-02401
NAME:FRAYSSINEL,NAME:GRISCELLI,1,co_membership,L1912-02401
NAME:FRAYSSINEL,NAME:NEAU,1,co_membership,L1912-02401
NAME:FRAYSSINEL,NAME:O VARGUES,1,co_membership,L1912-02401
NAME:FRAYSSINEL,NAME:ROYAT,1,co_membership,L1912-02401
NAME:FRAYSSINEL,NAME:TIVEYRAT,1,co_membership,L1912-02401
NAME:FRAYSSINEL,NAME:VILLATFE,1,co_membership,L1912-02401
NAME:GAUVRY,NAME:GRISCELLI,1,co_membership,L1912-02401
NAME:GAUVRY,NAME:NEAU,1,co_membership,L1912-02401
NAME:GAUVRY,NAME:O VARGUES,1,co_membership,L1912-02401
NAME:GAUVRY,NAME:ROYAT,1,co_membership,L1912-02401
NAME:GAUVRY,NAME:TIVEYRAT,1,co_membership,L1912-02401
NAME:GAUVRY,NAME:VILLATFE,1,co_membership,L1912-02401
NAME:GRISCELLI,NAME:NEAU,1,co_membership,L1912-02401
NAME:GRISCELLI,NAME:O VARGUES,1,co_membership,L1912-02401
NAME:GRISCELLI,NAME:ROYAT,1,co_membership,L1912-02401
NAME:GRISCELLI,NAME:TIVEYRAT,1,co_membership,L1912-02401
NAME:GRISCELLI,NAME:VILLATFE,1,co_membership,L1912-02401
NAME:NEAU,NAME:O VARGUES,1,co_membership,L1912-02401
NAME:NEAU,NAME:ROYAT,1,co_membership,L1912-02401
NAME:NEAU,NAME:TIVEYRAT,1,co_membership,L1912-02401
NAME:NEAU,NAME:VILLATFE,1,co_membership,L1912-02401
NAME:O VARGUES,NAME:ROYAT,1,co_membership,L1912-02401
NAME:O VARGUES,NAME:TIVEYRAT,1,co_membership,L1912-02401
NAME:O VARGUES,NAME:VILLATFE,1,co_membership,L1912-02401
NAME:ROYAT,NAME:TIVEYRAT,1,co_membership,L1912-02401
NAME:ROYAT,NAME:VILLATFE,1,co_membership,L1912-02401
NAME:TIVEYRAT,NAME:VILLATFE,1,co_membership,L1912-02401
L1912-01997,L1912-02050,1,co_membership,L1912-02402
L1912-01997,L1912-02096,1,co_membership,L1912-02402
L1912-01997,L1912-02612,1,co_membership,L1912-02402
L1912-01997,NAME:ANDRINY,1,co_membership,L1912-02402
L1912-01997,NAME:BARLHEROTE,1,co_membership,L1912-02402
L1912-01997,NAME:BARRAQUO,1,co_membership,L1912-02402
L1912-01997,NAME:BLONDEL,1,co_membership,L1912-02402
L1912-01997,NAME:DUREL ALPHONSE,1,co_membership,L1912-02402
L1912-01997,NAME:DUREL AUGUSTE,1,co_membership,L1912-02402
L1912-01997,NAME:GERARD,1,co_membership,L1912-02402
L1912-01997,NAME:MARIGNANO,1,co_membership,L1912-02402
L1912-01997,NAME:ROMBI,1,co_membership,L1912-02402
L1912-01997,NAME:TANGUY,1,co_membership,L1912-02402
L1912-02050,L1912-02096,1,co_membership,L1912-02402
L1912-02050,L1912-02612,1,co_membership,L1912-02402
L1912-02050,NAME:ANDRINY,1,co_membership,L1912-02402
L1912-02050,NAME:BARLHEROTE,1,co_membership,L1912-02402
L1912-02050,NAME:BARRAQUO,1,co_membership,L1912-02402
L1912-02050,NAME:BLONDEL,1,co_membership,L1912-02402
L1912-02050,NAME:DUREL ALPHONSE,1,co_membership,L1912-02402
L1912-02050,NAME:DUREL AUGUSTE,1,co_membership,L1912-02402
L1912-02050,NAME:GERARD,1,co_membership,L1912-02402
L1912-02050,NAME:MARIGNANO,1,co_membership,L1912-02402
L1912-02050,NAME:ROMBI,1,co_membership,L1912-02402
L1912-02050,NAME:TANGUY,1,co_membership,L1912-02402
L1912-02096,L1912-02612,1,co_membership,L1912-02402
L1912-02096,NAME:ANDRINY,1,co_membership,L1912-02402
L1912-02096,NAME:BARLHEROTE,1,co_membership,L1912-02402
L1912-02096,NAME:BARRAQUO,1,co_membership,L1912-02402
L1912-02096,NAME:BLONDEL,1,co_membership,L1912-02402
L1912-02096,NAME:DUREL ALPHONSE,1,co_membership,L1912-02402
L1912-02096,NAME:DUREL AUGUSTE,1,co_membership,L1912-02402
L1912-02096,NAME:GERARD,1,co_membership,L1912-02402
L1912-02096,NAME:MARIGNANO,1,co_membership,L1912-02402
L1912-02096,NAME:ROMBI,1,co_membership,L1912-02402
L1912-02096,NAME:TANGUY,1,co_membership,L1912-02402
L1912-02612,NAME:ANDRINY,1,co_membership,L1912-02402
L1912-02612,NAME:BARLHEROTE,1,co_membership,L1912-02402
L1912-02612,NAME:BARRAQUO,1,co_membership,L1912-02402
L1912-02612,NAME:BLONDEL,1,co_membership,L1912-02402
L1912-02612,NAME:DUREL ALPHONSE,1,co_membership,L1912-02402
L1912-02612,NAME:DUREL AUGUSTE,1,co_membership,L1912-02402
L1912-02612,NAME:GERARD,1,co_membership,L1912-02402
L1912-02612,NAME:MARIGNANO,1,co_membership,L1912-02402
L1912-02612,NAME:ROMBI,1,co_membership,L1912-02402
L1912-02612,NAME:TANGUY,1,co_membership,L1912-02402
NAME:ANDRINY,NAME:BARLHEROTE,1,co_membership,L1912-02402
NAME:ANDRINY,NAME:BARRAQUO,1,co_membership,L1912-02402
NAME:ANDRINY,NAME:BLONDEL,1,co_membership,L1912-02402
NAME:ANDRINY,NAME:DUREL ALPHONSE,1,co_membership,L1912-02402
NAME:ANDRINY,NAME:DUREL AUGUSTE,1,co_membership,L1912-02402
NAME:ANDRINY,NAME:GERARD,1,co_membership,L1912-02402
NAME:ANDRINY,NAME:MARIGNANO,1,co_membership,L1912-02402
NAME:ANDRINY,NAME:ROMBI,1,co_membership,L1912-02402
NAME:ANDRINY,NAME:TANGUY,1,co_membership,L1912-02402
NAME:BARLHEROTE,NAME:BARRAQUO,1,co_membership,L1912-02402
NAME:BARLHEROTE,NAME:BLONDEL,1,co_membership,L1912-02402
NAME:BARLHEROTE,NAME:DUREL ALPHONSE,1,co_membership,L1912-02402
NAME:BARLHEROTE,NAME:DUREL AUGUSTE,1,co_membership,L1912-02402
NAME:BARLHEROTE,NAME:GERARD,1,co_membership,L1912-02402
NAME:BARLHEROTE,NAME:MARIGNANO,1,co_membership,L1912-02402
NAME:BARLHEROTE,NAME:ROMBI,1,co_membership,L1912-02402
NAME:BARLHEROTE,NAME:TANGUY,1,co_membership,L1912-02402
NAME:BARRAQUO,NAME:BLONDEL,1,co_membership,L1912-02402
NAME:BARRAQUO,NAME:DUREL ALPHONSE,1,co_membership,L1912-02402
NAME:BARRAQUO,NAME:DUREL AUGUSTE,1,co_membership,L1912-02402
NAME:BARRAQUO,NAME:GERARD,1,co_membership,L1912-02402
NAME:BARRAQUO,NAME:MARIGNANO,1,co_membership,L1912-02402
NAME:BARRAQUO,NAME:ROMBI,1,co_membership,L1912-02402
NAME:BARRAQUO,NAME:TANGUY,1,co_membership,L1912-02402
NAME:BLONDEL,NAME:DUREL ALPHONSE,1,co_membership,L1912-02402
NAME:BLONDEL,NAME:DUREL AUGUSTE,1,co_membership,L1912-02402
NAME:BLONDEL,NAME:GERARD,1,co_membership,L1912-02402
NAME:BLONDEL,NAME:MARIGNANO,1,co_membership,L1912-02402
NAME:BLONDEL,NAME:ROMBI,1,co_membership,L1912-02402
NAME:BLONDEL,NAME:TANGUY,1,co_membership,L1912-02402
NAME:DUREL ALPHONSE,NAME:DUREL AUGUSTE,1,co_membership,L1912-02402
NAME:DUREL ALPHONSE,NAME:GERARD,1,co_membership,L1912-02402
NAME:DUREL ALPHONSE,NAME:MARIGNANO,1,co_membership,L1912-02402
NAME:DUREL ALPHONSE,NAME:ROMBI,1,co_membership,L1912-02402
NAME:DUREL ALPHONSE,NAME:TANGUY,1,co_membership,L1912-02402
NAME:DUREL AUGUSTE,NAME:GERARD,1,co_membership,L1912-02402
NAME:DUREL AUGUSTE,NAME:MARIGNANO,1,co_membership,L1912-02402
NAME:DUREL AUGUSTE,NAME:ROMBI,1,co_membership,L1912-02402
NAME:DUREL AUGUSTE,NAME:TANGUY,1,co_membership,L1912-02402
NAME:GERARD,NAME:MARIGNANO,1,co_membership,L1912-02402
NAME:GERARD,NAME:ROMBI,1,co_membership,L1912-02402
NAME:GERARD,NAME:TANGUY,1,co_membership,L1912-02402
NAME:MARIGNANO,NAME:ROMBI,1,co_membership,L1912-02402
NAME:MARIGNANO,NAME:TANGUY,1,co_membership,L1912-02402
NAME:ROMBI,NAME:TANGUY,1,co_membership,L1912-02402
L1912-00529,L1912-02096,1,co_membership,L1912-02404
L1912-00529,NAME:DESTENAVE,1,co_membership,L1912-02404
L1912-00529,NAME:MANIGOLD,1,co_membership,L1912-02404
L1912-02096,NAME:DESTENAVE,1,co_membership,L1912-02404
L1912-02096,NAME:MANIGOLD,1,co_membership,L1912-02404
NAME:DESTENAVE,NAME:MANIGOLD,1,co_membership,L1912-02404
L1912-01252,L1912-01681,1,co_membership,L1912-02405
L1912-01252,NAME:BERTIN,1,co_membership,L1912-02405
L1912-01252,NAME:DEFRANCE,1,co_membership,L1912-02405
L1912-01252,NAME:GOUTTRY,1,co_membership,L1912-02405
L1912-01252,NAME:ROUPPERT,1,co_membership,L1912-02405
L1912-01252,NAME:VALLADE,1,co_membership,L1912-02405
L1912-01681,NAME:BERTIN,1,co_membership,L1912-02405
L1912-01681,NAME:DEFRANCE,1,co_membership,L1912-02405
L1912-01681,NAME:GOUTTRY,1,co_membership,L1912-02405
L1912-01681,NAME:ROUPPERT,1,co_membership,L1912-02405
L1912-01681,NAME:VALLADE,1,co_membership,L1912-02405
NAME:BERTIN,NAME:DEFRANCE,1,co_membership,L1912-02405
NAME:BERTIN,NAME:GOUTTRY,1,co_membership,L1912-02405
NAME:BERTIN,NAME:ROUPPERT,1,co_membership,L1912-02405
NAME:BERTIN,NAME:VALLADE,1,co_membership,L1912-02405
NAME:DEFRANCE,NAME:GOUTTRY,1,co_membership,L1912-02405
NAME:DEFRANCE,NAME:ROUPPERT,1,co_membership,L1912-02405
NAME:DEFRANCE,NAME:VALLADE,1,co_membership,L1912-02405
NAME:GOUTTRY,NAME:ROUPPERT,1,co_membership,L1912-02405
NAME:GOUTTRY,NAME:VALLADE,1,co_membership,L1912-02405
NAME:ROUPPERT,NAME:VALLADE,1,co_membership,L1912-02405
L1912-01315,L1912-02686,1,co_membership,L1912-02406
L1912-01315,NAME:LEPAGE,1,co_membership,L1912-02406
L1912-01315,NAME:MICHAUX,1,co_membership,L1912-02406
L1912-01315,NAME:PLACEMENT,1,co_membership,L1912-02406
L1912-01315,NAME:RESSERRER,1,co_membership,L1912-02406
L1912-01315,NAME:SCHOULL,1,co_membership,L1912-02406
L1912-02686,NAME:LEPAGE,1,co_membership,L1912-02406
L1912-02686,NAME:MICHAUX,1,co_membership,L1912-02406
L1912-02686,NAME:PLACEMENT,1,co_membership,L1912-02406
L1912-02686,NAME:RESSERRER,1,co_membership,L1912-02406
L1912-02686,NAME:SCHOULL,1,co_membership,L1912-02406
NAME:LEPAGE,NAME:MICHAUX,1,co_membership,L1912-02406
NAME:LEPAGE,NAME:PLACEMENT,1,co_membership,L1912-02406
NAME:LEPAGE,NAME:RESSERRER,1,co_membership,L1912-02406
NAME:LEPAGE,NAME:SCHOULL,1,co_membership,L1912-02406
NAME:MICHAUX,NAME:PLACEMENT,1,co_membership,L1912-02406
NAME:MICHAUX,NAME:RESSERRER,1,co_membership,L1912-02406
NAME:MICHAUX,NAME:SCHOULL,1,co_membership,L1912-02406
NAME:PLACEMENT,NAME:RESSERRER,1,co_membership,L1912-02406
NAME:PLACEMENT,NAME:SCHOULL,1,co_membership,L1912-02406
NAME:RESSERRER,NAME:SCHOULL,1,co_membership,L1912-02406
L1912-01171,L1912-02075,1,co_membership,L1912-02407
L1912-01171,NAME:BONREPAUX,1,co_membership,L1912-02407
L1912-01171,NAME:BOYE,1,co_membership,L1912-02407
L1912-01171,NAME:CARTHAGE,1,co_membership,L1912-02407
L1912-01171,NAME:ESPRANGLE,1,co_membership,L1912-02407
L1912-01171,NAME:MONNIER,1,co_membership,L1912-02407
L1912-01171,NAME:TRUELLE,1,co_membership,L1912-02407
L1912-02075,NAME:BONREPAUX,1,co_membership,L1912-02407
L1912-02075,NAME:BOYE,1,co_membership,L1912-02407
L1912-02075,NAME:CARTHAGE,1,co_membership,L1912-02407
L1912-02075,NAME:ESPRANGLE,1,co_membership,L1912-02407
L1912-02075,NAME:MONNIER,1,co_membership,L1912-02407
L1912-02075,NAME:TRUELLE,1,co_membership,L1912-02407
NAME:BONREPAUX,NAME:BOYE,1,co_membership,L1912-02407
NAME:BONREPAUX,NAME:CARTHAGE,1,co_membership,L1912-02407
NAME:BONREPAUX,NAME:ESPRANGLE,1,co_membership,L1912-02407
NAME:BONREPAUX,NAME:MONNIER,1,co_membership,L1912-02407
NAME:BONREPAUX,NAME:TRUELLE,1,co_membership,L1912-02407
NAME:BOYE,NAME:CARTHAGE,1,co_membership,L1912-02407
NAME:BOYE,NAME:ESPRANGLE,1,co_membership,L1912-02407
NAME:BOYE,NAME:MONNIER,1,co_membership,L1912-02407
NAME:BOYE,NAME:TRUELLE,1,co_membership,L1912-02407
NAME:CARTHAGE,NAME:ESPRANGLE,1,co_membership,L1912-02407
NAME:CARTHAGE,NAME:MONNIER,1,co_membership,L1912-02407
NAME:CARTHAGE,NAME:TRUELLE,1,co_membership,L1912-02407
NAME:ESPRANGLE,NAME:MONNIER,1,co_membership,L1912-02407
NAME:ESPRANGLE,NAME:TRUELLE,1,co_membership,L1912-02407
NAME:MONNIER,NAME:TRUELLE,1,co_membership,L1912-02407
L1912-02003,L1912-02479,1,co_membership,L1912-02409
L1912-02003,NAME:BARBARIN,1,co_membership,L1912-02409
L1912-02003,NAME:RESSERRER,1,co_membership,L1912-02409
L1912-02003,NAME:SUB,1,co_membership,L1912-02409
L1912-02479,NAME:BARBARIN,1,co_membership,L1912-02409
L1912-02479,NAME:RESSERRER,1,co_membership,L1912-02409
L1912-02479,NAME:SUB,1,co_membership,L1912-02409
NAME:BARBARIN,NAME:RESSERRER,1,co_membership,L1912-02409
NAME:BARBARIN,NAME:SUB,1,co_membership,L1912-02409
NAME:RESSERRER,NAME:SUB,1,co_membership,L1912-02409
L1912-00977,L1912-01557,1,co_membership,L1912-02410
L1912-00977,NAME:COUREHET,1,co_membership,L1912-02410
L1912-00977,NAME:DUMONT,1,co_membership,L1912-02410
L1912-00977,NAME:FONTBRUNE,1,co_membership,L1912-02410
L1912-00977,NAME:HAFSID,1,co_membership,L1912-02410
L1912-00977,NAME:MONROZIER,1,co_membership,L1912-02410
L1912-00977,NAME:RICHARD,1,co_membership,L1912-02410
L1912-00977,NAME:SECONDER,1,co_membership,L1912-02410
L1912-01557,NAME:COUREHET,1,co_membership,L1912-02410
L1912-01557,NAME:DUMONT,1,co_membership,L1912-02410
L1912-01557,NAME:FONTBRUNE,1,co_membership,L1912-02410
L1912-01557,NAME:HAFSID,1,co_membership,L1912-02410
L1912-01557,NAME:MONROZIER,1,co_membership,L1912-02410
L1912-01557,NAME:RICHARD,1,co_membership,L1912-02410
L1912-01557,NAME:SECONDER,1,co_membership,L1912-02410
NAME:COUREHET,NAME:DUMONT,1,co_membership,L1912-02410
NAME:COUREHET,NAME:FONTBRUNE,1,co_membership,L1912-02410
NAME:COUREHET,NAME:HAFSID,1,co_membership,L1912-02410
NAME:COUREHET,NAME:MONROZIER,1,co_membership,L1912-02410
NAME:COUREHET,NAME:RICHARD,1,co_membership,L1912-02410
NAME:COUREHET,NAME:SECONDER,1,co_membership,L1912-02410
NAME:DUMONT,NAME:FONTBRUNE,1,co_membership,L1912-02410
NAME:DUMONT,NAME:HAFSID,1,co_membership,L1912-02410
NAME:DUMONT,NAME:MONROZIER,1,co_membership,L1912-02410
NAME:DUMONT,NAME:RICHARD,1,co_membership,L1912-02410
NAME:DUMONT,NAME:SECONDER,1,co_membership,L1912-02410
NAME:FONTBRUNE,NAME:HAFSID,1,co_membership,L1912-02410
NAME:FONTBRUNE,NAME:MONROZIER,1,co_membership,L1912-02410
NAME:FONTBRUNE,NAME:RICHARD,1,co_membership,L1912-02410
NAME:FONTBRUNE,NAME:SECONDER,1,co_membership,L1912-02410
NAME:HAFSID,NAME:MONROZIER,1,co_membership,L1912-02410
NAME:HAFSID,NAME:RICHARD,1,co_membership,L1912-02410
NAME:HAFSID,NAME:SECONDER,1,co_membership,L1912-02410
NAME:MONROZIER,NAME:RICHARD,1,co_membership,L1912-02410
NAME:MONROZIER,NAME:SECONDER,1,co_membership,L1912-02410
NAME:RICHARD,NAME:SECONDER,1,co_membership,L1912-02410
L1912-01577,L1912-02038,1,co_membership,L1912-02412
L1912-01577,L1912-02638,1,co_membership,L1912-02412
L1912-01577,NAME:BAIS,1,co_membership,L1912-02412
L1912-01577,NAME:BES,1,co_membership,L1912-02412
L1912-01577,NAME:POULAIN,1,co_membership,L1912-02412
L1912-02038,L1912-02638,1,co_membership,L1912-02412
L1912-02038,NAME:BAIS,1,co_membership,L1912-02412
L1912-02038,NAME:BES,1,co_membership,L1912-02412
L1912-02038,NAME:POULAIN,1,co_membership,L1912-02412
L1912-02638,NAME:BAIS,1,co_membership,L1912-02412
L1912-02638,NAME:BES,1,co_membership,L1912-02412
L1912-02638,NAME:POULAIN,1,co_membership,L1912-02412
NAME:BAIS,NAME:BES,1,co_membership,L1912-02412
NAME:BAIS,NAME:POULAIN,1,co_membership,L1912-02412
NAME:BES,NAME:POULAIN,1,co_membership,L1912-02412
L1912-01481,L1912-02230,1,co_membership,L1912-02413
L1912-01481,NAME:ACHILLE RAFFIN,1,co_membership,L1912-02413
L1912-01481,NAME:BLANC,1,co_membership,L1912-02413
L1912-01481,NAME:FLORIAN DUCURTIL,1,co_membership,L1912-02413
L1912-01481,NAME:JACQUES,1,co_membership,L1912-02413
L1912-02230,NAME:ACHILLE RAFFIN,1,co_membership,L1912-02413
L1912-02230,NAME:BLANC,1,co_membership,L1912-02413
L1912-02230,NAME:FLORIAN DUCURTIL,1,co_membership,L1912-02413
L1912-02230,NAME:JACQUES,1,co_membership,L1912-02413
NAME:ACHILLE RAFFIN,NAME:BLANC,1,co_membership,L1912-02413
NAME:ACHILLE RAFFIN,NAME:FLORIAN DUCURTIL,1,co_membership,L1912-02413
NAME:ACHILLE RAFFIN,NAME:JACQUES,1,co_membership,L1912-02413
NAME:BLANC,NAME:FLORIAN DUCURTIL,1,co_membership,L1912-02413
NAME:BLANC,NAME:JACQUES,1,co_membership,L1912-02413
NAME:FLORIAN DUCURTIL,NAME:JACQUES,1,co_membership,L1912-02413
NAME:BOUBY,NAME:MAZET,1,co_membership,L1912-02414
NAME:BOUBY,NAME:MEYVAL,1,co_membership,L1912-02414
NAME:MAZET,NAME:MEYVAL,1,co_membership,L1912-02414
L1912-00217,L1912-01124,1,co_membership,L1912-02415
L1912-00217,L1912-01728,1,co_membership,L1912-02415
L1912-00217,L1912-02139,1,co_membership,L1912-02415
L1912-00217,NAME:BARTHELEMY,1,co_membership,L1912-02415
L1912-00217,NAME:BOUIX,1,co_membership,L1912-02415
L1912-00217,NAME:DANIEL,1,co_membership,L1912-02415
L1912-00217,NAME:DUFOUR,1,co_membership,L1912-02415
L1912-00217,NAME:FIGUIERE,1,co_membership,L1912-02415
L1912-00217,NAME:GUES,1,co_membership,L1912-02415
L1912-00217,NAME:JUNAUD,1,co_membership,L1912-02415
L1912-00217,NAME:RAINAUD,1,co_membership,L1912-02415
L1912-01124,L1912-01728,1,co_membership,L1912-02415
L1912-01124,L1912-02139,1,co_membership,L1912-02415
L1912-01124,NAME:BARTHELEMY,1,co_membership,L1912-02415
L1912-01124,NAME:BOUIX,1,co_membership,L1912-02415
L1912-01124,NAME:DANIEL,1,co_membership,L1912-02415
L1912-01124,NAME:DUFOUR,1,co_membership,L1912-02415
L1912-01124,NAME:FIGUIERE,1,co_membership,L1912-02415
L1912-01124,NAME:GUES,1,co_membership,L1912-02415
L1912-01124,NAME:JUNAUD,1,co_membership,L1912-02415
L1912-01124,NAME:RAINAUD,1,co_membership,L1912-02415
L1912-01728,L1912-02139,1,co_membership,L1912-02415
L1912-01728,NAME:BARTHELEMY,1,co_membership,L1912-02415
L1912-01728,NAME:BOUIX,1,co_membership,L1912-02415
L1912-01728,NAME:DANIEL,1,co_membership,L1912-02415
L1912-01728,NAME:DUFOUR,1,co_membership,L1912-02415
L1912-01728,NAME:FIGUIERE,1,co_membership,L1912-02415
L1912-01728,NAME:GUES,1,co_membership,L1912-02415
L1912-01728,NAME:JUNAUD,1,co_membership,L1912-02415
L1912-01728,NAME:RAINAUD,1,co_membership,L1912-02415
L1912-02139,NAME:BARTHELEMY,1,co_membership,L1912-02415
L1912-02139,NAME:BOUIX,1,co_membership,L1912-02415
L1912-02139,NAME:DANIEL,1,co_membership,L1912-02415
L1912-02139,NAME:DUFOUR,1,co_membership,L1912-02415
L1912-02139,NAME:FIGUIERE,1,co_membership,L1912-02415
L1912-02139,NAME:GUES,1,co_membership,L1912-02415
L1912-02139,NAME:JUNAUD,1,co_membership,L1912-02415
L1912-02139,NAME:RAINAUD,1,co_membership,L1912-02415
NAME:BARTHELEMY,NAME:BOUIX,1,co_membership,L1912-02415
NAME:BARTHELEMY,NAME:DANIEL,1,co_membership,L1912-02415
NAME:BARTHELEMY,NAME:DUFOUR,1,co_membership,L1912-02415
NAME:BARTHELEMY,NAME:FIGUIERE,1,co_membership,L1912-02415
NAME:BARTHELEMY,NAME:GUES,1,co_membership,L1912-02415
NAME:BARTHELEMY,NAME:JUNAUD,1,co_membership,L1912-02415
NAME:BARTHELEMY,NAME:RAINAUD,1,co_membership,L1912-02415
NAME:BOUIX,NAME:DANIEL,1,co_membership,L1912-02415
NAME:BOUIX,NAME:DUFOUR,1,co_membership,L1912-02415
NAME:BOUIX,NAME:FIGUIERE,1,co_membership,L1912-02415
NAME:BOUIX,NAME:GUES,1,co_membership,L1912-02415
NAME:BOUIX,NAME:JUNAUD,1,co_membership,L1912-02415
NAME:BOUIX,NAME:RAINAUD,1,co_membership,L1912-02415
NAME:DANIEL,NAME:DUFOUR,1,co_membership,L1912-02415
NAME:DANIEL,NAME:FIGUIERE,1,co_membership,L1912-02415
NAME:DANIEL,NAME:GUES,1,co_membership,L1912-02415
NAME:DANIEL,NAME:JUNAUD,1,co_membership,L1912-02415
NAME:DANIEL,NAME:RAINAUD,1,co_membership,L1912-02415
NAME:DUFOUR,NAME:FIGUIERE,1,co_membership,L1912-02415
NAME:DUFOUR,NAME:GUES,1,co_membership,L1912-02415
NAME:DUFOUR,NAME:JUNAUD,1,co_membership,L1912-02415
NAME:DUFOUR,NAME:RAINAUD,1,co_membership,L1912-02415
NAME:FIGUIERE,NAME:GUES,1,co_membership,L1912-02415
NAME:FIGUIERE,NAME:JUNAUD,1,co_membership,L1912-02415
NAME:FIGUIERE,NAME:RAINAUD,1,co_membership,L1912-02415
NAME:GUES,NAME:JUNAUD,1,co_membership,L1912-02415
NAME:GUES,NAME:RAINAUD,1,co_membership,L1912-02415
NAME:JUNAUD,NAME:RAINAUD,1,co_membership,L1912-02415
L1912-02678,NAME:CUREL,1,co_membership,L1912-02417
L1912-02678,NAME:DELMAS,1,co_membership,L1912-02417
L1912-02678,NAME:GERONIMI,1,co_membership,L1912-02417
L1912-02678,NAME:LUCIAIII,1,co_membership,L1912-02417
L1912-02678,NAME:VIE,1,co_membership,L1912-02417
NAME:CUREL,NAME:DELMAS,1,co_membership,L1912-02417
NAME:CUREL,NAME:GERONIMI,1,co_membership,L1912-02417
NAME:CUREL,NAME:LUCIAIII,1,co_membership,L1912-02417
NAME:CUREL,NAME:VIE,1,co_membership,L1912-02417
NAME:DELMAS,NAME:GERONIMI,1,co_membership,L1912-02417
NAME:DELMAS,NAME:LUCIAIII,1,co_membership,L1912-02417
NAME:DELMAS,NAME:VIE,1,co_membership,L1912-02417
NAME:GERONIMI,NAME:LUCIAIII,1,co_membership,L1912-02417
NAME:GERONIMI,NAME:VIE,1,co_membership,L1912-02417
NAME:LUCIAIII,NAME:VIE,1,co_membership,L1912-02417
L1912-00969,L1912-01189,1,co_membership,L1912-02418
L1912-00969,NAME:ANOUILH,1,co_membership,L1912-02418
L1912-00969,NAME:BAILLEUL,1,co_membership,L1912-02418
L1912-00969,NAME:DEBAR,1,co_membership,L1912-02418
L1912-00969,NAME:FRANCHEBOIS,1,co_membership,L1912-02418
L1912-00969,NAME:LABALLE,1,co_membership,L1912-02418
L1912-00969,NAME:MARCHET,1,co_membership,L1912-02418
L1912-00969,NAME:NAUD,1,co_membership,L1912-02418
L1912-00969,NAME:TUZEL S PAUL,1,co_membership,L1912-02418
L1912-00969,NAME:VIAL,1,co_membership,L1912-02418
L1912-01189,NAME:ANOUILH,1,co_membership,L1912-02418
L1912-01189,NAME:BAILLEUL,1,co_membership,L1912-02418
L1912-01189,NAME:DEBAR,1,co_membership,L1912-02418
L1912-01189,NAME:FRANCHEBOIS,1,co_membership,L1912-02418
L1912-01189,NAME:LABALLE,1,co_membership,L1912-02418
L1912-01189,NAME:MARCHET,1,co_membership,L1912-02418
L1912-01189,NAME:NAUD,1,co_membership,L1912-02418
L1912-01189,NAME:TUZEL S PAUL,1,co_membership,L1912-02418
L1912-01189,NAME:VIAL,1,co_membership,L1912-02418
NAME:ANOUILH,NAME:BAILLEUL,1,co_membership,L1912-02418
NAME:ANOUILH,NAME:DEBAR,1,co_membership,L1912-02418
NAME:ANOUILH,NAME:FRANCHEBOIS,1,co_membership,L1912-02418
NAME:ANOUILH,NAME:LABALLE,1,co_membership,L1912-02418
NAME:ANOUILH,NAME:MARCHET,1,co_membership,L1912-02418
NAME:ANOUILH,NAME:NAUD,1,co_membership,L1912-02418
NAME:ANOUILH,NAME:TUZEL S PAUL,1,co_membership,L1912-02418
NAME:ANOUILH,NAME:VIAL,1,co_membership,L1912-02418
NAME:BAILLEUL,NAME:DEBAR,1,co_membership,L1912-02418
NAME:BAILLEUL,NAME:FRANCHEBOIS,1,co_membership,L1912-02418
NAME:BAILLEUL,NAME:LABALLE,1,co_membership,L1912-02418
NAME:BAILLEUL,NAME:MARCHET,1,co_membership,L1912-02418
NAME:BAILLEUL,NAME:NAUD,1,co_membership,L1912-02418
NAME:BAILLEUL,NAME:TUZEL S PAUL,1,co_membership,L1912-02418
NAME:BAILLEUL,NAME:VIAL,1,co_membership,L1912-02418
NAME:DEBAR,NAME:FRANCHEBOIS,1,co_membership,L1912-02418
NAME:DEBAR,NAME:LABALLE,1,co_membership,L1912-02418
NAME:DEBAR,NAME:MARCHET,1,co_membership,L1912-02418
NAME:DEBAR,NAME:NAUD,1,co_membership,L1912-02418
NAME:DEBAR,NAME:TUZEL S PAUL,1,co_membership,L1912-02418
NAME:DEBAR,NAME:VIAL,1,co_membership,L1912-02418
NAME:FRANCHEBOIS,NAME:LABALLE,1,co_membership,L1912-02418
NAME:FRANCHEBOIS,NAME:MARCHET,1,co_membership,L1912-02418
NAME:FRANCHEBOIS,NAME:NAUD,1,co_membership,L1912-02418
NAME:FRANCHEBOIS,NAME:TUZEL S PAUL,1,co_membership,L1912-02418
NAME:FRANCHEBOIS,NAME:VIAL,1,co_membership,L1912-02418
NAME:LABALLE,NAME:MARCHET,1,co_membership,L1912-02418
NAME:LABALLE,NAME:NAUD,1,co_membership,L1912-02418
NAME:LABALLE,NAME:TUZEL S PAUL,1,co_membership,L1912-02418
NAME:LABALLE,NAME:VIAL,1,co_membership,L1912-02418
NAME:MARCHET,NAME:NAUD,1,co_membership,L1912-02418
NAME:MARCHET,NAME:TUZEL S PAUL,1,co_membership,L1912-02418
NAME:MARCHET,NAME:VIAL,1,co_membership,L1912-02418
NAME:NAUD,NAME:TUZEL S PAUL,1,co_membership,L1912-02418
NAME:NAUD,NAME:VIAL,1,co_membership,L1912-02418
NAME:TUZEL S PAUL,NAME:VIAL,1,co_membership,L1912-02418
L1912-01216,L1912-01232,1,co_membership,L1912-02419
L1912-01216,NAME:BIZET,1,co_membership,L1912-02419
L1912-01232,NAME:BIZET,1,co_membership,L1912-02419
L1912-00089,L1912-00342,1,co_membership,L1912-02420
L1912-00089,L1912-00699,2,co_membership,L1912-02420;ORG:societe francaise de bienfaisance
L1912-00089,L1912-00957,1,co_membership,L1912-02420
L1912-00089,L1912-01121,1,co_membership,L1912-02420
L1912-00089,L1912-01276,1,co_membership,L1912-02420
L1912-00089,L1912-01291,1,co_membership,L1912-02420
L1912-00089,L1912-01997,1,co_membership,L1912-02420
L1912-00089,L1912-02008,1,co_membership,L1912-02420
L1912-00089,L1912-02161,1,co_membership,L1912-02420
L1912-00089,NAME:AFFAIRES ETRANGERES,1,co_membership,L1912-02420
L1912-00089,NAME:CARCASSES,1,co_membership,L1912-02420
L1912-00089,NAME:CHANDIOUX,1,co_membership,L1912-02420
L1912-00089,NAME:DUPLAY,1,co_membership,L1912-02420
L1912-00089,NAME:GAUCTENSRAVOLTI,1,co_membership,L1912-02420
L1912-00089,NAME:II COMTE,1,co_membership,L1912-02420
L1912-00089,NAME:LOCHENAULT,1,co_membership,L1912-02420
L1912-00089,NAME:NEE,1,co_membership,L1912-02420
L1912-00089,NAME:PAILLON,1,co_membership,L1912-02420
L1912-00089,NAME:PELONI,1,co_membership,L1912-02420
L1912-00089,NAME:PEYRARD,1,co_membership,L1912-02420
L1912-00342,L1912-00699,1,co_membership,L1912-02420
L1912-00342,L1912-00957,1,co_membership,L1912-02420
L1912-00342,L1912-01121,1,co_membership,L1912-02420
L1912-00342,L1912-01276,1,co_membership,L1912-02420
L1912-00342,L1912-01291,1,co_membership,L1912-02420
L1912-00342,L1912-01997,1,co_membership,L1912-02420
L1912-00342,L1912-02008,1,co_membership,L1912-02420
L1912-00342,L1912-02161,1,co_membership,L1912-02420
L1912-00342,NAME:AFFAIRES ETRANGERES,1,co_membership,L1912-02420
L1912-00342,NAME:CARCASSES,1,co_membership,L1912-02420
L1912-00342,NAME:CHANDIOUX,1,co_membership,L1912-02420
L1912-00342,NAME:DUPLAY,1,co_membership,L1912-02420
L1912-00342,NAME:GAUCTENSRAVOLTI,1,co_membership,L1912-02420
L1912-00342,NAME:II COMTE,1,co_membership,L1912-02420
L1912-00342,NAME:LOCHENAULT,1,co_membership,L1912-02420
L1912-00342,NAME:NEE,1,co_membership,L1912-02420
L1912-00342,NAME:PAILLON,1,co_membership,L1912-02420
L1912-00342,NAME:PELONI,1,co_membership,L1912-02420
L1912-00342,NAME:PEYRARD,1,co_membership,L1912-02420
L1912-00699,L1912-00957,1,co_membership,L1912-02420
L1912-00699,L1912-01121,1,co_membership,L1912-02420
L1912-00699,L1912-01997,1,co_membership,L1912-02420
L1912-00699,L1912-02008,1,co_membership,L1912-02420
L1912-00699,L1912-02161,1,co_membership,L1912-02420
L1912-00699,NAME:AFFAIRES ETRANGERES,1,co_membership,L1912-02420
L1912-00699,NAME:CARCASSES,1,co_membership,L1912-02420
L1912-00699,NAME:CHANDIOUX,1,co_membership,L1912-02420
L1912-00699,NAME:DUPLAY,1,co_membership,L1912-02420
L1912-00699,NAME:GAUCTENSRAVOLTI,1,co_membership,L1912-02420
L1912-00699,NAME:II COMTE,1,co_membership,L1912-02420
L1912-00699,NAME:LOCHENAULT,1,co_membership,L1912-02420
L1912-00699,NAME:NEE,1,co_membership,L1912-02420
L1912-00699,NAME:PAILLON,1,co_membership,L1912-02420
L1912-00699,NAME:PELONI,1,co_membership,L1912-02420
L1912-00699,NAME:PEYRARD,1,co_membership,L1912-02420
L1912-00957,L1912-01121,1,co_membership,L1912-02420
L1912-00957,L1912-01276,1,co_membership,L1912-02420
L1912-00957,L1912-01291,1,co_membership,L1912-02420
L1912-00957,L1912-01997,1,co_membership,L1912-02420
L1912-00957,L1912-02008,1,co_membership,L1912-02420
L1912-00957,L1912-02161,1,co_membership,L1912-02420
L1912-00957,NAME:AFFAIRES ETRANGERES,1,co_membership,L1912-02420
L1912-00957,NAME:CARCASSES,1,co_membership,L1912-02420
L1912-00957,NAME:CHANDIOUX,1,co_membership,L1912-02420
L1912-00957,NAME:DUPLAY,1,co_membership,L1912-02420
L1912-00957,NAME:GAUCTENSRAVOLTI,1,co_membership,L1912-02420
L1912-00957,NAME:II COMTE,1,co_membership,L1912-02420
L1912-00957,NAME:LOCHENAULT,1,co_membership,L1912-02420
L1912-00957,NAME:NEE,1,co_membership,L1912-02420
L1912-00957,NAME:PAILLON,1,co_membership,L1912-02420
L1912-00957,NAME:PELONI,1,co_membership,L1912-02420
L1912-00957,NAME:PEYRARD,1,co_membership,L1912-02420
L1912-01121,L1912-01276,1,co_membership,L1912-02420
L1912-01121,L1912-01291,1,co_membership,L1912-02420
L1912-01121,L1912-01997,1,co_membership,L1912-02420
L1912-01121,L1912-02008,1,co_membership,L1912-02420
L1912-01121,L1912-02161,1,co_membership,L1912-02420
L1912-01121,NAME:AFFAIRES ETRANGERES,1,co_membership,L1912-02420
L1912-01121,NAME:CARCASSES,1,co_membership,L1912-02420
L1912-01121,NAME:CHANDIOUX,1,co_membership,L1912-02420
L1912-01121,NAME:DUPLAY,1,co_membership,L1912-02420
L1912-01121,NAME:GAUCTENSRAVOLTI,1,co_membership,L1912-02420
L1912-01121,NAME:II COMTE,1,co_membership,L1912-02420
L1912-01121,NAME:LOCHENAULT,1,co_membership,L1912-02420
L1912-01121,NAME:NEE,1,co_membership,L1912-02420
L1912-01121,NAME:PAILLON,1,co_membership,L1912-02420
L1912-01121,NAME:PELONI,1,co_membership,L1912-02420
L1912-01121,NAME:PEYRARD,1,co_membership,L1912-02420
L1912-01276,L1912-01997,1,co_membership,L1912-02420
L1912-01276,L1912-02008,1,co_membership,L1912-02420
L1912-01276,L1912-02161,1,co_membership,L1912-02420
L1912-01276,NAME:AFFAIRES ETRANGERES,1,co_membership,L1912-02420
L1912-01276,NAME:CARCASSES,1,co_membership,L1912-02420
L1912-01276,NAME:CHANDIOUX,1,co_membership,L1912-02420
L1912-01276,NAME:DUPLAY,1,co_membership,L1912-02420
L1912-01276,NAME:GAUCTENSRAVOLTI,1,co_membership,L1912-02420
L1912-01276,NAME:II COMTE,1,co_membership,L1912-02420
L1912-01276,NAME:LOCHENAULT,1,co_membership,L1912-02420
L1912-01276,NAME:NEE,1,co_membership,L1912-02420
L1912-01276,NAME:PAILLON,1,co_membership,L1912-02420
L1912-01276,NAME:PELONI,1,co_membership,L1912-02420
L1912-01276,NAME:PEYRARD,1,co_membership,L1912-02420
L1912-01291,L1912-01997,1,co_membership,L1912-02420
L1912-01291,L1912-02008,1,co_membership,L1912-02420
L1912-01291,L1912-02161,1,co_membership,L1912-02420
L1912-01291,NAME:AFFAIRES ETRANGERES,1,co_membership,L1912-02420
L1912-01291,NAME:CARCASSES,1,co_membership,L1912-02420
L1912-01291,NAME:CHANDIOUX,1,co_membership,L1912-02420
L1912-01291,NAME:DUPLAY,1,co_membership,L1912-02420
L1912-01291,NAME:GAUCTENSRAVOLTI,1,co_membership,L1912-02420
L1912-01291,NAME:II COMTE,1,co_membership,L1912-02420
L1912-01291,NAME:LOCHENAULT,1,co_membership,L1912-02420
L1912-01291,NAME:NEE,1,co_membership,L1912-02420
L1912-01291,NAME:PAILLON,1,co_membership,L1912-02420
L1912-01291,NAME:PELONI,1,co_membership,L1912-02420
L1912-01291,NAME:PEYRARD,1,co_membership,L1912-02420
L1912-01997,L1912-02008,1,co_membership,L1912-02420
L1912-01997,L1912-02161,1,co_membership,L1912-02420
L1912-01997,NAME:AFFAIRES ETRANGERES,1,co_membership,L1912-02420
L1912-01997,NAME:CARCASSES,1,co_membership,L1912-02420
L1912-01997,NAME:CHANDIOUX,1,co_membership,L1912-02420
L1912-01997,NAME:DUPLAY,1,co_membership,L1912-02420
L1912-01997,NAME:GAUCTENSRAVOLTI,1,co_membership,L1912-02420
L1912-01997,NAME:II COMTE,1,co_membership,L1912-02420
L1912-01997,NAME:LOCHENAULT,1,co_membership,L1912-02420
L1912-01997,NAME:NEE,1,co_membership,L1912-02420
L1912-01997,NAME:PAILLON,1,co_membership,L1912-02420
L1912-01997,NAME:PELONI,1,co_membership,L1912-02420
L1912-01997,NAME:PEYRARD,1,co_membership,L1912-02420
L1912-02008,L1912-02161,1,co_membership,L1912-02420
L1912-02008,NAME:AFFAIRES ETRANGERES,1,co_membership,L1912-02420
L1912-02008,NAME:CARCASSES,1,co_membership,L1912-02420
L1912-02008,NAME:CHANDIOUX,1,co_membership,L1912-02420
L1912-02008,NAME:DUPLAY,1,co_membership,L1912-02420
L1912-02008,NAME:GAUCTENSRAVOLTI,1,co_membership,L1912-02420
L1912-02008,NAME:II COMTE,1,co_membership,L1912-02420
L1912-02008,NAME:LOCHENAULT,1,co_membership,L1912-02420
L1912-02008,NAME:NEE,1,co_membership,L1912-02420
L1912-02008,NAME:PAILLON,1,co_membership,L1912-02420
L1912-02008,NAME:PELONI,1,co_membership,L1912-02420
L1912-02008,NAME:PEYRARD,1,co_membership,L1912-02420
L1912-02161,NAME:AFFAIRES ETRANGERES,1,co_membership,L1912-02420
L1912-02161,NAME:CARCASSES,1,co_membership,L1912-02420
L1912-02161,NAME:CHANDIOUX,1,co_membership,L1912-02420
L1912-02161,NAME:DUPLAY,1,co_membership,L1912-02420
L1912-02161,NAME:GAUCTENSRAVOLTI,1,co_membership,L1912-02420
L1912-02161,NAME:II COMTE,1,co_membership,L1912-02420
L1912-02161,NAME:LOCHENAULT,1,co_membership,L1912-02420
L1912-02161,NAME:NEE,1,co_membership,L1912-02420
L1912-02161,NAME:PAILLON,1,co_membership,L1912-02420
L1912-02161,NAME:PELONI,1,co_membership,L1912-02420
L1912-02161,NAME:PEYRARD,1,co_membership,L1912-02420
NAME:AFFAIRES ETRANGERES,NAME:CARCASSES,1,co_membership,L1912-02420
NAME:AFFAIRES ETRANGERES,NAME:CHANDIOUX,1,co_membership,L1912-02420
NAME:AFFAIRES ETRANGERES,NAME:DUPLAY,1,co_membership,L1912-02420
NAME:AFFAIRES ETRANGERES,NAME:GAUCTENSRAVOLTI,1,co_membership,L1912-02420
NAME:AFFAIRES ETRANGERES,NAME:II COMTE,1,co_membership,L1912-02420
NAME:AFFAIRES ETRANGERES,NAME:LOCHENAULT,1,co_membership,L1912-02420
NAME:AFFAIRES ETRANGERES,NAME:NEE,1,co_membership,L1912-02420
NAME:AFFAIRES ETRANGERES,NAME:PAILLON,1,co_membership,L1912-02420
NAME:AFFAIRES ETRANGERES,NAME:PELONI,1,co_membership,L1912-02420
NAME:AFFAIRES ETRANGERES,NAME:PEYRARD,1,co_membership,L1912-02420
NAME:CARCASSES,NAME:CHANDIOUX,1,co_membership,L1912-02420
NAME:CARCASSES,NAME:DUPLAY,1,co_membership,L1912-02420
NAME:CARCASSES,NAME:GAUCTENSRAVOLTI,1,co_membership,L1912-02420
NAME:CARCASSES,NAME:II COMTE,1,co_membership,L1912-02420
NAME:CARCASSES,NAME:LOCHENAULT,1,co_membership,L1912-02420
NAME:CARCASSES,NAME:NEE,1,co_membership,L1912-02420
NAME:CARCASSES,NAME:PAILLON,1,co_membership,L1912-02420
NAME:CARCASSES,NAME:PELONI,1,co_membership,L1912-02420
NAME:CARCASSES,NAME:PEYRARD,1,co_membership,L1912-02420
NAME:CHANDIOUX,NAME:DUPLAY,1,co_membership,L1912-02420
NAME:CHANDIOUX,NAME:GAUCTENSRAVOLTI,1,co_membership,L1912-02420
NAME:CHANDIOUX,NAME:II COMTE,1,co_membership,L1912-02420
NAME:CHANDIOUX,NAME:LOCHENAULT,1,co_membership,L1912-02420
NAME:CHANDIOUX,NAME:NEE,1,co_membership,L1912-02420
NAME:CHANDIOUX,NAME:PAILLON,1,co_membership,L1912-02420
NAME:CHANDIOUX,NAME:PELONI,1,co_membership,L1912-02420
NAME:CHANDIOUX,NAME:PEYRARD,1,co_membership,L1912-02420
NAME:DUPLAY,NAME:GAUCTENSRAVOLTI,1,co_membership,L1912-02420
NAME:DUPLAY,NAME:II COMTE,1,co_membership,L1912-02420
NAME:DUPLAY,NAME:LOCHENAULT,1,co_membership,L1912-02420
NAME:DUPLAY,NAME:NEE,1,co_membership,L1912-02420
NAME:DUPLAY,NAME:PAILLON,1,co_membership,L1912-02420
NAME:DUPLAY,NAME:PELONI,1,co_membership,L1912-02420
NAME:DUPLAY,NAME:PEYRARD,1,co_membership,L1912-02420
NAME:GAUCTENSRAVOLTI,NAME:II COMTE,1,co_membership,L1912-02420
NAME:GAUCTENSRAVOLTI,NAME:LOCHENAULT,1,co_membership,L1912-02420
NAME:GAUCTENSRAVOLTI,NAME:NEE,1,co_membership,L1912-02420
NAME:GAUCTENSRAVOLTI,NAME:PAILLON,1,co_membership,L1912-02420
NAME:GAUCTENSRAVOLTI,NAME:PELONI,1,co_membership,L1912-02420
NAME:GAUCTENSRAVOLTI,NAME:PEYRARD,1,co_membership,L1912-02420
NAME:II COMTE,NAME:LOCHENAULT,1,co_membership,L1912-02420
NAME:II COMTE,NAME:NEE,1,co_membership,L1912-02420
NAME:II COMTE,NAME:PAILLON,1,co_membership,L1912-02420
NAME:II COMTE,NAME:PELONI,1,co_membership,L1912-02420
NAME:II COMTE,NAME:PEYRARD,1,co_membership,L1912-02420
NAME:LOCHENAULT,NAME:NEE,1,co_membership,L1912-02420
NAME:LOCHENAULT,NAME:PAILLON,1,co_membership,L1912-02420
NAME:LOCHENAULT,NAME:PELONI,1,co_membership,L1912-02420
NAME:LOCHENAULT,NAME:PEYRARD,1,co_membership,L1912-02420
NAME:NEE,NAME:PAILLON,1,co_membership,L1912-02420
NAME:NEE,NAME:PELONI,1,co_membership,L1912-02420
NAME:NEE,NAME:PEYRARD,1,co_membership,L1912-02420
NAME:PAILLON,NAME:PELONI,1,co_membership,L1912-02420
NAME:PAILLON,NAME:PEYRARD,1,co_membership,L1912-02420
NAME:PELONI,NAME:PEYRARD,1,co_membership,L1912-02420
NAME:BARILAUD,NAME:MOHAMED ELIAS,1,co_membership,L1912-02421
NAME:BARILAUD,NAME:POLGE,1,co_membership,L1912-02421
NAME:BARILAUD,NAME:SOULET,1,co_membership,L1912-02421
NAME:BARILAUD,NAME:SOULEYRAND,1,co_membership,L1912-02421
NAME:MOHAMED ELIAS,NAME:POLGE,1,co_membership,L1912-02421
NAME:MOHAMED ELIAS,NAME:SOULET,1,co_membership,L1912-02421
NAME:MOHAMED ELIAS,NAME:SOULEYRAND,1,co_membership,L1912-02421
NAME:POLGE,NAME:SOULET,1,co_membership,L1912-02421
NAME:POLGE,NAME:SOULEYRAND,1,co_membership,L1912-02421
NAME:SOULET,NAME:SOULEYRAND,1,co_membership,L1912-02421
L1912-00010,L1912-00529,1,co_membership,L1912-02422
L1912-00010,L1912-01257,1,co_membership,L1912-02422
L1912-00010,NAME:FELLOUS,1,co_membership,L1912-02422
L1912-00010,NAME:HAMOU,1,co_membership,L1912-02422
L1912-00010,NAME:INGLESE ANT,1,co_membership,L1912-02422
L1912-00010,NAME:NICOLAS,1,co_membership,L1912-02422
L1912-00010,NAME:PIRAINO,1,co_membership,L1912-02422
L1912-00010,NAME:PRIMA,1,co_membership,L1912-02422
L1912-00529,L1912-01257,1,co_membership,L1912-02422
L1912-00529,NAME:FELLOUS,1,co_membership,L1912-02422
L1912-00529,NAME:HAMOU,1,co_membership,L1912-02422
L1912-00529,NAME:INGLESE ANT,1,co_membership,L1912-02422
L1912-00529,NAME:NICOLAS,1,co_membership,L1912-02422
L1912-00529,NAME:PIRAINO,1,co_membership,L1912-02422
L1912-00529,NAME:PRIMA,1,co_membership,L1912-02422
L1912-01257,NAME:FELLOUS,1,co_membership,L1912-02422
L1912-01257,NAME:HAMOU,1,co_membership,L1912-02422
L1912-01257,NAME:INGLESE ANT,1,co_membership,L1912-02422
L1912-01257,NAME:NICOLAS,1,co_membership,L1912-02422
L1912-01257,NAME:PIRAINO,1,co_membership,L1912-02422
L1912-01257,NAME:PRIMA,1,co_membership,L1912-02422
NAME:FELLOUS,NAME:HAMOU,1,co_membership,L1912-02422
NAME:FELLOUS,NAME:INGLESE ANT,1,co_membership,L1912-02422
NAME:FELLOUS,NAME:NICOLAS,1,co_membership,L1912-02422
NAME:FELLOUS,NAME:PIRAINO,1,co_membership,L1912-02422
NAME:FELLOUS,NAME:PRIMA,1,co_membership,L1912-02422
NAME:HAMOU,NAME:INGLESE ANT,1,co_membership,L1912-02422
NAME:HAMOU,NAME:NICOLAS,1,co_membership,L1912-02422
NAME:HAMOU,NAME:PIRAINO,1,co_membership,L1912-02422
NAME:HAMOU,NAME:PRIMA,1,co_membership,L1912-02422
NAME:INGLESE ANT,NAME:NICOLAS,1,co_membership,L1912-02422
NAME:INGLESE ANT,NAME:PIRAINO,1,co_membership,L1912-02422
NAME:INGLESE ANT,NAME:PRIMA,1,co_membership,L1912-02422
NAME:NICOLAS,NAME:PIRAINO,1,co_membership,L1912-02422
NAME:NICOLAS,NAME:PRIMA,1,co_membership,L1912-02422
NAME:PIRAINO,NAME:PRIMA,1,co_membership,L1912-02422
L1912-01931,NAME:SAIVATORE CANINO,1,co_membership,L1912-02423
L1912-00314,L1912-00389,1,co_membership,L1912-02424
L1912-00314,L1912-01171,1,co_membership,L1912-02424
L1912-00314,L1912-02246,1,co_membership,L1912-02424
L1912-00314,L1912-02725,1,co_membership,L1912-02424
L1912-00314,NAME:BUYER,1,co_membership,L1912-02424
L1912-00314,NAME:MOHAMMED DJELLOULI,1,co_membership,L1912-02424
L1912-00314,NAME:ROBIN,1,co_membership,L1912-02424
L1912-00389,L1912-01171,1,co_membership,L1912-02424
L1912-00389,L1912-02246,1,co_membership,L1912-02424
L1912-00389,L1912-02725,1,co_membership,L1912-02424
L1912-00389,NAME:BUYER,1,co_membership,L1912-02424
L1912-00389,NAME:MOHAMMED DJELLOULI,1,co_membership,L1912-02424
L1912-00389,NAME:ROBIN,1,co_membership,L1912-02424
L1912-01171,L1912-02246,1,co_membership,L1912-02424
L1912-01171,L1912-02725,1,co_membership,L1912-02424
L1912-01171,NAME:BUYER,1,co_membership,L1912-02424
L1912-01171,NAME:MOHAMMED DJELLOULI,1,co_membership,L1912-02424
L1912-01171,NAME:ROBIN,1,co_membership,L1912-02424
L1912-02246,L1912-02725,1,co_membership,L1912-02424
L1912-02246,NAME:BUYER,1,co_membership,L1912-02424
L1912-02246,NAME:MOHAMMED DJELLOULI,1,co_membership,L1912-02424
L1912-02246,NAME:ROBIN,1,co_membership,L1912-02424
L1912-02725,NAME:BUYER,1,co_membership,L1912-02424
L1912-02725,NAME:MOHAMMED DJELLOULI,1,co_membership,L1912-02424
L1912-02725,NAME:ROBIN,1,co_membership,L1912-02424
NAME:BUYER,NAME:MOHAMMED DJELLOULI,1,co_membership,L1912-02424
NAME:BUYER,NAME:ROBIN,1,co_membership,L1912-02424
NAME:MOHAMMED DJELLOULI,NAME:ROBIN,1,co_membership,L1912-02424
L1912-00987,L1912-01274,1,co_membership,L1912-02425
L1912-00987,L1912-01733,1,co_membership,L1912-02425
L1912-00987,L1912-02138,1,co_membership,L1912-02425
L1912-00987,NAME:BEAU,1,co_membership,L1912-02425
L1912-00987,NAME:BRAQUEHAYE,1,co_membership,L1912-02425
L1912-00987,NAME:COUPIN,1,co_membership,L1912-02425
L1912-00987,NAME:HOUDEBINE,1,co_membership,L1912-02425
L1912-01274,L1912-01733,1,co_membership,L1912-02425
L1912-01274,L1912-02138,1,co_membership,L1912-02425
L1912-01274,NAME:BEAU,1,co_membership,L1912-02425
L1912-01274,NAME:BRAQUEHAYE,2,co_membership,L1912-02425;L1912-02426
L1912-01274,NAME:COUPIN,1,co_membership,L1912-02425
L1912-01274,NAME:HOUDEBINE,2,co_membership,L1912-02425;L1912-02426
L1912-01733,L1912-02138,1,co_membership,L1912-02425
L1912-01733,NAME:BEAU,1,co_membership,L1912-02425
L1912-01733,NAME:BRAQUEHAYE,1,co_membership,L1912-02425
L1912-01733,NAME:COUPIN,1,co_membership,L1912-02425
L1912-01733,NAME:HOUDEBINE,1,co_membership,L1912-02425
L1912-02138,NAME:BEAU,1,co_membership,L1912-02425
L1912-02138,NAME:BRAQUEHAYE,1,co_membership,L1912-02425
L1912-02138,NAME:COUPIN,1,co_membership,L1912-02425
L1912-02138,NAME:HOUDEBINE,1,co_membership,L1912-02425
NAME:BEAU,NAME:BRAQUEHAYE,1,co_membership,L1912-02425
NAME:BEAU,NAME:COUPIN,1,co_membership,L1912-02425
NAME:BEAU,NAME:HOUDEBINE,1,co_membership,L1912-02425
NAME:BRAQUEHAYE,NAME:COUPIN,1,co_membership,L1912-02425
NAME:BRAQUEHAYE,NAME:HOUDEBINE,2,co_membership,L1912-02425;L1912-02426
NAME:COUPIN,NAME:HOUDEBINE,1,co_membership,L1912-02425
L1912-01274,L1912-01291,1,co_membership,L1912-02426
L1912-01274,L1912-02158,1,co_membership,L1912-02426
L1912-01274,NAME:BARRION,1,co_membership,L1912-02426
L1912-01274,NAME:BOURNEL,1,co_membership,L1912-02426
L1912-01274,NAME:DOUTE,1,co_membership,L1912-02426
L1912-01274,NAME:EL HADJ MOHAMED FERISSA,1,co_membership,L1912-02426
L1912-01274,NAME:GIANNESINI,1,co_membership,L1912-02426
L1912-01274,NAME:GUYOT,1,co_membership,L1912-02426
L1912-01274,NAME:LECLERC,1,co_membership,L1912-02426
L1912-01274,NAME:NOVIELLO,1,co_membership,L1912-02426
L1912-01274,NAME:RASSELLI,1,co_membership,L1912-02426
L1912-01274,NAME:RIANT,1,co_membership,L1912-02426
L1912-01291,L1912-02158,1,co_membership,L1912-02426
L1912-01291,NAME:BOURNEL,1,co_membership,L1912-02426
L1912-01291,NAME:BRAQUEHAYE,1,co_membership,L1912-02426
L1912-01291,NAME:DOUTE,1,co_membership,L1912-02426
L1912-01291,NAME:EL HADJ MOHAMED FERISSA,1,co_membership,L1912-02426
L1912-01291,NAME:GIANNESINI,1,co_membership,L1912-02426
L1912-01291,NAME:GUYOT,1,co_membership,L1912-02426
L1912-01291,NAME:HOUDEBINE,1,co_membership,L1912-02426
L1912-01291,NAME:LECLERC,1,co_membership,L1912-02426
L1912-01291,NAME:NOVIELLO,1,co_membership,L1912-02426
L1912-01291,NAME:RASSELLI,1,co_membership,L1912-02426
L1912-01291,NAME:RIANT,1,co_membership,L1912-02426
L1912-02158,NAME:BARRION,1,co_membership,L1912-02426
L1912-02158,NAME:BOURNEL,1,co_membership,L1912-02426
L1912-02158,NAME:BRAQUEHAYE,1,co_membership,L1912-02426
L1912-02158,NAME:DOUTE,1,co_membership,L1912-02426
L1912-02158,NAME:EL HADJ MOHAMED FERISSA,1,co_membership,L1912-02426
L1912-02158,NAME:GIANNESINI,1,co_membership,L1912-02426
L1912-02158,NAME:GUYOT,1,co_membership,L1912-02426
L1912-02158,NAME:HOUDEBINE,1,co_membership,L1912-02426
L1912-02158,NAME:LECLERC,1,co_membership,L1912-02426
L1912-02158,NAME:NOVIELLO,1,co_membership,L1912-02426
L1912-02158,NAME:RASSELLI,1,co_membership,L1912-02426
L1912-02158,NAME:RIANT,1,co_membership,L1912-02426
NAME:BARRION,NAME:BOURNEL,1,co_membership,L1912-02426
NAME:BARRION,NAME:BRAQUEHAYE,1,co_membership,L1912-02426
NAME:BARRION,NAME:DOUTE,1,co_membership,L1912-02426
NAME:BARRION,NAME:EL HADJ MOHAMED FERISSA,1,co_membership,L1912-02426
NAME:BARRION,NAME:GIANNESINI,1,co_membership,L1912-02426
NAME:BARRION,NAME:GUYOT,1,co_membership,L1912-02426
NAME:BARRION,NAME:HOUDEBINE,1,co_membership,L1912-02426
NAME:BARRION,NAME:LECLERC,1,co_membership,L1912-02426
NAME:BARRION,NAME:NOVIELLO,1,co_membership,L1912-02426
NAME:BARRION,NAME:RASSELLI,1,co_membership,L1912-02426
NAME:BARRION,NAME:RIANT,1,co_membership,L1912-02426
NAME:BOURNEL,NAME:BRAQUEHAYE,1,co_membership,L1912-02426
NAME:BOURNEL,NAME:DOUTE,1,co_membership,L1912-02426
NAME:BOURNEL,NAME:EL HADJ MOHAMED FERISSA,1,co_membership,L1912-02426
NAME:BOURNEL,NAME:GIANNESINI,1,co_membership,L1912-02426
NAME:BOURNEL,NAME:GUYOT,1,co_membership,L1912-02426
NAME:BOURNEL,NAME:HOUDEBINE,1,co_membership,L1912-02426
NAME:BOURNEL,NAME:LECLERC,1,co_membership,L1912-02426
NAME:BOURNEL,NAME:NOVIELLO,1,co_membership,L1912-02426
NAME:BOURNEL,NAME:RASSELLI,1,co_membership,L1912-02426
NAME:BOURNEL,NAME:RIANT,1,co_membership,L1912-02426
NAME:BRAQUEHAYE,NAME:DOUTE,1,co_membership,L1912-02426
NAME:BRAQUEHAYE,NAME:EL HADJ MOHAMED FERISSA,1,co_membership,L1912-02426
NAME:BRAQUEHAYE,NAME:GIANNESINI,1,co_membership,L1912-02426
NAME:BRAQUEHAYE,NAME:GUYOT,1,co_membership,L1912-02426
NAME:BRAQUEHAYE,NAME:LECLERC,1,co_membership,L1912-02426
NAME:BRAQUEHAYE,NAME:NOVIELLO,1,co_membership,L1912-02426
NAME:BRAQUEHAYE,NAME:RASSELLI,1,co_membership,L1912-02426
NAME:BRAQUEHAYE,NAME:RIANT,1,co_membership,L1912-02426
NAME:DOUTE,NAME:EL HADJ MOHAMED FERISSA,1,co_membership,L1912-02426
NAME:DOUTE,NAME:GIANNESINI,1,co_membership,L1912-02426
NAME:DOUTE,NAME:GUYOT,1,co_membership,L1912-02426
NAME:DOUTE,NAME:HOUDEBINE,1,co_membership,L1912-02426
NAME:DOUTE,NAME:LECLERC,1,co_membership,L1912-02426
NAME:DOUTE,NAME:NOVIELLO,1,co_membership,L1912-02426
NAME:DOUTE,NAME:RASSELLI,1,co_membership,L1912-02426
NAME:DOUTE,NAME:RIANT,1,co_membership,L1912-02426
NAME:EL HADJ MOHAMED FERISSA,NAME:GIANNESINI,1,co_membership,L1912-02426
NAME:EL HADJ MOHAMED FERISSA,NAME:GUYOT,1,co_membership,L1912-02426
NAME:EL HADJ MOHAMED FERISSA,NAME:HOUDEBINE,1,co_membership,L1912-02426
NAME:EL HADJ MOHAMED FERISSA,NAME:LECLERC,1,co_membership,L1912-02426
NAME:EL HADJ MOHAMED FERISSA,NAME:NOVIELLO,1,co_membership,L1912-02426
NAME:EL HADJ MOHAMED FERISSA,NAME:RASSELLI,1,co_membership,L1912-02426
NAME:EL HADJ MOHAMED FERISSA,NAME:RIANT,1,co_membership,L1912-02426
NAME:GIANNESINI,NAME:GUYOT,1,co_membership,L1912-02426
NAME:GIANNESINI,NAME:HOUDEBINE,1,co_membership,L1912-02426
NAME:GIANNESINI,NAME:LECLERC,1,co_membership,L1912-02426
NAME:GIANNESINI,NAME:NOVIELLO,1,co_membership,L1912-02426
NAME:GIANNESINI,NAME:RASSELLI,1,co_membership,L1912-02426
NAME:GIANNESINI,NAME:RIANT,1,co_membership,L1912-02426
NAME:GUYOT,NAME:HOUDEBINE,1,co_membership,L1912-02426
NAME:GUYOT,NAME:LECLERC,1,co_membership,L1912-02426
NAME:GUYOT,NAME:NOVIELLO,1,co_membership,L1912-02426
NAME:GUYOT,NAME:RASSELLI,1,co_membership,L1912-02426
NAME:GUYOT,NAME:RIANT,1,co_membership,L1912-02426
NAME:HOUDEBINE,NAME:LECLERC,1,co_membership,L1912-02426
NAME:HOUDEBINE,NAME:NOVIELLO,1,co_membership,L1912-02426
NAME:HOUDEBINE,NAME:RASSELLI,1,co_membership,L1912-02426
NAME:HOUDEBINE,NAME:RIANT,1,co_membership,L1912-02426
NAME:LECLERC,NAME:NOVIELLO,1,co_membership,L1912-02426
NAME:LECLERC,NAME:RASSELLI,1,co_membership,L1912-02426
NAME:LECLERC,NAME:RIANT,1,co_membership,L1912-02426
NAME:NOVIELLO,NAME:RASSELLI,1,co_membership,L1912-02426
NAME:NOVIELLO,NAME:RIANT,1,co_membership,L1912-02426
NAME:RASSELLI,NAME:RIANT,1,co_membership,L1912-02426
L1912-00067,L1912-01465,1,co_membership,L1912-02427
L1912-00067,NAME:FELIX BONAN,1,co_membership,L1912-02427
L1912-00067,NAME:HENRI HAOUZI,1,co_membership,L1912-02427
L1912-00067,NAME:MAURICE MAMOU,1,co_membership,L1912-02427
L1912-00067,NAME:ROUBINE ZORAH,1,co_membership,L1912-02427
L1912-01465,NAME:FELIX BONAN,1,co_membership,L1912-02427
L1912-01465,NAME:HENRI HAOUZI,1,co_membership,L1912-02427
L1912-01465,NAME:MAURICE MAMOU,1,co_membership,L1912-02427
L1912-01465,NAME:ROUBINE ZORAH,1,co_membership,L1912-02427
NAME:FELIX BONAN,NAME:HENRI HAOUZI,1,co_membership,L1912-02427
NAME:FELIX BONAN,NAME:MAURICE MAMOU,1,co_membership,L1912-02427
NAME:FELIX BONAN,NAME:ROUBINE ZORAH,1,co_membership,L1912-02427
NAME:HENRI HAOUZI,NAME:MAURICE MAMOU,1,co_membership,L1912-02427
NAME:HENRI HAOUZI,NAME:ROUBINE ZORAH,1,co_membership,L1912-02427
NAME:MAURICE MAMOU,NAME:ROUBINE ZORAH,1,co_membership,L1912-02427
L1912-00172,L1912-00857,1,co_membership,L1912-02428
L1912-00172,L1912-01098,1,co_membership,L1912-02428
L1912-00172,L1912-01812,1,co_membership,L1912-02428
L1912-00172,NAME:A REY,1,co_membership,L1912-02428
L1912-00172,NAME:CAMILLE,1,co_membership,L1912-02428
L1912-00172,NAME:CARDOSO,1,co_membership,L1912-02428
L1912-00172,NAME:CESANA,1,co_membership,L1912-02428
L1912-00172,NAME:CLEMENT MODIGLIANI,1,co_membership,L1912-02428
L1912-00172,NAME:DARIO,1,co_membership,L1912-02428
L1912-00172,NAME:G FIORENTINO,1,co_membership,L1912-02428
L1912-00172,NAME:G MESSANA,1,co_membership,L1912-02428
L1912-00172,NAME:P PATTI,1,co_membership,L1912-02428
L1912-00172,NAME:UGO MORENO,1,co_membership,L1912-02428
L1912-00857,L1912-01098,1,co_membership,L1912-02428
L1912-00857,L1912-01812,1,co_membership,L1912-02428
L1912-00857,NAME:A REY,1,co_membership,L1912-02428
L1912-00857,NAME:CAMILLE,1,co_membership,L1912-02428
L1912-00857,NAME:CARDOSO,1,co_membership,L1912-02428
L1912-00857,NAME:CESANA,1,co_membership,L1912-02428
L1912-00857,NAME:CLEMENT MODIGLIANI,1,co_membership,L1912-02428
L1912-00857,NAME:DARIO,1,co_membership,L1912-02428
L1912-00857,NAME:G FIORENTINO,1,co_membership,L1912-02428
L1912-00857,NAME:G MESSANA,1,co_membership,L1912-02428
L1912-00857,NAME:P PATTI,1,co_membership,L1912-02428
L1912-00857,NAME:UGO MORENO,1,co_membership,L1912-02428
L1912-01098,L1912-01812,1,co_membership,L1912-02428
L1912-01098,NAME:A REY,1,co_membership,L1912-02428
L1912-01098,NAME:CAMILLE,1,co_membership,L1912-02428
L1912-01098,NAME:CARDOSO,1,co_membership,L1912-02428
L1912-01098,NAME:CESANA,1,co_membership,L1912-02428
L1912-01098,NAME:CLEMENT MODIGLIANI,1,co_membership,L1912-02428
L1912-01098,NAME:DARIO,1,co_membership,L1912-02428
L1912-01098,NAME:G FIORENTINO,1,co_membership,L1912-02428
L1912-01098,NAME:G MESSANA,1,co_membership,L1912-02428
L1912-01098,NAME:P PATTI,1,co_membership,L1912-02428
L1912-01098,NAME:UGO MORENO,1,co_membership,L1912-02428
L1912-01812,NAME:A REY,1,co_membership,L1912-02428
L1912-01812,NAME:CAMILLE,1,co_membership,L1912-02428
L1912-01812,NAME:CARDOSO,1,co_membership,L1912-02428
L1912-01812,NAME:CESANA,1,co_membership,L1912-02428
L1912-01812,NAME:CLEMENT MODIGLIANI,1,co_membership,L1912-02428
L1912-01812,NAME:DARIO,1,co_membership,L1912-02428
L1912-01812,NAME:G FIORENTINO,1,co_membership,L1912-02428
L1912-01812,NAME:G MESSANA,1,co_membership,L1912-02428
L1912-01812,NAME:P PATTI,1,co_membership,L1912-02428
L1912-01812,NAME:UGO MORENO,1,co_membership,L1912-02428
NAME:A REY,NAME:CAMILLE,1,co_membership,L1912-02428
NAME:A REY,NAME:CARDOSO,1,co_membership,L1912-02428
NAME:A REY,NAME:CESANA,1,co_membership,L1912-02428
NAME:A REY,NAME:CLEMENT MODIGLIANI,1,co_membership,L1912-02428
NAME:A REY,NAME:DARIO,1,co_membership,L1912-02428
NAME:A REY,NAME:G FIORENTINO,1,co_membership,L1912-02428
NAME:A REY,NAME:G MESSANA,1,co_membership,L1912-02428
NAME:A REY,NAME:P PATTI,1,co_membership,L1912-02428
NAME:A REY,NAME:UGO MORENO,1,co_membership,L1912-02428
NAME:CAMILLE,NAME:CARDOSO,1,co_membership,L1912-02428
NAME:CAMILLE,NAME:CESANA,1,co_membership,L1912-02428
NAME:CAMILLE,NAME:CLEMENT MODIGLIANI,1,co_membership,L1912-02428
NAME:CAMILLE,NAME:DARIO,1,co_membership,L1912-02428
NAME:CAMILLE,NAME:G FIORENTINO,1,co_membership,L1912-02428
NAME:CAMILLE,NAME:G MESSANA,1,co_membership,L1912-02428
NAME:CAMILLE,NAME:P PATTI,1,co_membership,L1912-02428
NAME:CAMILLE,NAME:UGO MORENO,1,co_membership,L1912-02428
NAME:CARDOSO,NAME:CESANA,1,co_membership,L1912-02428
NAME:CARDOSO,NAME:CLEMENT MODIGLIANI,1,co_membership,L1912-02428
NAME:CARDOSO,NAME:DARIO,1,co_membership,L1912-02428
NAME:CARDOSO,NAME:G FIORENTINO,1,co_membership,L1912-02428
NAME:CARDOSO,NAME:G MESSANA,1,co_membership,L1912-02428
NAME:CARDOSO,NAME:P PATTI,1,co_membership,L1912-02428
NAME:CARDOSO,NAME:UGO MORENO,1,co_membership,L1912-02428
NAME:CESANA,NAME:CLEMENT MODIGLIANI,1,co_membership,L1912-02428
NAME:CESANA,NAME:DARIO,1,co_membership,L1912-02428
NAME:CESANA,NAME:G FIORENTINO,1,co_membership,L1912-02428
NAME:CESANA,NAME:G MESSANA,1,co_membership,L1912-02428
NAME:CESANA,NAME:P PATTI,1,co_membership,L1912-02428
NAME:CESANA,NAME:UGO MORENO,1,co_membership,L1912-02428
NAME:CLEMENT MODIGLIANI,NAME:DARIO,1,co_membership,L1912-02428
NAME:CLEMENT MODIGLIANI,NAME:G FIORENTINO,1,co_membership,L1912-02428
NAME:CLEMENT MODIGLIANI,NAME:G MESSANA,1,co_membership,L1912-02428
NAME:CLEMENT MODIGLIANI,NAME:P PATTI,1,co_membership,L1912-02428
NAME:CLEMENT MODIGLIANI,NAME:UGO MORENO,1,co_membership,L1912-02428
NAME:DARIO,NAME:G FIORENTINO,1,co_membership,L1912-02428
NAME:DARIO,NAME:G MESSANA,1,co_membership,L1912-02428
NAME:DARIO,NAME:P PATTI,1,co_membership,L1912-02428
NAME:DARIO,NAME:UGO MORENO,1,co_membership,L1912-02428
NAME:G FIORENTINO,NAME:G MESSANA,1,co_membership,L1912-02428
NAME:G FIORENTINO,NAME:P PATTI,1,co_membership,L1912-02428
NAME:G FIORENTINO,NAME:UGO MORENO,1,co_membership,L1912-02428
NAME:G MESSANA,NAME:P PATTI,1,co_membership,L1912-02428
NAME:G MESSANA,NAME:UGO MORENO,1,co_membership,L1912-02428
NAME:P PATTI,NAME:UGO MORENO,1,co_membership,L1912-02428
NAME:ABDERRAHMANE LAZZEM,NAME:ALI,1,co_membership,L1912-02429
NAME:ABDERRAHMANE LAZZEM,NAME:HADI LASSOUED,1,co_membership,L1912-02429
NAME:ABDERRAHMANE LAZZEM,NAME:HAMOUDA,1,co_membership,L1912-02429
NAME:ABDERRAHMANE LAZZEM,NAME:MERAD DERBAL,1,co_membership,L1912-02429
NAME:ABDERRAHMANE LAZZEM,NAME:MOHAMED,1,co_membership,L1912-02429
NAME:ABDERRAHMANE LAZZEM,NAME:MOHAMED CLIAFAI SAIAH,1,co_membership,L1912-02429
NAME:ABDERRAHMANE LAZZEM,NAME:SALAH DRID,1,co_membership,L1912-02429
NAME:ABDERRAHMANE LAZZEM,NAME:TAHAR,1,co_membership,L1912-02429
NAME:ALI,NAME:HADI LASSOUED,1,co_membership,L1912-02429
NAME:ALI,NAME:HAMOUDA,1,co_membership,L1912-02429
NAME:ALI,NAME:MERAD DERBAL,1,co_membership,L1912-02429
NAME:ALI,NAME:MOHAMED,1,co_membership,L1912-02429
NAME:ALI,NAME:MOHAMED CLIAFAI SAIAH,1,co_membership,L1912-02429
NAME:ALI,NAME:SALAH DRID,1,co_membership,L1912-02429
NAME:ALI,NAME:TAHAR,1,co_membership,L1912-02429
NAME:HADI LASSOUED,NAME:HAMOUDA,1,co_membership,L1912-02429
NAME:HADI LASSOUED,NAME:MERAD DERBAL,1,co_membership,L1912-02429
NAME:HADI LASSOUED,NAME:MOHAMED,1,co_membership,L1912-02429
NAME:HADI LASSOUED,NAME:MOHAMED CLIAFAI SAIAH,1,co_membership,L1912-02429
NAME:HADI LASSOUED,NAME:SALAH DRID,1,co_membership,L1912-02429
NAME:HADI LASSOUED,NAME:TAHAR,1,co_membership,L1912-02429
NAME:HAMOUDA,NAME:MERAD DERBAL,1,co_membership,L1912-02429
NAME:HAMOUDA,NAME:MOHAMED,1,co_membership,L1912-02429
NAME:HAMOUDA,NAME:MOHAMED CLIAFAI SAIAH,1,co_membership,L1912-02429
NAME:HAMOUDA,NAME:SALAH DRID,1,co_membership,L1912-02429
NAME:HAMOUDA,NAME:TAHAR,1,co_membership,L1912-02429
NAME:MERAD DERBAL,NAME:MOHAMED,1,co_membership,L1912-02429
NAME:MERAD DERBAL,NAME:MOHAMED CLIAFAI SAIAH,1,co_membership,L1912-02429
NAME:MERAD DERBAL,NAME:SALAH DRID,1,co_membership,L1912-02429
NAME:MERAD DERBAL,NAME:TAHAR,1,co_membership,L1912-02429
NAME:MOHAMED,NAME:MOHAMED CLIAFAI SAIAH,1,co_membership,L1912-02429
NAME:MOHAMED,NAME:SALAH DRID,1,co_membership,L1912-02429
NAME:MOHAMED,NAME:TAHAR,1,co_membership,L1912-02429
NAME:MOHAMED CLIAFAI SAIAH,NAME:SALAH DRID,1,co_membership,L1912-02429
NAME:MOHAMED CLIAFAI SAIAH,NAME:TAHAR,1,co_membership,L1912-02429
NAME:SALAH DRID,NAME:TAHAR,1,co_membership,L1912-02429
L1912-00406,L1912-00494,1,co_membership,L1912-02430
L1912-00406,L1912-01617,1,co_membership,L1912-02430
L1912-00406,L1912-01645,1,co_membership,L1912-02430
L1912-00406,L1912-01820,1,co_membership,L1912-02430
L1912-00406,NAME:MASSIA LUIGI,1,co_membership,L1912-02430
L1912-00406,NAME:MORENO UGO,1,co_membership,L1912-02430
L1912-00406,NAME:RAVASINI GUIDO,1,co_membership,L1912-02430
L1912-00406,NAME:SALVO SALVALOR,1,co_membership,L1912-02430
L1912-00406,NAME:VALENSI ALBERTO,1,co_membership,L1912-02430
L1912-00494,L1912-01617,1,co_membership,L1912-02430
L1912-00494,L1912-01820,1,co_membership,L1912-02430
L1912-00494,NAME:MASSIA LUIGI,1,co_membership,L1912-02430
L1912-00494,NAME:MORENO UGO,1,co_membership,L1912-02430
L1912-00494,NAME:RAVASINI GUIDO,1,co_membership,L1912-02430
L1912-00494,NAME:SALVO SALVALOR,1,co_membership,L1912-02430
L1912-00494,NAME:VALENSI ALBERTO,1,co_membership,L1912-02430
L1912-01617,L1912-01645,1,co_membership,L1912-02430
L1912-01617,L1912-01820,1,co_membership,L1912-02430
L1912-01617,NAME:MASSIA LUIGI,1,co_membership,L1912-02430
L1912-01617,NAME:MORENO UGO,1,co_membership,L1912-02430
L1912-01617,NAME:RAVASINI GUIDO,1,co_membership,L1912-02430
L1912-01617,NAME:SALVO SALVALOR,1,co_membership,L1912-02430
L1912-01617,NAME:VALENSI ALBERTO,1,co_membership,L1912-02430
L1912-01645,L1912-01820,1,co_membership,L1912-02430
L1912-01645,NAME:MASSIA LUIGI,1,co_membership,L1912-02430
L1912-01645,NAME:MORENO UGO,1,co_membership,L1912-02430
L1912-01645,NAME:RAVASINI GUIDO,1,co_membership,L1912-02430
L1912-01645,NAME:SALVO SALVALOR,1,co_membership,L1912-02430
L1912-01645,NAME:VALENSI ALBERTO,1,co_membership,L1912-02430
L1912-01820,NAME:MASSIA LUIGI,1,co_membership,L1912-02430
L1912-01820,NAME:MORENO UGO,1,co_membership,L1912-02430
L1912-01820,NAME:RAVASINI GUIDO,1,co_membership,L1912-02430
L1912-01820,NAME:SALVO SALVALOR,1,co_membership,L1912-02430
L1912-01820,NAME:VALENSI ALBERTO,1,co_membership,L1912-02430
NAME:MASSIA LUIGI,NAME:MORENO UGO,1,co_membership,L1912-02430
NAME:MASSIA LUIGI,NAME:RAVASINI GUIDO,1,co_membership,L1912-02430
NAME:MASSIA LUIGI,NAME:SALVO SALVALOR,1,co_membership,L1912-02430
NAME:MASSIA LUIGI,NAME:VALENSI ALBERTO,1,co_membership,L1912-02430
NAME:MORENO UGO,NAME:RAVASINI GUIDO,1,co_membership,L1912-02430
NAME:MORENO UGO,NAME:SALVO SALVALOR,1,co_membership,L1912-02430
NAME:MORENO UGO,NAME:VALENSI ALBERTO,1,co_membership,L1912-02430
NAME:RAVASINI GUIDO,NAME:SALVO SALVALOR,1,co_membership,L1912-02430
NAME:RAVASINI GUIDO,NAME:VALENSI ALBERTO,1,co_membership,L1912-02430
NAME:SALVO SALVALOR,NAME:VALENSI ALBERTO,1,co_membership,L1912-02430
NAME:AZZOPARDI ALFREDO,NAME:LIVOLSI G,1,co_membership,L1912-02431
NAME:AZZOPARDI ALFREDO,NAME:MANNINA SAVERIO,1,co_membership,L1912-02431
NAME:AZZOPARDI ALFREDO,NAME:MARLINO FRANCESCO,1,co_membership,L1912-02431
NAME:AZZOPARDI ALFREDO,NAME:MILAUI ERICE,1,co_membership,L1912-02431
NAME:AZZOPARDI ALFREDO,NAME:SALMIERI GIUSEPPE,1,co_membership,L1912-02431
NAME:LIVOLSI G,NAME:MANNINA SAVERIO,1,co_membership,L1912-02431
NAME:LIVOLSI G,NAME:MARLINO FRANCESCO,1,co_membership,L1912-02431
NAME:LIVOLSI G,NAME:MILAUI ERICE,1,co_membership,L1912-02431
NAME:LIVOLSI G,NAME:SALMIERI GIUSEPPE,1,co_membership,L1912-02431
NAME:MANNINA SAVERIO,NAME:MARLINO FRANCESCO,1,co_membership,L1912-02431
NAME:MANNINA SAVERIO,NAME:MILAUI ERICE,1,co_membership,L1912-02431
NAME:MANNINA SAVERIO,NAME:SALMIERI GIUSEPPE,1,co_membership,L1912-02431
NAME:MARLINO FRANCESCO,NAME:MILAUI ERICE,1,co_membership,L1912-02431
NAME:MARLINO FRANCESCO,NAME:SALMIERI GIUSEPPE,1,co_membership,L1912-02431
NAME:MILAUI ERICE,NAME:SALMIERI GIUSEPPE,1,co_membership,L1912-02431
L1912-00262,L1912-00344,1,co_membership,L1912-02432
L1912-00262,L1912-00600,1,co_membership,L1912-02432
L1912-00262,L1912-00699,1,co_membership,L1912-02432
L1912-00262,L1912-00847,1,co_membership,L1912-02432
L1912-00262,L1912-01165,1,co_membership,L1912-02432
L1912-00262,NAME:ABDELJELIL ZAOUCHE,1,co_membership,L1912-02432
L1912-00262,NAME:D UZAN,1,co_membership,L1912-02432
L1912-00262,NAME:JOSEPH COHEN,1,co_membership,L1912-02432
L1912-00262,NAME:JOSEPH VALENSI,1,co_membership,L1912-02432
L1912-00262,NAME:NOEL,1,co_membership,L1912-02432
L1912-00344,L1912-00600,1,co_membership,L1912-02432
L1912-00344,L1912-00699,1,co_membership,L1912-02432
L1912-00344,L1912-00847,1,co_membership,L1912-02432
L1912-00344,L1912-01165,1,co_membership,L1912-02432
L1912-00344,NAME:ABDELJELIL ZAOUCHE,1,co_membership,L1912-02432
L1912-00344,NAME:D UZAN,1,co_membership,L1912-02432
L1912-00344,NAME:JOSEPH COHEN,1,co_membership,L1912-02432
L1912-00344,NAME:JOSEPH VALENSI,1,co_membership,L1912-02432
L1912-00344,NAME:NOEL,1,co_membership,L1912-02432
L1912-00600,L1912-00699,1,co_membership,L1912-02432
L1912-00600,L1912-00847,1,co_membership,L1912-02432
L1912-00600,L1912-01165,1,co_membership,L1912-02432
L1912-00600,NAME:ABDELJELIL ZAOUCHE,1,co_membership,L1912-02432
L1912-00600,NAME:D UZAN,1,co_membership,L1912-02432
L1912-00600,NAME:JOSEPH COHEN,1,co_membership,L1912-02432
L1912-00600,NAME:JOSEPH VALENSI,1,co_membership,L1912-02432
L1912-00600,NAME:NOEL,1,co_membership,L1912-02432
L1912-00699,L1912-00847,1,co_membership,L1912-02432
L1912-00699,NAME:ABDELJELIL ZAOUCHE,1,co_membership,L1912-02432
L1912-00699,NAME:D UZAN,1,co_membership,L1912-02432
L1912-00699,NAME:JOSEPH COHEN,1,co_membership,L1912-02432
L1912-00699,NAME:JOSEPH VALENSI,1,co_membership,L1912-02432
L1912-00699,NAME:NOEL,1,co_membership,L1912-02432
L1912-00847,L1912-01165,1,co_membership,L1912-02432
L1912-00847,NAME:ABDELJELIL ZAOUCHE,1,co_membership,L1912-02432
L1912-00847,NAME:D UZAN,1,co_membership,L1912-02432
L1912-00847,NAME:JOSEPH COHEN,1,co_membership,L1912-02432
L1912-00847,NAME:JOSEPH VALENSI,1,co_membership,L1912-02432
L1912-00847,NAME:NOEL,1,co_membership,L1912-02432
L1912-01165,NAME:ABDELJELIL ZAOUCHE,1,co_membership,L1912-02432
L1912-01165,NAME:D UZAN,1,co_membership,L1912-02432
L1912-01165,NAME:JOSEPH COHEN,1,co_membership,L1912-02432
L1912-01165,NAME:JOSEPH VALENSI,1,co_membership,L1912-02432
L1912-01165,NAME:NOEL,1,co_membership,L1912-02432
NAME:ABDELJELIL ZAOUCHE,NAME:D UZAN,1,co_membership,L1912-02432
NAME:ABDELJELIL ZAOUCHE,NAME:JOSEPH COHEN,1,co_membership,L1912-02432
NAME:ABDELJELIL ZAOUCHE,NAME:JOSEPH VALENSI,1,co_membership,L1912-02432
NAME:ABDELJELIL ZAOUCHE,NAME:NOEL,1,co_membership,L1912-02432
NAME:D UZAN,NAME:JOSEPH COHEN,1,co_membership,L1912-02432
NAME:D UZAN,NAME:JOSEPH VALENSI,1,co_membership,L1912-02432
NAME:D UZAN,NAME:NOEL,1,co_membership,L1912-02432
NAME:JOSEPH COHEN,NAME:JOSEPH VALENSI,1,co_membership,L1912-02432
NAME:JOSEPH COHEN,NAME:NOEL,1,co_membership,L1912-02432
NAME:JOSEPH VALENSI,NAME:NOEL,1,co_membership,L1912-02432
L1912-00970,L1912-01210,1,co_membership,L1912-02433
L1912-00970,L1912-01443,1,co_membership,L1912-02433
L1912-00970,L1912-01921,1,co_membership,L1912-02433
L1912-00970,L1912-02271,1,co_membership,L1912-02433
L1912-00970,NAME:CECCATTY,1,co_membership,L1912-02433
L1912-00970,NAME:CHARBONNEL,1,co_membership,L1912-02433
L1912-00970,NAME:CHATEL,1,co_membership,L1912-02433
L1912-00970,NAME:FREDERIC MISTRAL,1,co_membership,L1912-02433
L1912-00970,NAME:HENRIKSEN,1,co_membership,L1912-02433
L1912-00970,NAME:MERCIER,1,co_membership,L1912-02433
L1912-00970,NAME:PESANTY,1,co_membership,L1912-02433
L1912-00970,NAME:PIETRA,1,co_membership,L1912-02433
L1912-00970,NAME:REVELLI,1,co_membership,L1912-02433
L1912-01210,L1912-01443,1,co_membership,L1912-02433
L1912-01210,L1912-01921,1,co_membership,L1912-02433
L1912-01210,L1912-02271,1,co_membership,L1912-02433
L1912-01210,NAME:CECCATTY,1,co_membership,L1912-02433
L1912-01210,NAME:CHARBONNEL,1,co_membership,L1912-02433
L1912-01210,NAME:CHATEL,1,co_membership,L1912-02433
L1912-01210,NAME:FREDERIC MISTRAL,1,co_membership,L1912-02433
L1912-01210,NAME:HENRIKSEN,1,co_membership,L1912-02433
L1912-01210,NAME:MERCIER,1,co_membership,L1912-02433
L1912-01210,NAME:PESANTY,1,co_membership,L1912-02433
L1912-01210,NAME:PIETRA,1,co_membership,L1912-02433
L1912-01210,NAME:REVELLI,1,co_membership,L1912-02433
L1912-01443,L1912-01921,1,co_membership,L1912-02433
L1912-01443,L1912-02271,1,co_membership,L1912-02433
L1912-01443,NAME:CECCATTY,1,co_membership,L1912-02433
L1912-01443,NAME:CHARBONNEL,1,co_membership,L1912-02433
L1912-01443,NAME:CHATEL,1,co_membership,L1912-02433
L1912-01443,NAME:FREDERIC MISTRAL,1,co_membership,L1912-02433
L1912-01443,NAME:HENRIKSEN,1,co_membership,L1912-02433
L1912-01443,NAME:MERCIER,1,co_membership,L1912-02433
L1912-01443,NAME:PESANTY,1,co_membership,L1912-02433
L1912-01443,NAME:PIETRA,1,co_membership,L1912-02433
L1912-01443,NAME:REVELLI,1,co_membership,L1912-02433
L1912-01921,L1912-02271,1,co_membership,L1912-02433
L1912-01921,NAME:CECCATTY,1,co_membership,L1912-02433
L1912-01921,NAME:CHARBONNEL,1,co_membership,L1912-02433
L1912-01921,NAME:CHATEL,1,co_membership,L1912-02433
L1912-01921,NAME:FREDERIC MISTRAL,1,co_membership,L1912-02433
L1912-01921,NAME:HENRIKSEN,1,co_membership,L1912-02433
L1912-01921,NAME:MERCIER,1,co_membership,L1912-02433
L1912-01921,NAME:PESANTY,1,co_membership,L1912-02433
L1912-01921,NAME:PIETRA,1,co_membership,L1912-02433
L1912-01921,NAME:REVELLI,1,co_membership,L1912-02433
L1912-02271,NAME:CECCATTY,1,co_membership,L1912-02433
L1912-02271,NAME:CHARBONNEL,1,co_membership,L1912-02433
L1912-02271,NAME:CHATEL,1,co_membership,L1912-02433
L1912-02271,NAME:FREDERIC MISTRAL,1,co_membership,L1912-02433
L1912-02271,NAME:HENRIKSEN,1,co_membership,L1912-02433
L1912-02271,NAME:MERCIER,1,co_membership,L1912-02433
L1912-02271,NAME:PESANTY,1,co_membership,L1912-02433
L1912-02271,NAME:PIETRA,1,co_membership,L1912-02433
L1912-02271,NAME:REVELLI,1,co_membership,L1912-02433
NAME:CECCATTY,NAME:CHARBONNEL,1,co_membership,L1912-02433
NAME:CECCATTY,NAME:CHATEL,1,co_membership,L1912-02433
NAME:CECCATTY,NAME:FREDERIC MISTRAL,1,co_membership,L1912-02433
NAME:CECCATTY,NAME:HENRIKSEN,1,co_membership,L1912-02433
NAME:CECCATTY,NAME:MERCIER,1,co_membership,L1912-02433
NAME:CECCATTY,NAME:PESANTY,1,co_membership,L1912-02433
NAME:CECCATTY,NAME:PIETRA,1,co_membership,L1912-02433
NAME:CECCATTY,NAME:REVELLI,1,co_membership,L1912-02433
NAME:CHARBONNEL,NAME:CHATEL,1,co_membership,L1912-02433
NAME:CHARBONNEL,NAME:FREDERIC MISTRAL,1,co_membership,L1912-02433
NAME:CHARBONNEL,NAME:HENRIKSEN,1,co_membership,L1912-02433
NAME:CHARBONNEL,NAME:MERCIER,1,co_membership,L1912-02433
NAME:CHARBONNEL,NAME:PESANTY,1,co_membership,L1912-02433
NAME:CHARBONNEL,NAME:PIETRA,1,co_membership,L1912-02433
NAME:CHARBONNEL,NAME:REVELLI,1,co_membership,L1912-02433
NAME:CHATEL,NAME:FREDERIC MISTRAL,1,co_membership,L1912-02433
NAME:CHATEL,NAME:HENRIKSEN,1,co_membership,L1912-02433
NAME:CHATEL,NAME:MERCIER,1,co_membership,L1912-02433
NAME:CHATEL,NAME:PESANTY,1,co_membership,L1912-02433
NAME:CHATEL,NAME:PIETRA,1,co_membership,L1912-02433
NAME:CHATEL,NAME:REVELLI,1,co_membership,L1912-02433
NAME:FREDERIC MISTRAL,NAME:HENRIKSEN,1,co_membership,L1912-02433
NAME:FREDERIC MISTRAL,NAME:MERCIER,1,co_membership,L1912-02433
NAME:FREDERIC MISTRAL,NAME:PESANTY,1,co_membership,L1912-02433
NAME:FREDERIC MISTRAL,NAME:PIETRA,1,co_membership,L1912-02433
NAME:FREDERIC MISTRAL,NAME:REVELLI,1,co_membership,L1912-02433
NAME:HENRIKSEN,NAME:MERCIER,1,co_membership,L1912-02433
NAME:HENRIKSEN,NAME:PESANTY,1,co_membership,L1912-02433
NAME:HENRIKSEN,NAME:PIETRA,1,co_membership,L1912-02433
NAME:HENRIKSEN,NAME:REVELLI,1,co_membership,L1912-02433
NAME:MERCIER,NAME:PESANTY,1,co_membership,L1912-02433
NAME:MERCIER,NAME:PIETRA,1,co_membership,L1912-02433
NAME:MERCIER,NAME:REVELLI,1,co_membership,L1912-02433
NAME:PESANTY,NAME:PIETRA,1,co_membership,L1912-02433
NAME:PESANTY,NAME:REVELLI,1,co_membership,L1912-02433
NAME:PIETRA,NAME:REVELLI,1,co_membership,L1912-02433
L1912-00765,L1912-01210,1,co_membership,L1912-02435
L1912-00765,NAME:CHERCHILLOT,1,co_membership,L1912-02435
L1912-01210,NAME:CHERCHILLOT,1,co_membership,L1912-02435
L1912-00318,L1912-01485,1,co_membership,L1912-02436
L1912-00318,NAME:ERNEST SFEZ,1,co_membership,L1912-02436
L1912-00318,NAME:GASTON EN,1,co_membership,L1912-02436
L1912-00318,NAME:JULES BONAN,1,co_membership,L1912-02436
L1912-00318,NAME:RISOS CHRISTUS,1,co_membership,L1912-02436
L1912-01485,NAME:ERNEST SFEZ,1,co_membership,L1912-02436
L1912-01485,NAME:GASTON EN,1,co_membership,L1912-02436
L1912-01485,NAME:JULES BONAN,1,co_membership,L1912-02436
L1912-01485,NAME:RISOS CHRISTUS,1,co_membership,L1912-02436
NAME:ERNEST SFEZ,NAME:GASTON EN,1,co_membership,L1912-02436
NAME:ERNEST SFEZ,NAME:JULES BONAN,1,co_membership,L1912-02436
NAME:ERNEST SFEZ,NAME:RISOS CHRISTUS,1,co_membership,L1912-02436
NAME:GASTON EN,NAME:JULES BONAN,1,co_membership,L1912-02436
NAME:GASTON EN,NAME:RISOS CHRISTUS,1,co_membership,L1912-02436
NAME:JULES BONAN,NAME:RISOS CHRISTUS,1,co_membership,L1912-02436
L1912-00247,L1912-00534,1,co_membership,L1912-02437
L1912-00247,L1912-01607,1,co_membership,L1912-02437
L1912-00247,L1912-02069,1,co_membership,L1912-02437
L1912-00247,L1912-02092,1,co_membership,L1912-02437
L1912-00247,NAME:BRAQUEHAYE,1,co_membership,L1912-02437
L1912-00247,NAME:CARDOSO,1,co_membership,L1912-02437
L1912-00247,NAME:CORTESI,1,co_membership,L1912-02437
L1912-00247,NAME:LEVY,1,co_membership,L1912-02437
L1912-00247,NAME:LOLIROFF,1,co_membership,L1912-02437
L1912-00247,NAME:SORA,1,co_membership,L1912-02437
L1912-00247,NAME:SPEZZAFURNO,1,co_membership,L1912-02437
L1912-00534,L1912-01607,1,co_membership,L1912-02437
L1912-00534,L1912-02069,1,co_membership,L1912-02437
L1912-00534,L1912-02092,1,co_membership,L1912-02437
L1912-00534,NAME:BRAQUEHAYE,1,co_membership,L1912-02437
L1912-00534,NAME:CARDOSO,1,co_membership,L1912-02437
L1912-00534,NAME:CORTESI,1,co_membership,L1912-02437
L1912-00534,NAME:LEVY,1,co_membership,L1912-02437
L1912-00534,NAME:LOLIROFF,1,co_membership,L1912-02437
L1912-00534,NAME:SORA,1,co_membership,L1912-02437
L1912-00534,NAME:SPEZZAFURNO,1,co_membership,L1912-02437
L1912-01607,L1912-02069,1,co_membership,L1912-02437
L1912-01607,L1912-02092,1,co_membership,L1912-02437
L1912-01607,NAME:BRAQUEHAYE,1,co_membership,L1912-02437
L1912-01607,NAME:CARDOSO,1,co_membership,L1912-02437
L1912-01607,NAME:CORTESI,1,co_membership,L1912-02437
L1912-01607,NAME:LEVY,1,co_membership,L1912-02437
L1912-01607,NAME:LOLIROFF,1,co_membership,L1912-02437
L1912-01607,NAME:SORA,1,co_membership,L1912-02437
L1912-01607,NAME:SPEZZAFURNO,1,co_membership,L1912-02437
L1912-02069,L1912-02092,1,co_membership,L1912-02437
L1912-02069,NAME:BRAQUEHAYE,1,co_membership,L1912-02437
L1912-02069,NAME:CARDOSO,1,co_membership,L1912-02437
L1912-02069,NAME:CORTESI,1,co_membership,L1912-02437
L1912-02069,NAME:LEVY,1,co_membership,L1912-02437
L1912-02069,NAME:LOLIROFF,1,co_membership,L1912-02437
L1912-02069,NAME:SORA,1,co_membership,L1912-02437
L1912-02069,NAME:SPEZZAFURNO,1,co_membership,L1912-02437
L1912-02092,NAME:BRAQUEHAYE,1,co_membership,L1912-02437
L1912-02092,NAME:CARDOSO,1,co_membership,L1912-02437
L1912-02092,NAME:CORTESI,1,co_membership,L1912-02437
L1912-02092,NAME:LEVY,1,co_membership,L1912-02437
L1912-02092,NAME:LOLIROFF,1,co_membership,L1912-02437
L1912-02092,NAME:SORA,1,co_membership,L1912-02437
L1912-02092,NAME:SPEZZAFURNO,1,co_membership,L1912-02437
NAME:BRAQUEHAYE,NAME:CARDOSO,1,co_membership,L1912-02437
NAME:BRAQUEHAYE,NAME:CORTESI,1,co_membership,L1912-02437
NAME:BRAQUEHAYE,NAME:LEVY,1,co_membership,L1912-02437
NAME:BRAQUEHAYE,NAME:LOLIROFF,1,co_membership,L1912-02437
NAME:BRAQUEHAYE,NAME:SORA,1,co_membership,L1912-02437
NAME:BRAQUEHAYE,NAME:SPEZZAFURNO,1,co_membership,L1912-02437
NAME:CARDOSO,NAME:CORTESI,1,co_membership,L1912-02437
NAME:CARDOSO,NAME:LEVY,1,co_membership,L1912-02437
NAME:CARDOSO,NAME:LOLIROFF,1,co_membership,L1912-02437
NAME:CARDOSO,NAME:SORA,1,co_membership,L1912-02437
NAME:CARDOSO,NAME:SPEZZAFURNO,1,co_membership,L1912-02437
NAME:CORTESI,NAME:LEVY,1,co_membership,L1912-02437
NAME:CORTESI,NAME:LOLIROFF,1,co_membership,L1912-02437
NAME:CORTESI,NAME:SORA,1,co_membership,L1912-02437
NAME:CORTESI,NAME:SPEZZAFURNO,1,co_membership,L1912-02437
NAME:LEVY,NAME:LOLIROFF,1,co_membership,L1912-02437
NAME:LEVY,NAME:SORA,1,co_membership,L1912-02437
NAME:LEVY,NAME:SPEZZAFURNO,1,co_membership,L1912-02437
NAME:LOLIROFF,NAME:SORA,1,co_membership,L1912-02437
NAME:LOLIROFF,NAME:SPEZZAFURNO,1,co_membership,L1912-02437
NAME:SORA,NAME:SPEZZAFURNO,1,co_membership,L1912-02437
L1912-00244,L1912-00765,1,co_membership,L1912-02438
L1912-00244,NAME:FORCIOLI,1,co_membership,L1912-02438
L1912-00765,NAME:FORCIOLI,1,co_membership,L1912-02438
L1912-00031,L1912-00201,1,co_membership,L1912-02439
L1912-00031,L1912-00902,1,co_membership,L1912-02439
L1912-00031,NAME:A CHEIKH,1,co_membership,L1912-02439
L1912-00031,NAME:AOUIDJ,1,co_membership,L1912-02439
L1912-00031,NAME:B ABDALLAH,1,co_membership,L1912-02439
L1912-00031,NAME:BEYA,1,co_membership,L1912-02439
L1912-00031,NAME:BOUHAGEB,1,co_membership,L1912-02439
L1912-00031,NAME:CHEIKH MOHAMED,1,co_membership,L1912-02439
L1912-00201,L1912-00902,1,co_membership,L1912-02439
L1912-00201,NAME:A CHEIKH,1,co_membership,L1912-02439
L1912-00201,NAME:AOUIDJ,1,co_membership,L1912-02439
L1912-00201,NAME:B ABDALLAH,1,co_membership,L1912-02439
L1912-00201,NAME:BEYA,1,co_membership,L1912-02439
L1912-00201,NAME:BOUHAGEB,1,co_membership,L1912-02439
L1912-00201,NAME:CHEIKH MOHAMED,1,co_membership,L1912-02439
L1912-00902,NAME:A CHEIKH,1,co_membership,L1912-02439
L1912-00902,NAME:AOUIDJ,1,co_membership,L1912-02439
L1912-00902,NAME:B ABDALLAH,1,co_membership,L1912-02439
L1912-00902,NAME:BEYA,1,co_membership,L1912-02439
L1912-00902,NAME:BOUHAGEB,1,co_membership,L1912-02439
L1912-00902,NAME:CHEIKH MOHAMED,1,co_membership,L1912-02439
NAME:A CHEIKH,NAME:AOUIDJ,1,co_membership,L1912-02439
NAME:A CHEIKH,NAME:B ABDALLAH,1,co_membership,L1912-02439
NAME:A CHEIKH,NAME:BEYA,1,co_membership,L1912-02439
NAME:A CHEIKH,NAME:BOUHAGEB,1,co_membership,L1912-02439
NAME:A CHEIKH,NAME:CHEIKH MOHAMED,1,co_membership,L1912-02439
NAME:AOUIDJ,NAME:B ABDALLAH,1,co_membership,L1912-02439
NAME:AOUIDJ,NAME:BEYA,1,co_membership,L1912-02439
NAME:AOUIDJ,NAME:BOUHAGEB,1,co_membership,L1912-02439
NAME:AOUIDJ,NAME:CHEIKH MOHAMED,1,co_membership,L1912-02439
NAME:B ABDALLAH,NAME:BEYA,1,co_membership,L1912-02439
NAME:B ABDALLAH,NAME:BOUHAGEB,1,co_membership,L1912-02439
NAME:B ABDALLAH,NAME:CHEIKH MOHAMED,1,co_membership,L1912-02439
NAME:BEYA,NAME:BOUHAGEB,1,co_membership,L1912-02439
NAME:BEYA,NAME:CHEIKH MOHAMED,1,co_membership,L1912-02439
NAME:BOUHAGEB,NAME:CHEIKH MOHAMED,1,co_membership,L1912-02439
L1912-00106,L1912-01930,1,co_membership,L1912-02440
L1912-00106,NAME:GROSDEMANGE,1,co_membership,L1912-02440
L1912-00106,NAME:LARCLEL,1,co_membership,L1912-02440
L1912-00106,NAME:LAVAU,1,co_membership,L1912-02440
L1912-00106,NAME:LEMOINE,1,co_membership,L1912-02440
L1912-01930,NAME:GROSDEMANGE,1,co_membership,L1912-02440
L1912-01930,NAME:LARCLEL,1,co_membership,L1912-02440
L1912-01930,NAME:LAVAU,1,co_membership,L1912-02440
L1912-01930,NAME:LEMOINE,1,co_membership,L1912-02440
NAME:GROSDEMANGE,NAME:LARCLEL,1,co_membership,L1912-02440
NAME:GROSDEMANGE,NAME:LAVAU,1,co_membership,L1912-02440
NAME:GROSDEMANGE,NAME:LEMOINE,1,co_membership,L1912-02440
NAME:LARCLEL,NAME:LAVAU,1,co_membership,L1912-02440
NAME:LARCLEL,NAME:LEMOINE,1,co_membership,L1912-02440
NAME:LAVAU,NAME:LEMOINE,1,co_membership,L1912-02440
L1912-00066,L1912-00176,1,co_membership,L1912-02441
L1912-00066,L1912-00309,1,co_membership,L1912-02441
L1912-00066,L1912-02151,1,co_membership,L1912-02441
L1912-00066,NAME:B WALDISPUL,1,co_membership,L1912-02441
L1912-00066,NAME:ELOPHE,1,co_membership,L1912-02441
L1912-00066,NAME:I IEUSCH,1,co_membership,L1912-02441
L1912-00066,NAME:L VUARNET,1,co_membership,L1912-02441
L1912-00066,NAME:LAVIT,1,co_membership,L1912-02441
L1912-00066,NAME:MONTAGNOUX,1,co_membership,L1912-02441
L1912-00066,NAME:RESIDENT,1,co_membership,L1912-02441
L1912-00066,NAME:ROY,1,co_membership,L1912-02441
L1912-00066,NAME:TROUS I,1,co_membership,L1912-02441
L1912-00066,NAME:TUOR,1,co_membership,L1912-02441
L1912-00176,L1912-00309,1,co_membership,L1912-02441
L1912-00176,L1912-02151,1,co_membership,L1912-02441
L1912-00176,NAME:B WALDISPUL,1,co_membership,L1912-02441
L1912-00176,NAME:ELOPHE,1,co_membership,L1912-02441
L1912-00176,NAME:I IEUSCH,1,co_membership,L1912-02441
L1912-00176,NAME:L VUARNET,1,co_membership,L1912-02441
L1912-00176,NAME:LAVIT,1,co_membership,L1912-02441
L1912-00176,NAME:MONTAGNOUX,1,co_membership,L1912-02441
L1912-00176,NAME:RESIDENT,1,co_membership,L1912-02441
L1912-00176,NAME:ROY,1,co_membership,L1912-02441
L1912-00176,NAME:TROUS I,1,co_membership,L1912-02441
L1912-00176,NAME:TUOR,1,co_membership,L1912-02441
L1912-00309,L1912-02151,1,co_membership,L1912-02441
L1912-00309,NAME:B WALDISPUL,1,co_membership,L1912-02441
L1912-00309,NAME:ELOPHE,1,co_membership,L1912-02441
L1912-00309,NAME:I IEUSCH,1,co_membership,L1912-02441
L1912-00309,NAME:L VUARNET,1,co_membership,L1912-02441
L1912-00309,NAME:LAVIT,1,co_membership,L1912-02441
L1912-00309,NAME:MONTAGNOUX,1,co_membership,L1912-02441
L1912-00309,NAME:RESIDENT,1,co_membership,L1912-02441
L1912-00309,NAME:ROY,1,co_membership,L1912-02441
L1912-00309,NAME:TROUS I,1,co_membership,L1912-02441
L1912-00309,NAME:TUOR,1,co_membership,L1912-02441
L1912-02151,NAME:B WALDISPUL,1,co_membership,L1912-02441
L1912-02151,NAME:ELOPHE,1,co_membership,L1912-02441
L1912-02151,NAME:I IEUSCH,1,co_membership,L1912-02441
L1912-02151,NAME:L VUARNET,1,co_membership,L1912-02441
L1912-02151,NAME:LAVIT,1,co_membership,L1912-02441
L1912-02151,NAME:MONTAGNOUX,1,co_membership,L1912-02441
L1912-02151,NAME:RESIDENT,1,co_membership,L1912-02441
L1912-02151,NAME:ROY,1,co_membership,L1912-02441
L1912-02151,NAME:TROUS I,1,co_membership,L1912-02441
L1912-02151,NAME:TUOR,1,co_membership,L1912-02441
NAME:B WALDISPUL,NAME:ELOPHE,1,co_membership,L1912-02441
NAME:B WALDISPUL,NAME:I IEUSCH,1,co_membership,L1912-02441
NAME:B WALDISPUL,NAME:L VUARNET,1,co_membership,L1912-02441
NAME:B WALDISPUL,NAME:LAVIT,1,co_membership,L1912-02441
NAME:B WALDISPUL,NAME:MONTAGNOUX,1,co_membership,L1912-02441
NAME:B WALDISPUL,NAME:RESIDENT,1,co_membership,L1912-02441
NAME:B WALDISPUL,NAME:ROY,1,co_membership,L1912-02441
NAME:B WALDISPUL,NAME:TROUS I,1,co_membership,L1912-02441
NAME:B WALDISPUL,NAME:TUOR,1,co_membership,L1912-02441
NAME:ELOPHE,NAME:I IEUSCH,1,co_membership,L1912-02441
NAME:ELOPHE,NAME:L VUARNET,1,co_membership,L1912-02441
NAME:ELOPHE,NAME:LAVIT,1,co_membership,L1912-02441
NAME:ELOPHE,NAME:MONTAGNOUX,1,co_membership,L1912-02441
NAME:ELOPHE,NAME:RESIDENT,1,co_membership,L1912-02441
NAME:ELOPHE,NAME:ROY,1,co_membership,L1912-02441
NAME:ELOPHE,NAME:TROUS I,1,co_membership,L1912-02441
NAME:ELOPHE,NAME:TUOR,1,co_membership,L1912-02441
NAME:I IEUSCH,NAME:L VUARNET,1,co_membership,L1912-02441
NAME:I IEUSCH,NAME:LAVIT,1,co_membership,L1912-02441
NAME:I IEUSCH,NAME:MONTAGNOUX,1,co_membership,L1912-02441
NAME:I IEUSCH,NAME:RESIDENT,1,co_membership,L1912-02441
NAME:I IEUSCH,NAME:ROY,1,co_membership,L1912-02441
NAME:I IEUSCH,NAME:TROUS I,1,co_membership,L1912-02441
NAME:I IEUSCH,NAME:TUOR,1,co_membership,L1912-02441
NAME:L VUARNET,NAME:LAVIT,1,co_membership,L1912-02441
NAME:L VUARNET,NAME:MONTAGNOUX,1,co_membership,L1912-02441
NAME:L VUARNET,NAME:RESIDENT,1,co_membership,L1912-02441
NAME:L VUARNET,NAME:ROY,1,co_membership,L1912-02441
NAME:L VUARNET,NAME:TROUS I,1,co_membership,L1912-02441
NAME:L VUARNET,NAME:TUOR,1,co_membership,L1912-02441
NAME:LAVIT,NAME:MONTAGNOUX,1,co_membership,L1912-02441
NAME:LAVIT,NAME:RESIDENT,1,co_membership,L1912-02441
NAME:LAVIT,NAME:ROY,1,co_membership,L1912-02441
NAME:LAVIT,NAME:TROUS I,1,co_membership,L1912-02441
NAME:LAVIT,NAME:TUOR,1,co_membership,L1912-02441
NAME:MONTAGNOUX,NAME:RESIDENT,1,co_membership,L1912-02441
NAME:MONTAGNOUX,NAME:ROY,1,co_membership,L1912-02441
NAME:MONTAGNOUX,NAME:TROUS I,1,co_membership,L1912-02441
NAME:MONTAGNOUX,NAME:TUOR,1,co_membership,L1912-02441
NAME:RESIDENT,NAME:ROY,1,co_membership,L1912-02441
NAME:RESIDENT,NAME:TROUS I,1,co_membership,L1912-02441
NAME:RESIDENT,NAME:TUOR,1,co_membership,L1912-02441
NAME:ROY,NAME:TROUS I,1,co_membership,L1912-02441
NAME:ROY,NAME:TUOR,1,co_membership,L1912-02441
NAME:TROUS I,NAME:TUOR,1,co_membership,L1912-02441
NAME:DEVELOPPEMENT,NAME:LAGARDE,1,co_membership,L1912-02471
NAME:DEVELOPPEMENT,NAME:TRIBEAUDOT,1,co_membership,L1912-02471
NAME:LAGARDE,NAME:TRIBEAUDOT,1,co_membership,L1912-02471
L1912-01568,NAME:BEAUVAIS,1,co_membership,L1912-02472
L1912-01568,NAME:BONAVITA,1,co_membership,L1912-02472
L1912-01568,NAME:DEVELOPPER,1,co_membership,L1912-02472
L1912-01568,NAME:DUFETEL,1,co_membership,L1912-02472
L1912-01568,NAME:JOMIER,1,co_membership,L1912-02472
L1912-01568,NAME:TRONCHORE,1,co_membership,L1912-02472
NAME:BEAUVAIS,NAME:BONAVITA,1,co_membership,L1912-02472
NAME:BEAUVAIS,NAME:DEVELOPPER,1,co_membership,L1912-02472
NAME:BEAUVAIS,NAME:DUFETEL,1,co_membership,L1912-02472
NAME:BEAUVAIS,NAME:JOMIER,1,co_membership,L1912-02472
NAME:BEAUVAIS,NAME:TRONCHORE,1,co_membership,L1912-02472
NAME:BONAVITA,NAME:DEVELOPPER,1,co_membership,L1912-02472
NAME:BONAVITA,NAME:DUFETEL,1,co_membership,L1912-02472
NAME:BONAVITA,NAME:JOMIER,1,co_membership,L1912-02472
NAME:BONAVITA,NAME:TRONCHORE,1,co_membership,L1912-02472
NAME:DEVELOPPER,NAME:DUFETEL,1,co_membership,L1912-02472
NAME:DEVELOPPER,NAME:JOMIER,1,co_membership,L1912-02472
NAME:DEVELOPPER,NAME:TRONCHORE,1,co_membership,L1912-02472
NAME:DUFETEL,NAME:JOMIER,1,co_membership,L1912-02472
NAME:DUFETEL,NAME:TRONCHORE,1,co_membership,L1912-02472
NAME:JOMIER,NAME:TRONCHORE,1,co_membership,L1912-02472
L1912-00347,NAME:COAN,1,co_membership,L1912-02492
L1912-00347,NAME:KIEN EMILE,1,co_membership,L1912-02492
L1912-00347,NAME:MONROZIER,1,co_membership,L1912-02492
L1912-00965,NAME:COAN,1,co_membership,L1912-02492
L1912-00965,NAME:KIEN EMILE,1,co_membership,L1912-02492
L1912-00965,NAME:MONROZIER,1,co_membership,L1912-02492
NAME:COAN,NAME:KIEN EMILE,1,co_membership,L1912-02492
NAME:COAN,NAME:MONROZIER,1,co_membership,L1912-02492
NAME:KIEN EMILE,NAME:MONROZIER,1,co_membership,L1912-02492
L1912-00096,L1912-00449,1,co_membership,L1912-02493
L1912-00096,L1912-01147,1,co_membership,L1912-02493
L1912-00096,L1912-01210,1,co_membership,L1912-02493
L1912-00096,L1912-01579,1,co_membership,L1912-02493
L1912-00096,L1912-01923,1,co_membership,L1912-02493
L1912-00096,L1912-02645,1,co_membership,L1912-02493
L1912-00096,L1912-02741,1,co_membership,L1912-02493
L1912-00096,NAME:CAUWEL,1,co_membership,L1912-02493
L1912-00096,NAME:LECORE CARPENLIER,1,co_membership,L1912-02493
L1912-00096,NAME:LECORECARPENLIER,1,co_membership,L1912-02493
L1912-00449,L1912-01147,1,co_membership,L1912-02493
L1912-00449,L1912-01210,1,co_membership,L1912-02493
L1912-00449,L1912-01579,1,co_membership,L1912-02493
L1912-00449,L1912-01923,1,co_membership,L1912-02493
L1912-00449,L1912-02645,1,co_membership,L1912-02493
L1912-00449,L1912-02741,1,co_membership,L1912-02493
L1912-00449,NAME:CAUWEL,1,co_membership,L1912-02493
L1912-00449,NAME:LECORE CARPENLIER,1,co_membership,L1912-02493
L1912-00449,NAME:LECORECARPENLIER,1,co_membership,L1912-02493
L1912-01147,L1912-01210,1,co_membership,L1912-02493
L1912-01147,L1912-01579,1,co_membership,L1912-02493
L1912-01147,L1912-01923,1,co_membership,L1912-02493
L1912-01147,L1912-02645,1,co_membership,L1912-02493
L1912-01147,L1912-02741,2,co_membership,L1912-02493;ORG:societe
L1912-01147,NAME:CAUWEL,1,co_membership,L1912-02493
L1912-01147,NAME:LECORE CARPENLIER,1,co_membership,L1912-02493
L1912-01147,NAME:LECORECARPENLIER,1,co_membership,L1912-02493
L1912-01210,L1912-01923,1,co_membership,L1912-02493
L1912-01210,L1912-02645,1,co_membership,L1912-02493
L1912-01210,L1912-02741,1,co_membership,L1912-02493
L1912-01210,NAME:CAUWEL,1,co_membership,L1912-02493
L1912-01210,NAME:LECORE CARPENLIER,1,co_membership,L1912-02493
L1912-01210,NAME:LECORECARPENLIER,1,co_membership,L1912-02493
L1912-01579,L1912-01923,1,co_membership,L1912-02493
L1912-01579,L1912-02645,1,co_membership,L1912-02493
L1912-01579,L1912-02741,1,co_membership,L1912-02493
L1912-01579,NAME:CAUWEL,1,co_membership,L1912-02493
L1912-01579,NAME:LECORE CARPENLIER,1,co_membership,L1912-02493
L1912-01579,NAME:LECORECARPENLIER,1,co_membership,L1912-02493
L1912-01923,L1912-02645,1,co_membership,L1912-02493
L1912-01923,L1912-02741,1,co_membership,L1912-02493
L1912-01923,NAME:CAUWEL,1,co_membership,L1912-02493
L1912-01923,NAME:LECORECARPENLIER,1,co_membership,L1912-02493
L1912-02645,L1912-02741,1,co_membership,L1912-02493
L1912-02645,NAME:CAUWEL,1,co_membership,L1912-02493
L1912-02645,NAME:LECORE CARPENLIER,1,co_membership,L1912-02493
L1912-02645,NAME:LECORECARPENLIER,1,co_membership,L1912-02493
L1912-02741,NAME:CAUWEL,1,co_membership,L1912-02493
L1912-02741,NAME:LECORE CARPENLIER,1,co_membership,L1912-02493
L1912-02741,NAME:LECORECARPENLIER,1,co_membership,L1912-02493
NAME:CAUWEL,NAME:LECORE CARPENLIER,1,co_membership,L1912-02493
NAME:CAUWEL,NAME:LECORECARPENLIER,1,co_membership,L1912-02493
NAME:LECORE CARPENLIER,NAME:LECORECARPENLIER,1,co_membership,L1912-02493
L1912-00405,L1912-02107,1,co_membership,L1912-02601
L1912-00174,NAME:BAZERQUE,1,co_membership,L1912-02610
L1912-00174,NAME:FELIX,1,co_membership,L1912-02610
NAME:BAZERQUE,NAME:FELIX,1,co_membership,L1912-02610
L1912-00006,L1912-00083,1,co_membership,ORG:institut de carthage et la societe de geographie commerciale de paris
L1912-00006,L1912-00472,1,co_membership,ORG:institut de carthage et la societe de geographie commerciale de paris
L1912-00006,L1912-00529,1,co_membership,ORG:institut de carthage et la societe de geographie commerciale de paris
L1912-00006,L1912-01684,1,co_membership,ORG:institut de carthage et la societe de geographie commerciale de paris
L1912-00006,L1912-02119,1,co_membership,ORG:institut de carthage et la societe de geographie commerciale de paris
L1912-00006,L1912-02162,1,co_membership,ORG:institut de carthage et la societe de geographie commerciale de paris
L1912-00006,L1912-02277,1,co_membership,ORG:institut de carthage et la societe de geographie commerciale de paris
L1912-00006,L1912-02483,1,co_membership,ORG:institut de carthage et la societe de geographie commerciale de paris
L1912-00006,L1912-02632,1,co_membership,ORG:institut de carthage et la societe de geographie commerciale de paris
L1912-00006,L1912-02741,1,co_membership,ORG:institut de carthage et la societe de geographie commerciale de paris
L1912-00083,L1912-00472,1,co_membership,ORG:institut de carthage et la societe de geographie commerciale de paris
L1912-00083,L1912-00529,1,co_membership,ORG:institut de carthage et la societe de geographie commerciale de paris
L1912-00083,L1912-01684,1,co_membership,ORG:institut de carthage et la societe de geographie commerciale de paris
L1912-00083,L1912-02119,1,co_membership,ORG:institut de carthage et la societe de geographie commerciale de paris
L1912-00083,L1912-02162,1,co_membership,ORG:institut de carthage et la societe de geographie commerciale de paris
L1912-00083,L1912-02277,1,co_membership,ORG:institut de carthage et la societe de geographie commerciale de paris
L1912-00083,L1912-02483,1,co_membership,ORG:institut de carthage et la societe de geographie commerciale de paris
L1912-00083,L1912-02632,1,co_membership,ORG:institut de carthage et la societe de geographie commerciale de paris
L1912-00083,L1912-02741,1,co_membership,ORG:institut de carthage et la societe de geographie commerciale de paris
L1912-00472,L1912-00529,1,co_membership,ORG:institut de carthage et la societe de geographie commerciale de paris
L1912-00472,L1912-01684,1,co_membership,ORG:institut de carthage et la societe de geographie commerciale de paris
L1912-00472,L1912-02119,1,co_membership,ORG:institut de carthage et la societe de geographie commerciale de paris
L1912-00472,L1912-02162,1,co_membership,ORG:institut de carthage et la societe de geographie commerciale de paris
L1912-00472,L1912-02277,1,co_membership,ORG:institut de carthage et la societe de geographie commerciale de paris
L1912-00472,L1912-02483,1,co_membership,ORG:institut de carthage et la societe de geographie commerciale de paris
L1912-00472,L1912-02632,1,co_membership,ORG:institut de carthage et la societe de geographie commerciale de paris
L1912-00472,L1912-02741,1,co_membership,ORG:institut de carthage et la societe de geographie commerciale de paris
L1912-00529,L1912-01684,1,co_membership,ORG:institut de carthage et la societe de geographie commerciale de paris
L1912-00529,L1912-02119,1,co_membership,ORG:institut de carthage et la societe de geographie commerciale de paris
L1912-00529,L1912-02162,1,co_membership,ORG:institut de carthage et la societe de geographie commerciale de paris
L1912-00529,L1912-02277,1,co_membership,ORG:institut de carthage et la societe de geographie commerciale de paris
L1912-00529,L1912-02483,1,co_membership,ORG:institut de carthage et la societe de geographie commerciale de paris
L1912-00529,L1912-02632,1,co_membership,ORG:institut de carthage et la societe de geographie commerciale de paris
L1912-00529,L1912-02741,1,co_membership,ORG:institut de carthage et la societe de geographie commerciale de paris
L1912-01684,L1912-02119,1,co_membership,ORG:institut de carthage et la societe de geographie commerciale de paris
L1912-01684,L1912-02162,1,co_membership,ORG:institut de carthage et la societe de geographie commerciale de paris
L1912-01684,L1912-02277,1,co_membership,ORG:institut de carthage et la societe de geographie commerciale de paris
L1912-01684,L1912-02483,1,co_membership,ORG:institut de carthage et la societe de geographie commerciale de paris
L1912-01684,L1912-02632,1,co_membership,ORG:institut de carthage et la societe de geographie commerciale de paris
L1912-01684,L1912-02741,1,co_membership,ORG:institut de carthage et la societe de geographie commerciale de paris
L1912-02119,L1912-02162,1,co_membership,ORG:institut de carthage et la societe de geographie commerciale de paris
L1912-02119,L1912-02277,1,co_membership,ORG:institut de carthage et la societe de geographie commerciale de paris
L1912-02119,L1912-02483,1,co_membership,ORG:institut de carthage et la societe de geographie commerciale de paris
L1912-02119,L1912-02632,1,co_membership,ORG:institut de carthage et la societe de geographie commerciale de paris
L1912-02119,L1912-02741,1,co_membership,ORG:institut de carthage et la societe de geographie commerciale de paris
L1912-02162,L1912-02277,1,co_membership,ORG:institut de carthage et la societe de geographie commerciale de paris
L1912-02162,L1912-02483,1,co_membership,ORG:institut de carthage et la societe de geographie commerciale de paris
L1912-02162,L1912-02632,1,co_membership,ORG:institut de carthage et la societe de geographie commerciale de paris
L1912-02162,L1912-02741,1,co_membership,ORG:institut de carthage et la societe de geographie commerciale de paris
L1912-02277,L1912-02483,1,co_membership,ORG:institut de carthage et la societe de geographie commerciale de paris
L1912-02277,L1912-02632,1,co_membership,ORG:institut de carthage et la societe de geographie commerciale de paris
L1912-02277,L1912-02741,1,co_membership,ORG:institut de carthage et la societe de geographie commerciale de paris
L1912-02483,L1912-02632,1,co_membership,ORG:institut de carthage et la societe de geographie commerciale de paris
L1912-02483,L1912-02741,1,co_membership,ORG:institut de carthage et la societe de geographie commerciale de paris
L1912-02632,L1912-02741,1,co_membership,ORG:institut de carthage et la societe de geographie commerciale de paris
L1912-00006,L1912-02687,1,co_membership,ORG:societe astronomique de france
L1912-00010,L1912-00460,1,co_membership,ORG:societe dante alighieri
L1912-00010,L1912-00494,1,co_membership,ORG:societe dante alighieri
L1912-00460,L1912-00494,1,co_membership,ORG:societe dante alighieri
L1912-00010,L1912-00857,1,co_membership,ORG:societe de geographie italienne de rome
L1912-00010,L1912-01931,1,co_membership,ORG:societe de geographie italienne de rome
L1912-00857,L1912-01931,1,co_membership,ORG:societe de geographie italienne de rome
L1912-00035,L1912-02260,1,co_membership,ORG:societe sportive
L1912-00074,L1912-00129,1,co_membership,ORG:municipalite cle bizerte
L1912-00083,L1912-00191,1,co_membership,ORG:municipalite
L1912-00083,L1912-01234,1,co_membership,ORG:municipalite
L1912-00083,L1912-01235,1,co_membership,ORG:municipalite
L1912-00083,L1912-01256,1,co_membership,ORG:municipalite
L1912-00083,L1912-01262,1,co_membership,ORG:municipalite
L1912-00191,L1912-01234,1,co_membership,ORG:municipalite
L1912-00191,L1912-01235,1,co_membership,ORG:municipalite
L1912-00191,L1912-01256,1,co_membership,ORG:municipalite
L1912-00191,L1912-01262,1,co_membership,ORG:municipalite
L1912-01234,L1912-01235,1,co_membership,ORG:municipalite
L1912-01234,L1912-01256,1,co_membership,ORG:municipalite
L1912-01234,L1912-01262,1,co_membership,ORG:municipalite
L1912-01235,L1912-01256,1,co_membership,ORG:municipalite
L1912-01235,L1912-01262,1,co_membership,ORG:municipalite
L1912-01256,L1912-01262,1,co_membership,ORG:municipalite
L1912-00089,L1912-00565,1,co_membership,ORG:societe francaise de bienfaisance
L1912-00565,L1912-00699,1,co_membership,ORG:societe francaise de bienfaisance
L1912-00099,L1912-00951,1,co_membership,ORG:societe musulmane de bienfaisance a bizerte
L1912-00099,L1912-01560,1,co_membership,ORG:societe musulmane de bienfaisance a bizerte
L1912-00951,L1912-01560,1,co_membership,ORG:societe musulmane de bienfaisance a bizerte
L1912-00105,L1912-00309,1,co_membership,ORG:tribunal mixte a tunis
L1912-00105,L1912-02642,1,co_membership,ORG:tribunal mixte a tunis
L1912-00309,L1912-02642,1,co_membership,ORG:tribunal mixte a tunis
L1912-00173,L1912-01645,1,co_membership,ORG:section tunisienne de la ligue des droits de l homme et du citoyen
L1912-00178,L1912-00207,1,co_membership,ORG:association amicale des anciens eleves du college alaoui cle tunis
L1912-00207,L1912-02255,1,co_membership,ORG:comite de la khaldounia
L1912-00217,L1912-00308,1,co_membership,ORG:comite local cle l orphelinat de l enseignement primaire
L1912-00217,L1912-00902,1,co_membership,ORG:comite local cle l orphelinat de l enseignement primaire
L1912-00217,L1912-02647,1,co_membership,ORG:comite local cle l orphelinat de l enseignement primaire
L1912-00217,L1912-02657,1,co_membership,ORG:comite local cle l orphelinat de l enseignement primaire
L1912-00308,L1912-00902,1,co_membership,ORG:comite local cle l orphelinat de l enseignement primaire
L1912-00308,L1912-02647,1,co_membership,ORG:comite local cle l orphelinat de l enseignement primaire
L1912-00308,L1912-02657,1,co_membership,ORG:comite local cle l orphelinat de l enseignement primaire
L1912-00902,L1912-02647,1,co_membership,ORG:comite local cle l orphelinat de l enseignement primaire
L1912-00902,L1912-02657,1,co_membership,ORG:comite local cle l orphelinat de l enseignement primaire
L1912-02647,L1912-02657,1,co_membership,ORG:comite local cle l orphelinat de l enseignement primaire
L1912-00228,L1912-00307,1,co_membership,ORG:societe de gymnastique
L1912-00228,L1912-00739,1,co_membership,ORG:societe de gymnastique
L1912-00228,L1912-00841,1,co_membership,ORG:societe de gymnastique
L1912-00228,L1912-00862,1,co_membership,ORG:societe de gymnastique
L1912-00307,L1912-00739,1,co_membership,ORG:societe de gymnastique
L1912-00307,L1912-00841,1,co_membership,ORG:societe de gymnastique
L1912-00307,L1912-00862,1,co_membership,ORG:societe de gymnastique
L1912-00739,L1912-00841,1,co_membership,ORG:societe de gymnastique
L1912-00739,L1912-00862,1,co_membership,ORG:societe de gymnastique
L1912-00841,L1912-00862,1,co_membership,ORG:societe de gymnastique
L1912-00231,L1912-00767,1,co_membership,ORG:chambre mixte du sud
L1912-00248,L1912-01592,1,co_membership,ORG:administration des forets d oliviers du nord de la regence
L1912-00259,L1912-00343,1,co_membership,ORG:ligue de l enseignement
L1912-00259,L1912-00479,1,co_membership,ORG:ligue de l enseignement
L1912-00343,L1912-00479,1,co_membership,ORG:ligue de l enseignement
L1912-00267,L1912-02224,1,co_membership,ORG:gouvernement pres la caisse de bienfaisance israelite
L1912-00281,L1912-00415,1,co_membership,ORG:societe
L1912-00281,L1912-00504,1,co_membership,ORG:societe
L1912-00281,L1912-00538,1,co_membership,ORG:societe
L1912-00281,L1912-00666,1,co_membership,ORG:societe
L1912-00281,L1912-00694,1,co_membership,ORG:societe
L1912-00281,L1912-00748,1,co_membership,ORG:societe
L1912-00281,L1912-00824,1,co_membership,ORG:societe
L1912-00281,L1912-01147,1,co_membership,ORG:societe
L1912-00281,L1912-01325,1,co_membership,ORG:societe
L1912-00281,L1912-02686,1,co_membership,ORG:societe
L1912-00281,L1912-02741,1,co_membership,ORG:societe
L1912-00415,L1912-00504,1,co_membership,ORG:societe
L1912-00415,L1912-00538,1,co_membership,ORG:societe
L1912-00415,L1912-00666,1,co_membership,ORG:societe
L1912-00415,L1912-00694,1,co_membership,ORG:societe
L1912-00415,L1912-00748,1,co_membership,ORG:societe
L1912-00415,L1912-00824,1,co_membership,ORG:societe
L1912-00415,L1912-01147,1,co_membership,ORG:societe
L1912-00415,L1912-01325,1,co_membership,ORG:societe
L1912-00415,L1912-02686,1,co_membership,ORG:societe
L1912-00415,L1912-02741,1,co_membership,ORG:societe
L1912-00504,L1912-00538,1,co_membership,ORG:societe
L1912-00504,L1912-00666,1,co_membership,ORG:societe
L1912-00504,L1912-00694,1,co_membership,ORG:societe
L1912-00504,L1912-00748,1,co_membership,ORG:societe
L1912-00504,L1912-00824,1,co_membership,ORG:societe
L1912-00504,L1912-01147,1,co_membership,ORG:societe
L1912-00504,L1912-01325,1,co_membership,ORG:societe
L1912-00504,L1912-02686,1,co_membership,ORG:societe
L1912-00504,L1912-02741,1,co_membership,ORG:societe
L1912-00538,L1912-00666,1,co_membership,ORG:societe
L1912-00538,L1912-00694,1,co_membership,ORG:societe
L1912-00538,L1912-00748,1,co_membership,ORG:societe
L1912-00538,L1912-00824,1,co_membership,ORG:societe
L1912-00538,L1912-01147,1,co_membership,ORG:societe
L1912-00538,L1912-01325,1,co_membership,ORG:societe
L1912-00538,L1912-02686,1,co_membership,ORG:societe
L1912-00538,L1912-02741,1,co_membership,ORG:societe
L1912-00666,L1912-00694,1,co_membership,ORG:societe
L1912-00666,L1912-00748,1,co_membership,ORG:societe
L1912-00666,L1912-00824,1,co_membership,ORG:societe
L1912-00666,L1912-01147,1,co_membership,ORG:societe
L1912-00666,L1912-01325,1,co_membership,ORG:societe
L1912-00666,L1912-02686,1,co_membership,ORG:societe
L1912-00666,L1912-02741,1,co_membership,ORG:societe
L1912-00694,L1912-00748,1,co_membership,ORG:societe
L1912-00694,L1912-00824,1,co_membership,ORG:societe
L1912-00694,L1912-01147,1,co_membership,ORG:societe
L1912-00694,L1912-01325,1,co_membership,ORG:societe
L1912-00694,L1912-02686,1,co_membership,ORG:societe
L1912-00694,L1912-02741,1,co_membership,ORG:societe
L1912-00748,L1912-00824,1,co_membership,ORG:societe
L1912-00748,L1912-01147,1,co_membership,ORG:societe
L1912-00748,L1912-01325,1,co_membership,ORG:societe
L1912-00748,L1912-02686,1,co_membership,ORG:societe
L1912-00748,L1912-02741,1,co_membership,ORG:societe
L1912-00824,L1912-01147,1,co_membership,ORG:societe
L1912-00824,L1912-01325,1,co_membership,ORG:societe
L1912-00824,L1912-02686,1,co_membership,ORG:societe
L1912-00824,L1912-02741,1,co_membership,ORG:societe
L1912-01147,L1912-01325,1,co_membership,ORG:societe
L1912-01147,L1912-02686,1,co_membership,ORG:societe
L1912-01325,L1912-02686,1,co_membership,ORG:societe
L1912-01325,L1912-02741,1,co_membership,ORG:societe
L1912-02686,L1912-02741,1,co_membership,ORG:societe
L1912-00306,L1912-00519,1,co_membership,ORG:conseil d administration de la societe de bienfaisance italienne de m u
L1912-00306,L1912-00857,1,co_membership,ORG:conseil d administration de la societe de bienfaisance italienne de m u
L1912-00306,L1912-01828,1,co_membership,ORG:conseil d administration de la societe de bienfaisance italienne de m u
L1912-00306,L1912-01838,1,co_membership,ORG:conseil d administration de la societe de bienfaisance italienne de m u
L1912-00306,L1912-02741,1,co_membership,ORG:conseil d administration de la societe de bienfaisance italienne de m u
L1912-00519,L1912-00857,1,co_membership,ORG:conseil d administration de la societe de bienfaisance italienne de m u
L1912-00519,L1912-01828,1,co_membership,ORG:conseil d administration de la societe de bienfaisance italienne de m u
L1912-00519,L1912-01838,1,co_membership,ORG:conseil d administration de la societe de bienfaisance italienne de m u
L1912-00519,L1912-02741,1,co_membership,ORG:conseil d administration de la societe de bienfaisance italienne de m u
L1912-00857,L1912-01828,1,co_membership,ORG:conseil d administration de la societe de bienfaisance italienne de m u
L1912-00857,L1912-01838,1,co_membership,ORG:conseil d administration de la societe de bienfaisance italienne de m u
L1912-00857,L1912-02741,1,co_membership,ORG:conseil d administration de la societe de bienfaisance italienne de m u
L1912-01828,L1912-01838,1,co_membership,ORG:conseil d administration de la societe de bienfaisance italienne de m u
L1912-01828,L1912-02741,1,co_membership,ORG:conseil d administration de la societe de bienfaisance italienne de m u
L1912-01838,L1912-02741,1,co_membership,ORG:conseil d administration de la societe de bienfaisance italienne de m u
L1912-00307,L1912-02265,1,co_membership,ORG:societe des anciens eleves des ecoles italiennes de tunis
L1912-00323,L1912-00970,1,co_membership,ORG:chambre de commerce
L1912-00342,L1912-02172,1,co_membership,ORG:ligne de l enseignement et de la ligue des droits de l homme et du cito
L1912-00347,L1912-02112,1,co_membership,ORG:chambre d agriculture
L1912-00347,L1912-02443,1,co_membership,ORG:chambre d agriculture
L1912-00347,L1912-02453,1,co_membership,ORG:chambre d agriculture
L1912-00965,L1912-02112,1,co_membership,ORG:chambre d agriculture
L1912-00965,L1912-02443,1,co_membership,ORG:chambre d agriculture
L1912-00965,L1912-02453,1,co_membership,ORG:chambre d agriculture
L1912-00971,L1912-02112,1,co_membership,ORG:chambre d agriculture
L1912-00971,L1912-02443,1,co_membership,ORG:chambre d agriculture
L1912-00971,L1912-02453,1,co_membership,ORG:chambre d agriculture
L1912-02112,L1912-02443,1,co_membership,ORG:chambre d agriculture
L1912-02112,L1912-02453,1,co_membership,ORG:chambre d agriculture
L1912-02443,L1912-02453,1,co_membership,ORG:chambre d agriculture
L1912-00366,L1912-01144,1,co_membership,ORG:conseil
L1912-00366,L1912-02190,1,co_membership,ORG:etat a l interieur
L1912-00367,L1912-01066,1,co_membership,ORG:direction des antiquites et arts
L1912-00367,L1912-01775,1,co_membership,ORG:direction des antiquites et arts
L1912-01066,L1912-01775,1,co_membership,ORG:direction des antiquites et arts
L1912-00444,L1912-01102,1,co_membership,ORG:societe des auteurs et compositeurs dramatiques
L1912-00453,L1912-00565,1,co_membership,ORG:conseil d hygiene
L1912-00453,L1912-00477,1,co_membership,ORG:societe internationale des sciences medicales de tunis
L1912-00453,L1912-01623,1,co_membership,ORG:societe internationale des sciences medicales de tunis
L1912-00477,L1912-01623,1,co_membership,ORG:societe internationale des sciences medicales de tunis
L1912-00453,L1912-01526,1,co_membership,ORG:section de beja des amis des arbres en tunisie
L1912-00453,L1912-02158,1,co_membership,ORG:section de beja des amis des arbres en tunisie
L1912-01526,L1912-02158,1,co_membership,ORG:section de beja des amis des arbres en tunisie
L1912-00457,L1912-01319,1,co_membership,ORG:service de sante de la division d occupation cle tunisie
L1912-00457,L1912-01588,1,co_membership,ORG:service de sante de la division d occupation cle tunisie
L1912-00457,L1912-01684,1,co_membership,ORG:service de sante de la division d occupation cle tunisie
L1912-00457,L1912-02689,1,co_membership,ORG:service de sante de la division d occupation cle tunisie
L1912-01319,L1912-01588,1,co_membership,ORG:service de sante de la division d occupation cle tunisie
L1912-01319,L1912-01684,1,co_membership,ORG:service de sante de la division d occupation cle tunisie
L1912-01319,L1912-02689,1,co_membership,ORG:service de sante de la division d occupation cle tunisie
L1912-01588,L1912-01684,1,co_membership,ORG:service de sante de la division d occupation cle tunisie
L1912-01588,L1912-02689,1,co_membership,ORG:service de sante de la division d occupation cle tunisie
L1912-01684,L1912-02689,1,co_membership,ORG:service de sante de la division d occupation cle tunisie
L1912-00457,L1912-00741,1,co_membership,ORG:institut
L1912-00470,L1912-01577,1,co_membership,ORG:societe de secours mutuels des anciens militaires cle la marine
L1912-00470,L1912-02190,1,co_membership,ORG:societe de secours mutuels des anciens militaires cle la marine
L1912-01577,L1912-02190,1,co_membership,ORG:societe de secours mutuels des anciens militaires cle la marine
L1912-00472,L1912-01169,1,co_membership,ORG:ministere de l instruction publique aux expositions cle chicago
L1912-00507,L1912-02647,1,co_membership,ORG:chambre alixte de commerce et d agriculture du centre
L1912-00518,L1912-02290,1,co_membership,ORG:conseil de surveillance cle l hopital israelite de tunis et de l associ
L1912-00518,L1912-01802,1,co_membership,ORG:societe des courses
L1912-00519,L1912-01099,1,co_membership,ORG:conseil d administration et caissier de l hopital colonial italien
L1912-00519,L1912-02029,1,co_membership,ORG:conseil d administration et caissier de l hopital colonial italien
L1912-01099,L1912-02029,1,co_membership,ORG:conseil d administration et caissier de l hopital colonial italien
L1912-00519,L1912-00847,1,co_membership,ORG:comite des fetes de tunis
L1912-00519,L1912-02161,1,co_membership,ORG:comite des fetes de tunis
L1912-00847,L1912-02161,1,co_membership,ORG:comite des fetes de tunis
L1912-00536,L1912-00737,1,co_membership,ORG:conseil de l ordre a la conference des avocats stagiaires
L1912-00536,L1912-01302,1,co_membership,ORG:conseil de l ordre a la conference des avocats stagiaires
L1912-00536,L1912-01723,1,co_membership,ORG:conseil de l ordre a la conference des avocats stagiaires
L1912-00536,L1912-02290,1,co_membership,ORG:conseil de l ordre a la conference des avocats stagiaires
L1912-00536,L1912-02475,1,co_membership,ORG:conseil de l ordre a la conference des avocats stagiaires
L1912-00737,L1912-01302,1,co_membership,ORG:conseil de l ordre a la conference des avocats stagiaires
L1912-00737,L1912-01723,1,co_membership,ORG:conseil de l ordre a la conference des avocats stagiaires
L1912-00737,L1912-02290,1,co_membership,ORG:conseil de l ordre a la conference des avocats stagiaires
L1912-00737,L1912-02475,1,co_membership,ORG:conseil de l ordre a la conference des avocats stagiaires
L1912-01302,L1912-01723,1,co_membership,ORG:conseil de l ordre a la conference des avocats stagiaires
L1912-01302,L1912-02290,1,co_membership,ORG:conseil de l ordre a la conference des avocats stagiaires
L1912-01302,L1912-02475,1,co_membership,ORG:conseil de l ordre a la conference des avocats stagiaires
L1912-01723,L1912-02290,1,co_membership,ORG:conseil de l ordre a la conference des avocats stagiaires
L1912-01723,L1912-02475,1,co_membership,ORG:conseil de l ordre a la conference des avocats stagiaires
L1912-02290,L1912-02475,1,co_membership,ORG:conseil de l ordre a la conference des avocats stagiaires
L1912-00538,L1912-02119,1,co_membership,ORG:comite directeur de l institut de carthage
L1912-00570,L1912-00838,1,co_membership,ORG:comite du cercle republicain
L1912-00570,L1912-02283,1,co_membership,ORG:comite du cercle republicain
L1912-00838,L1912-02283,1,co_membership,ORG:comite du cercle republicain
L1912-00576,L1912-00586,1,co_membership,ORG:conseil d administration de l amicale primaire en tunisie
L1912-00576,L1912-01169,1,co_membership,ORG:conseil d administration de l amicale primaire en tunisie
L1912-00586,L1912-01169,1,co_membership,ORG:conseil d administration de l amicale primaire en tunisie
L1912-00637,L1912-02223,1,co_membership,ORG:syndicat des entrepreneurs francais
L1912-00637,L1912-01734,1,co_membership,ORG:office postal de tunisie
L1912-00638,L1912-00821,1,co_membership,ORG:postes et des telegraphes du departement de constantine
L1912-00638,L1912-01157,1,co_membership,ORG:postes et des telegraphes du departement de constantine
L1912-00821,L1912-01157,1,co_membership,ORG:postes et des telegraphes du departement de constantine
L1912-00652,L1912-01810,1,co_membership,L1912-00224
L1912-00652,L1912-02120,1,co_membership,L1912-00224
L1912-01810,L1912-02120,1,co_membership,L1912-00224
L1912-00653,L1912-01166,1,co_membership,ORG:amicale de la presse tunisienne du centre et du sud
L1912-00653,L1912-01831,1,co_membership,ORG:amicale de la presse tunisienne du centre et du sud
L1912-01166,L1912-01831,1,co_membership,ORG:amicale de la presse tunisienne du centre et du sud
L1912-00656,L1912-00961,1,co_membership,ORG:comite de permanence de l union des societes de gymnastique de france
L1912-00661,L1912-02054,1,co_membership,ORG:touring club
L1912-00666,L1912-00791,1,co_membership,ORG:union des employes des services financiers
L1912-00666,L1912-01161,1,co_membership,ORG:union des employes des services financiers
L1912-00791,L1912-01161,1,co_membership,ORG:union des employes des services financiers
L1912-00681,L1912-00741,1,co_membership,ORG:commerce exterieur de la france
L1912-00736,L1912-01599,1,co_membership,ORG:municipalite de kairouan du 28 mars 1906 au 22 avril 1908
L1912-00736,L1912-01726,1,co_membership,ORG:municipalite de kairouan du 28 mars 1906 au 22 avril 1908
L1912-01599,L1912-01726,1,co_membership,ORG:municipalite de kairouan du 28 mars 1906 au 22 avril 1908
L1912-00736,L1912-02205,1,co_membership,ORG:cercle de la ligue de l enseignement de kairouan
L1912-00737,L1912-00961,1,co_membership,ORG:comite de la federation des cercles tunisiens et du cercle de tunis
L1912-00737,L1912-02016,1,co_membership,ORG:comite de la federation des cercles tunisiens et du cercle de tunis
L1912-00961,L1912-02016,1,co_membership,ORG:comite de la federation des cercles tunisiens et du cercle de tunis
L1912-00739,L1912-00765,1,co_membership,ORG:societe de secours mutuels de la cie des sapeurs pompiers
L1912-00741,L1912-02488,1,co_membership,ORG:service municipal des pompes funebres
L1912-00741,L1912-01934,1,co_membership,ORG:chambre de commerce de bizerte
L1912-00768,L1912-02633,1,co_membership,ORG:association generale des etudiants de tunis
L1912-00773,L1912-02190,1,co_membership,ORG:municipalite de la goulette de 1
L1912-00777,L1912-01219,1,co_membership,ORG:association amicale des fonctionnaires de l administration centrale
L1912-00792,L1912-01112,1,co_membership,ORG:tribunal civil de l unis
L1912-00813,L1912-01099,1,co_membership,ORG:comite permanent des fetes de m unis
L1912-00813,L1912-02058,1,co_membership,ORG:comite permanent des fetes de m unis
L1912-01099,L1912-02058,1,co_membership,ORG:comite permanent des fetes de m unis
L1912-00838,L1912-01251,1,co_membership,ORG:conseil de l ordre des avocate de tunis
L1912-00841,L1912-00929,1,co_membership,ORG:congres national des societes francaises de geographie
L1912-00842,L1912-01258,1,co_membership,ORG:comite permanent des feles au benefice des hopitaux de marseille traite
L1912-00856,L1912-01738,1,co_membership,ORG:societe musulmane de bienfaisance de bizerle
L1912-00957,L1912-01262,1,co_membership,ORG:municipalite de tunis
L1912-00957,L1912-02120,1,co_membership,ORG:municipalite de tunis
L1912-01262,L1912-02120,1,co_membership,ORG:municipalite de tunis
L1912-00959,L1912-01106,1,co_membership,ORG:societe de prevoyance des fonctionnaires et employes tunisiens
L1912-00965,L1912-00989,1,co_membership,ORG:syndicat general obligatoire des viticulteurs de la regence de tunis
L1912-00965,L1912-02579,1,co_membership,ORG:syndicat general obligatoire des viticulteurs de la regence de tunis
L1912-00989,L1912-02579,1,co_membership,ORG:syndicat general obligatoire des viticulteurs de la regence de tunis
L1912-00976,L1912-01093,1,co_membership,ORG:chambre mixte du centre et ancien vice president de celte associa lion
L1912-00989,L1912-02647,1,co_membership,ORG:societe d assistance mutuelle en cas cle deces outre les fonctionnaires
L1912-01031,L1912-01052,1,co_membership,ORG:conference consultative pour le controle de bizerte
L1912-01094,L1912-01586,1,co_membership,ORG:commission de voirie de tabarca et membre de la commission scolaire
L1912-01182,L1912-01481,1,co_membership,ORG:union nationale du commerce exterieur
L1912-01210,L1912-02122,1,co_membership,ORG:syndical de la presse tunisienne
L1912-01274,L1912-01502,1,co_membership,ORG:comile directeur de la societe de geographie commerciale
L1912-01274,L1912-01597,1,co_membership,ORG:comile directeur de la societe de geographie commerciale
L1912-01502,L1912-01597,1,co_membership,ORG:comile directeur de la societe de geographie commerciale
L1912-01276,L1912-02555,1,co_membership,ORG:conseil de perfectionnement de l ecole emile loubet el du conseil centr
L1912-01321,L1912-01592,1,co_membership,ORG:colonie agricole indigene de lansarine d e p u i s sa creation
L1912-01334,L1912-01390,1,co_membership,ORG:chambre mixte de commerce et d agriculture du centre
L1912-01334,L1912-01726,1,co_membership,ORG:chambre mixte de commerce et d agriculture du centre
L1912-01334,L1912-02170,1,co_membership,ORG:chambre mixte de commerce et d agriculture du centre
L1912-01390,L1912-01726,1,co_membership,ORG:chambre mixte de commerce et d agriculture du centre
L1912-01390,L1912-02170,1,co_membership,ORG:chambre mixte de commerce et d agriculture du centre
L1912-01726,L1912-02170,1,co_membership,ORG:chambre mixte de commerce et d agriculture du centre
L1912-01429,L1912-02120,1,co_membership,ORG:harmonie francaise
L1912-01526,L1912-01802,1,co_membership,ORG:jury clu concours de sousse
L1912-01543,L1912-02657,1,co_membership,ORG:conseil d administration de la cooperative l epargne tunisienne
L1912-01659,L1912-02019,1,co_membership,ORG:societe pour la defense clu commerce des grains et derives a m unis
L1912-01659,L1912-02022,1,co_membership,ORG:societe pour la defense clu commerce des grains et derives a m unis
L1912-01659,L1912-02035,1,co_membership,ORG:societe pour la defense clu commerce des grains et derives a m unis
L1912-01659,L1912-02131,1,co_membership,ORG:societe pour la defense clu commerce des grains et derives a m unis
L1912-02019,L1912-02022,1,co_membership,ORG:societe pour la defense clu commerce des grains et derives a m unis
L1912-02019,L1912-02035,1,co_membership,ORG:societe pour la defense clu commerce des grains et derives a m unis
L1912-02019,L1912-02131,1,co_membership,ORG:societe pour la defense clu commerce des grains et derives a m unis
L1912-02022,L1912-02035,1,co_membership,ORG:societe pour la defense clu commerce des grains et derives a m unis
L1912-02022,L1912-02131,1,co_membership,ORG:societe pour la defense clu commerce des grains et derives a m unis
L1912-02035,L1912-02131,1,co_membership,ORG:societe pour la defense clu commerce des grains et derives a m unis
L1912-01838,L1912-02226,1,co_membership,ORG:conseil d administration de l hopital israelite
L1912-01838,L1912-02267,1,co_membership,ORG:conseil d administration de l hopital israelite
L1912-02226,L1912-02267,1,co_membership,ORG:conseil d administration de l hopital israelite
L1912-01921,L1912-02206,1,co_membership,ORG:controle civil ffons de greffier huissier a mactar
L1912-02031,L1912-02707,1,co_membership,ORG:conseil d administration
L1912-02031,L1912-02741,1,co_membership,ORG:conseil d administration
L1912-02707,L1912-02741,1,co_membership,ORG:conseil d administration
L1912-02120,L1912-02180,1,co_membership,ORG:comptoir national d escompte de paris en tunisie
L1912-02138,L1912-02615,1,co_membership,ORG:societe regionale
L1912-02171,L1912-02700,1,co_membership,ORG:comite de
L1912-02259,L1912-02630,1,co_membership,ORG:conseil de l ordre
