mention_id,source_entry_id,source_entry_type,name_raw,name_key,role,person_entry_id,resolution,n_candidates,page,page_url,evidence
M000001,L1912-00085,organisation,Jules Bessis,JULES BESSIS,president,,ambiguous,2,10,https://gallica.bnf.fr/ark:/12148/bpt6k5505300s/f34.item,"Président : M. Jules Bessis, banquiers"
M000002,L1912-00085,organisation,B Léger,B LEGER,vice_president,L1912-01601,resolved,1,10,https://gallica.bnf.fr/ark:/12148/bpt6k5505300s/f34.item,"vice-présidents : MM. B. Léger, lieutenant des pompiers"
M000003,L1912-00085,organisation,A Ilalfon,A ILALFON,treasurer,,unmatched,0,10,https://gallica.bnf.fr/ark:/12148/bpt6k5505300s/f34.item,"trésorier : M. A. Ilalfon, employé à la Municipalité"
M000004,L1912-00085,organisation,Joseph Cohen,JOSEPH COHEN,secretary,,ambiguous,5,10,https://gallica.bnf.fr/ark:/12148/bpt6k5505300s/f34.item,"Secrétaire : M. Joseph Cohen, professeur"
M000005,L1912-00085,organisation,I-Iavoun,I IAVOUN,deputy_treasurer,,unmatched,0,10,https://gallica.bnf.fr/ark:/12148/bpt6k5505300s/f34.item,"trésorier-adjoint : M. I-Iavoun, employé"
M000006,L1912-00085,organisation,G Bellaïche,G BELLAICHE,deputy_secretary,L1912-00271,resolved_fuzzy,1,10,https://gallica.bnf.fr/ark:/12148/bpt6k5505300s/f34.item,"secrétaire-adjoint : M. G. Bellaïche, employé"
M000007,L1912-00085,organisation,Victor Slama,VICTOR SLAMA,assessor,,unmatched,0,10,https://gallica.bnf.fr/ark:/12148/bpt6k5505300s/f34.item,"assesseurs : MM. Victor Slama, propriétaire, Arthur Sitbon, employé à la"
M000008,L1912-00085,organisation,Arthur Sitbon,ARTHUR SITBON,assessor,L1912-02391,resolved,1,10,https://gallica.bnf.fr/ark:/12148/bpt6k5505300s/f34.item,"assesseurs : MM. Victor Slama, propriétaire, Arthur Sitbon, employé à la"
M000009,L1912-00139,organisation,Ferdinand Huard,FERDINAND HUARD,president,L1912-01428,resolved,1,32,https://gallica.bnf.fr/ark:/12148/bpt6k5505300s/f56.item,"Médaille d'or à l'Exposition Coloniale de Marseille en 1906. Médaille d'argent à l'Exposition des oeuvres sociales au Grand Palais, à Tunis, en 1905. Prés, gén., M. Ferdinand Huard"
M000010,L1912-00139,organisation,Villot-Beauchemin,VILLOT BEAUCHEMIN,president,L1912-02688,resolved_fuzzy,1,32,https://gallica.bnf.fr/ark:/12148/bpt6k5505300s/f56.item,"vi-prés. gén., M. de Villot-Beauchemin, ingénieur, directeur-adjoint des Travaux de la Ville de Tunis, et M. Graziani, inspecteur des Domaines à la Direction de l'Agriculture, Tuni"
M000011,L1912-00139,organisation,Graziani,GRAZIANI,president,,unmatched,0,32,https://gallica.bnf.fr/ark:/12148/bpt6k5505300s/f56.item,"vi-prés. gén., M. de Villot-Beauchemin, ingénieur, directeur-adjoint des Travaux de la Ville de Tunis, et M. Graziani, inspecteur des Domaines à la Direction de l'Agriculture, Tuni"
M000012,L1912-00139,organisation,Garnier,GARNIER,secretary_general,,unmatched,0,32,https://gallica.bnf.fr/ark:/12148/bpt6k5505300s/f56.item,"secr. gén., M .Garnier, chef de section au Service Topographique"
M000013,L1912-00139,organisation,Tremsal,TREMSAL,president,L1912-02585,resolved,1,32,https://gallica.bnf.fr/ark:/12148/bpt6k5505300s/f56.item,"Président du groupe A : M. Tremsal, chef de Cabinet du Directeur général de l'Enseignement public à Tunis"
M000014,L1912-00139,organisation,Constantin,CONSTANTIN,president,,unmatched,0,32,https://gallica.bnf.fr/ark:/12148/bpt6k5505300s/f56.item,"Président du groupe C :M. Constantin, ingénieur électricien à Tunis"
M000015,L1912-00139,organisation,Roman,ROMAN,president,L1912-02203,resolved_fuzzy,1,32,https://gallica.bnf.fr/ark:/12148/bpt6k5505300s/f56.item,"Président clu groupe D : M. Roman, propriétaire à Tunis"
M000016,L1912-00139,organisation,Duvau,DUVAU,president,L1912-00989,resolved,1,32,https://gallica.bnf.fr/ark:/12148/bpt6k5505300s/f56.item,"Président clu (groupe E : M. Duvau, directeur de l'Office de Colonisation à Tunis"
M000017,L1912-00139,organisation,Hallouin,HALLOUIN,president,,unmatched,0,32,https://gallica.bnf.fr/ark:/12148/bpt6k5505300s/f56.item,"Président du groupe F. : M. Hallouin, inspecteur cle la Compagnie Bône-Guelma."
M000018,L1912-00141,organisation,Edouard,EDOUARD,board_member,,unmatched,0,34,https://gallica.bnf.fr/ark:/12148/bpt6k5505300s/f58.item,"CONSEIL D'ADMINISTRATION. Prés., M. le comte Edouard cle Warren, domaine d'Echamùnes (Mornag)"
M000019,L1912-00141,organisation,Wartelle,WARTELLE,vice_president,L1912-02682,resolved,1,34,https://gallica.bnf.fr/ark:/12148/bpt6k5505300s/f58.item,"v.-prés., MM. Wartelle, à Aïn-Rhelal"
M000020,L1912-00141,organisation,Coanet,COANET,secretary_general,L1912-00665,resolved,1,34,https://gallica.bnf.fr/ark:/12148/bpt6k5505300s/f58.item,"secr. gén., M. Coanet, à RasTabia, près Tunis"
M000021,L1912-00141,organisation,Costet,COSTET,president,,unmatched,0,34,https://gallica.bnf.fr/ark:/12148/bpt6k5505300s/f58.item,"COMITÉ DE DIRECTION COMMERCIALE, Présid., M. Costet"
M000022,L1912-00141,organisation,Courrai,COURRAI,delegate,,unmatched,0,34,https://gallica.bnf.fr/ark:/12148/bpt6k5505300s/f58.item,"administ. délégué, M. Courrai"
M000023,L1912-00141,organisation,Rolland,ROLLAND,secretary,,ambiguous,2,34,https://gallica.bnf.fr/ark:/12148/bpt6k5505300s/f58.item,"secr., M. Rolland"
M000024,L1912-00141,organisation,S Tardy,S TARDY,assessor,,unmatched,0,34,https://gallica.bnf.fr/ark:/12148/bpt6k5505300s/f58.item,"assesseurs, MM. S. Tardy et Rebillet"
M000025,L1912-00141,organisation,Rebillet,REBILLET,assessor,,unmatched,0,34,https://gallica.bnf.fr/ark:/12148/bpt6k5505300s/f58.item,"assesseurs, MM. S. Tardy et Rebillet"
M000026,L1912-00141,organisation,Aymard,AYMARD,councillor,,unmatched,0,34,https://gallica.bnf.fr/ark:/12148/bpt6k5505300s/f58.item,"conseillers consultatifs, MM. Aymard, Barrion, Billy, Blaive, Carrier, Deligne, Ducroquet, Ch"
M000027,L1912-00141,organisation,Barrion,BARRION,councillor,,unmatched,0,34,https://gallica.bnf.fr/ark:/12148/bpt6k5505300s/f58.item,"conseillers consultatifs, MM. Aymard, Barrion, Billy, Blaive, Carrier, Deligne, Ducroquet, Ch"
M000028,L1912-00141,organisation,Billy,BILLY,councillor,L1912-00347,resolved,1,34,https://gallica.bnf.fr/ark:/12148/bpt6k5505300s/f58.item,"conseillers consultatifs, MM. Aymard, Barrion, Billy, Blaive, Carrier, Deligne, Ducroquet, Ch"
M000029,L1912-00141,organisation,Blaive,BLAIVE,councillor,,unmatched,0,34,https://gallica.bnf.fr/ark:/12148/bpt6k5505300s/f58.item,"conseillers consultatifs, MM. Aymard, Barrion, Billy, Blaive, Carrier, Deligne, Ducroquet, Ch"
M000030,L1912-00141,organisation,Carrier,CARRIER,councillor,L1912-00524,resolved,1,34,https://gallica.bnf.fr/ark:/12148/bpt6k5505300s/f58.item,"conseillers consultatifs, MM. Aymard, Barrion, Billy, Blaive, Carrier, Deligne, Ducroquet, Ch"
M000031,L1912-00141,organisation,Deligne,DELIGNE,councillor,,unmatched,0,34,https://gallica.bnf.fr/ark:/12148/bpt6k5505300s/f58.item,"conseillers consultatifs, MM. Aymard, Barrion, Billy, Blaive, Carrier, Deligne, Ducroquet, Ch"
M000032,L1912-00141,organisation,Ducroquet,DUCROQUET,councillor,,ambiguous,2,34,https://gallica.bnf.fr/ark:/12148/bpt6k5505300s/f58.item,"conseillers consultatifs, MM. Aymard, Barrion, Billy, Blaive, Carrier, Deligne, Ducroquet, Ch"
M000033,L1912-00141,organisation,Barrion,BARRION,secretary_general,,unmatched,0,34,https://gallica.bnf.fr/ark:/12148/bpt6k5505300s/f58.item,"secr. gén., M. Barrion"
M000034,L1912-00141,organisation,Patrice,PATRICE,deputy_secretary,,unmatched,0,34,https://gallica.bnf.fr/ark:/12148/bpt6k5505300s/f58.item,"secr. adj., MM. le comte Patrice de Waren, F. Ducroquet"
M000035,L1912-00141,organisation,Gounot,GOUNOT,secretary_general,L1912-01291,resolved,1,34,https://gallica.bnf.fr/ark:/12148/bpt6k5505300s/f58.item,"secr. gén., M. Gounot"
M000036,L1912-00142,organisation,A Lebucher,A LEBUCHER,president,,unmatched,0,34,https://gallica.bnf.fr/ark:/12148/bpt6k5505300s/f58.item,"MM. A. Lebucher, prés."
M000037,L1912-00142,organisation,G Lecollier,G LECOLLIER,vice_president,,unmatched,0,34,https://gallica.bnf.fr/ark:/12148/bpt6k5505300s/f58.item,"G. Lecollier et P. Ber- nard, v.-prés."
M000038,L1912-00142,organisation,P Ber,P BER,vice_president,,unmatched,0,34,https://gallica.bnf.fr/ark:/12148/bpt6k5505300s/f58.item,"G. Lecollier et P. Ber- nard, v.-prés."
M000039,L1912-00142,organisation,Mattou,MATTOU,secretary,,unmatched,0,34,https://gallica.bnf.fr/ark:/12148/bpt6k5505300s/f58.item,"Mattou, secr."
M000040,L1912-00142,organisation,Surleau,SURLEAU,deputy_secretary,,unmatched,0,34,https://gallica.bnf.fr/ark:/12148/bpt6k5505300s/f58.item,"Surleau, secr. adj."
M000041,L1912-00143,organisation,Scialom,SCIALOM,president,,ambiguous,2,35,https://gallica.bnf.fr/ark:/12148/bpt6k5505300s/f59.item,"Prés., M. le D' Scialom"
M000042,L1912-00143,organisation,Jules Bessis,JULES BESSIS,vice_president,,ambiguous,2,35,https://gallica.bnf.fr/ark:/12148/bpt6k5505300s/f59.item,"v.-prés., MM. Jules Bessis et V. Sitruk"
M000043,L1912-00143,organisation,V Sitruk,V SITRUK,vice_president,,unmatched,0,35,https://gallica.bnf.fr/ark:/12148/bpt6k5505300s/f59.item,"v.-prés., MM. Jules Bessis et V. Sitruk"
M000044,L1912-00143,organisation,Isaac Lévy,ISAAC LEVY,secretary,L1912-01465,resolved,1,35,https://gallica.bnf.fr/ark:/12148/bpt6k5505300s/f59.item,"secr., M. Isaac Lévy"
M000045,L1912-00143,organisation,Houbani,HOUBANI,commissioner,,unmatched,0,35,https://gallica.bnf.fr/ark:/12148/bpt6k5505300s/f59.item,"commiss., M. Houbani"
M000046,L1912-00143,organisation,Fitoussi,FITOUSSI,president,L1912-01165,resolved,1,35,https://gallica.bnf.fr/ark:/12148/bpt6k5505300s/f59.item,"Ane. prés., MM. Fitoussi et Victor Scialom, avocats"
M000047,L1912-00143,organisation,Victor Scialom,VICTOR SCIALOM,president,,ambiguous,2,35,https://gallica.bnf.fr/ark:/12148/bpt6k5505300s/f59.item,"Ane. prés., MM. Fitoussi et Victor Scialom, avocats"
M000048,L1912-00144,organisation,Gounol,GOUNOL,president,L1912-01291,resolved_fuzzy,1,35,https://gallica.bnf.fr/ark:/12148/bpt6k5505300s/f59.item,"MM. Gounol,.prés."
M000049,L1912-00144,organisation,Souiivel,SOUIIVEL,secretary,,unmatched,0,35,https://gallica.bnf.fr/ark:/12148/bpt6k5505300s/f59.item,"Souiivel, secr."
M000050,L1912-00144,organisation,Cornet,CORNET,assessor,L1912-00665,resolved_fuzzy,1,35,https://gallica.bnf.fr/ark:/12148/bpt6k5505300s/f59.item,"Cornet, Dela.noue, Renoux, Tronche, assess."
M000051,L1912-00144,organisation,Renoux,RENOUX,assessor,,unmatched,0,35,https://gallica.bnf.fr/ark:/12148/bpt6k5505300s/f59.item,"Cornet, Dela.noue, Renoux, Tronche, assess."
M000052,L1912-00144,organisation,Tronche,TRONCHE,assessor,,unmatched,0,35,https://gallica.bnf.fr/ark:/12148/bpt6k5505300s/f59.item,"Cornet, Dela.noue, Renoux, Tronche, assess."
M000053,L1912-00145,organisation,Loth,LOTH,honorary_vice_president,L1912-01640,resolved,1,35,https://gallica.bnf.fr/ark:/12148/bpt6k5505300s/f59.item,"v.-prés. d'hon., M. Buisson, directeur de l'Enseignement primaire, et M: Loth, directeur du Collège Alaoui"
M000054,L1912-00145,organisation,L Augias,L AUGIAS,president,L1912-00178,resolved,1,35,https://gallica.bnf.fr/ark:/12148/bpt6k5505300s/f59.item,"Prés, actif, M. L. Augias, sous^chef de bureau au Gouvernement tunisien"
M000055,L1912-00145,organisation,A Duvialard,A DUVIALARD,vice_president,,unmatched,0,35,https://gallica.bnf.fr/ark:/12148/bpt6k5505300s/f59.item,"v.-prés.,' M. A. Duvialard, commis des Postes, et M. Larguèche Kh., instituteur"
M000056,L1912-00145,organisation,Larguèche Kh,LARGUECHE KH,vice_president,L1912-01591,resolved_fuzzy,1,35,https://gallica.bnf.fr/ark:/12148/bpt6k5505300s/f59.item,"v.-prés.,' M. A. Duvialard, commis des Postes, et M. Larguèche Kh., instituteur"
M000057,L1912-00145,organisation,Matleï,MATLEI,secretary_general,,ambiguous_fuzzy,3,35,https://gallica.bnf.fr/ark:/12148/bpt6k5505300s/f59.item,"secr. gén., M. Matleï, secr.-adj,, El Hadi ben Ammar, très, gén., M. A. Laporte, représentant de commerce"
M000058,L1912-00145,organisation,Gérente,GERENTE,assessor,,unmatched,0,35,https://gallica.bnf.fr/ark:/12148/bpt6k5505300s/f59.item,"assess., MM. Gérente, E. Loubet, L. Josse et Breuil"
M000059,L1912-00145,organisation,E Loubet,E LOUBET,assessor,,unmatched,0,35,https://gallica.bnf.fr/ark:/12148/bpt6k5505300s/f59.item,"assess., MM. Gérente, E. Loubet, L. Josse et Breuil"
M000060,L1912-00145,organisation,L Josse,L JOSSE,assessor,,unmatched,0,35,https://gallica.bnf.fr/ark:/12148/bpt6k5505300s/f59.item,"assess., MM. Gérente, E. Loubet, L. Josse et Breuil"
M000061,L1912-00145,organisation,Breuil,BREUIL,assessor,,unmatched,0,35,https://gallica.bnf.fr/ark:/12148/bpt6k5505300s/f59.item,"assess., MM. Gérente, E. Loubet, L. Josse et Breuil"
M000062,L1912-00145,organisation,Manville,MANVILLE,president,,unmatched,0,35,https://gallica.bnf.fr/ark:/12148/bpt6k5505300s/f59.item,"Ont été successivement présid. en premier, MM. le marquis de Manville, Bianchi et P. Normant, et présidents en second, MM. David, directeur d'école, et Inversin, employé à la Munic"
M000063,L1912-00145,organisation,Bianchi,BIANCHI,president,,unmatched,0,35,https://gallica.bnf.fr/ark:/12148/bpt6k5505300s/f59.item,"Ont été successivement présid. en premier, MM. le marquis de Manville, Bianchi et P. Normant, et présidents en second, MM. David, directeur d'école, et Inversin, employé à la Munic"
M000064,L1912-00145,organisation,P Normant,P NORMANT,president,,unmatched,0,35,https://gallica.bnf.fr/ark:/12148/bpt6k5505300s/f59.item,"Ont été successivement présid. en premier, MM. le marquis de Manville, Bianchi et P. Normant, et présidents en second, MM. David, directeur d'école, et Inversin, employé à la Munic"
M000065,L1912-00145,organisation,David,DAVID,president,L1912-00791,resolved,1,35,https://gallica.bnf.fr/ark:/12148/bpt6k5505300s/f59.item,"Ont été successivement présid. en premier, MM. le marquis de Manville, Bianchi et P. Normant, et présidents en second, MM. David, directeur d'école, et Inversin, employé à la Munic"
M000066,L1912-00145,organisation,Inversin,INVERSIN,president,,ambiguous,2,35,https://gallica.bnf.fr/ark:/12148/bpt6k5505300s/f59.item,"Ont été successivement présid. en premier, MM. le marquis de Manville, Bianchi et P. Normant, et présidents en second, MM. David, directeur d'école, et Inversin, employé à la Munic"
M000067,L1912-00146,organisation,Brunel,BRUNEL,president,,unmatched,0,35,https://gallica.bnf.fr/ark:/12148/bpt6k5505300s/f59.item,"MM. Maroque, prés., Brunel et Ollier, vice-prés."
M000068,L1912-00146,organisation,Ollier,OLLIER,president,,unmatched,0,35,https://gallica.bnf.fr/ark:/12148/bpt6k5505300s/f59.item,"MM. Maroque, prés., Brunel et Ollier, vice-prés."
M000069,L1912-00146,organisation,Bentejac,BENTEJAC,secretary,,unmatched,0,35,https://gallica.bnf.fr/ark:/12148/bpt6k5505300s/f59.item,"Bentejac, secr."
M000070,L1912-00146,organisation,Breuil,BREUIL,deputy_secretary,,unmatched,0,35,https://gallica.bnf.fr/ark:/12148/bpt6k5505300s/f59.item,"Breuil, secr.-adj."
M000071,L1912-00146,organisation,Martini,MARTINI,deputy_treasurer,,ambiguous_fuzzy,4,35,https://gallica.bnf.fr/ark:/12148/bpt6k5505300s/f59.item,"Martini, trés.-adj."
M000072,L1912-00146,organisation,Alessandri,ALESSANDRI,president,L1912-00071,resolved,1,35,https://gallica.bnf.fr/ark:/12148/bpt6k5505300s/f59.item,"Bourrusl, Capot, Dozeville et Fortier, administrateur. — Ont été successivement présidents : MM. Alessandri, 1904-1905"
M000073,L1912-00147,organisation,Marcille,MARCILLE,president,,unmatched,0,35,https://gallica.bnf.fr/ark:/12148/bpt6k5505300s/f59.item,"Prés.,' M. Marcille"
M000074,L1912-00147,organisation,Brou,BROU,vice_president,,unmatched,0,35,https://gallica.bnf.fr/ark:/12148/bpt6k5505300s/f59.item,"v.-prés., M. Brou"
M000075,L1912-00147,organisation,Sarabusi,SARABUSI,secretary,L1912-02270,resolved,1,35,https://gallica.bnf.fr/ark:/12148/bpt6k5505300s/f59.item,"secr.,M. Sarabusi"
M000076,L1912-00147,organisation,Courtade,COURTADE,board_member,,unmatched,0,35,https://gallica.bnf.fr/ark:/12148/bpt6k5505300s/f59.item,"membres du bureau, MM. Courtade, L. Blanc, Girod, Haiouni et Verrv. président en 1907, M. Bost"
M000077,L1912-00147,organisation,L Blanc,L BLANC,board_member,,ambiguous,2,35,https://gallica.bnf.fr/ark:/12148/bpt6k5505300s/f59.item,"membres du bureau, MM. Courtade, L. Blanc, Girod, Haiouni et Verrv. président en 1907, M. Bost"
M000078,L1912-00147,organisation,Girod,GIROD,board_member,,ambiguous_fuzzy,3,35,https://gallica.bnf.fr/ark:/12148/bpt6k5505300s/f59.item,"membres du bureau, MM. Courtade, L. Blanc, Girod, Haiouni et Verrv. président en 1907, M. Bost"
M000079,L1912-00147,organisation,Haiouni,HAIOUNI,board_member,,unmatched,0,35,https://gallica.bnf.fr/ark:/12148/bpt6k5505300s/f59.item,"membres du bureau, MM. Courtade, L. Blanc, Girod, Haiouni et Verrv. président en 1907, M. Bost"
M000080,L1912-00147,organisation,Verrv,VERRV,board_member,,unmatched,0,35,https://gallica.bnf.fr/ark:/12148/bpt6k5505300s/f59.item,"membres du bureau, MM. Courtade, L. Blanc, Girod, Haiouni et Verrv. président en 1907, M. Bost"
M000081,L1912-00147,organisation,Bost,BOST,board_member,L1912-00405,resolved,1,35,https://gallica.bnf.fr/ark:/12148/bpt6k5505300s/f59.item,"membres du bureau, MM. Courtade, L. Blanc, Girod, Haiouni et Verrv. président en 1907, M. Bost"
M000082,L1912-00148,organisation,Rapp,RAPP,secretary,,unmatched,0,35,https://gallica.bnf.fr/ark:/12148/bpt6k5505300s/f59.item,Rapp. secr.
M000083,L1912-00148,organisation,Surleau,SURLEAU,assessor,,unmatched,0,35,https://gallica.bnf.fr/ark:/12148/bpt6k5505300s/f59.item,"Surleau, Finnocchi, assess"
M000084,L1912-00148,organisation,Finnocchi,FINNOCCHI,assessor,,ambiguous_fuzzy,2,35,https://gallica.bnf.fr/ark:/12148/bpt6k5505300s/f59.item,"Surleau, Finnocchi, assess"
M000085,L1912-00148,organisation,Gamet,GAMET,past_president,L1912-01219,resolved,1,35,https://gallica.bnf.fr/ark:/12148/bpt6k5505300s/f59.item,"Ancien président, M. Gamet."
M000086,L1912-00149,organisation,Gustave Rolland,GUSTAVE ROLLAND,president,,ambiguous,2,36,https://gallica.bnf.fr/ark:/12148/bpt6k5505300s/f60.item,"Prés., M. Gustave Rolland, vice-président, M. W. de Vaumas"
M000087,L1912-00149,organisation,Coupin,COUPIN,secretary,,unmatched,0,36,https://gallica.bnf.fr/ark:/12148/bpt6k5505300s/f60.item,"secrétaire, M. Coupin"
M000088,L1912-00149,organisation,Berlainchand,BERLAINCHAND,past_president,L1912-00319,resolved_fuzzy,1,36,https://gallica.bnf.fr/ark:/12148/bpt6k5505300s/f60.item,"Anciens présidents : MM. Berlainchand, Malet, Coupin J.-B., Barrion"
M000089,L1912-00149,organisation,Malet,MALET,past_president,L1912-01681,resolved,1,36,https://gallica.bnf.fr/ark:/12148/bpt6k5505300s/f60.item,"Anciens présidents : MM. Berlainchand, Malet, Coupin J.-B., Barrion"
M000090,L1912-00149,organisation,Coupin J.-B,COUPIN J B,past_president,,unmatched,0,36,https://gallica.bnf.fr/ark:/12148/bpt6k5505300s/f60.item,"Anciens présidents : MM. Berlainchand, Malet, Coupin J.-B., Barrion"
M000091,L1912-00149,organisation,Barrion,BARRION,past_president,,unmatched,0,36,https://gallica.bnf.fr/ark:/12148/bpt6k5505300s/f60.item,"Anciens présidents : MM. Berlainchand, Malet, Coupin J.-B., Barrion"
M000092,L1912-00149,organisation,Nombreux,NOMBREUX,member,,unmatched,0,36,https://gallica.bnf.fr/ark:/12148/bpt6k5505300s/f60.item,Nombreux travaux particuliers des membres.
M000093,L1912-00150,organisation,Chamboncel,CHAMBONCEL,president,L1912-00576,resolved,1,36,https://gallica.bnf.fr/ark:/12148/bpt6k5505300s/f60.item,"Médailles cle bronze à l'Exposition coloniale de Marseille en 1906. Présid., M. Chamboncel .! er. nand), v.-prés., M""' Mathieu, v.-prés . M. Débart"
M000094,L1912-00150,organisation,Mathieu,MATHIEU,president,,ambiguous,2,36,https://gallica.bnf.fr/ark:/12148/bpt6k5505300s/f60.item,"Médailles cle bronze à l'Exposition coloniale de Marseille en 1906. Présid., M. Chamboncel .! er. nand), v.-prés., M""' Mathieu, v.-prés . M. Débart"
M000095,L1912-00150,organisation,Joly Louys,JOLY LOUYS,secretary,,unmatched,0,36,https://gallica.bnf.fr/ark:/12148/bpt6k5505300s/f60.item,"secr., MM. Joly, Louys et Candille, M""* Mouroux"
M000096,L1912-00150,organisation,Bérard,BERARD,president,L1912-00308,resolved,1,36,https://gallica.bnf.fr/ark:/12148/bpt6k5505300s/f60.item,"Ane. prés. : en 1905, M. Bérard"
M000097,L1912-00151,organisation,Lubac,LUBAC,president,,unmatched,0,36,https://gallica.bnf.fr/ark:/12148/bpt6k5505300s/f60.item,"M. Lubac, profess. au Lycée Carnot, prés."
M000098,L1912-00151,organisation,Pauthier,PAUTHIER,treasurer,L1912-02008,resolved,1,36,https://gallica.bnf.fr/ark:/12148/bpt6k5505300s/f60.item,"M"""" Pouget, maîtresse chargée des cours à l'école Jules-Ferry, et M. Pauthier, professeur au Lycée Carnot, v.-prés., M. Girard, professeur au Lycée Carnot, 1res"
M000099,L1912-00151,organisation,Girard,GIRARD,treasurer,L1912-01273,resolved,1,36,https://gallica.bnf.fr/ark:/12148/bpt6k5505300s/f60.item,"M"""" Pouget, maîtresse chargée des cours à l'école Jules-Ferry, et M. Pauthier, professeur au Lycée Carnot, v.-prés., M. Girard, professeur au Lycée Carnot, 1res"
M000100,L1912-00151,organisation,Langlois Palou,LANGLOIS PALOU,president,L1912-01587,resolved,1,36,https://gallica.bnf.fr/ark:/12148/bpt6k5505300s/f60.item,Ane. prés. : MM. Langlois Palou et Vincent.
M000101,L1912-00151,organisation,Vincent,VINCENT,president,,ambiguous,2,36,https://gallica.bnf.fr/ark:/12148/bpt6k5505300s/f60.item,Ane. prés. : MM. Langlois Palou et Vincent.
M000102,L1912-00152,organisation,Jean Péloni,JEAN PELONI,board_member,,ambiguous,2,36,https://gallica.bnf.fr/ark:/12148/bpt6k5505300s/f60.item,"CONSEIL D'ADMINISTRATION élu par l'assemblée générale constitutive du 24 avril 1908:MM. Jean Péloni, conseiller du. commerce extérieur de la France, entrepreneur de travaux publics"
M000103,L1912-00152,organisation,Genevay,GENEVAY,president,,unmatched,0,36,https://gallica.bnf.fr/ark:/12148/bpt6k5505300s/f60.item,"Genevay, Azerm, Nani, G. Calo et S. Boccara, vi-prés."
M000104,L1912-00152,organisation,Azerm,AZERM,president,L1912-00200,resolved,1,36,https://gallica.bnf.fr/ark:/12148/bpt6k5505300s/f60.item,"Genevay, Azerm, Nani, G. Calo et S. Boccara, vi-prés."
M000105,L1912-00152,organisation,Nani,NANI,president,,unmatched,0,36,https://gallica.bnf.fr/ark:/12148/bpt6k5505300s/f60.item,"Genevay, Azerm, Nani, G. Calo et S. Boccara, vi-prés."
M000106,L1912-00152,organisation,G Calo,G CALO,president,L1912-00494,resolved,1,36,https://gallica.bnf.fr/ark:/12148/bpt6k5505300s/f60.item,"Genevay, Azerm, Nani, G. Calo et S. Boccara, vi-prés."
M000107,L1912-00152,organisation,S Boccara,S BOCCARA,president,,unmatched,0,36,https://gallica.bnf.fr/ark:/12148/bpt6k5505300s/f60.item,"Genevay, Azerm, Nani, G. Calo et S. Boccara, vi-prés."
M000108,L1912-00152,organisation,Reymond,REYMOND,secretary_general,L1912-02171,resolved,1,36,https://gallica.bnf.fr/ark:/12148/bpt6k5505300s/f60.item,"Reymond, secr. gén."
M000109,L1912-00152,organisation,Guinle,GUINLE,deputy_secretary,,unmatched,0,36,https://gallica.bnf.fr/ark:/12148/bpt6k5505300s/f60.item,"Guinle et V. Nunès, secr. adj."
M000110,L1912-00152,organisation,Benzimra,BENZIMRA,councillor,,unmatched,0,36,https://gallica.bnf.fr/ark:/12148/bpt6k5505300s/f60.item,"Benzimra, Bodineau, Boulier, Couderc, Duprey, Germonneau,Martz, Luciani Paul, Borsini, Nessim Haddad el El Fourrali Mohamed, Lavaux, Enriquez, Colliard, Colombe, Caen, A. Bensasson"
M000111,L1912-00152,organisation,Bodineau,BODINEAU,councillor,,unmatched,0,36,https://gallica.bnf.fr/ark:/12148/bpt6k5505300s/f60.item,"Benzimra, Bodineau, Boulier, Couderc, Duprey, Germonneau,Martz, Luciani Paul, Borsini, Nessim Haddad el El Fourrali Mohamed, Lavaux, Enriquez, Colliard, Colombe, Caen, A. Bensasson"
M000112,L1912-00152,organisation,Boulier,BOULIER,councillor,,ambiguous_fuzzy,2,36,https://gallica.bnf.fr/ark:/12148/bpt6k5505300s/f60.item,"Benzimra, Bodineau, Boulier, Couderc, Duprey, Germonneau,Martz, Luciani Paul, Borsini, Nessim Haddad el El Fourrali Mohamed, Lavaux, Enriquez, Colliard, Colombe, Caen, A. Bensasson"
M000113,L1912-00152,organisation,Couderc,COUDERC,councillor,L1912-00744,resolved,1,36,https://gallica.bnf.fr/ark:/12148/bpt6k5505300s/f60.item,"Benzimra, Bodineau, Boulier, Couderc, Duprey, Germonneau,Martz, Luciani Paul, Borsini, Nessim Haddad el El Fourrali Mohamed, Lavaux, Enriquez, Colliard, Colombe, Caen, A. Bensasson"
M000114,L1912-00152,organisation,Duprey,DUPREY,councillor,L1912-00977,resolved_fuzzy,1,36,https://gallica.bnf.fr/ark:/12148/bpt6k5505300s/f60.item,"Benzimra, Bodineau, Boulier, Couderc, Duprey, Germonneau,Martz, Luciani Paul, Borsini, Nessim Haddad el El Fourrali Mohamed, Lavaux, Enriquez, Colliard, Colombe, Caen, A. Bensasson"
M000115,L1912-00152,organisation,Germonneau,GERMONNEAU,councillor,L1912-01258,resolved,1,36,https://gallica.bnf.fr/ark:/12148/bpt6k5505300s/f60.item,"Benzimra, Bodineau, Boulier, Couderc, Duprey, Germonneau,Martz, Luciani Paul, Borsini, Nessim Haddad el El Fourrali Mohamed, Lavaux, Enriquez, Colliard, Colombe, Caen, A. Bensasson"
M000116,L1912-00152,organisation,Martz,MARTZ,councillor,,unmatched,0,36,https://gallica.bnf.fr/ark:/12148/bpt6k5505300s/f60.item,"Benzimra, Bodineau, Boulier, Couderc, Duprey, Germonneau,Martz, Luciani Paul, Borsini, Nessim Haddad el El Fourrali Mohamed, Lavaux, Enriquez, Colliard, Colombe, Caen, A. Bensasson"
M000117,L1912-00152,organisation,Luciani Paul,LUCIANI PAUL,councillor,L1912-01645,resolved,1,36,https://gallica.bnf.fr/ark:/12148/bpt6k5505300s/f60.item,"Benzimra, Bodineau, Boulier, Couderc, Duprey, Germonneau,Martz, Luciani Paul, Borsini, Nessim Haddad el El Fourrali Mohamed, Lavaux, Enriquez, Colliard, Colombe, Caen, A. Bensasson"
M000118,L1912-00152,organisation,Borsini,BORSINI,councillor,,unmatched,0,36,https://gallica.bnf.fr/ark:/12148/bpt6k5505300s/f60.item,"Benzimra, Bodineau, Boulier, Couderc, Duprey, Germonneau,Martz, Luciani Paul, Borsini, Nessim Haddad el El Fourrali Mohamed, Lavaux, Enriquez, Colliard, Colombe, Caen, A. Bensasson"
M000119,L1912-00152,organisation,Nessim Haddad,NESSIM HADDAD,councillor,L1912-01350,resolved,1,36,https://gallica.bnf.fr/ark:/12148/bpt6k5505300s/f60.item,"Benzimra, Bodineau, Boulier, Couderc, Duprey, Germonneau,Martz, Luciani Paul, Borsini, Nessim Haddad el El Fourrali Mohamed, Lavaux, Enriquez, Colliard, Colombe, Caen, A. Bensasson"
M000120,L1912-00152,organisation,Lavaux,LAVAUX,councillor,,unmatched,0,36,https://gallica.bnf.fr/ark:/12148/bpt6k5505300s/f60.item,"Benzimra, Bodineau, Boulier, Couderc, Duprey, Germonneau,Martz, Luciani Paul, Borsini, Nessim Haddad el El Fourrali Mohamed, Lavaux, Enriquez, Colliard, Colombe, Caen, A. Bensasson"
M000121,L1912-00152,organisation,Enriquez,ENRIQUEZ,councillor,,ambiguous,2,36,https://gallica.bnf.fr/ark:/12148/bpt6k5505300s/f60.item,"Benzimra, Bodineau, Boulier, Couderc, Duprey, Germonneau,Martz, Luciani Paul, Borsini, Nessim Haddad el El Fourrali Mohamed, Lavaux, Enriquez, Colliard, Colombe, Caen, A. Bensasson"
M000122,L1912-00152,organisation,René Lavau,RENE LAVAU,president,,unmatched,0,36,https://gallica.bnf.fr/ark:/12148/bpt6k5505300s/f60.item,"BUREAUX DES GROUPES PROFESSIONNELS ALIMENTATION : MM. René Lavau, prés."
M000123,L1912-00152,organisation,Enriquez,ENRIQUEZ,vice_president,,ambiguous,2,36,https://gallica.bnf.fr/ark:/12148/bpt6k5505300s/f60.item,"Enriquez, v.-prés."
M000124,L1912-00152,organisation,Jean Colliard,JEAN COLLIARD,secretary,,unmatched,0,36,https://gallica.bnf.fr/ark:/12148/bpt6k5505300s/f60.item,"Jean Colliard, secr"
M000125,L1912-00152,organisation,Magasin Général,MAGASIN GENERAL,director,,unmatched,0,36,https://gallica.bnf.fr/ark:/12148/bpt6k5505300s/f60.item,"COMMERCE URBAIN : MM. Colombe, directeur du Magasin Général, prés."
M000126,L1912-00152,organisation,Palais,PALAIS,director,,unmatched,0,36,https://gallica.bnf.fr/ark:/12148/bpt6k5505300s/f60.item,"A. Coen, directeur du Palais Arabe,v.-prés."
M000127,L1912-00152,organisation,Bloeh,BLOEH,secretary,,unmatched,0,36,https://gallica.bnf.fr/ark:/12148/bpt6k5505300s/f60.item,"Bloeh, pharmacien, secr"
M000128,L1912-00152,organisation,Marcel Plessix,MARCEL PLESSIX,president,L1912-02073,resolved,1,36,https://gallica.bnf.fr/ark:/12148/bpt6k5505300s/f60.item,"SPÉCIALITÉS DIVERSES : Marcel Plessix, prés."
M000129,L1912-00152,organisation,V Bensasson,V BENSASSON,vice_president,,ambiguous,2,36,https://gallica.bnf.fr/ark:/12148/bpt6k5505300s/f60.item,"V. Bensasson, v.-prés."
M000130,L1912-00152,organisation,Ducros,DUCROS,secretary,L1912-00961,resolved_fuzzy,1,36,https://gallica.bnf.fr/ark:/12148/bpt6k5505300s/f60.item,"Ducros, secr"
M000131,L1912-00153,organisation,Depuis,DEPUIS,member,,unmatched,0,37,https://gallica.bnf.fr/ark:/12148/bpt6k5505300s/f61.item,"Depuis, constituée sous forme de société coopérative ayant un but agricole plus spécialement déterminé. 52 membres"
M000132,L1912-00153,organisation,Médaille,MEDAILLE,president,,unmatched,0,37,https://gallica.bnf.fr/ark:/12148/bpt6k5505300s/f61.item,"Médaille d'argent au Concours agricole de Tunis 1907. M. G. Houde, prés."
M000133,L1912-00153,organisation,Casinlère,CASINLERE,vice_president,,unmatched,0,37,https://gallica.bnf.fr/ark:/12148/bpt6k5505300s/f61.item,"M. de la Casinlère, v.-prés."
M000134,L1912-00153,organisation,Jean,JEAN,secretary,,unmatched,0,37,https://gallica.bnf.fr/ark:/12148/bpt6k5505300s/f61.item,"M. Jean cle la Casinière, secr."
M000135,L1912-00153,organisation,Oberl,OBERL,delegate,,unmatched,0,37,https://gallica.bnf.fr/ark:/12148/bpt6k5505300s/f61.item,"MM. Oberl, Mabillant, Muzart, délégués"
M000136,L1912-00153,organisation,Mabillant,MABILLANT,delegate,,unmatched,0,37,https://gallica.bnf.fr/ark:/12148/bpt6k5505300s/f61.item,"MM. Oberl, Mabillant, Muzart, délégués"
M000137,L1912-00153,organisation,Muzart,MUZART,delegate,,unmatched,0,37,https://gallica.bnf.fr/ark:/12148/bpt6k5505300s/f61.item,"MM. Oberl, Mabillant, Muzart, délégués"
M000138,L1912-00153,organisation,Houde,HOUDE,president,L1912-01423,resolved,1,37,https://gallica.bnf.fr/ark:/12148/bpt6k5505300s/f61.item,"Ane. prés. : • MM. 'P. Teulère, J. de Morry et Houde"
M000139,L1912-00154,organisation,Kliairaîlah,KLIAIRAILAH,president,,unmatched,0,37,https://gallica.bnf.fr/ark:/12148/bpt6k5505300s/f61.item,Bureau : MM'. Kliairaîlah. prés.
M000140,L1912-00154,organisation,Amor Bouhageb,AMOR BOUHAGEB,vice_president,,ambiguous,2,37,https://gallica.bnf.fr/ark:/12148/bpt6k5505300s/f61.item,"Amor Bouhageb, v.- prés."
M000141,L1912-00154,organisation,Hadi Tahar,HADI TAHAR,deputy_secretary,,ambiguous,2,37,https://gallica.bnf.fr/ark:/12148/bpt6k5505300s/f61.item,"Hadi Tahar, secr.-adj."
M000142,L1912-00154,organisation,Ali Bnch-i-Iamba,ALI BNCH I IAMBA,member,,unmatched,0,37,https://gallica.bnf.fr/ark:/12148/bpt6k5505300s/f61.item,"Ali Bnch-i-Iamba, très.: Mohamed enna.di, Aziz Hayounni, Chadli Okbi, Recliid ben Moustefa, Mohamed Bacli-Hamba, Mohamed Châbini, .Ahmed Châtias, membres"
M000143,L1912-00154,organisation,Mohamed,MOHAMED,member,,ambiguous,2,37,https://gallica.bnf.fr/ark:/12148/bpt6k5505300s/f61.item,"Ali Bnch-i-Iamba, très.: Mohamed enna.di, Aziz Hayounni, Chadli Okbi, Recliid ben Moustefa, Mohamed Bacli-Hamba, Mohamed Châbini, .Ahmed Châtias, membres"
M000144,L1912-00154,organisation,Aziz Hayounni,AZIZ HAYOUNNI,member,,unmatched,0,37,https://gallica.bnf.fr/ark:/12148/bpt6k5505300s/f61.item,"Ali Bnch-i-Iamba, très.: Mohamed enna.di, Aziz Hayounni, Chadli Okbi, Recliid ben Moustefa, Mohamed Bacli-Hamba, Mohamed Châbini, .Ahmed Châtias, membres"
M000145,L1912-00154,organisation,Chadli Okbi,CHADLI OKBI,member,,unmatched,0,37,https://gallica.bnf.fr/ark:/12148/bpt6k5505300s/f61.item,"Ali Bnch-i-Iamba, très.: Mohamed enna.di, Aziz Hayounni, Chadli Okbi, Recliid ben Moustefa, Mohamed Bacli-Hamba, Mohamed Châbini, .Ahmed Châtias, membres"
M000146,L1912-00154,organisation,Recliid,RECLIID,member,,unmatched,0,37,https://gallica.bnf.fr/ark:/12148/bpt6k5505300s/f61.item,"Ali Bnch-i-Iamba, très.: Mohamed enna.di, Aziz Hayounni, Chadli Okbi, Recliid ben Moustefa, Mohamed Bacli-Hamba, Mohamed Châbini, .Ahmed Châtias, membres"
M000147,L1912-00154,organisation,Mohamed Bacli-Hamba,MOHAMED BACLI HAMBA,member,,ambiguous,2,37,https://gallica.bnf.fr/ark:/12148/bpt6k5505300s/f61.item,"Ali Bnch-i-Iamba, très.: Mohamed enna.di, Aziz Hayounni, Chadli Okbi, Recliid ben Moustefa, Mohamed Bacli-Hamba, Mohamed Châbini, .Ahmed Châtias, membres"
M000148,L1912-00154,organisation,Mohamed Châbini,MOHAMED CHABINI,member,,ambiguous,2,37,https://gallica.bnf.fr/ark:/12148/bpt6k5505300s/f61.item,"Ali Bnch-i-Iamba, très.: Mohamed enna.di, Aziz Hayounni, Chadli Okbi, Recliid ben Moustefa, Mohamed Bacli-Hamba, Mohamed Châbini, .Ahmed Châtias, membres"
M000149,L1912-00154,organisation,Ahmed Châtias,AHMED CHATIAS,member,L1912-00031,resolved,1,37,https://gallica.bnf.fr/ark:/12148/bpt6k5505300s/f61.item,"Ali Bnch-i-Iamba, très.: Mohamed enna.di, Aziz Hayounni, Chadli Okbi, Recliid ben Moustefa, Mohamed Bacli-Hamba, Mohamed Châbini, .Ahmed Châtias, membres"
M000150,L1912-00155,organisation,Fnure-Dère,FNURE DERE,president,L1912-01124,resolved_fuzzy,1,37,https://gallica.bnf.fr/ark:/12148/bpt6k5505300s/f61.item,"MM. Fnure-Dère, prés."
M000151,L1912-00155,organisation,A Boutet,A BOUTET,vice_president,,ambiguous_fuzzy,2,37,https://gallica.bnf.fr/ark:/12148/bpt6k5505300s/f61.item,A. Boutet. v.-prés.
M000152,L1912-00155,organisation,F Fabre,F FABRE,secretary,,ambiguous_fuzzy,2,37,https://gallica.bnf.fr/ark:/12148/bpt6k5505300s/f61.item,"F. Fabre, secr."
M000153,L1912-00155,organisation,Clary,CLARY,assessor,,unmatched,0,37,https://gallica.bnf.fr/ark:/12148/bpt6k5505300s/f61.item,Clary et Ga.bet. assess
M000154,L1912-00155,organisation,J Leclerc,J LECLERC,president,,unmatched,0,37,https://gallica.bnf.fr/ark:/12148/bpt6k5505300s/f61.item,Ane. prés.: M. J. Leclerc et C. Carrier .
M000155,L1912-00155,organisation,C Carrier,C CARRIER,president,L1912-00524,resolved,1,37,https://gallica.bnf.fr/ark:/12148/bpt6k5505300s/f61.item,Ane. prés.: M. J. Leclerc et C. Carrier .
M000156,L1912-00156,organisation,Douté,DOUTE,member,,unmatched,0,37,https://gallica.bnf.fr/ark:/12148/bpt6k5505300s/f61.item,Association des colons français de lardin-Miliane. 25 oc. 1909. But : défense des intérêts professionnels de ses membres et des intérêts généraux de la localité. Président : M. Dou
M000157,L1912-00156,organisation,Roubaud,ROUBAUD,vice_president,,unmatched,0,37,https://gallica.bnf.fr/ark:/12148/bpt6k5505300s/f61.item,"vice-président : M. Roubaud, père"
M000158,L1912-00156,organisation,Walcb,WALCB,assessor,,unmatched,0,37,https://gallica.bnf.fr/ark:/12148/bpt6k5505300s/f61.item,"assesseurs : MM. Walcb, Roubaud, fils."
M000159,L1912-00156,organisation,Roubaud,ROUBAUD,assessor,,unmatched,0,37,https://gallica.bnf.fr/ark:/12148/bpt6k5505300s/f61.item,"assesseurs : MM. Walcb, Roubaud, fils."
M000160,L1912-00157,organisation,Gilles,GILLES,president,,unmatched,0,37,https://gallica.bnf.fr/ark:/12148/bpt6k5505300s/f61.item,"MM. Gilles, prés."
M000161,L1912-00157,organisation,Martinier,MARTINIER,vice_president,L1912-01706,resolved,1,37,https://gallica.bnf.fr/ark:/12148/bpt6k5505300s/f61.item,"Martinier, v.-prés."
M000162,L1912-00157,organisation,Mesclou,MESCLOU,assessor,,unmatched,0,37,https://gallica.bnf.fr/ark:/12148/bpt6k5505300s/f61.item,"Mesclou et Charrion, assesseurs."
M000163,L1912-00157,organisation,Charrion,CHARRION,assessor,,unmatched,0,37,https://gallica.bnf.fr/ark:/12148/bpt6k5505300s/f61.item,"Mesclou et Charrion, assesseurs."
M000164,L1912-00158,organisation,Faure-Dère,FAURE DERE,president,L1912-01124,resolved,1,37,https://gallica.bnf.fr/ark:/12148/bpt6k5505300s/f61.item,"MM. Faure-Dère, prés."
M000165,L1912-00158,organisation,Leroy,LEROY,secretary,L1912-01611,resolved,1,37,https://gallica.bnf.fr/ark:/12148/bpt6k5505300s/f61.item,"Leroy, secr"
M000166,L1912-00159,organisation,F.-J Relier,F J RELIER,president,,unmatched,0,38,https://gallica.bnf.fr/ark:/12148/bpt6k5505300s/f62.item,"MM. F.-J. Relier, prés."
M000167,L1912-00159,organisation,Battesti,BATTESTI,president,,unmatched,0,38,https://gallica.bnf.fr/ark:/12148/bpt6k5505300s/f62.item,"Battesti el Scialom, vi-prés."
M000168,L1912-00159,organisation,E Bouden,E BOUDEN,deputy_secretary,L1912-00416,resolved_fuzzy,1,38,https://gallica.bnf.fr/ark:/12148/bpt6k5505300s/f62.item,"E. Bouden, secr.-adj."
M000169,L1912-00159,organisation,J Bonan,J BONAN,assessor,,ambiguous,2,38,https://gallica.bnf.fr/ark:/12148/bpt6k5505300s/f62.item,"Dianottx, Bonan J., assess., MM. J. Bonan et Grosrenaud, prés, honor"
M000170,L1912-00159,organisation,Grosrenaud,GROSRENAUD,assessor,L1912-01313,resolved,1,38,https://gallica.bnf.fr/ark:/12148/bpt6k5505300s/f62.item,"Dianottx, Bonan J., assess., MM. J. Bonan et Grosrenaud, prés, honor"
M000171,L1912-00160,organisation,Barrion,BARRION,vice_president,,unmatched,0,38,https://gallica.bnf.fr/ark:/12148/bpt6k5505300s/f62.item,"v.-prés., M. Barrion"
M000172,L1912-00160,organisation,Boeuf,BOEUF,secretary_general,,ambiguous,2,38,https://gallica.bnf.fr/ark:/12148/bpt6k5505300s/f62.item,"secr. gén., M. Boeuf"
M000173,L1912-00160,organisation,Laverdet,LAVERDET,deputy_secretary,L1912-01594,resolved,1,38,https://gallica.bnf.fr/ark:/12148/bpt6k5505300s/f62.item,"secr.- adj., M. Laverdet"
M000174,L1912-00160,organisation,Roy,ROY,president,,unmatched,0,38,https://gallica.bnf.fr/ark:/12148/bpt6k5505300s/f62.item,"Prés., M. Roy"
M000175,L1912-00160,organisation,Chausse,CHAUSSE,vice_president,,unmatched,0,38,https://gallica.bnf.fr/ark:/12148/bpt6k5505300s/f62.item,"v.-prés., M. Chausse"
M000176,L1912-00160,organisation,Lamorre,LAMORRE,secretary,,ambiguous_fuzzy,2,38,https://gallica.bnf.fr/ark:/12148/bpt6k5505300s/f62.item,"secr., M. Lamorre"
M000177,L1912-00160,organisation,Section,SECTION,member,,unmatched,0,38,https://gallica.bnf.fr/ark:/12148/bpt6k5505300s/f62.item,"TRAVAUX : indépendamment cle voeux divers tendant à. obtenir une amélioration de la situation matérielle et morale de ses membres, la Section a collaboré avec l'Amicale de Tunisie "
M000178,L1912-00160,organisation,Aï Houette,AI HOUETTE,past_president,,unmatched,0,38,https://gallica.bnf.fr/ark:/12148/bpt6k5505300s/f62.item,Ancien président : Aï. Houette
M000179,L1912-00160,organisation,Pagano,PAGANO,member,,unmatched,0,38,https://gallica.bnf.fr/ark:/12148/bpt6k5505300s/f62.item,"Nombre de membres : 215. CONSEIL D'ADMINISTRATION : MM. Pagano, chef cle gare à Djebel-Djelloud, prés."
M000180,L1912-00160,organisation,Klentz,KLENTZ,secretary_general,,unmatched,0,38,https://gallica.bnf.fr/ark:/12148/bpt6k5505300s/f62.item,"secr. général, Klentz el Touyan, rédacteurs"
M000181,L1912-00160,organisation,Grégoire,GREGOIRE,member,,unmatched,0,38,https://gallica.bnf.fr/ark:/12148/bpt6k5505300s/f62.item,"Grégoire, employé au service cle Traction à Tunis, Nicollet, Dessanlî et Imberl, membres."
M000182,L1912-00160,organisation,Nicollet,NICOLLET,member,L1912-01904,resolved_fuzzy,1,38,https://gallica.bnf.fr/ark:/12148/bpt6k5505300s/f62.item,"Grégoire, employé au service cle Traction à Tunis, Nicollet, Dessanlî et Imberl, membres."
M000183,L1912-00160,organisation,Dessanlî,DESSANLI,member,,unmatched,0,38,https://gallica.bnf.fr/ark:/12148/bpt6k5505300s/f62.item,"Grégoire, employé au service cle Traction à Tunis, Nicollet, Dessanlî et Imberl, membres."
M000184,L1912-00160,organisation,Imberl,IMBERL,member,L1912-01443,resolved_fuzzy,1,38,https://gallica.bnf.fr/ark:/12148/bpt6k5505300s/f62.item,"Grégoire, employé au service cle Traction à Tunis, Nicollet, Dessanlî et Imberl, membres."
M000185,L1912-00161,organisation,Allia,ALLIA,president,,unmatched,0,38,https://gallica.bnf.fr/ark:/12148/bpt6k5505300s/f62.item,"Bureau : MM. Allia, président"
M000186,L1912-00161,organisation,Impariale,IMPARIALE,vice_president,,unmatched,0,38,https://gallica.bnf.fr/ark:/12148/bpt6k5505300s/f62.item,"Marquis Impariale et Paternoslro, vice-président"
M000187,L1912-00161,organisation,Bonura,BONURA,secretary_general,,unmatched,0,38,https://gallica.bnf.fr/ark:/12148/bpt6k5505300s/f62.item,"Bonura, secrétaire gén."
M000188,L1912-00161,organisation,Angelotli,ANGELOTLI,councillor,L1912-00098,resolved_fuzzy,1,38,https://gallica.bnf.fr/ark:/12148/bpt6k5505300s/f62.item,"G. Muccio el Montelene, conseillers, Angelotli, Socldu et de Benedelli, syndics."
M000189,L1912-00161,organisation,Socldu,SOCLDU,councillor,,unmatched,0,38,https://gallica.bnf.fr/ark:/12148/bpt6k5505300s/f62.item,"G. Muccio el Montelene, conseillers, Angelotli, Socldu et de Benedelli, syndics."
M000190,L1912-00161,organisation,Benedelli,BENEDELLI,councillor,,unmatched,0,38,https://gallica.bnf.fr/ark:/12148/bpt6k5505300s/f62.item,"G. Muccio el Montelene, conseillers, Angelotli, Socldu et de Benedelli, syndics."
M000191,L1912-00162,organisation,A1M,A M,vice_president,,unmatched,0,38,https://gallica.bnf.fr/ark:/12148/bpt6k5505300s/f62.item,"v.-prés., A1M. le prof"
M000192,L1912-00162,organisation,F Bauselli,F BAUSELLI,secretary,,unmatched,0,38,https://gallica.bnf.fr/ark:/12148/bpt6k5505300s/f62.item,"secr., M. F. Bauselli"
M000193,L1912-00162,organisation,Maurizio Lumbroso,MAURIZIO LUMBROSO,secretary,,ambiguous,5,38,https://gallica.bnf.fr/ark:/12148/bpt6k5505300s/f62.item,vice - secrétaire : Maurizio Lumbroso
M000194,L1912-00162,organisation,MAL A Gagliardo,MAL A GAGLIARDO,councillor,,unmatched,0,38,https://gallica.bnf.fr/ark:/12148/bpt6k5505300s/f62.item,"conseillers: MAL A. Gagliardo, Alario Vais, Werlemberg, A. Ramelïa, C. Sauges, P. Soria, E. Parienle, Cappellano, A. Nunez"
M000195,L1912-00162,organisation,Alario Vais,ALARIO VAIS,councillor,,unmatched,0,38,https://gallica.bnf.fr/ark:/12148/bpt6k5505300s/f62.item,"conseillers: MAL A. Gagliardo, Alario Vais, Werlemberg, A. Ramelïa, C. Sauges, P. Soria, E. Parienle, Cappellano, A. Nunez"
M000196,L1912-00162,organisation,Werlemberg,WERLEMBERG,councillor,,unmatched,0,38,https://gallica.bnf.fr/ark:/12148/bpt6k5505300s/f62.item,"conseillers: MAL A. Gagliardo, Alario Vais, Werlemberg, A. Ramelïa, C. Sauges, P. Soria, E. Parienle, Cappellano, A. Nunez"
M000197,L1912-00162,organisation,A Ramelïa,A RAMELIA,councillor,,unmatched,0,38,https://gallica.bnf.fr/ark:/12148/bpt6k5505300s/f62.item,"conseillers: MAL A. Gagliardo, Alario Vais, Werlemberg, A. Ramelïa, C. Sauges, P. Soria, E. Parienle, Cappellano, A. Nunez"
M000198,L1912-00162,organisation,C Sauges,C SAUGES,councillor,L1912-02265,resolved_fuzzy,1,38,https://gallica.bnf.fr/ark:/12148/bpt6k5505300s/f62.item,"conseillers: MAL A. Gagliardo, Alario Vais, Werlemberg, A. Ramelïa, C. Sauges, P. Soria, E. Parienle, Cappellano, A. Nunez"
M000199,L1912-00162,organisation,P Soria,P SORIA,councillor,,unmatched,0,38,https://gallica.bnf.fr/ark:/12148/bpt6k5505300s/f62.item,"conseillers: MAL A. Gagliardo, Alario Vais, Werlemberg, A. Ramelïa, C. Sauges, P. Soria, E. Parienle, Cappellano, A. Nunez"
M000200,L1912-00162,organisation,E Parienle,E PARIENLE,councillor,L1912-01994,resolved_fuzzy,1,38,https://gallica.bnf.fr/ark:/12148/bpt6k5505300s/f62.item,"conseillers: MAL A. Gagliardo, Alario Vais, Werlemberg, A. Ramelïa, C. Sauges, P. Soria, E. Parienle, Cappellano, A. Nunez"
M000201,L1912-00162,organisation,Cappellano,CAPPELLANO,councillor,,unmatched,0,38,https://gallica.bnf.fr/ark:/12148/bpt6k5505300s/f62.item,"conseillers: MAL A. Gagliardo, Alario Vais, Werlemberg, A. Ramelïa, C. Sauges, P. Soria, E. Parienle, Cappellano, A. Nunez"
M000202,L1912-00162,organisation,A Nunez,A NUNEZ,councillor,,unmatched,0,38,https://gallica.bnf.fr/ark:/12148/bpt6k5505300s/f62.item,"conseillers: MAL A. Gagliardo, Alario Vais, Werlemberg, A. Ramelïa, C. Sauges, P. Soria, E. Parienle, Cappellano, A. Nunez"
M000203,L1912-00162,organisation,Cesare Ortona,CESARE ORTONA,president,L1912-01931,resolved,1,38,https://gallica.bnf.fr/ark:/12148/bpt6k5505300s/f62.item,"Ane. prés., Dr Cesare Ortona"
M000204,L1912-00163,organisation,Léonce Daliot,LEONCE DALIOT,member,L1912-00768,resolved,1,39,https://gallica.bnf.fr/ark:/12148/bpt6k5505300s/f63.item,"Membres act.: 75. Memb. honor.: 100. Membres d'honn: .15. Memb. fond.: 10. Membres donat.: 10. Prés., M. Léonce Daliot"
M000205,L1912-00163,organisation,Charles Piétra,CHARLES PIETRA,vice_president,,ambiguous,2,39,https://gallica.bnf.fr/ark:/12148/bpt6k5505300s/f63.item,"v.-prés., MAI. Charles Piétra, Edmond Delordç secr.- gén. fond.. M. Théodore Va.lensi"
M000206,L1912-00163,organisation,Edmond Delordç,EDMOND DELORDC,vice_president,L1912-00823,resolved_fuzzy,1,39,https://gallica.bnf.fr/ark:/12148/bpt6k5505300s/f63.item,"v.-prés., MAI. Charles Piétra, Edmond Delordç secr.- gén. fond.. M. Théodore Va.lensi"
M000207,L1912-00163,organisation,Edmond Boccara,EDMOND BOCCARA,deputy_treasurer,,unmatched,0,39,https://gallica.bnf.fr/ark:/12148/bpt6k5505300s/f63.item,"trés.-adj., M. Edmond Boccara"
M000208,L1912-00163,organisation,J Bismuth,J BISMUTH,commissioner,L1912-00361,resolved,1,39,https://gallica.bnf.fr/ark:/12148/bpt6k5505300s/f63.item,"commiss., MAI. J. Bismuth, René Delord, ean Machwil-z, Jean Moulin"
M000209,L1912-00163,organisation,René Delord,RENE DELORD,commissioner,L1912-00823,resolved,1,39,https://gallica.bnf.fr/ark:/12148/bpt6k5505300s/f63.item,"commiss., MAI. J. Bismuth, René Delord, ean Machwil-z, Jean Moulin"
M000210,L1912-00163,organisation,Jean Moulin,JEAN MOULIN,commissioner,,unmatched,0,39,https://gallica.bnf.fr/ark:/12148/bpt6k5505300s/f63.item,"commiss., MAI. J. Bismuth, René Delord, ean Machwil-z, Jean Moulin"
M000211,L1912-00163,organisation,Valensi Théodore,VALENSI THEODORE,president,,ambiguous,10,39,https://gallica.bnf.fr/ark:/12148/bpt6k5505300s/f63.item,"Valensi Théodore, prés."
M000212,L1912-00163,organisation,Afillou,AFILLOU,treasurer,,unmatched,0,39,https://gallica.bnf.fr/ark:/12148/bpt6k5505300s/f63.item,exposition du peintre Afillou.
M000213,L1912-00164,organisation,Carbonnel,CARBONNEL,president,,unmatched,0,39,https://gallica.bnf.fr/ark:/12148/bpt6k5505300s/f63.item,"MM. Carbonnel, prés."
M000214,L1912-00164,organisation,Lepidi,LEPIDI,vice_president,,unmatched,0,39,https://gallica.bnf.fr/ark:/12148/bpt6k5505300s/f63.item,"Lepidi, v.-prés."
M000215,L1912-00164,organisation,Aurange,AURANGE,secretary,L1912-00181,resolved,1,39,https://gallica.bnf.fr/ark:/12148/bpt6k5505300s/f63.item,"Aurange, secr."
M000216,L1912-00164,organisation,Ansidei,ANSIDEI,deputy_secretary,,unmatched,0,39,https://gallica.bnf.fr/ark:/12148/bpt6k5505300s/f63.item,"Ansidei, secr. adj."
M000217,L1912-00164,organisation,Robert,ROBERT,president,L1912-02191,resolved,1,39,https://gallica.bnf.fr/ark:/12148/bpt6k5505300s/f63.item,"Ane. prés. : MM. Robert, Aubry, Ga.yral, Aubry et Bltaubô. TRAVAUX : rapports et 'éludes sur questions si"
M000218,L1912-00164,organisation,Aubry,AUBRY,president,L1912-00174,resolved,1,39,https://gallica.bnf.fr/ark:/12148/bpt6k5505300s/f63.item,"Ane. prés. : MM. Robert, Aubry, Ga.yral, Aubry et Bltaubô. TRAVAUX : rapports et 'éludes sur questions si"
M000219,L1912-00164,organisation,Aubry,AUBRY,president,L1912-00174,resolved,1,39,https://gallica.bnf.fr/ark:/12148/bpt6k5505300s/f63.item,"Ane. prés. : MM. Robert, Aubry, Ga.yral, Aubry et Bltaubô. TRAVAUX : rapports et 'éludes sur questions si"
M000220,L1912-00165,organisation,Afineo Paolo,AFINEO PAOLO,vice_president,L1912-01993,resolved_fuzzy,1,39,https://gallica.bnf.fr/ark:/12148/bpt6k5505300s/f63.item,"v.-prés., M. Afineo Paolo et Al"
M000221,L1912-00165,organisation,Petrucci Alberto,PETRUCCI ALBERTO,secretary,L1912-00067,resolved_fuzzy,1,39,https://gallica.bnf.fr/ark:/12148/bpt6k5505300s/f63.item,"secr., M. Petrucci Alberto"
M000222,L1912-00165,organisation,Erice Miliani,ERICE MILIANI,secretary,,unmatched,0,39,https://gallica.bnf.fr/ark:/12148/bpt6k5505300s/f63.item,"vicesecr., M. Erice Miliani"
M000223,L1912-00165,organisation,Nicolo Ancona,NICOLO ANCONA,councillor,L1912-00094,resolved,1,39,https://gallica.bnf.fr/ark:/12148/bpt6k5505300s/f63.item,"conseillers, MM. Nicolo Ancona, Gaetano Banti, Lopinto, Sampieri, Paolo Brignone"
M000224,L1912-00165,organisation,Gaetano Banti,GAETANO BANTI,councillor,,unmatched,0,39,https://gallica.bnf.fr/ark:/12148/bpt6k5505300s/f63.item,"conseillers, MM. Nicolo Ancona, Gaetano Banti, Lopinto, Sampieri, Paolo Brignone"
M000225,L1912-00165,organisation,Lopinto,LOPINTO,councillor,,unmatched,0,39,https://gallica.bnf.fr/ark:/12148/bpt6k5505300s/f63.item,"conseillers, MM. Nicolo Ancona, Gaetano Banti, Lopinto, Sampieri, Paolo Brignone"
M000226,L1912-00165,organisation,Sampieri,SAMPIERI,councillor,L1912-02264,resolved_fuzzy,1,39,https://gallica.bnf.fr/ark:/12148/bpt6k5505300s/f63.item,"conseillers, MM. Nicolo Ancona, Gaetano Banti, Lopinto, Sampieri, Paolo Brignone"
M000227,L1912-00165,organisation,Paolo Brignone,PAOLO BRIGNONE,councillor,L1912-00460,resolved,1,39,https://gallica.bnf.fr/ark:/12148/bpt6k5505300s/f63.item,"conseillers, MM. Nicolo Ancona, Gaetano Banti, Lopinto, Sampieri, Paolo Brignone"
M000228,L1912-00166,organisation,Vulgariser,VULGARISER,member,,unmatched,0,39,https://gallica.bnf.fr/ark:/12148/bpt6k5505300s/f63.item,BUT : Vulgariser la sténographie et former des employés sténo-dactylographes pour le commerce et l'industrie. 19 membres
M000229,L1912-00166,organisation,Vilatte L.-E,VILATTE L E,president,L1912-02663,resolved_fuzzy,1,39,https://gallica.bnf.fr/ark:/12148/bpt6k5505300s/f63.item,"A1A1. Vilatte L.-E., prés."
M000230,L1912-00166,organisation,Caleca Nonce,CALECA NONCE,vice_president,L1912-00493,resolved,1,39,https://gallica.bnf.fr/ark:/12148/bpt6k5505300s/f63.item,"' Caleca Nonce, v.-prés."
M000231,L1912-00166,organisation,Lévy David,LEVY DAVID,secretary,,ambiguous,2,39,https://gallica.bnf.fr/ark:/12148/bpt6k5505300s/f63.item,"secr., Lévy David"
M000232,L1912-00166,organisation,Semama,SEMAMA,assessor,L1912-02263,resolved_fuzzy,1,39,https://gallica.bnf.fr/ark:/12148/bpt6k5505300s/f63.item,"assesseurs, Semama, Habib Nessim, Touki Ange"". M. Villate est président depuis la fondation du groupe"
M000233,L1912-00166,organisation,Habib Nessim,HABIB NESSIM,assessor,,unmatched,0,39,https://gallica.bnf.fr/ark:/12148/bpt6k5505300s/f63.item,"assesseurs, Semama, Habib Nessim, Touki Ange"". M. Villate est président depuis la fondation du groupe"
M000234,L1912-00166,organisation,Touki Ange,TOUKI ANGE,assessor,,unmatched,0,39,https://gallica.bnf.fr/ark:/12148/bpt6k5505300s/f63.item,"assesseurs, Semama, Habib Nessim, Touki Ange"". M. Villate est président depuis la fondation du groupe"
M000235,L1912-00167,organisation,Alasi,ALASI,president,,unmatched,0,39,https://gallica.bnf.fr/ark:/12148/bpt6k5505300s/f63.item,"Bureau : MM. Avocat Alasi, rédacteur en chef de la «Patria», président"
M000236,L1912-00167,organisation,Busacca,BUSACCA,vice_president,L1912-00477,resolved,1,39,https://gallica.bnf.fr/ark:/12148/bpt6k5505300s/f63.item,"D' Busacca, corresp. de la «Ragione» de Rome, vice-président"
M000237,L1912-00167,organisation,Petrucci,PETRUCCI,treasurer,,unmatched,0,39,https://gallica.bnf.fr/ark:/12148/bpt6k5505300s/f63.item,"Petrucci, corresp. de la « Gazetta Coloniale» de Naples, trésorier"
M000238,L1912-00167,organisation,Brignone,BRIGNONE,secretary,L1912-00460,resolved,1,39,https://gallica.bnf.fr/ark:/12148/bpt6k5505300s/f63.item,"secrétaire, Dr Brignone, directeur de la «Patria» el Ugo Fabbri, rédacteur à la «Patria», conseillers."
M000239,L1912-00225,organisation,Tito Castelfranco,TITO CASTELFRANCO,director,,unmatched,0,47,https://gallica.bnf.fr/ark:/12148/bpt6k5505300s/f71.item,"Directeur, M. Tito Castelfranco."
M000240,L1912-00226,organisation,Daninos,DANINOS,director,L1912-00776,resolved,1,47,https://gallica.bnf.fr/ark:/12148/bpt6k5505300s/f71.item,Directeur M. Daninos.
M000241,L1912-00469,organisation,Semaine,SEMAINE,president,,unmatched,0,78,https://gallica.bnf.fr/ark:/12148/bpt6k5505300s/f102.item,"A écrit de nombreux articles relatifs à l'assistance médicale aux. indigènes et à la chirurgie (communications à l'Académie de Âlédecine, à la Société cle Chirurgie, articles publi"
M000242,L1912-00483,organisation,B Duclos,B DUCLOS,archivist_librarian,L1912-00961,resolved,1,81,https://gallica.bnf.fr/ark:/12148/bpt6k5505300s/f105.item,"archiviste, M. B. Duclos"
M000243,L1912-00483,organisation,Aspergés,ASPERGES,deputy_treasurer,L1912-00134,resolved,1,81,https://gallica.bnf.fr/ark:/12148/bpt6k5505300s/f105.item,"trés.-adj., M. Aspergés"
M000244,L1912-00483,organisation,Lasserand,LASSERAND,assessor,,unmatched,0,81,https://gallica.bnf.fr/ark:/12148/bpt6k5505300s/f105.item,"assess., MM. Lasserand',Dubourg,Barthe- rolte, Thuillier, DT Cadiergues, Samaran, Cousluriou,Vaissié, Desperoux"
M000245,L1912-00483,organisation,Dubourg,DUBOURG,assessor,,unmatched,0,81,https://gallica.bnf.fr/ark:/12148/bpt6k5505300s/f105.item,"assess., MM. Lasserand',Dubourg,Barthe- rolte, Thuillier, DT Cadiergues, Samaran, Cousluriou,Vaissié, Desperoux"
M000246,L1912-00483,organisation,Barthe,BARTHE,assessor,,unmatched,0,81,https://gallica.bnf.fr/ark:/12148/bpt6k5505300s/f105.item,"assess., MM. Lasserand',Dubourg,Barthe- rolte, Thuillier, DT Cadiergues, Samaran, Cousluriou,Vaissié, Desperoux"
M000247,L1912-00483,organisation,Thuillier,THUILLIER,assessor,,unmatched,0,81,https://gallica.bnf.fr/ark:/12148/bpt6k5505300s/f105.item,"assess., MM. Lasserand',Dubourg,Barthe- rolte, Thuillier, DT Cadiergues, Samaran, Cousluriou,Vaissié, Desperoux"
M000248,L1912-00483,organisation,DT Cadiergues,DT CADIERGUES,assessor,,unmatched,0,81,https://gallica.bnf.fr/ark:/12148/bpt6k5505300s/f105.item,"assess., MM. Lasserand',Dubourg,Barthe- rolte, Thuillier, DT Cadiergues, Samaran, Cousluriou,Vaissié, Desperoux"
M000249,L1912-00483,organisation,Samaran,SAMARAN,assessor,,unmatched,0,81,https://gallica.bnf.fr/ark:/12148/bpt6k5505300s/f105.item,"assess., MM. Lasserand',Dubourg,Barthe- rolte, Thuillier, DT Cadiergues, Samaran, Cousluriou,Vaissié, Desperoux"
M000250,L1912-00483,organisation,Cousluriou,COUSLURIOU,assessor,,unmatched,0,81,https://gallica.bnf.fr/ark:/12148/bpt6k5505300s/f105.item,"assess., MM. Lasserand',Dubourg,Barthe- rolte, Thuillier, DT Cadiergues, Samaran, Cousluriou,Vaissié, Desperoux"
M000251,L1912-00483,organisation,Vaissié,VAISSIE,assessor,L1912-02623,resolved,1,81,https://gallica.bnf.fr/ark:/12148/bpt6k5505300s/f105.item,"assess., MM. Lasserand',Dubourg,Barthe- rolte, Thuillier, DT Cadiergues, Samaran, Cousluriou,Vaissié, Desperoux"
M000252,L1912-00483,organisation,Desperoux,DESPEROUX,assessor,,unmatched,0,81,https://gallica.bnf.fr/ark:/12148/bpt6k5505300s/f105.item,"assess., MM. Lasserand',Dubourg,Barthe- rolte, Thuillier, DT Cadiergues, Samaran, Cousluriou,Vaissié, Desperoux"
M000253,L1912-00490,organisation,Toutes,TOUTES,member,,unmatched,0,84,https://gallica.bnf.fr/ark:/12148/bpt6k5505300s/f108.item,Toutes opérations de crédit mutuel agricole. 36 membres
M000254,L1912-00490,organisation,Casinière,CASINIERE,founder,,unmatched,0,84,https://gallica.bnf.fr/ark:/12148/bpt6k5505300s/f108.item,"Dix membres fondateurs : MAI. de la Casinière, Houde, Mabilon, Mercier, de Alory, Obert Edouard, Obert Lucien, Rousseaux, Vinvent, Volet"
M000255,L1912-00490,organisation,Houde,HOUDE,founder,L1912-01423,resolved,1,84,https://gallica.bnf.fr/ark:/12148/bpt6k5505300s/f108.item,"Dix membres fondateurs : MAI. de la Casinière, Houde, Mabilon, Mercier, de Alory, Obert Edouard, Obert Lucien, Rousseaux, Vinvent, Volet"
M000256,L1912-00490,organisation,Mabilon,MABILON,founder,,unmatched,0,84,https://gallica.bnf.fr/ark:/12148/bpt6k5505300s/f108.item,"Dix membres fondateurs : MAI. de la Casinière, Houde, Mabilon, Mercier, de Alory, Obert Edouard, Obert Lucien, Rousseaux, Vinvent, Volet"
M000257,L1912-00490,organisation,Mercier,MERCIER,founder,,ambiguous,2,84,https://gallica.bnf.fr/ark:/12148/bpt6k5505300s/f108.item,"Dix membres fondateurs : MAI. de la Casinière, Houde, Mabilon, Mercier, de Alory, Obert Edouard, Obert Lucien, Rousseaux, Vinvent, Volet"
M000258,L1912-00490,organisation,Alory,ALORY,founder,,unmatched,0,84,https://gallica.bnf.fr/ark:/12148/bpt6k5505300s/f108.item,"Dix membres fondateurs : MAI. de la Casinière, Houde, Mabilon, Mercier, de Alory, Obert Edouard, Obert Lucien, Rousseaux, Vinvent, Volet"
M000259,L1912-00490,organisation,Obert Edouard,OBERT EDOUARD,founder,L1912-02191,resolved_fuzzy,1,84,https://gallica.bnf.fr/ark:/12148/bpt6k5505300s/f108.item,"Dix membres fondateurs : MAI. de la Casinière, Houde, Mabilon, Mercier, de Alory, Obert Edouard, Obert Lucien, Rousseaux, Vinvent, Volet"
M000260,L1912-00490,organisation,Obert Lucien,OBERT LUCIEN,founder,L1912-02191,resolved_fuzzy,1,84,https://gallica.bnf.fr/ark:/12148/bpt6k5505300s/f108.item,"Dix membres fondateurs : MAI. de la Casinière, Houde, Mabilon, Mercier, de Alory, Obert Edouard, Obert Lucien, Rousseaux, Vinvent, Volet"
M000261,L1912-00490,organisation,Rousseaux,ROUSSEAUX,founder,,unmatched,0,84,https://gallica.bnf.fr/ark:/12148/bpt6k5505300s/f108.item,"Dix membres fondateurs : MAI. de la Casinière, Houde, Mabilon, Mercier, de Alory, Obert Edouard, Obert Lucien, Rousseaux, Vinvent, Volet"
M000262,L1912-00490,organisation,Vinvent,VINVENT,founder,,ambiguous_fuzzy,2,84,https://gallica.bnf.fr/ark:/12148/bpt6k5505300s/f108.item,"Dix membres fondateurs : MAI. de la Casinière, Houde, Mabilon, Mercier, de Alory, Obert Edouard, Obert Lucien, Rousseaux, Vinvent, Volet"
M000263,L1912-00490,organisation,Volet,VOLET,founder,,unmatched,0,84,https://gallica.bnf.fr/ark:/12148/bpt6k5505300s/f108.item,"Dix membres fondateurs : MAI. de la Casinière, Houde, Mabilon, Mercier, de Alory, Obert Edouard, Obert Lucien, Rousseaux, Vinvent, Volet"
M000264,L1912-00490,organisation,Houde,HOUDE,president,L1912-01423,resolved,1,84,https://gallica.bnf.fr/ark:/12148/bpt6k5505300s/f108.item,"MM. Houde, prés."
M000265,L1912-00490,organisation,Mabilon,MABILON,vice_president,,unmatched,0,84,https://gallica.bnf.fr/ark:/12148/bpt6k5505300s/f108.item,"Mabilon, v.-prés."
M000266,L1912-00490,organisation,Vacon,VACON,secretary,,unmatched,0,84,https://gallica.bnf.fr/ark:/12148/bpt6k5505300s/f108.item,"Le Vacon, secr."
M000267,L1912-00491,organisation,Gounot,GOUNOT,vice_president,L1912-01291,resolved,1,84,https://gallica.bnf.fr/ark:/12148/bpt6k5505300s/f108.item,"le comte E. cle Waren et Gounot, v.-prés."
M000268,L1912-00491,organisation,Charmetant,CHARMETANT,secretary_general,,unmatched,0,84,https://gallica.bnf.fr/ark:/12148/bpt6k5505300s/f108.item,"Charmetant, secr.-gén"
M000269,L1912-00491,organisation,Aïn-el-Asker,AIN EL ASKER,director,,unmatched,0,84,https://gallica.bnf.fr/ark:/12148/bpt6k5505300s/f108.item,"Directeur des Caisses Locales cle Crédit Alutuel Agricole : Aïn-el-Asker, .M. G. Houde"
M000270,L1912-00548,organisation,Bonette,BONETTE,president,,unmatched,0,100,https://gallica.bnf.fr/ark:/12148/bpt6k5505300s/f124.item,"prés lion., M. Bonette"
M000271,L1912-00548,organisation,Dabrigeon,DABRIGEON,president,L1912-00767,resolved,1,100,https://gallica.bnf.fr/ark:/12148/bpt6k5505300s/f124.item,"prés., M. Dabrigeon"
M000272,L1912-00548,organisation,Malfilâtre,MALFILATRE,secretary,L1912-01682,resolved,1,100,https://gallica.bnf.fr/ark:/12148/bpt6k5505300s/f124.item,"secr., M. Malfilâtre"
M000273,L1912-00548,organisation,Albertini,ALBERTINI,assessor,,ambiguous,2,100,https://gallica.bnf.fr/ark:/12148/bpt6k5505300s/f124.item,"assess., MM. Albertini, Laurent et Maubé."
M000274,L1912-00548,organisation,Laurent,LAURENT,assessor,L1912-01593,resolved_fuzzy,1,100,https://gallica.bnf.fr/ark:/12148/bpt6k5505300s/f124.item,"assess., MM. Albertini, Laurent et Maubé."
M000275,L1912-00548,organisation,Maubé,MAUBE,assessor,,unmatched,0,100,https://gallica.bnf.fr/ark:/12148/bpt6k5505300s/f124.item,"assess., MM. Albertini, Laurent et Maubé."
M000276,L1912-00550,organisation,Fleury,FLEURY,president,L1912-01171,resolved,1,100,https://gallica.bnf.fr/ark:/12148/bpt6k5505300s/f124.item,"M. le Résident Général : MM. le baron Fleury, prés."
M000277,L1912-00550,organisation,Lemanski,LEMANSKI,vice_president,L1912-01607,resolved,1,100,https://gallica.bnf.fr/ark:/12148/bpt6k5505300s/f124.item,"Dr Lemanski et X..., v.- prés."
M000278,L1912-00550,organisation,Baizeau,BAIZEAU,secretary,,unmatched,0,100,https://gallica.bnf.fr/ark:/12148/bpt6k5505300s/f124.item,"Baizeau, secr."
M000279,L1912-00550,organisation,Combes,COMBES,deputy_secretary,,ambiguous,2,100,https://gallica.bnf.fr/ark:/12148/bpt6k5505300s/f124.item,"de Combes, secr.- adj."
M000280,L1912-00550,organisation,Boissonnas,BOISSONNAS,commissioner,,unmatched,0,100,https://gallica.bnf.fr/ark:/12148/bpt6k5505300s/f124.item,"Boissonnas et Geofl'roy-Sainfe-J-Jilaire, commiss"
M000281,L1912-00550,organisation,Geofl'roy-Sainfe-J-Jilaire,GEOFL ROY SAINFE J JILAIRE,commissioner,,unmatched,0,100,https://gallica.bnf.fr/ark:/12148/bpt6k5505300s/f124.item,"Boissonnas et Geofl'roy-Sainfe-J-Jilaire, commiss"
M000282,L1912-00552,organisation,Sbrana,SBRANA,president,,ambiguous,2,100,https://gallica.bnf.fr/ark:/12148/bpt6k5505300s/f124.item,"Prés., M. le D' Sbrana"
M000283,L1912-00552,organisation,C Diaeono,C DIAEONO,vice_president,,ambiguous_fuzzy,4,100,https://gallica.bnf.fr/ark:/12148/bpt6k5505300s/f124.item,"v.-prés., M. C. Diaeono"
M000284,L1912-00552,organisation,Mohamed Mubrouk,MOHAMED MUBROUK,commissioner,,ambiguous,2,100,https://gallica.bnf.fr/ark:/12148/bpt6k5505300s/f124.item,"commiss., MM. R. Sa.cuto et Mohamed Mubrouk"
M000285,L1912-00552,organisation,Gabriel Médina,GABRIEL MEDINA,president,L1912-01743,resolved,1,100,https://gallica.bnf.fr/ark:/12148/bpt6k5505300s/f124.item,"Ane. prés., MM'.' Gabriel Médina, Victor Sacuto, S. Barush"
M000286,L1912-00552,organisation,Victor Sacuto,VICTOR SACUTO,president,,unmatched,0,100,https://gallica.bnf.fr/ark:/12148/bpt6k5505300s/f124.item,"Ane. prés., MM'.' Gabriel Médina, Victor Sacuto, S. Barush"
M000287,L1912-00552,organisation,S Barush,S BARUSH,president,,unmatched,0,100,https://gallica.bnf.fr/ark:/12148/bpt6k5505300s/f124.item,"Ane. prés., MM'.' Gabriel Médina, Victor Sacuto, S. Barush"
M000288,L1912-00554,organisation,Jules,JULES,vice_president,L1912-01482,resolved_fuzzy,1,100,https://gallica.bnf.fr/ark:/12148/bpt6k5505300s/f124.item,"Jules liessis et V. Bensasson, v.-prés."
M000289,L1912-00554,organisation,V Bensasson,V BENSASSON,vice_president,,ambiguous,2,100,https://gallica.bnf.fr/ark:/12148/bpt6k5505300s/f124.item,"Jules liessis et V. Bensasson, v.-prés."
M000290,L1912-00554,organisation,Marcel Cauwel,MARCEL CAUWEL,secretary,L1912-01702,resolved_fuzzy,1,100,https://gallica.bnf.fr/ark:/12148/bpt6k5505300s/f124.item,"Marcel Cauwel, secr."
M000291,L1912-00556,organisation,Zaouche,ZAOUCHE,president,,ambiguous,4,100,https://gallica.bnf.fr/ark:/12148/bpt6k5505300s/f124.item,"Zaouche, prés."
M000292,L1912-00556,organisation,H Bou Hadjeb,H BOU HADJEB,vice_president,,unmatched,0,100,https://gallica.bnf.fr/ark:/12148/bpt6k5505300s/f124.item,"H. Bou Hadjeb, v.-prés."
M000293,L1912-00556,organisation,Haïouni Aziz,HAIOUNI AZIZ,secretary,,unmatched,0,100,https://gallica.bnf.fr/ark:/12148/bpt6k5505300s/f124.item,"Haïouni Aziz, secr."
M000294,L1912-00556,organisation,Hassen Guellaty,HASSEN GUELLATY,commissioner,,ambiguous,2,100,https://gallica.bnf.fr/ark:/12148/bpt6k5505300s/f124.item,"Ïîach-Hamba, Hassen Guellaty, Khaïrallah et Abdesselem Zaouche, commiss."
M000295,L1912-00556,organisation,Khaïrallah,KHAIRALLAH,commissioner,L1912-01506,resolved,1,100,https://gallica.bnf.fr/ark:/12148/bpt6k5505300s/f124.item,"Ïîach-Hamba, Hassen Guellaty, Khaïrallah et Abdesselem Zaouche, commiss."
M000296,L1912-00556,organisation,Abdesselem Zaouche,ABDESSELEM ZAOUCHE,commissioner,,ambiguous,4,100,https://gallica.bnf.fr/ark:/12148/bpt6k5505300s/f124.item,"Ïîach-Hamba, Hassen Guellaty, Khaïrallah et Abdesselem Zaouche, commiss."
M000297,L1912-00557,organisation,Smaja,SMAJA,president,L1912-02398,resolved,1,100,https://gallica.bnf.fr/ark:/12148/bpt6k5505300s/f124.item,"MM. Smaja, prés."
M000298,L1912-00557,organisation,J Attal,J ATTAL,secretary,,unmatched,0,100,https://gallica.bnf.fr/ark:/12148/bpt6k5505300s/f124.item,"J. Attal, secr."
M000299,L1912-00578,organisation,Mactar,MACTAR,member,,unmatched,0,103,https://gallica.bnf.fr/ark:/12148/bpt6k5505300s/f127.item,"Siège à Tunis, rue d'Allemagne, n"" 4: 15 membres : 5 pour le caïdat. de la. banlieue de Tunis, 1 pour le caïdat de Zaghonan. 1 pour le caïdat de Tebourba, 2 pour le contrôle civil "
M000300,L1912-00578,organisation,Carnières,CARNIERES,president,L1912-00521,resolved,1,103,https://gallica.bnf.fr/ark:/12148/bpt6k5505300s/f127.item,"BUREAU: MM. de Carnières, prés."
M000301,L1912-00578,organisation,Louis Pelletier,LOUIS PELLETIER,vice_president,L1912-02020,resolved,1,103,https://gallica.bnf.fr/ark:/12148/bpt6k5505300s/f127.item,"Louis Pelletier, v.-prés."
M000302,L1912-00578,organisation,Antoine Terras,ANTOINE TERRAS,secretary_general,L1912-00106,resolved,1,103,https://gallica.bnf.fr/ark:/12148/bpt6k5505300s/f127.item,"Antoine Terras, secr. gén."
M000303,L1912-00578,organisation,Poterie,POTERIE,member,L1912-02102,resolved,1,103,https://gallica.bnf.fr/ark:/12148/bpt6k5505300s/f127.item,"Poterie, Sof, Trouche, Truelle, membres"
M000304,L1912-00578,organisation,Sof,SOF,member,L1912-02443,resolved,1,103,https://gallica.bnf.fr/ark:/12148/bpt6k5505300s/f127.item,"Poterie, Sof, Trouche, Truelle, membres"
M000305,L1912-00578,organisation,Trouche,TROUCHE,member,,unmatched,0,103,https://gallica.bnf.fr/ark:/12148/bpt6k5505300s/f127.item,"Poterie, Sof, Trouche, Truelle, membres"
M000306,L1912-00578,organisation,Truelle,TRUELLE,member,,unmatched,0,103,https://gallica.bnf.fr/ark:/12148/bpt6k5505300s/f127.item,"Poterie, Sof, Trouche, Truelle, membres"
M000307,L1912-00578,organisation,Jean-Marie Terras,JEAN MARIE TERRAS,president,,unmatched,0,103,https://gallica.bnf.fr/ark:/12148/bpt6k5505300s/f127.item,"Ane. prés., MM. Jean-Marie Terras, de 1892 à 1896, de Carnières, depuis 1896."
M000308,L1912-00578,organisation,Carnières,CARNIERES,president,L1912-00521,resolved,1,103,https://gallica.bnf.fr/ark:/12148/bpt6k5505300s/f127.item,"Ane. prés., MM. Jean-Marie Terras, de 1892 à 1896, de Carnières, depuis 1896."
M000309,L1912-00580,organisation,A Busuttil,A BUSUTTIL,president,L1912-00478,resolved,1,103,https://gallica.bnf.fr/ark:/12148/bpt6k5505300s/f127.item,"BUREAU : MM. A. Busuttil, prés."
M000310,L1912-00580,organisation,G Mifsud,G MIFSUD,vice_president,L1912-01795,resolved,1,103,https://gallica.bnf.fr/ark:/12148/bpt6k5505300s/f127.item,"G. Mifsud et E. Nani, v.-prés."
M000311,L1912-00580,organisation,E Nani,E NANI,vice_president,,unmatched,0,103,https://gallica.bnf.fr/ark:/12148/bpt6k5505300s/f127.item,"G. Mifsud et E. Nani, v.-prés."
M000312,L1912-00580,organisation,E Azuelos,E AZUELOS,secretary,,unmatched,0,103,https://gallica.bnf.fr/ark:/12148/bpt6k5505300s/f127.item,"E. Azuelos, secr."
M000313,L1912-00580,organisation,C Saliba,C SALIBA,member,L1912-02258,resolved,1,103,https://gallica.bnf.fr/ark:/12148/bpt6k5505300s/f127.item,"C. Saliba, Mac Inerny, S. Tabone, E. Licari, S. Xuereb, membres."
M000314,L1912-00580,organisation,Mac Inerny,MAC INERNY,member,L1912-01451,resolved,1,103,https://gallica.bnf.fr/ark:/12148/bpt6k5505300s/f127.item,"C. Saliba, Mac Inerny, S. Tabone, E. Licari, S. Xuereb, membres."
M000315,L1912-00580,organisation,S Tabone,S TABONE,member,L1912-02500,resolved,1,103,https://gallica.bnf.fr/ark:/12148/bpt6k5505300s/f127.item,"C. Saliba, Mac Inerny, S. Tabone, E. Licari, S. Xuereb, membres."
M000316,L1912-00580,organisation,E Licari,E LICARI,member,,unmatched,0,103,https://gallica.bnf.fr/ark:/12148/bpt6k5505300s/f127.item,"C. Saliba, Mac Inerny, S. Tabone, E. Licari, S. Xuereb, membres."
M000317,L1912-00580,organisation,S Xuereb,S XUEREB,member,,unmatched,0,103,https://gallica.bnf.fr/ark:/12148/bpt6k5505300s/f127.item,"C. Saliba, Mac Inerny, S. Tabone, E. Licari, S. Xuereb, membres."
M000318,L1912-00581,organisation,Consul,CONSUL,honorary_president,,unmatched,0,103,https://gallica.bnf.fr/ark:/12148/bpt6k5505300s/f127.item,"Prés, d'honn., M. le Consul général d'Italie"
M000319,L1912-00581,organisation,G Atlia,G ATLIA,president,L1912-00172,resolved_fuzzy,1,103,https://gallica.bnf.fr/ark:/12148/bpt6k5505300s/f127.item,"MM. G. Atlia, prés."
M000320,L1912-00581,organisation,S Canino,S CANINO,vice_president,,unmatched,0,103,https://gallica.bnf.fr/ark:/12148/bpt6k5505300s/f127.item,"S. Canino et Luigi Rey, v.-prés."
M000321,L1912-00581,organisation,Luigi Rey,LUIGI REY,vice_president,,ambiguous,2,103,https://gallica.bnf.fr/ark:/12148/bpt6k5505300s/f127.item,"S. Canino et Luigi Rey, v.-prés."
M000322,L1912-00581,organisation,V Boccara,V BOCCARA,secretary,,unmatched,0,103,https://gallica.bnf.fr/ark:/12148/bpt6k5505300s/f127.item,V. Boccara secr.
M000323,L1912-00581,organisation,Ane,ANE,president,,unmatched,0,103,https://gallica.bnf.fr/ark:/12148/bpt6k5505300s/f127.item,Ane. prés.
M000324,L1912-00582,organisation,Bellot,BELLOT,president,L1912-00274,resolved,1,103,https://gallica.bnf.fr/ark:/12148/bpt6k5505300s/f127.item,"Bellot, prés."
M000325,L1912-00582,organisation,PelleL,PELLEL,vice_president,L1912-02019,resolved_fuzzy,1,103,https://gallica.bnf.fr/ark:/12148/bpt6k5505300s/f127.item,PelleLv.-prés.
M000326,L1912-00582,organisation,Bellissen,BELLISSEN,secretary,L1912-00273,resolved,1,103,https://gallica.bnf.fr/ark:/12148/bpt6k5505300s/f127.item,"Bellissen, secr."
M000327,L1912-00582,organisation,Auguste Ventre,AUGUSTE VENTRE,president,L1912-02649,resolved,1,103,https://gallica.bnf.fr/ark:/12148/bpt6k5505300s/f127.item,Ane. prés.: Auguste Ventre. 1885 à 1887. 1891 à 1893. 1895 à 1S96
M000328,L1912-00583,organisation,Kairouan,KAIROUAN,member,,unmatched,0,104,https://gallica.bnf.fr/ark:/12148/bpt6k5505300s/f128.item,"Se compose de 12 membres et comprend les contrôles de Sousse (10 membres), de Kairouan et de Tliala (2 membres)"
M000329,L1912-00583,organisation,Tliala,TLIALA,member,,unmatched,0,104,https://gallica.bnf.fr/ark:/12148/bpt6k5505300s/f128.item,"Se compose de 12 membres et comprend les contrôles de Sousse (10 membres), de Kairouan et de Tliala (2 membres)"
M000330,L1912-00583,organisation,Chambres,CHAMBRES,treasurer,,unmatched,0,104,https://gallica.bnf.fr/ark:/12148/bpt6k5505300s/f128.item,"Mêmes condition pour ""l'électoral et l'éligibilité que les autres Chambres"
M000331,L1912-00583,organisation,Borlino,BORLINO,president,L1912-00404,resolved_fuzzy,1,104,https://gallica.bnf.fr/ark:/12148/bpt6k5505300s/f128.item,"BUHE.AU : MM. Guillcmard, président: Borlino, v.-prés."
M000332,L1912-00583,organisation,Canton,CANTON,secretary,L1912-00507,resolved,1,104,https://gallica.bnf.fr/ark:/12148/bpt6k5505300s/f128.item,"Canton, secrétaire"
M000333,L1912-00583,organisation,Lefronf,LEFRONF,treasurer,,unmatched,0,104,https://gallica.bnf.fr/ark:/12148/bpt6k5505300s/f128.item,"Lefronf, trésorier"
M000334,L1912-00583,organisation,Démange,DEMANGE,member,,unmatched,0,104,https://gallica.bnf.fr/ark:/12148/bpt6k5505300s/f128.item,"Démange, Dupoux, Epinal, Grunig, Lotte, Mauras, Rofalo, Rielmann,membres"
M000335,L1912-00583,organisation,Dupoux,DUPOUX,member,L1912-00976,resolved,1,104,https://gallica.bnf.fr/ark:/12148/bpt6k5505300s/f128.item,"Démange, Dupoux, Epinal, Grunig, Lotte, Mauras, Rofalo, Rielmann,membres"
M000336,L1912-00583,organisation,Epinal,EPINAL,member,,ambiguous_fuzzy,2,104,https://gallica.bnf.fr/ark:/12148/bpt6k5505300s/f128.item,"Démange, Dupoux, Epinal, Grunig, Lotte, Mauras, Rofalo, Rielmann,membres"
M000337,L1912-00583,organisation,Grunig,GRUNIG,member,,unmatched,0,104,https://gallica.bnf.fr/ark:/12148/bpt6k5505300s/f128.item,"Démange, Dupoux, Epinal, Grunig, Lotte, Mauras, Rofalo, Rielmann,membres"
M000338,L1912-00583,organisation,Lotte,LOTTE,member,L1912-01847,resolved_fuzzy,1,104,https://gallica.bnf.fr/ark:/12148/bpt6k5505300s/f128.item,"Démange, Dupoux, Epinal, Grunig, Lotte, Mauras, Rofalo, Rielmann,membres"
M000339,L1912-00583,organisation,Mauras,MAURAS,member,L1912-01726,resolved_fuzzy,1,104,https://gallica.bnf.fr/ark:/12148/bpt6k5505300s/f128.item,"Démange, Dupoux, Epinal, Grunig, Lotte, Mauras, Rofalo, Rielmann,membres"
M000340,L1912-00583,organisation,Rofalo,ROFALO,member,L1912-02155,resolved_fuzzy,1,104,https://gallica.bnf.fr/ark:/12148/bpt6k5505300s/f128.item,"Démange, Dupoux, Epinal, Grunig, Lotte, Mauras, Rofalo, Rielmann,membres"
M000341,L1912-00583,organisation,Rielmann,RIELMANN,member,L1912-02182,resolved_fuzzy,1,104,https://gallica.bnf.fr/ark:/12148/bpt6k5505300s/f128.item,"Démange, Dupoux, Epinal, Grunig, Lotte, Mauras, Rofalo, Rielmann,membres"
M000342,L1912-00583,organisation,Gabriel Robert,GABRIEL ROBERT,past_president,L1912-02191,resolved,1,104,https://gallica.bnf.fr/ark:/12148/bpt6k5505300s/f128.item,"Anciens présidents : MM. Gabriel Robert, de .1.896 à. 1901: Docteur Lambert. de ""1902 à 1904"
M000343,L1912-00583,organisation,Lambert,LAMBERT,past_president,L1912-01579,resolved,1,104,https://gallica.bnf.fr/ark:/12148/bpt6k5505300s/f128.item,"Anciens présidents : MM. Gabriel Robert, de .1.896 à. 1901: Docteur Lambert. de ""1902 à 1904"
M000344,L1912-00664,organisation,Raichlen,RAICHLEN,president,L1912-02135,resolved_fuzzy,1,119,https://gallica.bnf.fr/ark:/12148/bpt6k5505300s/f143.item,"Bureau : MM. Raichlen, prés."
M000345,L1912-00664,organisation,Berhaull,BERHAULL,vice_president,L1912-00311,resolved_fuzzy,1,119,https://gallica.bnf.fr/ark:/12148/bpt6k5505300s/f143.item,"Berhaull et Victor Roy, v.-prés."
M000346,L1912-00664,organisation,Victor Roy,VICTOR ROY,vice_president,,unmatched,0,119,https://gallica.bnf.fr/ark:/12148/bpt6k5505300s/f143.item,"Berhaull et Victor Roy, v.-prés."
M000347,L1912-00664,organisation,Raimbaud,RAIMBAUD,deputy_secretary,,unmatched,0,119,https://gallica.bnf.fr/ark:/12148/bpt6k5505300s/f143.item,"Raimbaud, secr. adj."
M000348,L1912-00686,organisation,Roy,ROY,president,,unmatched,0,123,https://gallica.bnf.fr/ark:/12148/bpt6k5505300s/f147.item,"MM. Roy, prés."
M000349,L1912-00686,organisation,P'ezon,P EZON,vice_president,,unmatched,0,123,https://gallica.bnf.fr/ark:/12148/bpt6k5505300s/f147.item,"P'ezon et Carrier, -v.-prés."
M000350,L1912-00686,organisation,Carrier,CARRIER,vice_president,L1912-00524,resolved,1,123,https://gallica.bnf.fr/ark:/12148/bpt6k5505300s/f147.item,"P'ezon et Carrier, -v.-prés."
M000351,L1912-00687,organisation,Fédération,FEDERATION,president,,unmatched,0,123,https://gallica.bnf.fr/ark:/12148/bpt6k5505300s/f147.item,"Comité d'Action Républicaine aux Colonies. (Section de Tunis) : MM. Victor Communaux, prés, de la Fédération de' la Ligue de l'Enseignement, prés."
M000352,L1912-00687,organisation,Bignens,BIGNENS,vice_president,L1912-00342,resolved,1,123,https://gallica.bnf.fr/ark:/12148/bpt6k5505300s/f147.item,"Bignens, v.-prés."
M000353,L1912-00687,organisation,Louis Thomas,LOUIS THOMAS,secretary,,ambiguous,2,123,https://gallica.bnf.fr/ark:/12148/bpt6k5505300s/f147.item,"Louis Thomas, secr."
M000354,L1912-00687,organisation,Ducas,DUCAS,deputy_secretary,L1912-00969,resolved_fuzzy,1,123,https://gallica.bnf.fr/ark:/12148/bpt6k5505300s/f147.item,"Ducas, secr.-adj."
M000355,L1912-00689,organisation,Proust,PROUST,president,,ambiguous,2,123,https://gallica.bnf.fr/ark:/12148/bpt6k5505300s/f147.item,"Proust, président"
M000356,L1912-00689,organisation,Lecore-Carpentier,LECORE CARPENTIER,vice_president,,unmatched,0,123,https://gallica.bnf.fr/ark:/12148/bpt6k5505300s/f147.item,"Lecore-Carpentier, G. Attia, J.-M. Terras, Watrin, v.-prés."
M000357,L1912-00689,organisation,G Attia,G ATTIA,vice_president,L1912-00172,resolved,1,123,https://gallica.bnf.fr/ark:/12148/bpt6k5505300s/f147.item,"Lecore-Carpentier, G. Attia, J.-M. Terras, Watrin, v.-prés."
M000358,L1912-00689,organisation,J.-M Terras,J M TERRAS,vice_president,,unmatched,0,123,https://gallica.bnf.fr/ark:/12148/bpt6k5505300s/f147.item,"Lecore-Carpentier, G. Attia, J.-M. Terras, Watrin, v.-prés."
M000359,L1912-00689,organisation,Watrin,WATRIN,vice_president,L1912-02685,resolved,1,123,https://gallica.bnf.fr/ark:/12148/bpt6k5505300s/f147.item,"Lecore-Carpentier, G. Attia, J.-M. Terras, Watrin, v.-prés."
M000360,L1912-00689,organisation,Baron,BARON,member,L1912-00240,resolved,1,123,https://gallica.bnf.fr/ark:/12148/bpt6k5505300s/f147.item,"Baron, Barrion, Berthier, A. Bussulil, B. Couiféas, C. Fabbri, Fitoussi, Baron Fleury, Guesnier, Guy de Farconconnel, Comte Landon de Longeville, D' Leiranski, Mucoli, Pierre Omess"
M000361,L1912-00689,organisation,Barrion,BARRION,member,,unmatched,0,123,https://gallica.bnf.fr/ark:/12148/bpt6k5505300s/f147.item,"Baron, Barrion, Berthier, A. Bussulil, B. Couiféas, C. Fabbri, Fitoussi, Baron Fleury, Guesnier, Guy de Farconconnel, Comte Landon de Longeville, D' Leiranski, Mucoli, Pierre Omess"
M000362,L1912-00689,organisation,Berthier,BERTHIER,member,,unmatched,0,123,https://gallica.bnf.fr/ark:/12148/bpt6k5505300s/f147.item,"Baron, Barrion, Berthier, A. Bussulil, B. Couiféas, C. Fabbri, Fitoussi, Baron Fleury, Guesnier, Guy de Farconconnel, Comte Landon de Longeville, D' Leiranski, Mucoli, Pierre Omess"
M000363,L1912-00689,organisation,A Bussulil,A BUSSULIL,member,,unmatched,0,123,https://gallica.bnf.fr/ark:/12148/bpt6k5505300s/f147.item,"Baron, Barrion, Berthier, A. Bussulil, B. Couiféas, C. Fabbri, Fitoussi, Baron Fleury, Guesnier, Guy de Farconconnel, Comte Landon de Longeville, D' Leiranski, Mucoli, Pierre Omess"
M000364,L1912-00689,organisation,B Couiféas,B COUIFEAS,member,,unmatched,0,123,https://gallica.bnf.fr/ark:/12148/bpt6k5505300s/f147.item,"Baron, Barrion, Berthier, A. Bussulil, B. Couiféas, C. Fabbri, Fitoussi, Baron Fleury, Guesnier, Guy de Farconconnel, Comte Landon de Longeville, D' Leiranski, Mucoli, Pierre Omess"
M000365,L1912-00689,organisation,C Fabbri,C FABBRI,member,,unmatched,0,123,https://gallica.bnf.fr/ark:/12148/bpt6k5505300s/f147.item,"Baron, Barrion, Berthier, A. Bussulil, B. Couiféas, C. Fabbri, Fitoussi, Baron Fleury, Guesnier, Guy de Farconconnel, Comte Landon de Longeville, D' Leiranski, Mucoli, Pierre Omess"
M000366,L1912-00689,organisation,Fitoussi,FITOUSSI,member,L1912-01165,resolved,1,123,https://gallica.bnf.fr/ark:/12148/bpt6k5505300s/f147.item,"Baron, Barrion, Berthier, A. Bussulil, B. Couiféas, C. Fabbri, Fitoussi, Baron Fleury, Guesnier, Guy de Farconconnel, Comte Landon de Longeville, D' Leiranski, Mucoli, Pierre Omess"
M000367,L1912-00689,organisation,Fleury,FLEURY,member,L1912-01171,resolved,1,123,https://gallica.bnf.fr/ark:/12148/bpt6k5505300s/f147.item,"Baron, Barrion, Berthier, A. Bussulil, B. Couiféas, C. Fabbri, Fitoussi, Baron Fleury, Guesnier, Guy de Farconconnel, Comte Landon de Longeville, D' Leiranski, Mucoli, Pierre Omess"
M000368,L1912-00689,organisation,Guesnier,GUESNIER,member,L1912-01325,resolved_fuzzy,1,123,https://gallica.bnf.fr/ark:/12148/bpt6k5505300s/f147.item,"Baron, Barrion, Berthier, A. Bussulil, B. Couiféas, C. Fabbri, Fitoussi, Baron Fleury, Guesnier, Guy de Farconconnel, Comte Landon de Longeville, D' Leiranski, Mucoli, Pierre Omess"
M000369,L1912-00689,organisation,Guy,GUY,member,L1912-01343,resolved,1,123,https://gallica.bnf.fr/ark:/12148/bpt6k5505300s/f147.item,"Baron, Barrion, Berthier, A. Bussulil, B. Couiféas, C. Fabbri, Fitoussi, Baron Fleury, Guesnier, Guy de Farconconnel, Comte Landon de Longeville, D' Leiranski, Mucoli, Pierre Omess"
M000370,L1912-00689,organisation,Landon,LANDON,member,,ambiguous_fuzzy,2,123,https://gallica.bnf.fr/ark:/12148/bpt6k5505300s/f147.item,"Baron, Barrion, Berthier, A. Bussulil, B. Couiféas, C. Fabbri, Fitoussi, Baron Fleury, Guesnier, Guy de Farconconnel, Comte Landon de Longeville, D' Leiranski, Mucoli, Pierre Omess"
M000371,L1912-00689,organisation,Leiranski,LEIRANSKI,member,,unmatched,0,123,https://gallica.bnf.fr/ark:/12148/bpt6k5505300s/f147.item,"Baron, Barrion, Berthier, A. Bussulil, B. Couiféas, C. Fabbri, Fitoussi, Baron Fleury, Guesnier, Guy de Farconconnel, Comte Landon de Longeville, D' Leiranski, Mucoli, Pierre Omess"
M000372,L1912-00690,organisation,Remy,REMY,vice_president,L1912-02159,resolved,1,123,https://gallica.bnf.fr/ark:/12148/bpt6k5505300s/f147.item,"vice-présidents, MM. llanoun et Remy"
M000373,L1912-00690,organisation,Mazurkiewiez,MAZURKIEWIEZ,secretary_general,,unmatched,0,123,https://gallica.bnf.fr/ark:/12148/bpt6k5505300s/f147.item,"secrétaire général, M. Mazurkiewiez. huissier à Soukel-Arba."
M000374,L1912-00690,organisation,Reynaud,REYNAUD,treasurer,L1912-02172,resolved,1,123,https://gallica.bnf.fr/ark:/12148/bpt6k5505300s/f147.item,"trésorier, M. N.: secrétaire, M. Reynaud."
M000375,L1912-00691,organisation,Duffau,DUFFAU,secretary,L1912-00964,resolved,1,123,https://gallica.bnf.fr/ark:/12148/bpt6k5505300s/f147.item,"Duffau, secr."
M000376,L1912-00691,organisation,Canton,CANTON,member,L1912-00507,resolved,1,123,https://gallica.bnf.fr/ark:/12148/bpt6k5505300s/f147.item,"Canton, Guillot, Combaz, Khemis, Vaudaine, membres"
M000377,L1912-00691,organisation,Guillot,GUILLOT,member,L1912-01337,resolved,1,123,https://gallica.bnf.fr/ark:/12148/bpt6k5505300s/f147.item,"Canton, Guillot, Combaz, Khemis, Vaudaine, membres"
M000378,L1912-00691,organisation,Combaz,COMBAZ,member,L1912-00682,resolved,1,123,https://gallica.bnf.fr/ark:/12148/bpt6k5505300s/f147.item,"Canton, Guillot, Combaz, Khemis, Vaudaine, membres"
M000379,L1912-00691,organisation,Khemis,KHEMIS,member,,unmatched,0,123,https://gallica.bnf.fr/ark:/12148/bpt6k5505300s/f147.item,"Canton, Guillot, Combaz, Khemis, Vaudaine, membres"
M000380,L1912-00691,organisation,Vaudaine,VAUDAINE,member,,unmatched,0,123,https://gallica.bnf.fr/ark:/12148/bpt6k5505300s/f147.item,"Canton, Guillot, Combaz, Khemis, Vaudaine, membres"
M000381,L1912-00693,organisation,Carton,CARTON,president,L1912-00529,resolved,1,123,https://gallica.bnf.fr/ark:/12148/bpt6k5505300s/f147.item,"MM. le Dr Carton, prés."
M000382,L1912-00693,organisation,Antiquités,ANTIQUITES,director,,unmatched,0,123,https://gallica.bnf.fr/ark:/12148/bpt6k5505300s/f147.item,"Merlin, directeur des Antiquités, et Pauthierprofesseur au lycée Carnot,v.-prés."
M000383,L1912-00693,organisation,Fretin,FRETIN,secretary_general,,unmatched,0,123,https://gallica.bnf.fr/ark:/12148/bpt6k5505300s/f147.item,"Fretin, professeur au lycée Carnot, secr. gén."
M000384,L1912-00693,organisation,Feriouillet,FERIOUILLET,secretary,,unmatched,0,123,https://gallica.bnf.fr/ark:/12148/bpt6k5505300s/f147.item,"Feriouillet, secr"
M000385,L1912-00703,organisation,Marcel Trelat,MARCEL TRELAT,president,L1912-01702,resolved_fuzzy,1,125,https://gallica.bnf.fr/ark:/12148/bpt6k5505300s/f149.item,"Président du Conseil d'administration : M. Marcel Trelat, 87, avenue de Wagran, à Paris"
M000386,L1912-00703,organisation,Sainl-Roinas,SAINL ROINAS,director,L1912-02246,resolved_fuzzy,1,125,https://gallica.bnf.fr/ark:/12148/bpt6k5505300s/f149.item,"Directeur de la Compagnie : M. Sainl-Roinas, ingénieur en chef des Ponls-et-Chaussées, à Tunis"
M000387,L1912-00708,organisation,Louis Raichlen,LOUIS RAICHLEN,director,L1912-02135,resolved_fuzzy,1,127,https://gallica.bnf.fr/ark:/12148/bpt6k5505300s/f151.item,Télôph. 16. Directeur : M. Louis Raichlen.
M000388,L1912-00715,organisation,Léon,LEON,president,,unmatched,0,129,https://gallica.bnf.fr/ark:/12148/bpt6k5505300s/f153.item,"Conseil (l'administration : MM. Léon flrosdi, président"
M000389,L1912-00715,organisation,Marcel Ballot,MARCEL BALLOT,member,L1912-01702,resolved_fuzzy,1,129,https://gallica.bnf.fr/ark:/12148/bpt6k5505300s/f153.item,"Marcel Ballot, Guy de Farconnel el Lecore-Curpenlier, membres."
M000390,L1912-00715,organisation,Guy,GUY,member,L1912-01343,resolved,1,129,https://gallica.bnf.fr/ark:/12148/bpt6k5505300s/f153.item,"Marcel Ballot, Guy de Farconnel el Lecore-Curpenlier, membres."
M000391,L1912-00721,organisation,Affaires,AFFAIRES,treasurer,,unmatched,0,129,https://gallica.bnf.fr/ark:/12148/bpt6k5505300s/f153.item,"La Conférence Consultative fut créée par le Résident général Massicault, M. Ribot étant ministre des Affaires étrangères, en 1891, pour permettre à. l'adnu'nistration de recevoir l"
M000392,L1912-00721,organisation,Charléty,CHARLETY,president,L1912-00596,resolved,1,129,https://gallica.bnf.fr/ark:/12148/bpt6k5505300s/f153.item,"Président, M. Charléty, directeur de l'Enseignement, le secrétaire général, M. Roy ou son délégué le cheikh El-Medina Si Sadok Ghileb"
M000393,L1912-00721,organisation,Khaldounia,KHALDOUNIA,president,,unmatched,0,129,https://gallica.bnf.fr/ark:/12148/bpt6k5505300s/f153.item,"président de la Khaldounia, M. Lasram"
M000394,L1912-00721,organisation,Minis,MINIS,treasurer,,unmatched,0,129,https://gallica.bnf.fr/ark:/12148/bpt6k5505300s/f153.item,Conseil des Ministres
M000395,L1912-00721,organisation,Résident Général,RESIDENT GENERAL,treasurer,,unmatched,0,129,https://gallica.bnf.fr/ark:/12148/bpt6k5505300s/f153.item,"Le Conseil des ministres et chefs de services du Gouvernement tunisien, délibérant sous la. présidence du représentant de la France, le Résident Général, est chargé 6e préparer le "
M000396,L1912-00721,organisation,Justice,JUSTICE,secretary,,unmatched,0,129,https://gallica.bnf.fr/ark:/12148/bpt6k5505300s/f153.item,"Télégraphe, et des deux secrétaires généraux : Justice et Administration"
M000397,L1912-00721,organisation,Carnières,CARNIERES,member,L1912-00521,resolved,1,129,https://gallica.bnf.fr/ark:/12148/bpt6k5505300s/f153.item,La première réunion de ce Conseil a eu lieu en décembre 1910. Les membres de la Conférence délégués au Conseil supérieur sont pour la section française et pour l'année 1911 : MM. d
M000398,L1912-00721,organisation,Lecore-Carpenlier,LECORE CARPENLIER,member,,unmatched,0,129,https://gallica.bnf.fr/ark:/12148/bpt6k5505300s/f153.item,La première réunion de ce Conseil a eu lieu en décembre 1910. Les membres de la Conférence délégués au Conseil supérieur sont pour la section française et pour l'année 1911 : MM. d
M000399,L1912-00721,organisation,Omessa,OMESSA,member,L1912-01923,resolved,1,129,https://gallica.bnf.fr/ark:/12148/bpt6k5505300s/f153.item,La première réunion de ce Conseil a eu lieu en décembre 1910. Les membres de la Conférence délégués au Conseil supérieur sont pour la section française et pour l'année 1911 : MM. d
M000400,L1912-00721,organisation,Fitoussi,FITOUSSI,member,L1912-01165,resolved,1,129,https://gallica.bnf.fr/ark:/12148/bpt6k5505300s/f153.item,La première réunion de ce Conseil a eu lieu en décembre 1910. Les membres de la Conférence délégués au Conseil supérieur sont pour la section française et pour l'année 1911 : MM. d
M000401,L1912-00721,organisation,Lezzam,LEZZAM,member,,unmatched,0,129,https://gallica.bnf.fr/ark:/12148/bpt6k5505300s/f153.item,La première réunion de ce Conseil a eu lieu en décembre 1910. Les membres de la Conférence délégués au Conseil supérieur sont pour la section française et pour l'année 1911 : MM. d
M000402,L1912-00732,organisation,Aïn-cl-Asker,AIN CL ASKER,president,,unmatched,0,134,https://gallica.bnf.fr/ark:/12148/bpt6k5505300s/f158.item,"Elles sont au nombre de six : Aïn-cl-Asker. — MM. G. I-Ioude, prés."
M000403,L1912-00732,organisation,Jules Mabilon,JULES MABILON,vice_president,L1912-01482,resolved_fuzzy,1,134,https://gallica.bnf.fr/ark:/12148/bpt6k5505300s/f158.item,"Jules Mabilon, v.-prés."
M000404,L1912-00732,organisation,Vacon,VACON,secretary,,unmatched,0,134,https://gallica.bnf.fr/ark:/12148/bpt6k5505300s/f158.item,"Le Vacon, secr"
M000405,L1912-00732,organisation,Goubellat,GOUBELLAT,president,,unmatched,0,134,https://gallica.bnf.fr/ark:/12148/bpt6k5505300s/f158.item,"Goubellat. — MM. L. Garçon, prés."
M000406,L1912-00732,organisation,Jacques,JACQUES,vice_president,,unmatched,0,134,https://gallica.bnf.fr/ark:/12148/bpt6k5505300s/f158.item,"Jacques, v.-prés."
M000407,L1912-00732,organisation,Mnrt'imer,MNRT IMER,president,,unmatched,0,134,https://gallica.bnf.fr/ark:/12148/bpt6k5505300s/f158.item,"Massicault. — MM. Gille. prés.: Mnrt'imer, v.-prés."
M000408,L1912-00732,organisation,Meselon,MESELON,assessor,,unmatched,0,134,https://gallica.bnf.fr/ark:/12148/bpt6k5505300s/f158.item,"Meselon, Henri Cbarvin, assess"
M000409,L1912-00732,organisation,Henri Cbarvin,HENRI CBARVIN,assessor,,ambiguous_fuzzy,4,134,https://gallica.bnf.fr/ark:/12148/bpt6k5505300s/f158.item,"Meselon, Henri Cbarvin, assess"
M000410,L1912-00732,organisation,Mateur,MATEUR,president,,unmatched,0,134,https://gallica.bnf.fr/ark:/12148/bpt6k5505300s/f158.item,"Mateur. — MM. La.palu, prés."
M000411,L1912-00732,organisation,Roederer,ROEDERER,vice_president,L1912-02196,resolved,1,134,https://gallica.bnf.fr/ark:/12148/bpt6k5505300s/f158.item,"Roederer, v.-prés."
M000412,L1912-00732,organisation,Carrier,CARRIER,president,L1912-00524,resolved,1,134,https://gallica.bnf.fr/ark:/12148/bpt6k5505300s/f158.item,"Carrier, prés."
M000413,L1912-00732,organisation,Tébourba,TEBOURBA,president,,unmatched,0,134,https://gallica.bnf.fr/ark:/12148/bpt6k5505300s/f158.item,"Tébourba. — MM. Trouillet, prés."
M000414,L1912-00732,organisation,Rousseaux,ROUSSEAUX,vice_president,,unmatched,0,134,https://gallica.bnf.fr/ark:/12148/bpt6k5505300s/f158.item,"Rousseaux, v.-prés."
M000415,L1912-00732,organisation,Carnet,CARNET,secretary,,unmatched,0,134,https://gallica.bnf.fr/ark:/12148/bpt6k5505300s/f158.item,"Carnet, secr."
M000416,L1912-00733,organisation,Colonie,COLONIE,treasurer,,unmatched,0,135,https://gallica.bnf.fr/ark:/12148/bpt6k5505300s/f159.item,"Siège social : rue Es-Sadikia, n° 7. BUT :'La Coopérative a pour but de faciliter les rapports et les échanges entre la Colonie italienne de Tunis et la mère patrie, en procurant l"
M000417,L1912-00733,organisation,Elia,ELIA,councillor,,unmatched,0,135,https://gallica.bnf.fr/ark:/12148/bpt6k5505300s/f159.item,"conseillers, ca. uff. • Dr Petro Brignone, Elia"
M000418,L1912-00756,organisation,Lagrenée,LAGRENEE,vice_president,,unmatched,0,140,https://gallica.bnf.fr/ark:/12148/bpt6k5505300s/f164.item,"v.-prés. : M"""" Lagrenée, Machuel, de Labonne"
M000419,L1912-00756,organisation,Machuel,MACHUEL,vice_president,L1912-01657,resolved,1,140,https://gallica.bnf.fr/ark:/12148/bpt6k5505300s/f164.item,"v.-prés. : M"""" Lagrenée, Machuel, de Labonne"
M000420,L1912-00756,organisation,Labonne,LABONNE,vice_president,,unmatched,0,140,https://gallica.bnf.fr/ark:/12148/bpt6k5505300s/f164.item,"v.-prés. : M"""" Lagrenée, Machuel, de Labonne"
M000421,L1912-00756,organisation,D Braquehaye,D BRAQUEHAYE,secretary_general,,unmatched,0,140,https://gallica.bnf.fr/ark:/12148/bpt6k5505300s/f164.item,"secret. gén. : M. le D"" Braquehaye, chirurgien en chef de l'hôpital civil"
M000422,L1912-00756,organisation,Ponzevera,PONZEVERA,secretary,,unmatched,0,140,https://gallica.bnf.fr/ark:/12148/bpt6k5505300s/f164.item,"secr. : M"""""" Ponzevera et Larbey"
M000423,L1912-00756,organisation,Pichon,PICHON,president,,unmatched,0,140,https://gallica.bnf.fr/ark:/12148/bpt6k5505300s/f164.item,"Prés. hon. : M"""" Pichon, M'"" 0 la générale Roux el M""' R. Millet"
M000424,L1912-00756,organisation,Bey,BEY,honorary_president,,unmatched,0,140,https://gallica.bnf.fr/ark:/12148/bpt6k5505300s/f164.item,"présidents d'honneur : S. A. le Bey de Tunis, M. le Résident Général Alapelile el M. le général Pistor, commandant la Division"
M000425,L1912-00756,organisation,Taverna,TAVERNA,president,L1912-02521,resolved_fuzzy,1,140,https://gallica.bnf.fr/ark:/12148/bpt6k5505300s/f164.item,"M. le général Taverna, prés."
M000426,L1912-00756,organisation,Troli,TROLI,vice_president,,unmatched,0,140,https://gallica.bnf.fr/ark:/12148/bpt6k5505300s/f164.item,"MM. le comte Troli, le marquis Maurigi et le comte Délia Somaglia, v.-prés."
M000427,L1912-00756,organisation,Maurigi,MAURIGI,vice_president,,unmatched,0,140,https://gallica.bnf.fr/ark:/12148/bpt6k5505300s/f164.item,"MM. le comte Troli, le marquis Maurigi et le comte Délia Somaglia, v.-prés."
M000428,L1912-00756,organisation,Délia Somaglia,DELIA SOMAGLIA,vice_president,,unmatched,0,140,https://gallica.bnf.fr/ark:/12148/bpt6k5505300s/f164.item,"MM. le comte Troli, le marquis Maurigi et le comte Délia Somaglia, v.-prés."
M000429,L1912-00756,organisation,Balestra,BALESTRA,assessor,,unmatched,0,140,https://gallica.bnf.fr/ark:/12148/bpt6k5505300s/f164.item,"assess.: Dr Balestra, ingénieur Cadolini, ingénieur Cadolini, sénateur Cavaceppi, avocat Lupacchioli, prof"
M000430,L1912-00756,organisation,Cadolini,CADOLINI,assessor,,unmatched,0,140,https://gallica.bnf.fr/ark:/12148/bpt6k5505300s/f164.item,"assess.: Dr Balestra, ingénieur Cadolini, ingénieur Cadolini, sénateur Cavaceppi, avocat Lupacchioli, prof"
M000431,L1912-00756,organisation,Cadolini,CADOLINI,assessor,,unmatched,0,140,https://gallica.bnf.fr/ark:/12148/bpt6k5505300s/f164.item,"assess.: Dr Balestra, ingénieur Cadolini, ingénieur Cadolini, sénateur Cavaceppi, avocat Lupacchioli, prof"
M000432,L1912-00756,organisation,Lupacchioli,LUPACCHIOLI,assessor,,unmatched,0,140,https://gallica.bnf.fr/ark:/12148/bpt6k5505300s/f164.item,"assess.: Dr Balestra, ingénieur Cadolini, ingénieur Cadolini, sénateur Cavaceppi, avocat Lupacchioli, prof"
M000433,L1912-00756,organisation,Cardorna,CARDORNA,past_president,,unmatched,0,140,https://gallica.bnf.fr/ark:/12148/bpt6k5505300s/f164.item,"Anciens présidents : MM. le sénateur Guicciardi jusqu'à, l'année 1S84, le général Cardorna jusqu'en 1SS6. comte Délia Somaglia jusqu'en 1896 j général Taverna, sénateur, président "
M000434,L1912-00756,organisation,Fidei,FIDEI,treasurer,,unmatched,0,140,https://gallica.bnf.fr/ark:/12148/bpt6k5505300s/f164.item,"au centre de la croix esl, un cercle enfermant les clefs de SaintPierre posées en sautoir et surmontées de la. tiare avec cette devise : «Fidei el virtuti». Celte croix est suspend"
M000435,L1912-00757,organisation,Roman,ROMAN,vice_president,L1912-02203,resolved_fuzzy,1,141,https://gallica.bnf.fr/ark:/12148/bpt6k5505300s/f165.item,"Roman et Stephanini, v.-prés."
M000436,L1912-00757,organisation,Stephanini,STEPHANINI,vice_president,,unmatched,0,141,https://gallica.bnf.fr/ark:/12148/bpt6k5505300s/f165.item,"Roman et Stephanini, v.-prés."
M000437,L1912-00757,organisation,Guodagnino,GUODAGNINO,secretary,,unmatched,0,141,https://gallica.bnf.fr/ark:/12148/bpt6k5505300s/f165.item,"Guodagnino, secr."
M000438,L1912-00757,organisation,Stephanini,STEPHANINI,president,,unmatched,0,141,https://gallica.bnf.fr/ark:/12148/bpt6k5505300s/f165.item,"Ane. prés.: MM.Perpétua, Stephanini, Converti, Catania et Soria"
M000439,L1912-00757,organisation,Converti,CONVERTI,president,L1912-00731,resolved,1,141,https://gallica.bnf.fr/ark:/12148/bpt6k5505300s/f165.item,"Ane. prés.: MM.Perpétua, Stephanini, Converti, Catania et Soria"
M000440,L1912-00757,organisation,Catania,CATANIA,president,,unmatched,0,141,https://gallica.bnf.fr/ark:/12148/bpt6k5505300s/f165.item,"Ane. prés.: MM.Perpétua, Stephanini, Converti, Catania et Soria"
M000441,L1912-00757,organisation,Soria,SORIA,president,,unmatched,0,141,https://gallica.bnf.fr/ark:/12148/bpt6k5505300s/f165.item,"Ane. prés.: MM.Perpétua, Stephanini, Converti, Catania et Soria"
M000442,L1912-00764,organisation,Ils,ILS,president,,unmatched,0,142,https://gallica.bnf.fr/ark:/12148/bpt6k5505300s/f166.item,Ils élisent ensemble leur président
M000443,L1912-01073,organisation,Blanc,BLANC,honorary_president,,ambiguous,2,178,https://gallica.bnf.fr/ark:/12148/bpt6k5505300s/f202.item,"Prés, d'honn., M. Blanc, secrétaire général du Gouvernement tunisien"
M000444,L1912-01073,organisation,Bénazet A,BENAZET A,president,L1912-00281,resolved,1,178,https://gallica.bnf.fr/ark:/12148/bpt6k5505300s/f202.item,"prés, depuis la fondation : M. Bénazet A."
M000445,L1912-01073,organisation,Bourrel,BOURREL,vice_president,,unmatched,0,178,https://gallica.bnf.fr/ark:/12148/bpt6k5505300s/f202.item,"vice-prés., M. Bourrel"
M000446,L1912-01073,organisation,Gros,GROS,deputy_secretary,,unmatched,0,178,https://gallica.bnf.fr/ark:/12148/bpt6k5505300s/f202.item,secr.-adj. : M. Gros
M000447,L1912-01073,organisation,Malis,MALIS,assessor,,unmatched,0,178,https://gallica.bnf.fr/ark:/12148/bpt6k5505300s/f202.item,"assesseurs, MM. Malis, Carbonnel, Courtade F. et Marlinolles"
M000448,L1912-01073,organisation,Carbonnel,CARBONNEL,assessor,,unmatched,0,178,https://gallica.bnf.fr/ark:/12148/bpt6k5505300s/f202.item,"assesseurs, MM. Malis, Carbonnel, Courtade F. et Marlinolles"
M000449,L1912-01073,organisation,Courtade F,COURTADE F,assessor,,unmatched,0,178,https://gallica.bnf.fr/ark:/12148/bpt6k5505300s/f202.item,"assesseurs, MM. Malis, Carbonnel, Courtade F. et Marlinolles"
M000450,L1912-01073,organisation,Marlinolles,MARLINOLLES,assessor,,unmatched,0,178,https://gallica.bnf.fr/ark:/12148/bpt6k5505300s/f202.item,"assesseurs, MM. Malis, Carbonnel, Courtade F. et Marlinolles"
M000451,L1912-01073,organisation,Vidal,VIDAL,delegate,L1912-02659,resolved,1,178,https://gallica.bnf.fr/ark:/12148/bpt6k5505300s/f202.item,"Délégués : MM. Vidal, à Béja"
M000452,L1912-01075,organisation,E Coste,E COSTE,vice_president,,ambiguous_fuzzy,3,178,https://gallica.bnf.fr/ark:/12148/bpt6k5505300s/f202.item,"E. Coste, v.-prés."
M000453,L1912-01075,organisation,Coste,COSTE,secretary,,ambiguous_fuzzy,3,178,https://gallica.bnf.fr/ark:/12148/bpt6k5505300s/f202.item,"Coste, secr."
M000454,L1912-01126,organisation,Communaux,COMMUNAUX,president,L1912-00699,resolved,1,186,https://gallica.bnf.fr/ark:/12148/bpt6k5505300s/f210.item,"Prés., M. Communaux"
M000455,L1912-01126,organisation,Duclos,DUCLOS,vice_president,L1912-00961,resolved,1,186,https://gallica.bnf.fr/ark:/12148/bpt6k5505300s/f210.item,"v.-prés., MM. Duclos et Cordier"
M000456,L1912-01126,organisation,Cordier,CORDIER,vice_president,,unmatched,0,186,https://gallica.bnf.fr/ark:/12148/bpt6k5505300s/f210.item,"v.-prés., MM. Duclos et Cordier"
M000457,L1912-01126,organisation,H Bec,H BEC,secretary_general,L1912-00259,resolved,1,186,https://gallica.bnf.fr/ark:/12148/bpt6k5505300s/f210.item,"secr. gén., M. H. Bec"
M000458,L1912-01126,organisation,Rouquié,ROUQUIE,deputy_secretary,L1912-02213,resolved,1,186,https://gallica.bnf.fr/ark:/12148/bpt6k5505300s/f210.item,"secr.-adj., M. le docteur Rouquié"
M000459,L1912-01195,organisation,Pellet,PELLET,president,L1912-02019,resolved,1,197,https://gallica.bnf.fr/ark:/12148/bpt6k5505300s/f221.item,"MM. Pellet, prés:"
M000460,L1912-01195,organisation,Faivre,FAIVRE,vice_president,,unmatched,0,197,https://gallica.bnf.fr/ark:/12148/bpt6k5505300s/f221.item,"Faivre el Tuetuz, v.-prés."
M000461,L1912-01195,organisation,Galley,GALLEY,secretary,,unmatched,0,197,https://gallica.bnf.fr/ark:/12148/bpt6k5505300s/f221.item,"Galley, secr."
M000462,L1912-01416,organisation,Blanc,BLANC,commissioner,,ambiguous,2,228,https://gallica.bnf.fr/ark:/12148/bpt6k5505300s/f252.item,"La Commiss. administrative de surveillance se compose de : M. Blanc, secret, général du Gouvernement Tunisien, président"
M000463,L1912-01416,organisation,Braquehaye,BRAQUEHAYE,treasurer,,unmatched,0,228,https://gallica.bnf.fr/ark:/12148/bpt6k5505300s/f252.item,"Deux autres pavillons pour les maladies contagieuses ont été ouverts en 1901. L'hôpital est ouvert pour les visiteurs les mardi, jeudi et dimanche, de deux à quatre en hiver et de "
M000464,L1912-01417,organisation,Casanello,CASANELLO,treasurer,,unmatched,0,228,https://gallica.bnf.fr/ark:/12148/bpt6k5505300s/f252.item,"Hôpital colonial italien ce Giuseppe Garibaldi». Cet hôpital, créé en 1890 par le corps.médical italien de Tunis, avec le concours de la Colonie italienne, n'est que la continuatio"
M000465,L1912-01417,organisation,Botlesini,BOTLESINI,president,L1912-00406,resolved_fuzzy,1,228,https://gallica.bnf.fr/ark:/12148/bpt6k5505300s/f252.item,"Botlesini, consul général d'Italie, président"
M000466,L1912-01417,organisation,E Busacca,E BUSACCA,secretary,L1912-00477,resolved,1,228,https://gallica.bnf.fr/ark:/12148/bpt6k5505300s/f252.item,"le D' E. Busacca, secrétaire"
M000467,L1912-01417,organisation,E Escano,E ESCANO,treasurer,L1912-01099,resolved,1,228,https://gallica.bnf.fr/ark:/12148/bpt6k5505300s/f252.item,"MM. E. Escano, trésorier"
M000468,L1912-01417,organisation,Caftan,CAFTAN,president,,ambiguous_fuzzy,4,228,https://gallica.bnf.fr/ark:/12148/bpt6k5505300s/f252.item,"Le président du Conseil d'administration est actuellement : M"" Caftan"
M000469,L1912-01417,organisation,Mossé,MOSSE,past_president,,ambiguous_fuzzy,2,228,https://gallica.bnf.fr/ark:/12148/bpt6k5505300s/f252.item,"ancien président : M"" Mossé."
M000470,L1912-01419,organisation,Kheïreddine,KHEIREDDINE,treasurer,L1912-01515,resolved,1,229,https://gallica.bnf.fr/ark:/12148/bpt6k5505300s/f253.item,"Cet hôpital, dont la création avait été inspirée par le ministre Kheïreddine et qui est purement indigène, a été inauguré le 1"" janvier 1880. Il est installé dans la rue des Bécham"
M000471,L1912-01419,organisation,Finances,FINANCES,director,,unmatched,0,229,https://gallica.bnf.fr/ark:/12148/bpt6k5505300s/f253.item,le Directeur des Finances
M000472,L1912-01419,organisation,Djemaïa,DJEMAIA,president,,unmatched,0,229,https://gallica.bnf.fr/ark:/12148/bpt6k5505300s/f253.item,le Président de la Djemaïa des Mabous
M000473,L1912-01457,organisation,Sciences,SCIENCES,treasurer,,unmatched,0,237,https://gallica.bnf.fr/ark:/12148/bpt6k5505300s/f261.item,"Institut de Carthage, association tunisienne des Lettres, Sciences et Arts"
M000474,L1912-01457,organisation,Arts,ARTS,treasurer,,unmatched,0,237,https://gallica.bnf.fr/ark:/12148/bpt6k5505300s/f261.item,"Institut de Carthage, association tunisienne des Lettres, Sciences et Arts"
M000475,L1912-01457,organisation,Sciences,SCIENCES,treasurer,,unmatched,0,237,https://gallica.bnf.fr/ark:/12148/bpt6k5505300s/f261.item,"la Société y fut constituée sous le nom d'«Associalion tunisienne des Lettres, Sciences et Arts». Elle adopta la devise : «Travail et Concorde.» Le 5 janvier 1894, l'association pr"
M000476,L1912-01457,organisation,Travail,TRAVAIL,treasurer,,unmatched,0,237,https://gallica.bnf.fr/ark:/12148/bpt6k5505300s/f261.item,"la Société y fut constituée sous le nom d'«Associalion tunisienne des Lettres, Sciences et Arts». Elle adopta la devise : «Travail et Concorde.» Le 5 janvier 1894, l'association pr"
M000477,L1912-01457,organisation,Revue,REVUE,treasurer,,unmatched,0,237,https://gallica.bnf.fr/ark:/12148/bpt6k5505300s/f261.item,Elle fait paraître un organe bimestriel : «la Revue Tunisienne». Elle a donné des conférences remarquées
M000478,L1912-01457,organisation,C Combet,C COMBET,president,L1912-00685,resolved,1,237,https://gallica.bnf.fr/ark:/12148/bpt6k5505300s/f261.item,"Bureau pour Tannée 1910-1911 : MM. C. Combet, prés."
M000479,L1912-01457,organisation,Kerambriec,KERAMBRIEC,vice_president,L1912-01502,resolved_fuzzy,1,237,https://gallica.bnf.fr/ark:/12148/bpt6k5505300s/f261.item,"de Kerambriec et Jules Renault (architecte), v.-prés."
M000480,L1912-01457,organisation,Jules Renault,JULES RENAULT,vice_president,L1912-02160,resolved,1,237,https://gallica.bnf.fr/ark:/12148/bpt6k5505300s/f261.item,"de Kerambriec et Jules Renault (architecte), v.-prés."
M000481,L1912-01457,organisation,Collège Alaoui,COLLEGE ALAOUI,director,,ambiguous,2,237,https://gallica.bnf.fr/ark:/12148/bpt6k5505300s/f261.item,": Buisson B., directeur du Collège Alaoui"
M000482,L1912-01457,organisation,SerL,SERL,director,,unmatched,0,237,https://gallica.bnf.fr/ark:/12148/bpt6k5505300s/f261.item,"le D' Bresson, ex-directeur du SerL vice de santé de la Division d'occupation de Tunisie"
M000483,L1912-01459,organisation,Mateur Béja Goubellat,MATEUR BEJA GOUBELLAT,director,,unmatched,0,239,https://gallica.bnf.fr/ark:/12148/bpt6k5505300s/f263.item,"Pendant l'été 1906, le docteur Husson a été chargé par le Directeur de l'Institut Pasteur .sur la demande de M. le Directeur de l'Agriculture et du Commerce, de l'étude du paludism"
M000484,L1912-01459,organisation,Loir,LOIR,director,L1912-01637,resolved,1,239,https://gallica.bnf.fr/ark:/12148/bpt6k5505300s/f263.item,Ancien directeur. : M. le Dr Loir
M000485,L1912-01602,organisation,Seng,SENG,vice_president,,unmatched,0,262,https://gallica.bnf.fr/ark:/12148/bpt6k5505300s/f286.item,"Seng (IL), m. a. et N..., vice-présidents"
M000486,L1912-01602,organisation,Curiel,CURIEL,secretary,,unmatched,0,262,https://gallica.bnf.fr/ark:/12148/bpt6k5505300s/f286.item,"Curiel, in. a-., secrétaire"
M000487,L1912-01602,organisation,Montés,MONTES,treasurer,,unmatched,0,262,https://gallica.bnf.fr/ark:/12148/bpt6k5505300s/f286.item,"Relier, m. a., trésorier: de Montés, m. a., secrétaire adjoint"
M000488,L1912-01624,organisation,P Luciani,P LUCIANI,secretary,L1912-01645,resolved,1,267,https://gallica.bnf.fr/ark:/12148/bpt6k5505300s/f291.item,"P. Luciani, secr."
M000489,L1912-01624,organisation,Communaux,COMMUNAUX,past_president,L1912-00699,resolved,1,267,https://gallica.bnf.fr/ark:/12148/bpt6k5505300s/f291.item,"Anc. prés. fond, de la Section : M. Communaux."
M000490,L1912-01625,organisation,Bignens,BIGNENS,vice_president,L1912-00342,resolved,1,267,https://gallica.bnf.fr/ark:/12148/bpt6k5505300s/f291.item,"Bignens et Duclos, v.-prés."
M000491,L1912-01625,organisation,Duclos,DUCLOS,vice_president,L1912-00961,resolved,1,267,https://gallica.bnf.fr/ark:/12148/bpt6k5505300s/f291.item,"Bignens et Duclos, v.-prés."
M000492,L1912-01625,organisation,Ducas,DUCAS,member,L1912-00969,resolved_fuzzy,1,267,https://gallica.bnf.fr/ark:/12148/bpt6k5505300s/f291.item,"Ducas, Ga.uvry, Guinle, Loth, Luciani, Martin, Robinet, Thuillier, Thomas, membr. 400 membres"
M000493,L1912-01625,organisation,Guinle,GUINLE,member,,unmatched,0,267,https://gallica.bnf.fr/ark:/12148/bpt6k5505300s/f291.item,"Ducas, Ga.uvry, Guinle, Loth, Luciani, Martin, Robinet, Thuillier, Thomas, membr. 400 membres"
M000494,L1912-01625,organisation,Loth,LOTH,member,L1912-01640,resolved,1,267,https://gallica.bnf.fr/ark:/12148/bpt6k5505300s/f291.item,"Ducas, Ga.uvry, Guinle, Loth, Luciani, Martin, Robinet, Thuillier, Thomas, membr. 400 membres"
M000495,L1912-01625,organisation,Luciani,LUCIANI,member,L1912-01645,resolved,1,267,https://gallica.bnf.fr/ark:/12148/bpt6k5505300s/f291.item,"Ducas, Ga.uvry, Guinle, Loth, Luciani, Martin, Robinet, Thuillier, Thomas, membr. 400 membres"
M000496,L1912-01625,organisation,Martin,MARTIN,member,,ambiguous,2,267,https://gallica.bnf.fr/ark:/12148/bpt6k5505300s/f291.item,"Ducas, Ga.uvry, Guinle, Loth, Luciani, Martin, Robinet, Thuillier, Thomas, membr. 400 membres"
M000497,L1912-01625,organisation,Robinet,ROBINET,member,L1912-02193,resolved,1,267,https://gallica.bnf.fr/ark:/12148/bpt6k5505300s/f291.item,"Ducas, Ga.uvry, Guinle, Loth, Luciani, Martin, Robinet, Thuillier, Thomas, membr. 400 membres"
M000498,L1912-01625,organisation,Thuillier,THUILLIER,member,,unmatched,0,267,https://gallica.bnf.fr/ark:/12148/bpt6k5505300s/f291.item,"Ducas, Ga.uvry, Guinle, Loth, Luciani, Martin, Robinet, Thuillier, Thomas, membr. 400 membres"
M000499,L1912-01625,organisation,Thomas,THOMAS,member,,ambiguous,2,267,https://gallica.bnf.fr/ark:/12148/bpt6k5505300s/f291.item,"Ducas, Ga.uvry, Guinle, Loth, Luciani, Martin, Robinet, Thuillier, Thomas, membr. 400 membres"
M000500,L1912-01625,organisation,Léon Roy,LEON ROY,treasurer,,unmatched,0,267,https://gallica.bnf.fr/ark:/12148/bpt6k5505300s/f291.item,"Nous donnons ci-après la. composition des bureaux de tous les autres cercles de la. ligue de l'enseignement de.Tunisie : Cercle de Béja : MM. Léon Roy, prés., Carrier et Jouaffre, "
M000501,L1912-01625,organisation,Carrier,CARRIER,treasurer,L1912-00524,resolved,1,267,https://gallica.bnf.fr/ark:/12148/bpt6k5505300s/f291.item,"Nous donnons ci-après la. composition des bureaux de tous les autres cercles de la. ligue de l'enseignement de.Tunisie : Cercle de Béja : MM. Léon Roy, prés., Carrier et Jouaffre, "
M000502,L1912-01625,organisation,Jouaffre,JOUAFFRE,treasurer,,unmatched,0,267,https://gallica.bnf.fr/ark:/12148/bpt6k5505300s/f291.item,"Nous donnons ci-après la. composition des bureaux de tous les autres cercles de la. ligue de l'enseignement de.Tunisie : Cercle de Béja : MM. Léon Roy, prés., Carrier et Jouaffre, "
M000503,L1912-01625,organisation,Allaichi,ALLAICHI,secretary,,unmatched,0,267,https://gallica.bnf.fr/ark:/12148/bpt6k5505300s/f291.item,"Allaichi, secr."
M000504,L1912-01625,organisation,Vidal,VIDAL,member,L1912-02659,resolved,1,267,https://gallica.bnf.fr/ark:/12148/bpt6k5505300s/f291.item,"Vidal, Montassier. 'Auvergnat^ Simler, Chala.voux, membres"
M000505,L1912-01625,organisation,Montassier,MONTASSIER,member,,unmatched,0,267,https://gallica.bnf.fr/ark:/12148/bpt6k5505300s/f291.item,"Vidal, Montassier. 'Auvergnat^ Simler, Chala.voux, membres"
M000506,L1912-01625,organisation,Landeroin,LANDEROIN,president,L1912-01585,resolved,1,267,https://gallica.bnf.fr/ark:/12148/bpt6k5505300s/f291.item,"Landeroin, prés."
M000507,L1912-01625,organisation,Anouilh,ANOUILH,vice_president,,unmatched,0,267,https://gallica.bnf.fr/ark:/12148/bpt6k5505300s/f291.item,"Anouilh et Davesne, vice-prés."
M000508,L1912-01625,organisation,Davesne,DAVESNE,vice_president,,unmatched,0,267,https://gallica.bnf.fr/ark:/12148/bpt6k5505300s/f291.item,"Anouilh et Davesne, vice-prés."
M000509,L1912-01625,organisation,Rafoni,RAFONI,secretary,,unmatched,0,267,https://gallica.bnf.fr/ark:/12148/bpt6k5505300s/f291.item,"Rafoni et Capdeville, secr."
M000510,L1912-01625,organisation,Gonthier,GONTHIER,president,,unmatched,0,267,https://gallica.bnf.fr/ark:/12148/bpt6k5505300s/f291.item,"Cercle de Djerba. : MM. Gonthier, président"
M000511,L1912-01625,organisation,Seuve,SEUVE,vice_president,,unmatched,0,267,https://gallica.bnf.fr/ark:/12148/bpt6k5505300s/f291.item,"Seuve, vice-prés."
M000512,L1912-01625,organisation,Seuve,SEUVE,member,,unmatched,0,267,https://gallica.bnf.fr/ark:/12148/bpt6k5505300s/f291.item,"M"""" Seuve et Chaffard, membres"
M000513,L1912-01625,organisation,Chaffard,CHAFFARD,member,,unmatched,0,267,https://gallica.bnf.fr/ark:/12148/bpt6k5505300s/f291.item,"M"""" Seuve et Chaffard, membres"
M000514,L1912-01625,organisation,Anselm,ANSELM,president,L1912-00104,resolved_fuzzy,1,267,https://gallica.bnf.fr/ark:/12148/bpt6k5505300s/f291.item,"Cercle de Ferryville : MM. Ricard, prés, et Anselm, secrétaire"
M000515,L1912-01625,organisation,Dabrigeon,DABRIGEON,president,L1912-00767,resolved,1,267,https://gallica.bnf.fr/ark:/12148/bpt6k5505300s/f291.item,"Cercle de Gabès : MM. Dabrigeon, prés."
M000516,L1912-01625,organisation,Coulon,COULON,vice_president,L1912-00745,resolved,1,267,https://gallica.bnf.fr/ark:/12148/bpt6k5505300s/f291.item,"Coulon, v.-prés."
M000517,L1912-01625,organisation,Maubé,MAUBE,member,,unmatched,0,267,https://gallica.bnf.fr/ark:/12148/bpt6k5505300s/f291.item,"Maubé, Gross, Gras, Veyssière, Barthelet, Caratini, membres"
M000518,L1912-01625,organisation,Gross,GROSS,member,L1912-01314,resolved,1,267,https://gallica.bnf.fr/ark:/12148/bpt6k5505300s/f291.item,"Maubé, Gross, Gras, Veyssière, Barthelet, Caratini, membres"
M000519,L1912-01625,organisation,Gras,GRAS,member,,unmatched,0,267,https://gallica.bnf.fr/ark:/12148/bpt6k5505300s/f291.item,"Maubé, Gross, Gras, Veyssière, Barthelet, Caratini, membres"
M000520,L1912-01625,organisation,Veyssière,VEYSSIERE,member,,unmatched,0,267,https://gallica.bnf.fr/ark:/12148/bpt6k5505300s/f291.item,"Maubé, Gross, Gras, Veyssière, Barthelet, Caratini, membres"
M000521,L1912-01625,organisation,Barthelet,BARTHELET,member,,unmatched,0,267,https://gallica.bnf.fr/ark:/12148/bpt6k5505300s/f291.item,"Maubé, Gross, Gras, Veyssière, Barthelet, Caratini, membres"
M000522,L1912-01625,organisation,Caratini,CARATINI,member,,unmatched,0,267,https://gallica.bnf.fr/ark:/12148/bpt6k5505300s/f291.item,"Maubé, Gross, Gras, Veyssière, Barthelet, Caratini, membres"
M000523,L1912-01625,organisation,Giannesini,GIANNESINI,president,,unmatched,0,267,https://gallica.bnf.fr/ark:/12148/bpt6k5505300s/f291.item,"Cercle de Ghardimaou : MM. Giannesini, prés."
M000524,L1912-01625,organisation,Pardigon,PARDIGON,vice_president,,unmatched,0,267,https://gallica.bnf.fr/ark:/12148/bpt6k5505300s/f291.item,"Pardigon, v.-prés."
M000525,L1912-01625,organisation,Falandry,FALANDRY,secretary,,unmatched,0,267,https://gallica.bnf.fr/ark:/12148/bpt6k5505300s/f291.item,"Falandry, secr."
M000526,L1912-01625,organisation,Cornillon,CORNILLON,member,,unmatched,0,267,https://gallica.bnf.fr/ark:/12148/bpt6k5505300s/f291.item,"Cornillon, Frnnconnet, Ruggiera, membres"
M000527,L1912-01625,organisation,Frnnconnet,FRNNCONNET,member,,unmatched,0,267,https://gallica.bnf.fr/ark:/12148/bpt6k5505300s/f291.item,"Cornillon, Frnnconnet, Ruggiera, membres"
M000528,L1912-01625,organisation,Ruggiera,RUGGIERA,member,,unmatched,0,267,https://gallica.bnf.fr/ark:/12148/bpt6k5505300s/f291.item,"Cornillon, Frnnconnet, Ruggiera, membres"
M000529,L1912-01625,organisation,Warzée,WARZEE,president,,ambiguous,2,267,https://gallica.bnf.fr/ark:/12148/bpt6k5505300s/f291.item,"Cercle de Kairouan : MM. Warzée, prés."
M000530,L1912-01625,organisation,Gauberl,GAUBERL,secretary,,unmatched,0,267,https://gallica.bnf.fr/ark:/12148/bpt6k5505300s/f291.item,"Gauberl, secr."
M000531,L1912-01625,organisation,Roy,ROY,member,,unmatched,0,267,https://gallica.bnf.fr/ark:/12148/bpt6k5505300s/f291.item,"Roy, Berthier, Bacar, membres"
M000532,L1912-01625,organisation,Berthier,BERTHIER,member,,unmatched,0,267,https://gallica.bnf.fr/ark:/12148/bpt6k5505300s/f291.item,"Roy, Berthier, Bacar, membres"
M000533,L1912-01625,organisation,Bacar,BACAR,member,,unmatched,0,267,https://gallica.bnf.fr/ark:/12148/bpt6k5505300s/f291.item,"Roy, Berthier, Bacar, membres"
M000534,L1912-01625,organisation,Comiti,COMITI,president,L1912-00694,resolved,1,267,https://gallica.bnf.fr/ark:/12148/bpt6k5505300s/f291.item,"Cercle du Kef : MM. Comiti, prés."
M000535,L1912-01625,organisation,Guillot,GUILLOT,vice_president,L1912-01337,resolved,1,267,https://gallica.bnf.fr/ark:/12148/bpt6k5505300s/f291.item,"M""' Guillot, v.-prés."
M000536,L1912-01625,organisation,Billon,BILLON,secretary,L1912-00346,resolved,1,267,https://gallica.bnf.fr/ark:/12148/bpt6k5505300s/f291.item,"Billon, secr."
M000537,L1912-01625,organisation,Alix,ALIX,member,,ambiguous,2,267,https://gallica.bnf.fr/ark:/12148/bpt6k5505300s/f291.item,"Alix, Guérin, Guillot, Monteau, membres"
M000538,L1912-01625,organisation,Guérin,GUERIN,member,L1912-01326,resolved_fuzzy,1,267,https://gallica.bnf.fr/ark:/12148/bpt6k5505300s/f291.item,"Alix, Guérin, Guillot, Monteau, membres"
M000539,L1912-01625,organisation,Guillot,GUILLOT,member,L1912-01337,resolved,1,267,https://gallica.bnf.fr/ark:/12148/bpt6k5505300s/f291.item,"Alix, Guérin, Guillot, Monteau, membres"
M000540,L1912-01625,organisation,Monteau,MONTEAU,member,,unmatched,0,267,https://gallica.bnf.fr/ark:/12148/bpt6k5505300s/f291.item,"Alix, Guérin, Guillot, Monteau, membres"
M000541,L1912-01625,organisation,Bigorre,BIGORRE,president,L1912-00343,resolved,1,267,https://gallica.bnf.fr/ark:/12148/bpt6k5505300s/f291.item,"Cercle de Mahdia : MM. Bigorre,prés."
M000542,L1912-01625,organisation,Chevallier,CHEVALLIER,vice_president,,ambiguous_fuzzy,2,267,https://gallica.bnf.fr/ark:/12148/bpt6k5505300s/f291.item,"Chevallier et Bertin, v.-prés."
M000543,L1912-01625,organisation,Bertin,BERTIN,vice_president,,ambiguous,2,267,https://gallica.bnf.fr/ark:/12148/bpt6k5505300s/f291.item,"Chevallier et Bertin, v.-prés."
M000544,L1912-01625,organisation,Royer,ROYER,secretary,L1912-02219,resolved,1,267,https://gallica.bnf.fr/ark:/12148/bpt6k5505300s/f291.item,"Royer, secr."
M000545,L1912-01625,organisation,Delully,DELULLY,member,,unmatched,0,267,https://gallica.bnf.fr/ark:/12148/bpt6k5505300s/f291.item,"Delully, Marchioni, Jacquier, membres"
M000546,L1912-01625,organisation,Marchioni,MARCHIONI,member,L1912-01692,resolved,1,267,https://gallica.bnf.fr/ark:/12148/bpt6k5505300s/f291.item,"Delully, Marchioni, Jacquier, membres"
M000547,L1912-01625,organisation,Jacquier,JACQUIER,member,,ambiguous,2,267,https://gallica.bnf.fr/ark:/12148/bpt6k5505300s/f291.item,"Delully, Marchioni, Jacquier, membres"
M000548,L1912-01625,organisation,Ferdinand Amy,FERDINAND AMY,president,,unmatched,0,267,https://gallica.bnf.fr/ark:/12148/bpt6k5505300s/f291.item,"Cercle de ■ Mateur : MM. Ferdinand Amy, prés."
M000549,L1912-01625,organisation,Bâton,BATON,member,L1912-00240,resolved_fuzzy,1,267,https://gallica.bnf.fr/ark:/12148/bpt6k5505300s/f291.item,"Bâton, Busqué, Lapalu, L. Redon! membres"
M000550,L1912-01625,organisation,Busqué,BUSQUE,member,,unmatched,0,267,https://gallica.bnf.fr/ark:/12148/bpt6k5505300s/f291.item,"Bâton, Busqué, Lapalu, L. Redon! membres"
M000551,L1912-01625,organisation,Lapalu,LAPALU,member,,unmatched,0,267,https://gallica.bnf.fr/ark:/12148/bpt6k5505300s/f291.item,"Bâton, Busqué, Lapalu, L. Redon! membres"
M000552,L1912-01625,organisation,P LucianL,P LUCIANL,president,L1912-01645,resolved_fuzzy,1,267,https://gallica.bnf.fr/ark:/12148/bpt6k5505300s/f291.item,Cercle de Sfax : MM. P. LucianLprés.
M000553,L1912-01625,organisation,Bonavita,BONAVITA,president,,unmatched,0,267,https://gallica.bnf.fr/ark:/12148/bpt6k5505300s/f291.item,"Bonavita, prés."
M000554,L1912-01625,organisation,Chotard,CHOTARD,vice_president,L1912-00644,resolved,1,267,https://gallica.bnf.fr/ark:/12148/bpt6k5505300s/f291.item,"Chotard, viceprés."
M000555,L1912-01625,organisation,Mollard,MOLLARD,secretary,L1912-01851,resolved_fuzzy,1,267,https://gallica.bnf.fr/ark:/12148/bpt6k5505300s/f291.item,"Mollard, secr."
M000556,L1912-01625,organisation,Ceccaldi,CECCALDI,member,,unmatched,0,267,https://gallica.bnf.fr/ark:/12148/bpt6k5505300s/f291.item,"Be- - na, Calta.n, Ceccaldi, Courederie, Germain et Rivoli er, membres"
M000557,L1912-01625,organisation,Courederie,COUREDERIE,member,,unmatched,0,267,https://gallica.bnf.fr/ark:/12148/bpt6k5505300s/f291.item,"Be- - na, Calta.n, Ceccaldi, Courederie, Germain et Rivoli er, membres"
M000558,L1912-01625,organisation,Germain,GERMAIN,member,,unmatched,0,267,https://gallica.bnf.fr/ark:/12148/bpt6k5505300s/f291.item,"Be- - na, Calta.n, Ceccaldi, Courederie, Germain et Rivoli er, membres"
M000559,L1912-01625,organisation,Rivoli,RIVOLI,member,,unmatched,0,267,https://gallica.bnf.fr/ark:/12148/bpt6k5505300s/f291.item,"Be- - na, Calta.n, Ceccaldi, Courederie, Germain et Rivoli er, membres"
M000560,L1912-01625,organisation,Jean,JEAN,president,,unmatched,0,267,https://gallica.bnf.fr/ark:/12148/bpt6k5505300s/f291.item,"Cercle de Souk-el-Arba : MM. Jean, prés."
M000561,L1912-01625,organisation,Tersac,TERSAC,vice_president,,unmatched,0,267,https://gallica.bnf.fr/ark:/12148/bpt6k5505300s/f291.item,"Tersac et Mazurkiewicz, v.-prés."
M000562,L1912-01625,organisation,Mazurkiewicz,MAZURKIEWICZ,vice_president,,unmatched,0,267,https://gallica.bnf.fr/ark:/12148/bpt6k5505300s/f291.item,"Tersac et Mazurkiewicz, v.-prés."
M000563,L1912-01625,organisation,Ernest Reynnud,ERNEST REYNNUD,secretary,L1912-02172,resolved_fuzzy,1,267,https://gallica.bnf.fr/ark:/12148/bpt6k5505300s/f291.item,"Ernest Reynnud, secr."
M000564,L1912-01625,organisation,Dumerguc,DUMERGUC,member,L1912-00970,resolved_fuzzy,1,267,https://gallica.bnf.fr/ark:/12148/bpt6k5505300s/f291.item,"Dumerguc, Massai, Séugheol, Bonnet, membres"
M000565,L1912-01625,organisation,Massai,MASSAI,member,L1912-01709,resolved_fuzzy,1,267,https://gallica.bnf.fr/ark:/12148/bpt6k5505300s/f291.item,"Dumerguc, Massai, Séugheol, Bonnet, membres"
M000566,L1912-01625,organisation,Séugheol,SEUGHEOL,member,,unmatched,0,267,https://gallica.bnf.fr/ark:/12148/bpt6k5505300s/f291.item,"Dumerguc, Massai, Séugheol, Bonnet, membres"
M000567,L1912-01625,organisation,Bonnet,BONNET,member,,ambiguous,2,267,https://gallica.bnf.fr/ark:/12148/bpt6k5505300s/f291.item,"Dumerguc, Massai, Séugheol, Bonnet, membres"
M000568,L1912-01625,organisation,Tomasini,TOMASINI,president,,unmatched,0,267,https://gallica.bnf.fr/ark:/12148/bpt6k5505300s/f291.item,"Cercle de Souk-el-Khemis : MM. le D' Tomasini, prés."
M000569,L1912-01625,organisation,Hugon,HUGON,vice_president,,unmatched,0,267,https://gallica.bnf.fr/ark:/12148/bpt6k5505300s/f291.item,"Hugon et Mongeaud, v.-prés."
M000570,L1912-01625,organisation,Mongeaud,MONGEAUD,vice_president,,unmatched,0,267,https://gallica.bnf.fr/ark:/12148/bpt6k5505300s/f291.item,"Hugon et Mongeaud, v.-prés."
M000571,L1912-01625,organisation,Sarret,SARRET,secretary,,unmatched,0,267,https://gallica.bnf.fr/ark:/12148/bpt6k5505300s/f291.item,"Sarret, secr."
M000572,L1912-01625,organisation,Garcin,GARCIN,deputy_secretary,,unmatched,0,267,https://gallica.bnf.fr/ark:/12148/bpt6k5505300s/f291.item,"Garcin,'secr. adj."
M000573,L1912-01625,organisation,Gounot,GOUNOT,member,L1912-01291,resolved,1,267,https://gallica.bnf.fr/ark:/12148/bpt6k5505300s/f291.item,"' Gounot, Gasq et Cabrol, membres"
M000574,L1912-01625,organisation,Gasq,GASQ,member,,unmatched,0,267,https://gallica.bnf.fr/ark:/12148/bpt6k5505300s/f291.item,"' Gounot, Gasq et Cabrol, membres"
M000575,L1912-01625,organisation,Cabrol,CABROL,member,,unmatched,0,267,https://gallica.bnf.fr/ark:/12148/bpt6k5505300s/f291.item,"' Gounot, Gasq et Cabrol, membres"
M000576,L1912-01625,organisation,Nestler,NESTLER,president,L1912-01896,resolved,1,267,https://gallica.bnf.fr/ark:/12148/bpt6k5505300s/f291.item,"Cercle de Sousse : MM. Nestler, prés."
M000577,L1912-01625,organisation,Cachelou,CACHELOU,vice_president,,unmatched,0,267,https://gallica.bnf.fr/ark:/12148/bpt6k5505300s/f291.item,"Cachelou, v.-prés."
M000578,L1912-01625,organisation,Marquel,MARQUEL,secretary,L1912-01699,resolved_fuzzy,1,267,https://gallica.bnf.fr/ark:/12148/bpt6k5505300s/f291.item,"Marquel et Rolland, secr."
M000579,L1912-01625,organisation,Rolland,ROLLAND,archivist_librarian,,ambiguous,2,267,https://gallica.bnf.fr/ark:/12148/bpt6k5505300s/f291.item,"Rolland, bibliothécaire"
M000580,L1912-01625,organisation,Duvernoy,DUVERNOY,secretary,,unmatched,0,267,https://gallica.bnf.fr/ark:/12148/bpt6k5505300s/f291.item,"Duvernoy, secr."
M000581,L1912-01625,organisation,Bouissel,BOUISSEL,member,,unmatched,0,267,https://gallica.bnf.fr/ark:/12148/bpt6k5505300s/f291.item,"Bouissel, Jouberl, Puncruzi, Peloni el Porzio, membres"
M000582,L1912-01625,organisation,Jouberl,JOUBERL,member,L1912-01477,resolved_fuzzy,1,267,https://gallica.bnf.fr/ark:/12148/bpt6k5505300s/f291.item,"Bouissel, Jouberl, Puncruzi, Peloni el Porzio, membres"
M000583,L1912-01625,organisation,Puncruzi,PUNCRUZI,member,,unmatched,0,267,https://gallica.bnf.fr/ark:/12148/bpt6k5505300s/f291.item,"Bouissel, Jouberl, Puncruzi, Peloni el Porzio, membres"
M000584,L1912-01625,organisation,Peloni,PELONI,member,,ambiguous,2,267,https://gallica.bnf.fr/ark:/12148/bpt6k5505300s/f291.item,"Bouissel, Jouberl, Puncruzi, Peloni el Porzio, membres"
M000585,L1912-01625,organisation,Rousseau,ROUSSEAU,vice_president,,unmatched,0,267,https://gallica.bnf.fr/ark:/12148/bpt6k5505300s/f291.item,"Rousseau, et Rives, v.-prés."
M000586,L1912-01625,organisation,Rives,RIVES,vice_president,,unmatched,0,267,https://gallica.bnf.fr/ark:/12148/bpt6k5505300s/f291.item,"Rousseau, et Rives, v.-prés."
M000587,L1912-01625,organisation,Manger,MANGER,secretary,L1912-01725,resolved_fuzzy,1,267,https://gallica.bnf.fr/ark:/12148/bpt6k5505300s/f291.item,"Manger, secr."
M000588,L1912-01625,organisation,Bourses,BOURSES,archivist_librarian,,unmatched,0,267,https://gallica.bnf.fr/ark:/12148/bpt6k5505300s/f291.item,"Douot, bibliothécaire. . Bourses, distribution de prix, fêtes enfantines, conférences."
M000589,L1912-01829,organisation,Brochures,BROCHURES,president,,unmatched,0,294,https://gallica.bnf.fr/ark:/12148/bpt6k5505300s/f318.item,"Président de la « Solidarité sfaxienne » (Libre pensée). 'TRAVAUX : Brochures politiques diverses sur les Habous en.Tunisie, la situation commerciale, excursions en 'Tunisie, etc"
M000590,L1912-01876,organisation,Médaille,MEDAILLE,president,,unmatched,0,300,https://gallica.bnf.fr/ark:/12148/bpt6k5505300s/f324.item,"Médaille de bronze Exposition coloniale de Marseille 1.906. Froschamer Georges. 1"" président"
M000591,L1912-01876,organisation,Cnlnbre,CNLNBRE,treasurer,,unmatched,0,300,https://gallica.bnf.fr/ark:/12148/bpt6k5505300s/f324.item,pour les sinistrés de Cnlnbre il fut versé près do 300 francs au consul général d'Italie
M000592,L1912-01877,organisation,Fitous,FITOUS,president,,unmatched,0,300,https://gallica.bnf.fr/ark:/12148/bpt6k5505300s/f324.item,BUEEAU : MM. Fitous'. si. prés.
M000593,L1912-01877,organisation,Moïse Silbon,MOISE SILBON,vice_president,L1912-02391,resolved_fuzzy,1,300,https://gallica.bnf.fr/ark:/12148/bpt6k5505300s/f324.item,"Moïse Silbon et Sauveur Kisra'oui, v.-prés."
M000594,L1912-01877,organisation,Sauveur Kisra'oui,SAUVEUR KISRA OUI,vice_president,,unmatched,0,300,https://gallica.bnf.fr/ark:/12148/bpt6k5505300s/f324.item,"Moïse Silbon et Sauveur Kisra'oui, v.-prés."
M000595,L1912-01877,organisation,Félix Sfez,FELIX SFEZ,secretary,,unmatched,0,300,https://gallica.bnf.fr/ark:/12148/bpt6k5505300s/f324.item,"Félix Sfez, secr."
M000596,L1912-01877,organisation,Elie Khnynl,ELIE KHNYNL,member,,unmatched,0,300,https://gallica.bnf.fr/ark:/12148/bpt6k5505300s/f324.item,"Elie Khnynl, i Sion Gatigno et, Elie Sln.kmon, membres"
M000597,L1912-01877,organisation,Elie,ELIE,member,,unmatched,0,300,https://gallica.bnf.fr/ark:/12148/bpt6k5505300s/f324.item,"Elie Khnynl, i Sion Gatigno et, Elie Sln.kmon, membres"
M000598,L1912-01877,organisation,A Sephor,A SEPHOR,member,L1912-02318,resolved_fuzzy,1,300,https://gallica.bnf.fr/ark:/12148/bpt6k5505300s/f324.item,"Membres consultatifs : MM. A. Sephor. | Samuel I-Iagège, Adolphe Bellaïche el Isaac Ben Aitar. ((Mutuelle Tunisienne (La)». Organe officiel de l'Assistance mutuelle 'Tunisienne, 4,"
M000599,L1912-01877,organisation,Adolphe Bellaïche,ADOLPHE BELLAICHE,member,L1912-00271,resolved_fuzzy,1,300,https://gallica.bnf.fr/ark:/12148/bpt6k5505300s/f324.item,"Membres consultatifs : MM. A. Sephor. | Samuel I-Iagège, Adolphe Bellaïche el Isaac Ben Aitar. ((Mutuelle Tunisienne (La)». Organe officiel de l'Assistance mutuelle 'Tunisienne, 4,"
M000600,L1912-01877,organisation,Tunis,TUNIS,member,L1912-02603,resolved,1,300,https://gallica.bnf.fr/ark:/12148/bpt6k5505300s/f324.item,"Membres consultatifs : MM. A. Sephor. | Samuel I-Iagège, Adolphe Bellaïche el Isaac Ben Aitar. ((Mutuelle Tunisienne (La)». Organe officiel de l'Assistance mutuelle 'Tunisienne, 4,"
M000601,L1912-01877,organisation,F Huard,F HUARD,director,L1912-01428,resolved,1,300,https://gallica.bnf.fr/ark:/12148/bpt6k5505300s/f324.item,"Directeur M. F. Huard, président général de l'Assistance mutuelle Tùnii sienne."
M000602,L1912-02005,organisation,Victor Lumbroso,VICTOR LUMBROSO,president,,ambiguous,5,320,https://gallica.bnf.fr/ark:/12148/bpt6k5505300s/f344.item,"COMITÉ : MM. Victor Lumbroso, avocat au barreau de T'unis, prés."
M000603,L1912-02005,organisation,Boulakia,BOULAKIA,vice_president,L1912-00428,resolved,1,320,https://gallica.bnf.fr/ark:/12148/bpt6k5505300s/f344.item,"Boulakia et Dr A. Bonan, v.-prés."
M000604,L1912-02005,organisation,A Bonan,A BONAN,vice_president,,ambiguous,2,320,https://gallica.bnf.fr/ark:/12148/bpt6k5505300s/f344.item,"Boulakia et Dr A. Bonan, v.-prés."
M000605,L1912-02005,organisation,N M'ayeb,N M AYEB,secretary,,unmatched,0,320,https://gallica.bnf.fr/ark:/12148/bpt6k5505300s/f344.item,"N. M'ayeb, étudiant en droit, secr."
M000606,L1912-02005,organisation,I Abéasis'et V Slama,I ABEASIS ET V SLAMA,deputy_secretary,,ambiguous,2,320,https://gallica.bnf.fr/ark:/12148/bpt6k5505300s/f344.item,"I. Abéasis'et V. Slama, avocats, secr. adj."
M000607,L1912-02005,organisation,Maurice Attal,MAURICE ATTAL,member,,unmatched,0,320,https://gallica.bnf.fr/ark:/12148/bpt6k5505300s/f344.item,"Maurice Attal, D. Cohen Tanudji, S. Hagège, M. Maïmoun, M. Smadja, membres."
M000608,L1912-02005,organisation,D Cohen Tanudji,D COHEN TANUDJI,member,,ambiguous,5,320,https://gallica.bnf.fr/ark:/12148/bpt6k5505300s/f344.item,"Maurice Attal, D. Cohen Tanudji, S. Hagège, M. Maïmoun, M. Smadja, membres."
M000609,L1912-02005,organisation,S Hagège,S HAGEGE,member,,unmatched,0,320,https://gallica.bnf.fr/ark:/12148/bpt6k5505300s/f344.item,"Maurice Attal, D. Cohen Tanudji, S. Hagège, M. Maïmoun, M. Smadja, membres."
M000610,L1912-02005,organisation,Maïmoun,MAIMOUN,member,,unmatched,0,320,https://gallica.bnf.fr/ark:/12148/bpt6k5505300s/f344.item,"Maurice Attal, D. Cohen Tanudji, S. Hagège, M. Maïmoun, M. Smadja, membres."
M000611,L1912-02005,organisation,Smadja,SMADJA,member,L1912-02397,resolved,1,320,https://gallica.bnf.fr/ark:/12148/bpt6k5505300s/f344.item,"Maurice Attal, D. Cohen Tanudji, S. Hagège, M. Maïmoun, M. Smadja, membres."
M000612,L1912-02301,organisation,J.-B Curlelin,J B CURLELIN,president,L1912-00765,resolved_fuzzy,1,363,https://gallica.bnf.fr/ark:/12148/bpt6k5505300s/f387.item,"Section tunisienne du Comité républicain du Commerce, de l'Industrie et de l'Agriculture (Comité Mascuraud), 1909. BUREAU : MM, J.-B. Curlelin, prés."
M000613,L1912-02301,organisation,S Révolon,S REVOLON,vice_president,,ambiguous,2,363,https://gallica.bnf.fr/ark:/12148/bpt6k5505300s/f387.item,"S. Révolon, Dumergue et Marchegay, v.- prés."
M000614,L1912-02301,organisation,Dumergue,DUMERGUE,vice_president,L1912-00970,resolved,1,363,https://gallica.bnf.fr/ark:/12148/bpt6k5505300s/f387.item,"S. Révolon, Dumergue et Marchegay, v.- prés."
M000615,L1912-02301,organisation,Marchegay,MARCHEGAY,vice_president,,unmatched,0,363,https://gallica.bnf.fr/ark:/12148/bpt6k5505300s/f387.item,"S. Révolon, Dumergue et Marchegay, v.- prés."
M000616,L1912-02301,organisation,P Lambert,P LAMBERT,secretary_general,L1912-01579,resolved,1,363,https://gallica.bnf.fr/ark:/12148/bpt6k5505300s/f387.item,"P. Lambert, secr. gén."
M000617,L1912-02301,organisation,Chaffanjon,CHAFFANJON,secretary,L1912-00570,resolved,1,363,https://gallica.bnf.fr/ark:/12148/bpt6k5505300s/f387.item,"Chaffanjon, secr."
M000618,L1912-02303,organisation,Cuénod,CUENOD,president,L1912-00762,resolved,1,363,https://gallica.bnf.fr/ark:/12148/bpt6k5505300s/f387.item,"BUREAU : MM. le D' Cuénod, prés."
M000619,L1912-02303,organisation,Jaulmes,JAULMES,vice_president,L1912-01475,resolved,1,363,https://gallica.bnf.fr/ark:/12148/bpt6k5505300s/f387.item,"Jaulmes et Duffau, v.-prés."
M000620,L1912-02303,organisation,Duffau,DUFFAU,vice_president,L1912-00964,resolved,1,363,https://gallica.bnf.fr/ark:/12148/bpt6k5505300s/f387.item,"Jaulmes et Duffau, v.-prés."
M000621,L1912-02303,organisation,J Moulin,J MOULIN,secretary,,unmatched,0,363,https://gallica.bnf.fr/ark:/12148/bpt6k5505300s/f387.item,"J. Moulin, secr."
M000622,L1912-02303,organisation,Alix,ALIX,assessor,,ambiguous,2,363,https://gallica.bnf.fr/ark:/12148/bpt6k5505300s/f387.item,"Alix, Dive, R. Sitbon, D* Rouquié, assess"
M000623,L1912-02303,organisation,Dive,DIVE,assessor,,unmatched,0,363,https://gallica.bnf.fr/ark:/12148/bpt6k5505300s/f387.item,"Alix, Dive, R. Sitbon, D* Rouquié, assess"
M000624,L1912-02303,organisation,R Sitbon,R SITBON,assessor,L1912-02391,resolved,1,363,https://gallica.bnf.fr/ark:/12148/bpt6k5505300s/f387.item,"Alix, Dive, R. Sitbon, D* Rouquié, assess"
M000625,L1912-02303,organisation,Lemanski,LEMANSKI,president,L1912-01607,resolved,1,363,https://gallica.bnf.fr/ark:/12148/bpt6k5505300s/f387.item,Ane. prés. : M. le Dr Lemanski
M000626,L1912-02401,organisation,Villatfe,VILLATFE,president,,ambiguous_fuzzy,2,373,https://gallica.bnf.fr/ark:/12148/bpt6k5505300s/f397.item,"BUREAU : MM. Villatfe. prés,"
M000627,L1912-02401,organisation,Roudy,ROUDY,vice_president,L1912-02211,resolved,1,373,https://gallica.bnf.fr/ark:/12148/bpt6k5505300s/f397.item,Roudy et Gauvry. v.-prés.
M000628,L1912-02401,organisation,Gauvry,GAUVRY,vice_president,,unmatched,0,373,https://gallica.bnf.fr/ark:/12148/bpt6k5505300s/f397.item,Roudy et Gauvry. v.-prés.
M000629,L1912-02401,organisation,Neau,NEAU,deputy_secretary,,unmatched,0,373,https://gallica.bnf.fr/ark:/12148/bpt6k5505300s/f397.item,"Neau, secr. adj."
M000630,L1912-02401,organisation,Gaillard,GAILLARD,member,L1912-01210,resolved,1,373,https://gallica.bnf.fr/ark:/12148/bpt6k5505300s/f397.item,"Gaillard, Lambert et Barrion, membres"
M000631,L1912-02401,organisation,Lambert,LAMBERT,member,L1912-01579,resolved,1,373,https://gallica.bnf.fr/ark:/12148/bpt6k5505300s/f397.item,"Gaillard, Lambert et Barrion, membres"
M000632,L1912-02401,organisation,Barrion,BARRION,member,,unmatched,0,373,https://gallica.bnf.fr/ark:/12148/bpt6k5505300s/f397.item,"Gaillard, Lambert et Barrion, membres"
M000633,L1912-02401,organisation,Deplancbe,DEPLANCBE,president,L1912-00832,resolved_fuzzy,1,373,https://gallica.bnf.fr/ark:/12148/bpt6k5505300s/f397.item,Ane. prés. : M. Deplancbe
M000634,L1912-02401,organisation,Diiuayo,DIIUAYO,president,,unmatched,0,373,https://gallica.bnf.fr/ark:/12148/bpt6k5505300s/f397.item,"BUT : amicalisme et mutualité. Composition du Conseil : MM. Diiuayo, prés."
M000635,L1912-02401,organisation,Rerhault,RERHAULT,vice_president,L1912-00311,resolved_fuzzy,1,373,https://gallica.bnf.fr/ark:/12148/bpt6k5505300s/f397.item,"Rerhault et 1 R. Marot, v.-prés."
M000636,L1912-02401,organisation,Tiveyrat,TIVEYRAT,deputy_secretary,,unmatched,0,373,https://gallica.bnf.fr/ark:/12148/bpt6k5505300s/f397.item,"Tiveyrat, secr. adjoint."
M000637,L1912-02401,organisation,Angeli,ANGELI,member,,unmatched,0,373,https://gallica.bnf.fr/ark:/12148/bpt6k5505300s/f397.item,"Angeli, Ar- dl noux, Balouzat, Capet, Cheval, Clavé, s( Deinoutier, Frayssinel, Griscelli, Royat, O Vargues, membres"
M000638,L1912-02401,organisation,Balouzat,BALOUZAT,member,,unmatched,0,373,https://gallica.bnf.fr/ark:/12148/bpt6k5505300s/f397.item,"Angeli, Ar- dl noux, Balouzat, Capet, Cheval, Clavé, s( Deinoutier, Frayssinel, Griscelli, Royat, O Vargues, membres"
M000639,L1912-02401,organisation,Capet,CAPET,member,,unmatched,0,373,https://gallica.bnf.fr/ark:/12148/bpt6k5505300s/f397.item,"Angeli, Ar- dl noux, Balouzat, Capet, Cheval, Clavé, s( Deinoutier, Frayssinel, Griscelli, Royat, O Vargues, membres"
M000640,L1912-02401,organisation,Cheval,CHEVAL,member,,unmatched,0,373,https://gallica.bnf.fr/ark:/12148/bpt6k5505300s/f397.item,"Angeli, Ar- dl noux, Balouzat, Capet, Cheval, Clavé, s( Deinoutier, Frayssinel, Griscelli, Royat, O Vargues, membres"
M000641,L1912-02401,organisation,Clavé,CLAVE,member,,unmatched,0,373,https://gallica.bnf.fr/ark:/12148/bpt6k5505300s/f397.item,"Angeli, Ar- dl noux, Balouzat, Capet, Cheval, Clavé, s( Deinoutier, Frayssinel, Griscelli, Royat, O Vargues, membres"
M000642,L1912-02401,organisation,Frayssinel,FRAYSSINEL,member,,unmatched,0,373,https://gallica.bnf.fr/ark:/12148/bpt6k5505300s/f397.item,"Angeli, Ar- dl noux, Balouzat, Capet, Cheval, Clavé, s( Deinoutier, Frayssinel, Griscelli, Royat, O Vargues, membres"
M000643,L1912-02401,organisation,Griscelli,GRISCELLI,member,,unmatched,0,373,https://gallica.bnf.fr/ark:/12148/bpt6k5505300s/f397.item,"Angeli, Ar- dl noux, Balouzat, Capet, Cheval, Clavé, s( Deinoutier, Frayssinel, Griscelli, Royat, O Vargues, membres"
M000644,L1912-02401,organisation,Royat,ROYAT,member,,unmatched,0,373,https://gallica.bnf.fr/ark:/12148/bpt6k5505300s/f397.item,"Angeli, Ar- dl noux, Balouzat, Capet, Cheval, Clavé, s( Deinoutier, Frayssinel, Griscelli, Royat, O Vargues, membres"
M000645,L1912-02401,organisation,O Vargues,O VARGUES,member,,unmatched,0,373,https://gallica.bnf.fr/ark:/12148/bpt6k5505300s/f397.item,"Angeli, Ar- dl noux, Balouzat, Capet, Cheval, Clavé, s( Deinoutier, Frayssinel, Griscelli, Royat, O Vargues, membres"
M000646,L1912-02402,organisation,Blondel,BLONDEL,president,,unmatched,0,374,https://gallica.bnf.fr/ark:/12148/bpt6k5505300s/f398.item,"Ane. prés.: Blondel, Tussac, Durel Auguste, Durel Alphonse, Philippeau"
M000647,L1912-02402,organisation,Tussac,TUSSAC,president,L1912-02612,resolved,1,374,https://gallica.bnf.fr/ark:/12148/bpt6k5505300s/f398.item,"Ane. prés.: Blondel, Tussac, Durel Auguste, Durel Alphonse, Philippeau"
M000648,L1912-02402,organisation,Durel Auguste,DUREL AUGUSTE,president,,ambiguous,3,374,https://gallica.bnf.fr/ark:/12148/bpt6k5505300s/f398.item,"Ane. prés.: Blondel, Tussac, Durel Auguste, Durel Alphonse, Philippeau"
M000649,L1912-02402,organisation,Durel Alphonse,DUREL ALPHONSE,president,,ambiguous,3,374,https://gallica.bnf.fr/ark:/12148/bpt6k5505300s/f398.item,"Ane. prés.: Blondel, Tussac, Durel Auguste, Durel Alphonse, Philippeau"
M000650,L1912-02402,organisation,Philippeau,PHILIPPEAU,president,L1912-02050,resolved,1,374,https://gallica.bnf.fr/ark:/12148/bpt6k5505300s/f398.item,"Ane. prés.: Blondel, Tussac, Durel Auguste, Durel Alphonse, Philippeau"
M000651,L1912-02402,organisation,Porterie,PORTERIE,president,L1912-02096,resolved,1,374,https://gallica.bnf.fr/ark:/12148/bpt6k5505300s/f398.item,"BUREAU : MM. Porterie, prés."
M000652,L1912-02402,organisation,Tanguy,TANGUY,vice_president,,unmatched,0,374,https://gallica.bnf.fr/ark:/12148/bpt6k5505300s/f398.item,"Tanguy et Andriny, v.-prés."
M000653,L1912-02402,organisation,Andriny,ANDRINY,vice_president,,unmatched,0,374,https://gallica.bnf.fr/ark:/12148/bpt6k5505300s/f398.item,"Tanguy et Andriny, v.-prés."
M000654,L1912-02402,organisation,Barraquô,BARRAQUO,secretary,,unmatched,0,374,https://gallica.bnf.fr/ark:/12148/bpt6k5505300s/f398.item,"Barraquô, secr."
M000655,L1912-02402,organisation,Marignano,MARIGNANO,deputy_secretary,,unmatched,0,374,https://gallica.bnf.fr/ark:/12148/bpt6k5505300s/f398.item,"Marignano, secr. adj."
M000656,L1912-02402,organisation,Barlherote,BARLHEROTE,member,,unmatched,0,374,https://gallica.bnf.fr/ark:/12148/bpt6k5505300s/f398.item,"Barlherote, Gérard, Passez et Rombi, membres."
M000657,L1912-02402,organisation,Gérard,GERARD,member,,ambiguous,2,374,https://gallica.bnf.fr/ark:/12148/bpt6k5505300s/f398.item,"Barlherote, Gérard, Passez et Rombi, membres."
M000658,L1912-02402,organisation,Passez,PASSEZ,member,L1912-01997,resolved,1,374,https://gallica.bnf.fr/ark:/12148/bpt6k5505300s/f398.item,"Barlherote, Gérard, Passez et Rombi, membres."
M000659,L1912-02402,organisation,Rombi,ROMBI,member,,unmatched,0,374,https://gallica.bnf.fr/ark:/12148/bpt6k5505300s/f398.item,"Barlherote, Gérard, Passez et Rombi, membres."
M000660,L1912-02404,organisation,Destenave,DESTENAVE,president,,unmatched,0,374,https://gallica.bnf.fr/ark:/12148/bpt6k5505300s/f398.item,"MM. le colonel Destenave, prés."
M000661,L1912-02404,organisation,Manigold,MANIGOLD,secretary_general,,unmatched,0,374,https://gallica.bnf.fr/ark:/12148/bpt6k5505300s/f398.item,"Manigold, secr. gén"
M000662,L1912-02404,organisation,Carton,CARTON,director,L1912-00529,resolved,1,374,https://gallica.bnf.fr/ark:/12148/bpt6k5505300s/f398.item,Directeur du Bull. de la Société : Dr Carton.
M000663,L1912-02405,organisation,Georges,GEORGES,president,L1912-01252,resolved_fuzzy,1,374,https://gallica.bnf.fr/ark:/12148/bpt6k5505300s/f398.item,"BUREAU : MM. Georges, prés."
M000664,L1912-02405,organisation,Defrance,DEFRANCE,vice_president,,unmatched,0,374,https://gallica.bnf.fr/ark:/12148/bpt6k5505300s/f398.item,"Defrance, v.-prés."
M000665,L1912-02405,organisation,Rouppert,ROUPPERT,secretary,,unmatched,0,374,https://gallica.bnf.fr/ark:/12148/bpt6k5505300s/f398.item,"Rouppert, secr."
M000666,L1912-02405,organisation,Vallade,VALLADE,member,,unmatched,0,374,https://gallica.bnf.fr/ark:/12148/bpt6k5505300s/f398.item,"Vallade, Gouttry, Malet, Bertin, membres."
M000667,L1912-02405,organisation,Gouttry,GOUTTRY,member,,unmatched,0,374,https://gallica.bnf.fr/ark:/12148/bpt6k5505300s/f398.item,"Vallade, Gouttry, Malet, Bertin, membres."
M000668,L1912-02405,organisation,Malet,MALET,member,L1912-01681,resolved,1,374,https://gallica.bnf.fr/ark:/12148/bpt6k5505300s/f398.item,"Vallade, Gouttry, Malet, Bertin, membres."
M000669,L1912-02405,organisation,Bertin,BERTIN,member,,ambiguous,2,374,https://gallica.bnf.fr/ark:/12148/bpt6k5505300s/f398.item,"Vallade, Gouttry, Malet, Bertin, membres."
M000670,L1912-02406,organisation,Resserrer,RESSERRER,member,,unmatched,0,374,https://gallica.bnf.fr/ark:/12148/bpt6k5505300s/f398.item,"Société des Alsaciens et Lorrains en Tunisie, Tunis. 1889. BUT : Resserrer les liens qui unissent dans un même sentiment de fraternité et d'amour pour la France tous les enfants de"
M000671,L1912-02406,organisation,Michaux,MICHAUX,president,,ambiguous,2,374,https://gallica.bnf.fr/ark:/12148/bpt6k5505300s/f398.item,"MM. Michaux, prés."
M000672,L1912-02406,organisation,Lepage,LEPAGE,vice_president,,unmatched,0,374,https://gallica.bnf.fr/ark:/12148/bpt6k5505300s/f398.item,"Lepage et Grùndler, v.-prés."
M000673,L1912-02406,organisation,Grùndler,GRUNDLER,vice_president,L1912-01315,resolved,1,374,https://gallica.bnf.fr/ark:/12148/bpt6k5505300s/f398.item,"Lepage et Grùndler, v.-prés."
M000674,L1912-02406,organisation,Weber,WEBER,secretary,L1912-02686,resolved,1,374,https://gallica.bnf.fr/ark:/12148/bpt6k5505300s/f398.item,"Weber, secr."
M000675,L1912-02406,organisation,Schoull,SCHOULL,president,,unmatched,0,374,https://gallica.bnf.fr/ark:/12148/bpt6k5505300s/f398.item,"Ane. prés.: M. le D' Schoull (président honoraire), qui a quitté ses fonctions en 1907. OEUVRES : Placement de nombreux compatriotes"
M000676,L1912-02406,organisation,Placement,PLACEMENT,president,,unmatched,0,374,https://gallica.bnf.fr/ark:/12148/bpt6k5505300s/f398.item,"Ane. prés.: M. le D' Schoull (président honoraire), qui a quitté ses fonctions en 1907. OEUVRES : Placement de nombreux compatriotes"
M000677,L1912-02407,organisation,Carthage,CARTHAGE,member,,unmatched,0,374,https://gallica.bnf.fr/ark:/12148/bpt6k5505300s/f398.item,"Tunis, 2, av. de Carthage. 70 membres"
M000678,L1912-02407,organisation,Boyé,BOYE,vice_president,,unmatched,0,374,https://gallica.bnf.fr/ark:/12148/bpt6k5505300s/f398.item,"le capitaine Boyé et Esprangle,v.-prés."
M000679,L1912-02407,organisation,Esprangle,ESPRANGLE,vice_president,,unmatched,0,374,https://gallica.bnf.fr/ark:/12148/bpt6k5505300s/f398.item,"le capitaine Boyé et Esprangle,v.-prés."
M000680,L1912-02407,organisation,Plouchart,PLOUCHART,secretary,L1912-02075,resolved,1,374,https://gallica.bnf.fr/ark:/12148/bpt6k5505300s/f398.item,"Plouchart, secr."
M000681,L1912-02407,organisation,Monnier,MONNIER,deputy_secretary,,unmatched,0,374,https://gallica.bnf.fr/ark:/12148/bpt6k5505300s/f398.item,"Monnier, secr. adj."
M000682,L1912-02407,organisation,Bonrepaux,BONREPAUX,assessor,,unmatched,0,374,https://gallica.bnf.fr/ark:/12148/bpt6k5505300s/f398.item,"Bonrepaux et Truelle, assesseurs"
M000683,L1912-02407,organisation,Truelle,TRUELLE,assessor,,unmatched,0,374,https://gallica.bnf.fr/ark:/12148/bpt6k5505300s/f398.item,"Bonrepaux et Truelle, assesseurs"
M000684,L1912-02407,organisation,Fleury,FLEURY,president,L1912-01171,resolved,1,374,https://gallica.bnf.fr/ark:/12148/bpt6k5505300s/f398.item,Ane. prés. : M. le capitaine Fleury.
M000685,L1912-02409,organisation,Resserrer,RESSERRER,member,,unmatched,0,374,https://gallica.bnf.fr/ark:/12148/bpt6k5505300s/f398.item,"Société des Anciens Elèves des Ecoles nationales d'Arts et Métiers (Groupe de Tunisie), Tunis. 30 membres. 1892. BUT : Resserrer le plus possible les liens de bonne camaraderie acq"
M000686,L1912-02409,organisation,Patriarche,PATRIARCHE,president,L1912-02003,resolved,1,374,https://gallica.bnf.fr/ark:/12148/bpt6k5505300s/f398.item,"BUREAU : MM. Patriarche, prés."
M000687,L1912-02409,organisation,Stoll,STOLL,vice_president,L1912-02479,resolved,1,374,https://gallica.bnf.fr/ark:/12148/bpt6k5505300s/f398.item,"Gé- . rard et Stoll, v.-prés."
M000688,L1912-02409,organisation,Barbarin,BARBARIN,president,,unmatched,0,374,https://gallica.bnf.fr/ark:/12148/bpt6k5505300s/f398.item,Ane. prés'.: MM. Barbarin et Sub
M000689,L1912-02409,organisation,Sub,SUB,president,,unmatched,0,374,https://gallica.bnf.fr/ark:/12148/bpt6k5505300s/f398.item,Ane. prés'.: MM. Barbarin et Sub
M000690,L1912-02410,organisation,Seconder,SECONDER,member,,unmatched,0,374,https://gallica.bnf.fr/ark:/12148/bpt6k5505300s/f398.item,BUT : Seconder le développement des progrès de l'élevage de la volaille en Tunisie. 150 membres
M000691,L1912-02410,organisation,Labbé,LABBE,president,L1912-01557,resolved,1,374,https://gallica.bnf.fr/ark:/12148/bpt6k5505300s/f398.item,"Labbé, prés."
M000692,L1912-02410,organisation,Fontbrune,FONTBRUNE,vice_president,,unmatched,0,374,https://gallica.bnf.fr/ark:/12148/bpt6k5505300s/f398.item,"de Fontbrune et Monrozier, v.-prés."
M000693,L1912-02410,organisation,Monrozier,MONROZIER,vice_president,,unmatched,0,374,https://gallica.bnf.fr/ark:/12148/bpt6k5505300s/f398.item,"de Fontbrune et Monrozier, v.-prés."
M000694,L1912-02410,organisation,Duprez,DUPREZ,councillor,L1912-00977,resolved_fuzzy,1,374,https://gallica.bnf.fr/ark:/12148/bpt6k5505300s/f398.item,"M"""" Duprez et Monrozier et MM. Richard, Dumont, Courehet et Hafsid, conseillers"
M000695,L1912-02410,organisation,Monrozier,MONROZIER,councillor,,unmatched,0,374,https://gallica.bnf.fr/ark:/12148/bpt6k5505300s/f398.item,"M"""" Duprez et Monrozier et MM. Richard, Dumont, Courehet et Hafsid, conseillers"
M000696,L1912-02410,organisation,Richard,RICHARD,councillor,,ambiguous,5,374,https://gallica.bnf.fr/ark:/12148/bpt6k5505300s/f398.item,"M"""" Duprez et Monrozier et MM. Richard, Dumont, Courehet et Hafsid, conseillers"
M000697,L1912-02410,organisation,Dumont,DUMONT,councillor,,ambiguous,2,374,https://gallica.bnf.fr/ark:/12148/bpt6k5505300s/f398.item,"M"""" Duprez et Monrozier et MM. Richard, Dumont, Courehet et Hafsid, conseillers"
M000698,L1912-02410,organisation,Courehet,COUREHET,councillor,,unmatched,0,374,https://gallica.bnf.fr/ark:/12148/bpt6k5505300s/f398.item,"M"""" Duprez et Monrozier et MM. Richard, Dumont, Courehet et Hafsid, conseillers"
M000699,L1912-02410,organisation,Hafsid,HAFSID,councillor,,ambiguous_fuzzy,2,374,https://gallica.bnf.fr/ark:/12148/bpt6k5505300s/f398.item,"M"""" Duprez et Monrozier et MM. Richard, Dumont, Courehet et Hafsid, conseillers"
M000700,L1912-02412,organisation,Lalliermonet,LALLIERMONET,president,L1912-01577,resolved,1,375,https://gallica.bnf.fr/ark:/12148/bpt6k5505300s/f399.item,"MM. Lalliermonet, prés."
M000701,L1912-02412,organisation,Vallette,VALLETTE,vice_president,L1912-02638,resolved_fuzzy,1,375,https://gallica.bnf.fr/ark:/12148/bpt6k5505300s/f399.item,"Vallette, chef i de bat. comm. le 12"" bat. 4err. de zoua- i ves, v.-prés."
M000702,L1912-02412,organisation,Poulain,POULAIN,secretary,,unmatched,0,375,https://gallica.bnf.fr/ark:/12148/bpt6k5505300s/f399.item,"Poulain, secrétaire"
M000703,L1912-02412,organisation,Bais,BAIS,deputy_secretary,,unmatched,0,375,https://gallica.bnf.fr/ark:/12148/bpt6k5505300s/f399.item,"Bais- 1 sat, secr. adj."
M000704,L1912-02412,organisation,Bes,BES,commissioner,,unmatched,0,375,https://gallica.bnf.fr/ark:/12148/bpt6k5505300s/f399.item,"Bes- 1 son, Petit Régis, commissaires."
M000705,L1912-02412,organisation,Petit Régis,PETIT REGIS,commissioner,L1912-02038,resolved,1,375,https://gallica.bnf.fr/ark:/12148/bpt6k5505300s/f399.item,"Bes- 1 son, Petit Régis, commissaires."
M000706,L1912-02413,organisation,Florian Ducurtil,FLORIAN DUCURTIL,president,,unmatched,0,376,https://gallica.bnf.fr/ark:/12148/bpt6k5505300s/f400.item,"BUREAU :MM. Florian Ducurtil, prés."
M000707,L1912-02413,organisation,Julien Martin,JULIEN MARTIN,vice_president,L1912-01481,resolved,1,376,https://gallica.bnf.fr/ark:/12148/bpt6k5505300s/f400.item,"Julien Martin et Achille Raffin, v.-prés."
M000708,L1912-02413,organisation,Achille Raffin,ACHILLE RAFFIN,vice_president,,unmatched,0,376,https://gallica.bnf.fr/ark:/12148/bpt6k5505300s/f400.item,"Julien Martin et Achille Raffin, v.-prés."
M000709,L1912-02413,organisation,Jacques,JACQUES,secretary,,unmatched,0,376,https://gallica.bnf.fr/ark:/12148/bpt6k5505300s/f400.item,"Jacques, secr."
M000710,L1912-02413,organisation,Ben Sadok,BEN SADOK,councillor,L1912-02230,resolved,1,376,https://gallica.bnf.fr/ark:/12148/bpt6k5505300s/f400.item,"Cheikh Ben Sadok et Blanc, conseillers"
M000711,L1912-02413,organisation,Blanc,BLANC,councillor,,ambiguous,2,376,https://gallica.bnf.fr/ark:/12148/bpt6k5505300s/f400.item,"Cheikh Ben Sadok et Blanc, conseillers"
M000712,L1912-02414,organisation,Bouby,BOUBY,president,,unmatched,0,376,https://gallica.bnf.fr/ark:/12148/bpt6k5505300s/f400.item,"BUREAU: MM. Bouby, prés."
M000713,L1912-02414,organisation,Mazet,MAZET,vice_president,,ambiguous,2,376,https://gallica.bnf.fr/ark:/12148/bpt6k5505300s/f400.item,"Mazet, v.-prés."
M000714,L1912-02414,organisation,Meyval,MEYVAL,secretary,,unmatched,0,376,https://gallica.bnf.fr/ark:/12148/bpt6k5505300s/f400.item,"Meyval, secr."
M000715,L1912-02415,organisation,Randon,RANDON,president,L1912-02139,resolved,1,376,https://gallica.bnf.fr/ark:/12148/bpt6k5505300s/f400.item,"BUREAU : MM. Randon, prés."
M000716,L1912-02415,organisation,Baille,BAILLE,vice_president,L1912-00217,resolved,1,376,https://gallica.bnf.fr/ark:/12148/bpt6k5505300s/f400.item,"Baille et Barthélémy, v.- prés."
M000717,L1912-02415,organisation,Barthélémy,BARTHELEMY,vice_president,,unmatched,0,376,https://gallica.bnf.fr/ark:/12148/bpt6k5505300s/f400.item,"Baille et Barthélémy, v.- prés."
M000718,L1912-02415,organisation,Gués,GUES,secretary,,unmatched,0,376,https://gallica.bnf.fr/ark:/12148/bpt6k5505300s/f400.item,"Gués, secr."
M000719,L1912-02415,organisation,Maurin,MAURIN,deputy_secretary,L1912-01728,resolved,1,376,https://gallica.bnf.fr/ark:/12148/bpt6k5505300s/f400.item,"Maurin, secr. adj."
M000720,L1912-02415,organisation,Daniel,DANIEL,commissioner,,unmatched,0,376,https://gallica.bnf.fr/ark:/12148/bpt6k5505300s/f400.item,"Daniel, Junaud, Figuière, Rainaud, Dufour (père) et P. Faure, commissaires"
M000721,L1912-02415,organisation,Junaud,JUNAUD,commissioner,,unmatched,0,376,https://gallica.bnf.fr/ark:/12148/bpt6k5505300s/f400.item,"Daniel, Junaud, Figuière, Rainaud, Dufour (père) et P. Faure, commissaires"
M000722,L1912-02415,organisation,Figuière,FIGUIERE,commissioner,,unmatched,0,376,https://gallica.bnf.fr/ark:/12148/bpt6k5505300s/f400.item,"Daniel, Junaud, Figuière, Rainaud, Dufour (père) et P. Faure, commissaires"
M000723,L1912-02415,organisation,Rainaud,RAINAUD,commissioner,,unmatched,0,376,https://gallica.bnf.fr/ark:/12148/bpt6k5505300s/f400.item,"Daniel, Junaud, Figuière, Rainaud, Dufour (père) et P. Faure, commissaires"
M000724,L1912-02415,organisation,Dufour,DUFOUR,commissioner,,unmatched,0,376,https://gallica.bnf.fr/ark:/12148/bpt6k5505300s/f400.item,"Daniel, Junaud, Figuière, Rainaud, Dufour (père) et P. Faure, commissaires"
M000725,L1912-02415,organisation,P Faure,P FAURE,commissioner,L1912-01124,resolved,1,376,https://gallica.bnf.fr/ark:/12148/bpt6k5505300s/f400.item,"Daniel, Junaud, Figuière, Rainaud, Dufour (père) et P. Faure, commissaires"
M000726,L1912-02415,organisation,Bouix,BOUIX,president,,unmatched,0,376,https://gallica.bnf.fr/ark:/12148/bpt6k5505300s/f400.item,"Ane. prés., M. Bouix."
M000727,L1912-02416,organisation,Comme,COMME,president,,ambiguous_fuzzy,3,376,https://gallica.bnf.fr/ark:/12148/bpt6k5505300s/f400.item,"Comme r«Union Commerciale», elle est due à l'initiative de M. A. Zaouche, qui est aussi son président"
M000728,L1912-02417,organisation,Delmas,DELMAS,president,,ambiguous,2,376,https://gallica.bnf.fr/ark:/12148/bpt6k5505300s/f400.item,"affiliée à l'Union des Sociétés de tir de France sous le n"" 2695 et à l'Union des Sociétés de gymnastique de France sons le n- 1999. BUREAU: MM.,Delmas,prem. prés."
M000729,L1912-02417,organisation,Vuillaume,VUILLAUME,president,L1912-02678,resolved,1,376,https://gallica.bnf.fr/ark:/12148/bpt6k5505300s/f400.item,"Vuillaume, second prés."
M000730,L1912-02417,organisation,Curel,CUREL,vice_president,,ambiguous_fuzzy,3,376,https://gallica.bnf.fr/ark:/12148/bpt6k5505300s/f400.item,"Curel, pr. v.-prés."
M000731,L1912-02417,organisation,Vie,VIE,vice_president,,unmatched,0,376,https://gallica.bnf.fr/ark:/12148/bpt6k5505300s/f400.item,"Vie, sec. v.-prés."
M000732,L1912-02417,organisation,Geronimi,GERONIMI,secretary,,unmatched,0,376,https://gallica.bnf.fr/ark:/12148/bpt6k5505300s/f400.item,"Geronimi, secr."
M000733,L1912-02417,organisation,Luciaiii,LUCIAIII,deputy_secretary,,unmatched,0,376,https://gallica.bnf.fr/ark:/12148/bpt6k5505300s/f400.item,"Luciaiii, secr. adj."
M000734,L1912-02418,organisation,Foulquier,FOULQUIER,president,L1912-01189,resolved,1,376,https://gallica.bnf.fr/ark:/12148/bpt6k5505300s/f400.item,"MM. le D' Foulquier, prés."
M000735,L1912-02418,organisation,Laballe,LABALLE,secretary,,unmatched,0,376,https://gallica.bnf.fr/ark:/12148/bpt6k5505300s/f400.item,"Laballe, secr."
M000736,L1912-02418,organisation,Dumas,DUMAS,commissioner,L1912-00969,resolved,1,376,https://gallica.bnf.fr/ark:/12148/bpt6k5505300s/f400.item,"Dumas, Debar, Bailleul, Anouilh, Franchebois, Naud, Tuzel-S'- Paul, Marchet, Vial, commiss"
M000737,L1912-02418,organisation,Debar,DEBAR,commissioner,,unmatched,0,376,https://gallica.bnf.fr/ark:/12148/bpt6k5505300s/f400.item,"Dumas, Debar, Bailleul, Anouilh, Franchebois, Naud, Tuzel-S'- Paul, Marchet, Vial, commiss"
M000738,L1912-02418,organisation,Bailleul,BAILLEUL,commissioner,,unmatched,0,376,https://gallica.bnf.fr/ark:/12148/bpt6k5505300s/f400.item,"Dumas, Debar, Bailleul, Anouilh, Franchebois, Naud, Tuzel-S'- Paul, Marchet, Vial, commiss"
M000739,L1912-02418,organisation,Anouilh,ANOUILH,commissioner,,unmatched,0,376,https://gallica.bnf.fr/ark:/12148/bpt6k5505300s/f400.item,"Dumas, Debar, Bailleul, Anouilh, Franchebois, Naud, Tuzel-S'- Paul, Marchet, Vial, commiss"
M000740,L1912-02418,organisation,Franchebois,FRANCHEBOIS,commissioner,,unmatched,0,376,https://gallica.bnf.fr/ark:/12148/bpt6k5505300s/f400.item,"Dumas, Debar, Bailleul, Anouilh, Franchebois, Naud, Tuzel-S'- Paul, Marchet, Vial, commiss"
M000741,L1912-02418,organisation,Naud,NAUD,commissioner,,unmatched,0,376,https://gallica.bnf.fr/ark:/12148/bpt6k5505300s/f400.item,"Dumas, Debar, Bailleul, Anouilh, Franchebois, Naud, Tuzel-S'- Paul, Marchet, Vial, commiss"
M000742,L1912-02418,organisation,Tuzel-S'- Paul,TUZEL S PAUL,commissioner,,unmatched,0,376,https://gallica.bnf.fr/ark:/12148/bpt6k5505300s/f400.item,"Dumas, Debar, Bailleul, Anouilh, Franchebois, Naud, Tuzel-S'- Paul, Marchet, Vial, commiss"
M000743,L1912-02418,organisation,Marchet,MARCHET,commissioner,,unmatched,0,376,https://gallica.bnf.fr/ark:/12148/bpt6k5505300s/f400.item,"Dumas, Debar, Bailleul, Anouilh, Franchebois, Naud, Tuzel-S'- Paul, Marchet, Vial, commiss"
M000744,L1912-02418,organisation,Vial,VIAL,commissioner,,unmatched,0,376,https://gallica.bnf.fr/ark:/12148/bpt6k5505300s/f400.item,"Dumas, Debar, Bailleul, Anouilh, Franchebois, Naud, Tuzel-S'- Paul, Marchet, Vial, commiss"
M000745,L1912-02419,organisation,F Gallini,F GALLINI,president,L1912-01216,resolved,1,376,https://gallica.bnf.fr/ark:/12148/bpt6k5505300s/f400.item,"BUREAU : MM. F. Gallini, prés."
M000746,L1912-02419,organisation,Garot,GAROT,vice_president,L1912-01232,resolved,1,376,https://gallica.bnf.fr/ark:/12148/bpt6k5505300s/f400.item,"Garot el Basmaison, v.-prés."
M000747,L1912-02419,organisation,Bizet,BIZET,secretary,,unmatched,0,376,https://gallica.bnf.fr/ark:/12148/bpt6k5505300s/f400.item,"Bizet, secr"
M000748,L1912-02420,organisation,Affaires Etrangères,AFFAIRES ETRANGERES,treasurer,,unmatched,0,376,https://gallica.bnf.fr/ark:/12148/bpt6k5505300s/f400.item,"Plus récemment, M. Pichon, ministre des Affaires Etrangères, et M. le Résident général Alapetite ont, donné des I preuves notables de leur désir de voir grandir et prospérer . celt"
M000749,L1912-02420,organisation,Bignens,BIGNENS,treasurer,L1912-00342,resolved,1,376,https://gallica.bnf.fr/ark:/12148/bpt6k5505300s/f400.item,"La Société est administrée par un Comité directeur composé pour 1911 de : MM. Bignens, prés."
M000750,L1912-02420,organisation,Amat,AMAT,vice_president,L1912-00089,resolved,1,376,https://gallica.bnf.fr/ark:/12148/bpt6k5505300s/f400.item,"Amat, Resplandy, Communaux et Duplay, v.-prés."
M000751,L1912-02420,organisation,Resplandy,RESPLANDY,vice_president,L1912-02161,resolved_fuzzy,1,376,https://gallica.bnf.fr/ark:/12148/bpt6k5505300s/f400.item,"Amat, Resplandy, Communaux et Duplay, v.-prés."
M000752,L1912-02420,organisation,Communaux,COMMUNAUX,vice_president,L1912-00699,resolved,1,376,https://gallica.bnf.fr/ark:/12148/bpt6k5505300s/f400.item,"Amat, Resplandy, Communaux et Duplay, v.-prés."
M000753,L1912-02420,organisation,Duplay,DUPLAY,vice_president,,ambiguous_fuzzy,2,376,https://gallica.bnf.fr/ark:/12148/bpt6k5505300s/f400.item,"Amat, Resplandy, Communaux et Duplay, v.-prés."
M000754,L1912-02420,organisation,Pauthier Combet,PAUTHIER COMBET,secretary,L1912-02008,resolved,1,376,https://gallica.bnf.fr/ark:/12148/bpt6k5505300s/f400.item,"Pauthier, Combet et J. Valensi, secr."
M000755,L1912-02420,organisation,Carcasses,CARCASSES,commissioner,,unmatched,0,376,https://gallica.bnf.fr/ark:/12148/bpt6k5505300s/f400.item,"Carcasses, II. Comte, Chandioux, Fattacioli, GauctensRavolti, Giroud, Gounot, colonel"" cle Labonne, More], Née, Paillon, Passez, Péloni, Peyrard, Raymond, Rabby, D' Rouquié, Rauche"
M000756,L1912-02420,organisation,II Comte,II COMTE,commissioner,,ambiguous,3,376,https://gallica.bnf.fr/ark:/12148/bpt6k5505300s/f400.item,"Carcasses, II. Comte, Chandioux, Fattacioli, GauctensRavolti, Giroud, Gounot, colonel"" cle Labonne, More], Née, Paillon, Passez, Péloni, Peyrard, Raymond, Rabby, D' Rouquié, Rauche"
M000757,L1912-02420,organisation,Chandioux,CHANDIOUX,commissioner,,unmatched,0,376,https://gallica.bnf.fr/ark:/12148/bpt6k5505300s/f400.item,"Carcasses, II. Comte, Chandioux, Fattacioli, GauctensRavolti, Giroud, Gounot, colonel"" cle Labonne, More], Née, Paillon, Passez, Péloni, Peyrard, Raymond, Rabby, D' Rouquié, Rauche"
M000758,L1912-02420,organisation,Fattacioli,FATTACIOLI,commissioner,L1912-01121,resolved,1,376,https://gallica.bnf.fr/ark:/12148/bpt6k5505300s/f400.item,"Carcasses, II. Comte, Chandioux, Fattacioli, GauctensRavolti, Giroud, Gounot, colonel"" cle Labonne, More], Née, Paillon, Passez, Péloni, Peyrard, Raymond, Rabby, D' Rouquié, Rauche"
M000759,L1912-02420,organisation,GauctensRavolti,GAUCTENSRAVOLTI,commissioner,,unmatched,0,376,https://gallica.bnf.fr/ark:/12148/bpt6k5505300s/f400.item,"Carcasses, II. Comte, Chandioux, Fattacioli, GauctensRavolti, Giroud, Gounot, colonel"" cle Labonne, More], Née, Paillon, Passez, Péloni, Peyrard, Raymond, Rabby, D' Rouquié, Rauche"
M000760,L1912-02420,organisation,Giroud,GIROUD,commissioner,L1912-01276,resolved,1,376,https://gallica.bnf.fr/ark:/12148/bpt6k5505300s/f400.item,"Carcasses, II. Comte, Chandioux, Fattacioli, GauctensRavolti, Giroud, Gounot, colonel"" cle Labonne, More], Née, Paillon, Passez, Péloni, Peyrard, Raymond, Rabby, D' Rouquié, Rauche"
M000761,L1912-02420,organisation,Gounot,GOUNOT,commissioner,L1912-01291,resolved,1,376,https://gallica.bnf.fr/ark:/12148/bpt6k5505300s/f400.item,"Carcasses, II. Comte, Chandioux, Fattacioli, GauctensRavolti, Giroud, Gounot, colonel"" cle Labonne, More], Née, Paillon, Passez, Péloni, Peyrard, Raymond, Rabby, D' Rouquié, Rauche"
M000762,L1912-02420,organisation,Née,NEE,commissioner,,unmatched,0,376,https://gallica.bnf.fr/ark:/12148/bpt6k5505300s/f400.item,"Carcasses, II. Comte, Chandioux, Fattacioli, GauctensRavolti, Giroud, Gounot, colonel"" cle Labonne, More], Née, Paillon, Passez, Péloni, Peyrard, Raymond, Rabby, D' Rouquié, Rauche"
M000763,L1912-02420,organisation,Paillon,PAILLON,commissioner,,unmatched,0,376,https://gallica.bnf.fr/ark:/12148/bpt6k5505300s/f400.item,"Carcasses, II. Comte, Chandioux, Fattacioli, GauctensRavolti, Giroud, Gounot, colonel"" cle Labonne, More], Née, Paillon, Passez, Péloni, Peyrard, Raymond, Rabby, D' Rouquié, Rauche"
M000764,L1912-02420,organisation,Passez,PASSEZ,commissioner,L1912-01997,resolved,1,376,https://gallica.bnf.fr/ark:/12148/bpt6k5505300s/f400.item,"Carcasses, II. Comte, Chandioux, Fattacioli, GauctensRavolti, Giroud, Gounot, colonel"" cle Labonne, More], Née, Paillon, Passez, Péloni, Peyrard, Raymond, Rabby, D' Rouquié, Rauche"
M000765,L1912-02420,organisation,Péloni,PELONI,commissioner,,ambiguous,2,376,https://gallica.bnf.fr/ark:/12148/bpt6k5505300s/f400.item,"Carcasses, II. Comte, Chandioux, Fattacioli, GauctensRavolti, Giroud, Gounot, colonel"" cle Labonne, More], Née, Paillon, Passez, Péloni, Peyrard, Raymond, Rabby, D' Rouquié, Rauche"
M000766,L1912-02420,organisation,Peyrard,PEYRARD,commissioner,,unmatched,0,376,https://gallica.bnf.fr/ark:/12148/bpt6k5505300s/f400.item,"Carcasses, II. Comte, Chandioux, Fattacioli, GauctensRavolti, Giroud, Gounot, colonel"" cle Labonne, More], Née, Paillon, Passez, Péloni, Peyrard, Raymond, Rabby, D' Rouquié, Rauche"
M000767,L1912-02420,organisation,Lôchenault,LOCHENAULT,director,,unmatched,0,376,https://gallica.bnf.fr/ark:/12148/bpt6k5505300s/f400.item,"M. Lôchenault, gérant"
M000768,L1912-02420,organisation,Dubos,DUBOS,president,L1912-00957,resolved,1,376,https://gallica.bnf.fr/ark:/12148/bpt6k5505300s/f400.item,Ane. prés. : MM. Dubos
M000769,L1912-02421,organisation,Souleyrand,SOULEYRAND,board_member,,unmatched,0,377,https://gallica.bnf.fr/ark:/12148/bpt6k5505300s/f401.item,"Conseil d'administration : MM. Souleyrand, prés."
M000770,L1912-02421,organisation,Mohamed Elias,MOHAMED ELIAS,vice_president,,ambiguous,2,377,https://gallica.bnf.fr/ark:/12148/bpt6k5505300s/f401.item,"Mohamed Elias,v.-prés."
M000771,L1912-02421,organisation,Polge,POLGE,secretary,,unmatched,0,377,https://gallica.bnf.fr/ark:/12148/bpt6k5505300s/f401.item,"Polge, secr."
M000772,L1912-02421,organisation,Soulet,SOULET,deputy_secretary,,unmatched,0,377,https://gallica.bnf.fr/ark:/12148/bpt6k5505300s/f401.item,"Bouix,trôs.: Pierron, secr. adj., Soulet, très, adj."
M000773,L1912-02421,organisation,Barilaud,BARILAUD,member,,unmatched,0,377,https://gallica.bnf.fr/ark:/12148/bpt6k5505300s/f401.item,"David, Vauthier, Mustapha Tacali, Mohamed ben Brahim, Mohamed ben Baby Yahia, Mohamed Sgihr, Salen: ben Ali ben ITadj Baccar, membres Ane. prés. : MM. Tro.jam et Barilaud."
M000774,L1912-02422,organisation,D Gerini,D GERINI,president,L1912-01257,resolved,1,377,https://gallica.bnf.fr/ark:/12148/bpt6k5505300s/f401.item,"MM. D. Gerini', prés."
M000775,L1912-02422,organisation,Piraino,PIRAINO,vice_president,,unmatched,0,377,https://gallica.bnf.fr/ark:/12148/bpt6k5505300s/f401.item,"Piraino et Inglese Ant., v.-prés."
M000776,L1912-02422,organisation,Inglese Ant,INGLESE ANT,vice_president,,unmatched,0,377,https://gallica.bnf.fr/ark:/12148/bpt6k5505300s/f401.item,"Piraino et Inglese Ant., v.-prés."
M000777,L1912-02422,organisation,Prima,PRIMA,secretary,,unmatched,0,377,https://gallica.bnf.fr/ark:/12148/bpt6k5505300s/f401.item,"Prima, secr."
M000778,L1912-02422,organisation,Carton,CARTON,president,L1912-00529,resolved,1,377,https://gallica.bnf.fr/ark:/12148/bpt6k5505300s/f401.item,"Médaille d'argent à l'Exposition coloniale de Marseille 1906. Médaille de bronze au Concours général de Tunis 1907. BUREAU : MM. le D' Carton, prés."
M000779,L1912-02422,organisation,Hamou,HAMOU,secretary_general,,unmatched,0,377,https://gallica.bnf.fr/ark:/12148/bpt6k5505300s/f401.item,"Hamou, secr. gén."
M000780,L1912-02422,organisation,Fellous,FELLOUS,deputy_secretary,,unmatched,0,377,https://gallica.bnf.fr/ark:/12148/bpt6k5505300s/f401.item,"Fellous et Radet, secr. adj."
M000781,L1912-02422,organisation,Nicolas,NICOLAS,archivist_librarian,,ambiguous,3,377,https://gallica.bnf.fr/ark:/12148/bpt6k5505300s/f401.item,"Nicolas, bibliothécaire"
M000782,L1912-02423,organisation,C Ortona,C ORTONA,president,L1912-01931,resolved,1,377,https://gallica.bnf.fr/ark:/12148/bpt6k5505300s/f401.item,"D' C. Ortona, prés."
M000783,L1912-02423,organisation,Saivatore Canino,SAIVATORE CANINO,councillor,,unmatched,0,377,https://gallica.bnf.fr/ark:/12148/bpt6k5505300s/f401.item,"Saivatore Canino, conseillers"
M000784,L1912-02424,organisation,Fleury,FLEURY,president,L1912-01171,resolved,1,378,https://gallica.bnf.fr/ark:/12148/bpt6k5505300s/f402.item,"MM. le baron Fleury, prés."
M000785,L1912-02424,organisation,Buyer,BUYER,secretary,,ambiguous_fuzzy,2,378,https://gallica.bnf.fr/ark:/12148/bpt6k5505300s/f402.item,"le colonel de Buyer, commandant île 4"" chasseurs d'Afrique, secr.."
M000786,L1912-02424,organisation,Geoffroy-Saint-I-lilaire,GEOFFROY SAINT I LILAIRE,commissioner,L1912-02246,resolved,1,378,https://gallica.bnf.fr/ark:/12148/bpt6k5505300s/f402.item,"commissaires : MM. Geoffroy-Saint-I-lilaire, inspecteur de l'élevage, Berkeley, consul général d'Angleterre, Borde, rédacteur au vice-consulat de France à Tunis, comm"
M000787,L1912-02424,organisation,Berkeley,BERKELEY,commissioner,L1912-00314,resolved,1,378,https://gallica.bnf.fr/ark:/12148/bpt6k5505300s/f402.item,"commissaires : MM. Geoffroy-Saint-I-lilaire, inspecteur de l'élevage, Berkeley, consul général d'Angleterre, Borde, rédacteur au vice-consulat de France à Tunis, comm"
M000788,L1912-02424,organisation,Borde,BORDE,commissioner,L1912-00389,resolved_fuzzy,1,378,https://gallica.bnf.fr/ark:/12148/bpt6k5505300s/f402.item,"commissaires : MM. Geoffroy-Saint-I-lilaire, inspecteur de l'élevage, Berkeley, consul général d'Angleterre, Borde, rédacteur au vice-consulat de France à Tunis, comm"
M000789,L1912-02424,organisation,Robin,ROBIN,councillor,,unmatched,0,378,https://gallica.bnf.fr/ark:/12148/bpt6k5505300s/f402.item,"Le Rond, 6' d'artillerie, comte du Peyroux, industriel, Ravasini, conseiller municipal, Robin, industriel, Zarrouk, propriétaire à Tunis"
M000790,L1912-02424,organisation,Zarrouk,ZARROUK,councillor,L1912-02725,resolved,1,378,https://gallica.bnf.fr/ark:/12148/bpt6k5505300s/f402.item,"Le Rond, 6' d'artillerie, comte du Peyroux, industriel, Ravasini, conseiller municipal, Robin, industriel, Zarrouk, propriétaire à Tunis"
M000791,L1912-02424,organisation,Mohammed Djellouli,MOHAMMED DJELLOULI,president,,ambiguous,2,378,https://gallica.bnf.fr/ark:/12148/bpt6k5505300s/f402.item,"Ane. prés. : Si Mohammed Djellouli, 1892-94"
M000792,L1912-02425,organisation,Giraud,GIRAUD,president,L1912-01274,resolved,1,378,https://gallica.bnf.fr/ark:/12148/bpt6k5505300s/f402.item,"Médaille de vermeil à l'Exposition de Tunis 1907. BUREAU : MM. Giraud,prés."
M000793,L1912-02425,organisation,Braquehaye,BRAQUEHAYE,vice_president,,unmatched,0,378,https://gallica.bnf.fr/ark:/12148/bpt6k5505300s/f402.item,"D' Braquehaye, v.-prés."
M000794,L1912-02425,organisation,Houdebine,HOUDEBINE,deputy_secretary,,unmatched,0,378,https://gallica.bnf.fr/ark:/12148/bpt6k5505300s/f402.item,"Houdebine, secr. adj."
M000795,L1912-02425,organisation,Beau,BEAU,commissioner,,unmatched,0,378,https://gallica.bnf.fr/ark:/12148/bpt6k5505300s/f402.item,"Commission permanente : MM. Beau, Coupin, Dussouillez, de Mazière, Randet."
M000796,L1912-02425,organisation,Coupin,COUPIN,commissioner,,unmatched,0,378,https://gallica.bnf.fr/ark:/12148/bpt6k5505300s/f402.item,"Commission permanente : MM. Beau, Coupin, Dussouillez, de Mazière, Randet."
M000797,L1912-02425,organisation,Dussouillez,DUSSOUILLEZ,commissioner,L1912-00987,resolved,1,378,https://gallica.bnf.fr/ark:/12148/bpt6k5505300s/f402.item,"Commission permanente : MM. Beau, Coupin, Dussouillez, de Mazière, Randet."
M000798,L1912-02425,organisation,Mazière,MAZIERE,commissioner,L1912-01733,resolved_fuzzy,1,378,https://gallica.bnf.fr/ark:/12148/bpt6k5505300s/f402.item,"Commission permanente : MM. Beau, Coupin, Dussouillez, de Mazière, Randet."
M000799,L1912-02425,organisation,Randet,RANDET,commissioner,L1912-02138,resolved,1,378,https://gallica.bnf.fr/ark:/12148/bpt6k5505300s/f402.item,"Commission permanente : MM. Beau, Coupin, Dussouillez, de Mazière, Randet."
M000800,L1912-02426,organisation,Giraud,GIRAUD,president,L1912-01274,resolved,1,378,https://gallica.bnf.fr/ark:/12148/bpt6k5505300s/f402.item,"médaille d'argent Tunis 1907. Conseil central : MM. Giraud, prés."
M000801,L1912-02426,organisation,Barrion,BARRION,vice_president,,unmatched,0,378,https://gallica.bnf.fr/ark:/12148/bpt6k5505300s/f402.item,"Barrion et Gounot, v.prés."
M000802,L1912-02426,organisation,Gounot,GOUNOT,vice_president,L1912-01291,resolved,1,378,https://gallica.bnf.fr/ark:/12148/bpt6k5505300s/f402.item,"Barrion et Gounot, v.prés."
M000803,L1912-02426,organisation,Houdebine,HOUDEBINE,secretary_general,,unmatched,0,378,https://gallica.bnf.fr/ark:/12148/bpt6k5505300s/f402.item,"M. Houdebine, secr. gén."
M000804,L1912-02426,organisation,Braquehaye,BRAQUEHAYE,president,,unmatched,0,378,https://gallica.bnf.fr/ark:/12148/bpt6k5505300s/f402.item,"Section de Tunis : MM. le D' Braquehaye, prés."
M000805,L1912-02426,organisation,Noviello,NOVIELLO,vice_president,,unmatched,0,378,https://gallica.bnf.fr/ark:/12148/bpt6k5505300s/f402.item,"Noviello, v.-prés."
M000806,L1912-02426,organisation,Leclerc,LECLERC,president,,unmatched,0,378,https://gallica.bnf.fr/ark:/12148/bpt6k5505300s/f402.item,"Section de Béja. : MM. Leclerc, prés."
M000807,L1912-02426,organisation,Reix,REIX,vice_president,L1912-02158,resolved,1,378,https://gallica.bnf.fr/ark:/12148/bpt6k5505300s/f402.item,"Reix, v.-prés."
M000808,L1912-02426,organisation,Guiraud,GUIRAUD,secretary,L1912-01274,resolved_fuzzy,1,378,https://gallica.bnf.fr/ark:/12148/bpt6k5505300s/f402.item,"Guiraud, secr."
M000809,L1912-02426,organisation,Douté,DOUTE,president,,unmatched,0,378,https://gallica.bnf.fr/ark:/12148/bpt6k5505300s/f402.item,"Douté, très. - Section de Grombalia :. MM.' Riant, prés."
M000810,L1912-02426,organisation,Riant,RIANT,president,,unmatched,0,378,https://gallica.bnf.fr/ark:/12148/bpt6k5505300s/f402.item,"Douté, très. - Section de Grombalia :. MM.' Riant, prés."
M000811,L1912-02426,organisation,El Hadj Mohamed Ferissa,EL HADJ MOHAMED FERISSA,vice_president,,ambiguous,2,378,https://gallica.bnf.fr/ark:/12148/bpt6k5505300s/f402.item,"Si El Hadj Mohamed Ferissa, v.- prés,"
M000812,L1912-02426,organisation,Guyot,GUYOT,secretary,,ambiguous_fuzzy,2,378,https://gallica.bnf.fr/ark:/12148/bpt6k5505300s/f402.item,"Guyot, secr."
M000813,L1912-02426,organisation,Bournel,BOURNEL,president,,unmatched,0,378,https://gallica.bnf.fr/ark:/12148/bpt6k5505300s/f402.item,"Section' de' Gbardimaou : MM. Bournel, prés."
M000814,L1912-02426,organisation,Rasselli,RASSELLI,vice_president,,unmatched,0,378,https://gallica.bnf.fr/ark:/12148/bpt6k5505300s/f402.item,"Rasselli, v.-prés."
M000815,L1912-02426,organisation,Giannesini,GIANNESINI,secretary,,unmatched,0,378,https://gallica.bnf.fr/ark:/12148/bpt6k5505300s/f402.item,"Giannesini, secr."
M000816,L1912-02427,organisation,Albert Cohen,ALBERT COHEN,vice_president,L1912-00067,resolved,1,378,https://gallica.bnf.fr/ark:/12148/bpt6k5505300s/f402.item,"Albert Cohen et Félix Bonan, v.-prés."
M000817,L1912-02427,organisation,Félix Bonan,FELIX BONAN,vice_president,,ambiguous,2,378,https://gallica.bnf.fr/ark:/12148/bpt6k5505300s/f402.item,"Albert Cohen et Félix Bonan, v.-prés."
M000818,L1912-02427,organisation,Henri Haouzi,HENRI HAOUZI,secretary,,ambiguous_fuzzy,4,378,https://gallica.bnf.fr/ark:/12148/bpt6k5505300s/f402.item,"Henri Haouzi, secr."
M000819,L1912-02427,organisation,Isaac,ISAAC,councillor,L1912-01465,resolved,1,378,https://gallica.bnf.fr/ark:/12148/bpt6k5505300s/f402.item,"Isaac ben Attar, Maurice Mamou et Roubine Zôrah. conseillers"
M000820,L1912-02427,organisation,Maurice Mamou,MAURICE MAMOU,councillor,,unmatched,0,378,https://gallica.bnf.fr/ark:/12148/bpt6k5505300s/f402.item,"Isaac ben Attar, Maurice Mamou et Roubine Zôrah. conseillers"
M000821,L1912-02427,organisation,Roubine Zôrah,ROUBINE ZORAH,councillor,,unmatched,0,378,https://gallica.bnf.fr/ark:/12148/bpt6k5505300s/f402.item,"Isaac ben Attar, Maurice Mamou et Roubine Zôrah. conseillers"
M000822,L1912-02428,organisation,A Rey,A REY,president,,ambiguous,2,378,https://gallica.bnf.fr/ark:/12148/bpt6k5505300s/f402.item,"MM. A. Rey, prés."
M000823,L1912-02428,organisation,Cardoso,CARDOSO,vice_president,,ambiguous,2,378,https://gallica.bnf.fr/ark:/12148/bpt6k5505300s/f402.item,"Dr Cardoso, v.-prés."
M000824,L1912-02428,organisation,Camille,CAMILLE,secretary,,unmatched,0,378,https://gallica.bnf.fr/ark:/12148/bpt6k5505300s/f402.item,"Camille, secr."
M000825,L1912-02428,organisation,Cesana,CESANA,councillor,,unmatched,0,378,https://gallica.bnf.fr/ark:/12148/bpt6k5505300s/f402.item,"Cesana, Ugo Moreno, Clément Modigliani, Adolphe Disegni, D* A. Valensi, G. Messana, A. Rerrera, Dario, G. Fiorentino, B. Attia, Modigliani, P. Patti, conseillers"
M000826,L1912-02428,organisation,Ugo Moreno,UGO MORENO,councillor,,ambiguous,2,378,https://gallica.bnf.fr/ark:/12148/bpt6k5505300s/f402.item,"Cesana, Ugo Moreno, Clément Modigliani, Adolphe Disegni, D* A. Valensi, G. Messana, A. Rerrera, Dario, G. Fiorentino, B. Attia, Modigliani, P. Patti, conseillers"
M000827,L1912-02428,organisation,Clément Modigliani,CLEMENT MODIGLIANI,councillor,,ambiguous,2,378,https://gallica.bnf.fr/ark:/12148/bpt6k5505300s/f402.item,"Cesana, Ugo Moreno, Clément Modigliani, Adolphe Disegni, D* A. Valensi, G. Messana, A. Rerrera, Dario, G. Fiorentino, B. Attia, Modigliani, P. Patti, conseillers"
M000828,L1912-02428,organisation,Adolphe Disegni,ADOLPHE DISEGNI,councillor,L1912-00857,resolved,1,378,https://gallica.bnf.fr/ark:/12148/bpt6k5505300s/f402.item,"Cesana, Ugo Moreno, Clément Modigliani, Adolphe Disegni, D* A. Valensi, G. Messana, A. Rerrera, Dario, G. Fiorentino, B. Attia, Modigliani, P. Patti, conseillers"
M000829,L1912-02428,organisation,G Messana,G MESSANA,councillor,,unmatched,0,378,https://gallica.bnf.fr/ark:/12148/bpt6k5505300s/f402.item,"Cesana, Ugo Moreno, Clément Modigliani, Adolphe Disegni, D* A. Valensi, G. Messana, A. Rerrera, Dario, G. Fiorentino, B. Attia, Modigliani, P. Patti, conseillers"
M000830,L1912-02428,organisation,A Rerrera,A RERRERA,councillor,L1912-01098,resolved_fuzzy,1,378,https://gallica.bnf.fr/ark:/12148/bpt6k5505300s/f402.item,"Cesana, Ugo Moreno, Clément Modigliani, Adolphe Disegni, D* A. Valensi, G. Messana, A. Rerrera, Dario, G. Fiorentino, B. Attia, Modigliani, P. Patti, conseillers"
M000831,L1912-02428,organisation,Dario,DARIO,councillor,,unmatched,0,378,https://gallica.bnf.fr/ark:/12148/bpt6k5505300s/f402.item,"Cesana, Ugo Moreno, Clément Modigliani, Adolphe Disegni, D* A. Valensi, G. Messana, A. Rerrera, Dario, G. Fiorentino, B. Attia, Modigliani, P. Patti, conseillers"
M000832,L1912-02428,organisation,G Fiorentino,G FIORENTINO,councillor,,unmatched,0,378,https://gallica.bnf.fr/ark:/12148/bpt6k5505300s/f402.item,"Cesana, Ugo Moreno, Clément Modigliani, Adolphe Disegni, D* A. Valensi, G. Messana, A. Rerrera, Dario, G. Fiorentino, B. Attia, Modigliani, P. Patti, conseillers"
M000833,L1912-02428,organisation,B Attia,B ATTIA,councillor,L1912-00172,resolved,1,378,https://gallica.bnf.fr/ark:/12148/bpt6k5505300s/f402.item,"Cesana, Ugo Moreno, Clément Modigliani, Adolphe Disegni, D* A. Valensi, G. Messana, A. Rerrera, Dario, G. Fiorentino, B. Attia, Modigliani, P. Patti, conseillers"
M000834,L1912-02428,organisation,Modigliani,MODIGLIANI,councillor,L1912-01812,resolved,1,378,https://gallica.bnf.fr/ark:/12148/bpt6k5505300s/f402.item,"Cesana, Ugo Moreno, Clément Modigliani, Adolphe Disegni, D* A. Valensi, G. Messana, A. Rerrera, Dario, G. Fiorentino, B. Attia, Modigliani, P. Patti, conseillers"
M000835,L1912-02428,organisation,P Patti,P PATTI,councillor,,unmatched,0,378,https://gallica.bnf.fr/ark:/12148/bpt6k5505300s/f402.item,"Cesana, Ugo Moreno, Clément Modigliani, Adolphe Disegni, D* A. Valensi, G. Messana, A. Rerrera, Dario, G. Fiorentino, B. Attia, Modigliani, P. Patti, conseillers"
M000836,L1912-02429,organisation,Salah Drid,SALAH DRID,president,,ambiguous_fuzzy,2,378,https://gallica.bnf.fr/ark:/12148/bpt6k5505300s/f402.item,"BUREAU : MM. Salah Drid, prés."
M000837,L1912-02429,organisation,Tahar,TAHAR,vice_president,,ambiguous,2,378,https://gallica.bnf.fr/ark:/12148/bpt6k5505300s/f402.item,"Tahar ben Lamine, v.-prés."
M000838,L1912-02429,organisation,Ali,ALI,secretary,,unmatched,0,378,https://gallica.bnf.fr/ark:/12148/bpt6k5505300s/f402.item,"Ali el Bardi, secr."
M000839,L1912-02429,organisation,Mohamed,MOHAMED,member,,ambiguous,2,378,https://gallica.bnf.fr/ark:/12148/bpt6k5505300s/f402.item,"Hadj Mohamed ben Guetfa,Hamouda el Moknine, Mohamed ben Hadj Hamda Sfaxi, Mohamed Cliafaï Saïah, Abderrahmane Lazzem, Hadi Lassoued, Hadj Merad Derbal,' membres."
M000840,L1912-02429,organisation,Hamouda,HAMOUDA,member,,unmatched,0,378,https://gallica.bnf.fr/ark:/12148/bpt6k5505300s/f402.item,"Hadj Mohamed ben Guetfa,Hamouda el Moknine, Mohamed ben Hadj Hamda Sfaxi, Mohamed Cliafaï Saïah, Abderrahmane Lazzem, Hadi Lassoued, Hadj Merad Derbal,' membres."
M000841,L1912-02429,organisation,Mohamed,MOHAMED,member,,ambiguous,2,378,https://gallica.bnf.fr/ark:/12148/bpt6k5505300s/f402.item,"Hadj Mohamed ben Guetfa,Hamouda el Moknine, Mohamed ben Hadj Hamda Sfaxi, Mohamed Cliafaï Saïah, Abderrahmane Lazzem, Hadi Lassoued, Hadj Merad Derbal,' membres."
M000842,L1912-02429,organisation,Mohamed Cliafaï Saïah,MOHAMED CLIAFAI SAIAH,member,,ambiguous,2,378,https://gallica.bnf.fr/ark:/12148/bpt6k5505300s/f402.item,"Hadj Mohamed ben Guetfa,Hamouda el Moknine, Mohamed ben Hadj Hamda Sfaxi, Mohamed Cliafaï Saïah, Abderrahmane Lazzem, Hadi Lassoued, Hadj Merad Derbal,' membres."
M000843,L1912-02429,organisation,Abderrahmane Lazzem,ABDERRAHMANE LAZZEM,member,,unmatched,0,378,https://gallica.bnf.fr/ark:/12148/bpt6k5505300s/f402.item,"Hadj Mohamed ben Guetfa,Hamouda el Moknine, Mohamed ben Hadj Hamda Sfaxi, Mohamed Cliafaï Saïah, Abderrahmane Lazzem, Hadi Lassoued, Hadj Merad Derbal,' membres."
M000844,L1912-02429,organisation,Hadi Lassoued,HADI LASSOUED,member,,unmatched,0,378,https://gallica.bnf.fr/ark:/12148/bpt6k5505300s/f402.item,"Hadj Mohamed ben Guetfa,Hamouda el Moknine, Mohamed ben Hadj Hamda Sfaxi, Mohamed Cliafaï Saïah, Abderrahmane Lazzem, Hadi Lassoued, Hadj Merad Derbal,' membres."
M000845,L1912-02429,organisation,Merad Derbal,MERAD DERBAL,member,,unmatched,0,378,https://gallica.bnf.fr/ark:/12148/bpt6k5505300s/f402.item,"Hadj Mohamed ben Guetfa,Hamouda el Moknine, Mohamed ben Hadj Hamda Sfaxi, Mohamed Cliafaï Saïah, Abderrahmane Lazzem, Hadi Lassoued, Hadj Merad Derbal,' membres."
M000846,L1912-02430,organisation,Bottesini,BOTTESINI,honorary_president,L1912-00406,resolved,1,378,https://gallica.bnf.fr/ark:/12148/bpt6k5505300s/f402.item,"Médaille d'or à l'Exposilion de Milan, 1906. BUREAU : MM. Bottesini, prés., d'honn"
M000847,L1912-02430,organisation,Massia Luigi,MASSIA LUIGI,vice_president,,unmatched,0,378,https://gallica.bnf.fr/ark:/12148/bpt6k5505300s/f402.item,"Massia Luigi et Moreno Ugo, v.-prés."
M000848,L1912-02430,organisation,Moreno Ugo,MORENO UGO,vice_president,,ambiguous,2,378,https://gallica.bnf.fr/ark:/12148/bpt6k5505300s/f402.item,"Massia Luigi et Moreno Ugo, v.-prés."
M000849,L1912-02430,organisation,Calo Enrico,CALO ENRICO,councillor,L1912-00494,resolved,1,378,https://gallica.bnf.fr/ark:/12148/bpt6k5505300s/f402.item,"Calo Enrico, Cesana Luciano, Levi Guglielmo, Ravasini Guido, Salvo Salvalor, Valensi Alberto, conseillers"
M000850,L1912-02430,organisation,Cesana Luciano,CESANA LUCIANO,councillor,L1912-01645,resolved_fuzzy,1,378,https://gallica.bnf.fr/ark:/12148/bpt6k5505300s/f402.item,"Calo Enrico, Cesana Luciano, Levi Guglielmo, Ravasini Guido, Salvo Salvalor, Valensi Alberto, conseillers"
M000851,L1912-02430,organisation,Levi Guglielmo,LEVI GUGLIELMO,councillor,L1912-01617,resolved,1,378,https://gallica.bnf.fr/ark:/12148/bpt6k5505300s/f402.item,"Calo Enrico, Cesana Luciano, Levi Guglielmo, Ravasini Guido, Salvo Salvalor, Valensi Alberto, conseillers"
M000852,L1912-02430,organisation,Ravasini Guido,RAVASINI GUIDO,councillor,,unmatched,0,378,https://gallica.bnf.fr/ark:/12148/bpt6k5505300s/f402.item,"Calo Enrico, Cesana Luciano, Levi Guglielmo, Ravasini Guido, Salvo Salvalor, Valensi Alberto, conseillers"
M000853,L1912-02430,organisation,Salvo Salvalor,SALVO SALVALOR,councillor,,unmatched,0,378,https://gallica.bnf.fr/ark:/12148/bpt6k5505300s/f402.item,"Calo Enrico, Cesana Luciano, Levi Guglielmo, Ravasini Guido, Salvo Salvalor, Valensi Alberto, conseillers"
M000854,L1912-02430,organisation,Valensi Alberto,VALENSI ALBERTO,councillor,,ambiguous,10,378,https://gallica.bnf.fr/ark:/12148/bpt6k5505300s/f402.item,"Calo Enrico, Cesana Luciano, Levi Guglielmo, Ravasini Guido, Salvo Salvalor, Valensi Alberto, conseillers"
M000855,L1912-02430,organisation,Molco Assilio,MOLCO ASSILIO,president,L1912-01820,resolved,1,378,https://gallica.bnf.fr/ark:/12148/bpt6k5505300s/f402.item,"Ane. prés., Molco Assilio"
M000856,L1912-02431,organisation,Marlino Francesco,MARLINO FRANCESCO,vice_president,,unmatched,0,379,https://gallica.bnf.fr/ark:/12148/bpt6k5505300s/f403.item,"De Marlino Francesco et Milaui Erice, v.- prés."
M000857,L1912-02431,organisation,Milaui Erice,MILAUI ERICE,vice_president,,unmatched,0,379,https://gallica.bnf.fr/ark:/12148/bpt6k5505300s/f403.item,"De Marlino Francesco et Milaui Erice, v.- prés."
M000858,L1912-02431,organisation,Mannina Saverio,MANNINA SAVERIO,councillor,,unmatched,0,379,https://gallica.bnf.fr/ark:/12148/bpt6k5505300s/f403.item,"Mannina Saverio,' Livolsi G(iuseppe et Salmieri Giuseppe, conseillers"
M000859,L1912-02431,organisation,Livolsi G,LIVOLSI G,councillor,,unmatched,0,379,https://gallica.bnf.fr/ark:/12148/bpt6k5505300s/f403.item,"Mannina Saverio,' Livolsi G(iuseppe et Salmieri Giuseppe, conseillers"
M000860,L1912-02431,organisation,Salmieri Giuseppe,SALMIERI GIUSEPPE,councillor,,unmatched,0,379,https://gallica.bnf.fr/ark:/12148/bpt6k5505300s/f403.item,"Mannina Saverio,' Livolsi G(iuseppe et Salmieri Giuseppe, conseillers"
M000861,L1912-02431,organisation,Azzopardi Alfredo,AZZOPARDI ALFREDO,secretary,,unmatched,0,379,https://gallica.bnf.fr/ark:/12148/bpt6k5505300s/f403.item,"Azzopardi Alfredo, secr."
M000862,L1912-02432,organisation,Communaux,COMMUNAUX,president,L1912-00699,resolved,1,379,https://gallica.bnf.fr/ark:/12148/bpt6k5505300s/f403.item,"MM. Communaux, prés."
M000863,L1912-02432,organisation,D Uzan,D UZAN,vice_president,,ambiguous,3,379,https://gallica.bnf.fr/ark:/12148/bpt6k5505300s/f403.item,"les D"" Uzan el L. Morpurgo et Abdeljelil Zaouche, v.-prés."
M000864,L1912-02432,organisation,Abdeljelil Zaouche,ABDELJELIL ZAOUCHE,vice_president,,ambiguous,4,379,https://gallica.bnf.fr/ark:/12148/bpt6k5505300s/f403.item,"les D"" Uzan el L. Morpurgo et Abdeljelil Zaouche, v.-prés."
M000865,L1912-02432,organisation,Joseph Cohen,JOSEPH COHEN,secretary,,ambiguous,5,379,https://gallica.bnf.fr/ark:/12148/bpt6k5505300s/f403.item,"Joseph Cohen, secr."
M000866,L1912-02432,organisation,Dinguizli,DINGUIZLI,member,L1912-00847,resolved,1,379,https://gallica.bnf.fr/ark:/12148/bpt6k5505300s/f403.item,"le caïd Dinguizli, Elie Fitoussi, Joseph Valensi, Béchir Zaouche, Bigot, Noël et Chassagny, membres."
M000867,L1912-02432,organisation,Elie Fitoussi,ELIE FITOUSSI,member,L1912-01165,resolved,1,379,https://gallica.bnf.fr/ark:/12148/bpt6k5505300s/f403.item,"le caïd Dinguizli, Elie Fitoussi, Joseph Valensi, Béchir Zaouche, Bigot, Noël et Chassagny, membres."
M000868,L1912-02432,organisation,Joseph Valensi,JOSEPH VALENSI,member,,ambiguous,10,379,https://gallica.bnf.fr/ark:/12148/bpt6k5505300s/f403.item,"le caïd Dinguizli, Elie Fitoussi, Joseph Valensi, Béchir Zaouche, Bigot, Noël et Chassagny, membres."
M000869,L1912-02432,organisation,Béchir Zaouche,BECHIR ZAOUCHE,member,L1912-00262,resolved,1,379,https://gallica.bnf.fr/ark:/12148/bpt6k5505300s/f403.item,"le caïd Dinguizli, Elie Fitoussi, Joseph Valensi, Béchir Zaouche, Bigot, Noël et Chassagny, membres."
M000870,L1912-02432,organisation,Bigot,BIGOT,member,L1912-00344,resolved,1,379,https://gallica.bnf.fr/ark:/12148/bpt6k5505300s/f403.item,"le caïd Dinguizli, Elie Fitoussi, Joseph Valensi, Béchir Zaouche, Bigot, Noël et Chassagny, membres."
M000871,L1912-02432,organisation,Noël,NOEL,member,,unmatched,0,379,https://gallica.bnf.fr/ark:/12148/bpt6k5505300s/f403.item,"le caïd Dinguizli, Elie Fitoussi, Joseph Valensi, Béchir Zaouche, Bigot, Noël et Chassagny, membres."
M000872,L1912-02432,organisation,Chassagny,CHASSAGNY,member,L1912-00600,resolved,1,379,https://gallica.bnf.fr/ark:/12148/bpt6k5505300s/f403.item,"le caïd Dinguizli, Elie Fitoussi, Joseph Valensi, Béchir Zaouche, Bigot, Noël et Chassagny, membres."
M000873,L1912-02433,organisation,Henriksen,HENRIKSEN,vice_president,,unmatched,0,379,https://gallica.bnf.fr/ark:/12148/bpt6k5505300s/f403.item,"M"""" Henriksen et M. Chatel, v.-prés."
M000874,L1912-02433,organisation,Chatel,CHATEL,vice_president,,unmatched,0,379,https://gallica.bnf.fr/ark:/12148/bpt6k5505300s/f403.item,"M"""" Henriksen et M. Chatel, v.-prés."
M000875,L1912-02433,organisation,Ceccatty,CECCATTY,secretary,,unmatched,0,379,https://gallica.bnf.fr/ark:/12148/bpt6k5505300s/f403.item,"M. de Ceccatty, secr."
M000876,L1912-02433,organisation,Frédéric Mistral,FREDERIC MISTRAL,honorary_president,,unmatched,0,379,https://gallica.bnf.fr/ark:/12148/bpt6k5505300s/f403.item,"BUREAU : Prés, d'honneur, MM. Frédéric Mistral, le Résident Général et H, Michel, député d'Arles"
M000877,L1912-02433,organisation,Dumergue,DUMERGUE,president,L1912-00970,resolved,1,379,https://gallica.bnf.fr/ark:/12148/bpt6k5505300s/f403.item,"prés, non., M. Dumergue, vice-président de la Municipalité. MM. Jules Saurin, prés."
M000878,L1912-02433,organisation,Saunier,SAUNIER,vice_president,L1912-02271,resolved,1,379,https://gallica.bnf.fr/ark:/12148/bpt6k5505300s/f403.item,"Saunier, v.- prés."
M000879,L1912-02433,organisation,Charbonnel,CHARBONNEL,secretary,,unmatched,0,379,https://gallica.bnf.fr/ark:/12148/bpt6k5505300s/f403.item,"Charbonnel, secr."
M000880,L1912-02433,organisation,Ollivier,OLLIVIER,commissioner,L1912-01921,resolved_fuzzy,1,379,https://gallica.bnf.fr/ark:/12148/bpt6k5505300s/f403.item,"Ollivier, Pesanty, Revelli, commissaires"
M000881,L1912-02433,organisation,Pesanty,PESANTY,commissioner,,unmatched,0,379,https://gallica.bnf.fr/ark:/12148/bpt6k5505300s/f403.item,"Ollivier, Pesanty, Revelli, commissaires"
M000882,L1912-02433,organisation,Revelli,REVELLI,commissioner,,unmatched,0,379,https://gallica.bnf.fr/ark:/12148/bpt6k5505300s/f403.item,"Ollivier, Pesanty, Revelli, commissaires"
M000883,L1912-02433,organisation,Piétra,PIETRA,president,,ambiguous,2,379,https://gallica.bnf.fr/ark:/12148/bpt6k5505300s/f403.item,"Ane. prés. : MM. Piétra, Imbert, Dumergue, Mercier."
M000884,L1912-02433,organisation,Imbert,IMBERT,president,L1912-01443,resolved,1,379,https://gallica.bnf.fr/ark:/12148/bpt6k5505300s/f403.item,"Ane. prés. : MM. Piétra, Imbert, Dumergue, Mercier."
M000885,L1912-02433,organisation,Dumergue,DUMERGUE,president,L1912-00970,resolved,1,379,https://gallica.bnf.fr/ark:/12148/bpt6k5505300s/f403.item,"Ane. prés. : MM. Piétra, Imbert, Dumergue, Mercier."
M000886,L1912-02433,organisation,Mercier,MERCIER,president,,ambiguous,2,379,https://gallica.bnf.fr/ark:/12148/bpt6k5505300s/f403.item,"Ane. prés. : MM. Piétra, Imbert, Dumergue, Mercier."
M000887,L1912-02435,organisation,J.-B Curtelin,J B CURTELIN,president,L1912-00765,resolved,1,379,https://gallica.bnf.fr/ark:/12148/bpt6k5505300s/f403.item,"BUREAU : MM. J.-B. Curtelin, prés."
M000888,L1912-02435,organisation,Gaillard,GAILLARD,vice_president,L1912-01210,resolved,1,379,https://gallica.bnf.fr/ark:/12148/bpt6k5505300s/f403.item,"Gaillard et Ùsannaz-Joris,v.-prés."
M000889,L1912-02435,organisation,Cherchillot,CHERCHILLOT,secretary,,unmatched,0,379,https://gallica.bnf.fr/ark:/12148/bpt6k5505300s/f403.item,"Cherchillot, secr."
M000890,L1912-02436,organisation,Jules Bonan,JULES BONAN,president,,ambiguous,2,379,https://gallica.bnf.fr/ark:/12148/bpt6k5505300s/f403.item,"BUREAU : MM. Jules Bonan, prés."
M000891,L1912-02436,organisation,Ernest Sfez,ERNEST SFEZ,vice_president,,unmatched,0,379,https://gallica.bnf.fr/ark:/12148/bpt6k5505300s/f403.item,"Ernest Sfez et Kaddour ben Cheikh Ahmed, v.-prés."
M000892,L1912-02436,organisation,Kaddour,KADDOUR,vice_president,L1912-01485,resolved,1,379,https://gallica.bnf.fr/ark:/12148/bpt6k5505300s/f403.item,"Ernest Sfez et Kaddour ben Cheikh Ahmed, v.-prés."
M000893,L1912-02436,organisation,Risos Christûs,RISOS CHRISTUS,deputy_secretary,,unmatched,0,379,https://gallica.bnf.fr/ark:/12148/bpt6k5505300s/f403.item,"Risos Christûs, secr. adj."
M000894,L1912-02436,organisation,Habib Bedra,HABIB BEDRA,assessor,L1912-00318,resolved_fuzzy,1,379,https://gallica.bnf.fr/ark:/12148/bpt6k5505300s/f403.item,"Habib Bedra, Gaston En- . riquez, assess."
M000895,L1912-02436,organisation,Gaston En,GASTON EN,assessor,,unmatched,0,379,https://gallica.bnf.fr/ark:/12148/bpt6k5505300s/f403.item,"Habib Bedra, Gaston En- . riquez, assess."
M000896,L1912-02437,organisation,Plancke,PLANCKE,president,L1912-02069,resolved_fuzzy,1,379,https://gallica.bnf.fr/ark:/12148/bpt6k5505300s/f403.item,"Société .publie mensuellement le «Bulletin des travaux de la Société des Sciences médicales de Tunis». Le Comité de rédaction de ce Bulletin se compose de : MM. le D' Plancke, prés"
M000897,L1912-02437,organisation,Braquehaye,BRAQUEHAYE,member,,unmatched,0,379,https://gallica.bnf.fr/ark:/12148/bpt6k5505300s/f403.item,"Braquehaye, Cortési, Lemanski, Sora, Loliroff,membres"
M000898,L1912-02437,organisation,Cortési,CORTESI,member,,unmatched,0,379,https://gallica.bnf.fr/ark:/12148/bpt6k5505300s/f403.item,"Braquehaye, Cortési, Lemanski, Sora, Loliroff,membres"
M000899,L1912-02437,organisation,Lemanski,LEMANSKI,member,L1912-01607,resolved,1,379,https://gallica.bnf.fr/ark:/12148/bpt6k5505300s/f403.item,"Braquehaye, Cortési, Lemanski, Sora, Loliroff,membres"
M000900,L1912-02437,organisation,Sora,SORA,member,,unmatched,0,379,https://gallica.bnf.fr/ark:/12148/bpt6k5505300s/f403.item,"Braquehaye, Cortési, Lemanski, Sora, Loliroff,membres"
M000901,L1912-02437,organisation,Loliroff,LOLIROFF,member,,unmatched,0,379,https://gallica.bnf.fr/ark:/12148/bpt6k5505300s/f403.item,"Braquehaye, Cortési, Lemanski, Sora, Loliroff,membres"
M000902,L1912-02437,organisation,Plancke,PLANCKE,president,L1912-02069,resolved_fuzzy,1,379,https://gallica.bnf.fr/ark:/12148/bpt6k5505300s/f403.item,BUREAU : D' Plancke. prés.
M000903,L1912-02437,organisation,Lévy,LEVY,vice_president,,ambiguous,2,379,https://gallica.bnf.fr/ark:/12148/bpt6k5505300s/f403.item,D' Lévy. v.-prés.
M000904,L1912-02437,organisation,D1 Cassulo,D CASSULO,secretary_general,L1912-00534,resolved_fuzzy,1,379,https://gallica.bnf.fr/ark:/12148/bpt6k5505300s/f403.item,"D1 Cassulo, secr. gén."
M000905,L1912-02437,organisation,Spezzafurno,SPEZZAFURNO,deputy_secretary,,unmatched,0,379,https://gallica.bnf.fr/ark:/12148/bpt6k5505300s/f403.item,"D' Spezzafurno, secr. adj."
M000906,L1912-02437,organisation,D Porot,D POROT,councillor,L1912-02092,resolved,1,379,https://gallica.bnf.fr/ark:/12148/bpt6k5505300s/f403.item,"D"" Porot et Cardoso, conseillers"
M000907,L1912-02437,organisation,Cardoso,CARDOSO,councillor,,ambiguous,2,379,https://gallica.bnf.fr/ark:/12148/bpt6k5505300s/f403.item,"D"" Porot et Cardoso, conseillers"
M000908,L1912-02437,organisation,D Bastide,D BASTIDE,president,L1912-00247,resolved,1,379,https://gallica.bnf.fr/ark:/12148/bpt6k5505300s/f403.item,"Ane. prés. : MM. les D"" Bastide. 1.898"
M000909,L1912-02438,organisation,Curlelin,CURLELIN,vice_president,L1912-00765,resolved_fuzzy,1,380,https://gallica.bnf.fr/ark:/12148/bpt6k5505300s/f404.item,"Curlelin et Forcioli, v.- prés."
M000910,L1912-02438,organisation,Forcioli,FORCIOLI,vice_president,,unmatched,0,380,https://gallica.bnf.fr/ark:/12148/bpt6k5505300s/f404.item,"Curlelin et Forcioli, v.- prés."
M000911,L1912-02438,organisation,Barsolti,BARSOLTI,secretary,L1912-00244,resolved_fuzzy,1,380,https://gallica.bnf.fr/ark:/12148/bpt6k5505300s/f404.item,"Barsolti, secr."
M000912,L1912-02439,organisation,Beya,BEYA,president,,unmatched,0,380,https://gallica.bnf.fr/ark:/12148/bpt6k5505300s/f404.item,Sous la présidence d'honneur de : S. A. la Beya régnante Qamar Hanem
M000913,L1912-02439,organisation,Cheikh Mohamed,CHEIKH MOHAMED,vice_president,,ambiguous,2,380,https://gallica.bnf.fr/ark:/12148/bpt6k5505300s/f404.item,"Sous la vice-présidence d'honn. de : M"" Cheikh Mohamed el Bahri"
M000914,L1912-02439,organisation,Bouhageb,BOUHAGEB,board_member,,ambiguous,2,380,https://gallica.bnf.fr/ark:/12148/bpt6k5505300s/f404.item,"Son Comité directeur est ainsi composé : MM. le Dr Bouhageb, prés."
M000915,L1912-02439,organisation,Ahmed,AHMED,vice_president,L1912-00031,resolved,1,380,https://gallica.bnf.fr/ark:/12148/bpt6k5505300s/f404.item,"Ahmed el Bahri, v.-prés."
M000916,L1912-02439,organisation,A Cheikh,A CHEIKH,secretary,,unmatched,0,380,https://gallica.bnf.fr/ark:/12148/bpt6k5505300s/f404.item,"A. Cheikh et M. Asfouri, secr."
M000917,L1912-02439,organisation,IL Djehane,IL DJEHANE,member,L1912-00902,resolved,1,380,https://gallica.bnf.fr/ark:/12148/bpt6k5505300s/f404.item,"IL Djehane, M. Azouz, M. B. Abdallah et M. Aouidj, membres"
M000918,L1912-02439,organisation,Azouz,AZOUZ,member,L1912-00201,resolved,1,380,https://gallica.bnf.fr/ark:/12148/bpt6k5505300s/f404.item,"IL Djehane, M. Azouz, M. B. Abdallah et M. Aouidj, membres"
M000919,L1912-02439,organisation,B Abdallah,B ABDALLAH,member,,unmatched,0,380,https://gallica.bnf.fr/ark:/12148/bpt6k5505300s/f404.item,"IL Djehane, M. Azouz, M. B. Abdallah et M. Aouidj, membres"
M000920,L1912-02439,organisation,Aouidj,AOUIDJ,member,,unmatched,0,380,https://gallica.bnf.fr/ark:/12148/bpt6k5505300s/f404.item,"IL Djehane, M. Azouz, M. B. Abdallah et M. Aouidj, membres"
M000921,L1912-02440,organisation,Orliac,ORLIAC,president,L1912-01930,resolved,1,380,https://gallica.bnf.fr/ark:/12148/bpt6k5505300s/f404.item,"BUREAU : MM. Orliac, prés."
M000922,L1912-02440,organisation,Antoine,ANTOINE,vice_president,L1912-00106,resolved,1,380,https://gallica.bnf.fr/ark:/12148/bpt6k5505300s/f404.item,"Antoine, v.-prés."
M000923,L1912-02440,organisation,Lemoine,LEMOINE,secretary,,unmatched,0,380,https://gallica.bnf.fr/ark:/12148/bpt6k5505300s/f404.item,"Lemoine, secr."
M000924,L1912-02440,organisation,Lavau,LAVAU,member,,unmatched,0,380,https://gallica.bnf.fr/ark:/12148/bpt6k5505300s/f404.item,"Lavau, Grosdemange, Larclel, membres."
M000925,L1912-02440,organisation,Grosdemange,GROSDEMANGE,member,,unmatched,0,380,https://gallica.bnf.fr/ark:/12148/bpt6k5505300s/f404.item,"Lavau, Grosdemange, Larclel, membres."
M000926,L1912-02440,organisation,Larclel,LARCLEL,member,,unmatched,0,380,https://gallica.bnf.fr/ark:/12148/bpt6k5505300s/f404.item,"Lavau, Grosdemange, Larclel, membres."
M000927,L1912-02441,organisation,Bergen,BERGEN,member,L1912-00309,resolved_fuzzy,1,380,https://gallica.bnf.fr/ark:/12148/bpt6k5505300s/f404.item,"Nombre de membres : 400. Diplômes d'honneur aux Expositions touristiques cle Trondhjem et Bergen (Norvège) et à l'Exposition de Bruxelles en 191.0. Comité de patronage : Prés, d'ho"
M000928,L1912-02441,organisation,Alapetite,ALAPETITE,member,L1912-00066,resolved,1,380,https://gallica.bnf.fr/ark:/12148/bpt6k5505300s/f404.item,"Nombre de membres : 400. Diplômes d'honneur aux Expositions touristiques cle Trondhjem et Bergen (Norvège) et à l'Exposition de Bruxelles en 191.0. Comité de patronage : Prés, d'ho"
M000929,L1912-02441,organisation,Résident,RESIDENT,member,,unmatched,0,380,https://gallica.bnf.fr/ark:/12148/bpt6k5505300s/f404.item,"Nombre de membres : 400. Diplômes d'honneur aux Expositions touristiques cle Trondhjem et Bergen (Norvège) et à l'Exposition de Bruxelles en 191.0. Comité de patronage : Prés, d'ho"
M000930,L1912-02441,organisation,Roy,ROY,honorary_vice_president,,unmatched,0,380,https://gallica.bnf.fr/ark:/12148/bpt6k5505300s/f404.item,"v.-prés. d'honn. : MM. Roy, secr. gén. du Gouv. tunisien"
M000931,L1912-02441,organisation,T Audemard,T AUDEMARD,board_member,L1912-00176,resolved,1,380,https://gallica.bnf.fr/ark:/12148/bpt6k5505300s/f404.item,"Comité directeur : MM. .T. Audemard (Hôtel de Paris), prés."
M000932,L1912-02441,organisation,L Vuarnet,L VUARNET,vice_president,,unmatched,0,380,https://gallica.bnf.fr/ark:/12148/bpt6k5505300s/f404.item,"L. Vuarnet (Tunis-Hôtel), v.-prés."
M000933,L1912-02441,organisation,Audemard,AUDEMARD,deputy_secretary,L1912-00176,resolved,1,380,https://gallica.bnf.fr/ark:/12148/bpt6k5505300s/f404.item,"Audemard fils, secr. adj."
M000934,L1912-02441,organisation,B Waldispul,B WALDISPUL,councillor,,unmatched,0,380,https://gallica.bnf.fr/ark:/12148/bpt6k5505300s/f404.item,"B. Waldispul (Grand-Hôtel), Montagnoux (Brasserie du Phénix), I-Ieusch (Restaurant du Casino clu Belvédère), Trous- ' I sier (Hôtel Moderne), Lavit (Grand Hô- tel) à Sousse, Elophe"
M000935,L1912-02441,organisation,Montagnoux,MONTAGNOUX,councillor,,unmatched,0,380,https://gallica.bnf.fr/ark:/12148/bpt6k5505300s/f404.item,"B. Waldispul (Grand-Hôtel), Montagnoux (Brasserie du Phénix), I-Ieusch (Restaurant du Casino clu Belvédère), Trous- ' I sier (Hôtel Moderne), Lavit (Grand Hô- tel) à Sousse, Elophe"
M000936,L1912-02441,organisation,I-Ieusch,I IEUSCH,councillor,,unmatched,0,380,https://gallica.bnf.fr/ark:/12148/bpt6k5505300s/f404.item,"B. Waldispul (Grand-Hôtel), Montagnoux (Brasserie du Phénix), I-Ieusch (Restaurant du Casino clu Belvédère), Trous- ' I sier (Hôtel Moderne), Lavit (Grand Hô- tel) à Sousse, Elophe"
M000937,L1912-02441,organisation,Trous- I,TROUS I,councillor,,unmatched,0,380,https://gallica.bnf.fr/ark:/12148/bpt6k5505300s/f404.item,"B. Waldispul (Grand-Hôtel), Montagnoux (Brasserie du Phénix), I-Ieusch (Restaurant du Casino clu Belvédère), Trous- ' I sier (Hôtel Moderne), Lavit (Grand Hô- tel) à Sousse, Elophe"
M000938,L1912-02441,organisation,Lavit,LAVIT,councillor,,unmatched,0,380,https://gallica.bnf.fr/ark:/12148/bpt6k5505300s/f404.item,"B. Waldispul (Grand-Hôtel), Montagnoux (Brasserie du Phénix), I-Ieusch (Restaurant du Casino clu Belvédère), Trous- ' I sier (Hôtel Moderne), Lavit (Grand Hô- tel) à Sousse, Elophe"
M000939,L1912-02441,organisation,Elophe,ELOPHE,councillor,,unmatched,0,380,https://gallica.bnf.fr/ark:/12148/bpt6k5505300s/f404.item,"B. Waldispul (Grand-Hôtel), Montagnoux (Brasserie du Phénix), I-Ieusch (Restaurant du Casino clu Belvédère), Trous- ' I sier (Hôtel Moderne), Lavit (Grand Hô- tel) à Sousse, Elophe"
M000940,L1912-02441,organisation,Redoul,REDOUL,councillor,L1912-02151,resolved_fuzzy,1,380,https://gallica.bnf.fr/ark:/12148/bpt6k5505300s/f404.item,"B. Waldispul (Grand-Hôtel), Montagnoux (Brasserie du Phénix), I-Ieusch (Restaurant du Casino clu Belvédère), Trous- ' I sier (Hôtel Moderne), Lavit (Grand Hô- tel) à Sousse, Elophe"
M000941,L1912-02441,organisation,Tuor,TUOR,president,,unmatched,0,380,https://gallica.bnf.fr/ark:/12148/bpt6k5505300s/f404.item,"Ane. prés. : M. Tuor, de 1908 à 1.911. TRAVAUX : 1.0.000 cartes-affiches «Tunisie» et 150.000 brochures descriptives illustrées et notices de propagande en faveur de l'hivernage da"
M000942,L1912-02471,organisation,Développement,DEVELOPPEMENT,member,,unmatched,0,385,https://gallica.bnf.fr/ark:/12148/bpt6k5505300s/f409.item,"Novembre 1.907. BUT : Développement des sports el, en particulier cle la gymnastique, de la boxe, de la lutte, de l'escrime, du fool-ball. 70 membres actifs"
M000943,L1912-02471,organisation,Lagarde,LAGARDE,secretary,,unmatched,0,385,https://gallica.bnf.fr/ark:/12148/bpt6k5505300s/f409.item,"Lagarde, secr"
M000944,L1912-02471,organisation,Tribeaudot,TRIBEAUDOT,president,,unmatched,0,385,https://gallica.bnf.fr/ark:/12148/bpt6k5505300s/f409.item,Ane. prés. : M. le D' Tribeaudot.
M000945,L1912-02472,organisation,Développer,DEVELOPPER,member,,unmatched,0,385,https://gallica.bnf.fr/ark:/12148/bpt6k5505300s/f409.item,BUT : Développer le goût de la navigation et des sports nautiques. 120 membres
M000946,L1912-02472,organisation,Tronchôre,TRONCHORE,vice_president,,unmatched,0,385,https://gallica.bnf.fr/ark:/12148/bpt6k5505300s/f409.item,"Tronchôre et Laffont, v.-prés-."
M000947,L1912-02472,organisation,Laffont,LAFFONT,vice_president,L1912-01568,resolved_fuzzy,1,385,https://gallica.bnf.fr/ark:/12148/bpt6k5505300s/f409.item,"Tronchôre et Laffont, v.-prés-."
M000948,L1912-02472,organisation,Beauvais,BEAUVAIS,secretary,,unmatched,0,385,https://gallica.bnf.fr/ark:/12148/bpt6k5505300s/f409.item,"Beauvais, secr."
M000949,L1912-02472,organisation,Dufetel,DUFETEL,president,,unmatched,0,385,https://gallica.bnf.fr/ark:/12148/bpt6k5505300s/f409.item,"Ane. présid. : MM. Dufetel, Bonavita, Jomier"
M000950,L1912-02472,organisation,Bonavita,BONAVITA,president,,unmatched,0,385,https://gallica.bnf.fr/ark:/12148/bpt6k5505300s/f409.item,"Ane. présid. : MM. Dufetel, Bonavita, Jomier"
M000951,L1912-02472,organisation,Jomier,JOMIER,president,,unmatched,0,385,https://gallica.bnf.fr/ark:/12148/bpt6k5505300s/f409.item,"Ane. présid. : MM. Dufetel, Bonavita, Jomier"
M000952,L1912-02492,organisation,Duffô,DUFFO,president,L1912-00965,resolved,1,388,https://gallica.bnf.fr/ark:/12148/bpt6k5505300s/f412.item,Grand prix à l'Exposition coloniale de Marseille 1906. BUREAU : MM. Duffô prés.
M000953,L1912-02492,organisation,Billy,BILLY,vice_president,L1912-00347,resolved,1,388,https://gallica.bnf.fr/ark:/12148/bpt6k5505300s/f412.item,"Billy, v.-prés."
M000954,L1912-02492,organisation,Coan,COAN,assessor,,unmatched,0,388,https://gallica.bnf.fr/ark:/12148/bpt6k5505300s/f412.item,"MM. Coan net et Monrozier, assess"
M000955,L1912-02492,organisation,Monrozier,MONROZIER,assessor,,unmatched,0,388,https://gallica.bnf.fr/ark:/12148/bpt6k5505300s/f412.item,"MM. Coan net et Monrozier, assess"
M000956,L1912-02492,organisation,Kien Emile,KIEN EMILE,president,,unmatched,0,388,https://gallica.bnf.fr/ark:/12148/bpt6k5505300s/f412.item,"TRAVAUX : Préservation complète di vignoble tunisien de l'atteinte phylloxerique jusqu'en 1906. SERVICES TECHNIQUES : M. Kien Emile, chef clu service. — MM. Jambon Pierre, à Tunis"
M000957,L1912-02493,organisation,Paul Lambert,PAUL LAMBERT,president,L1912-01579,resolved,1,388,https://gallica.bnf.fr/ark:/12148/bpt6k5505300s/f412.item,"BUREAU : MM. Paul Lambert, prés."
M000958,L1912-02493,organisation,Bouyac,BOUYAC,vice_president,L1912-00449,resolved_fuzzy,1,388,https://gallica.bnf.fr/ark:/12148/bpt6k5505300s/f412.item,"Bouyac et d'Alessandro, v.-prés."
M000959,L1912-02493,organisation,André Duran,ANDRE DURAN,secretary_general,L1912-00096,resolved,1,388,https://gallica.bnf.fr/ark:/12148/bpt6k5505300s/f412.item,"André Duran, secr. gén."
M000960,L1912-02493,organisation,Cauwel,CAUWEL,secretary,,unmatched,0,388,https://gallica.bnf.fr/ark:/12148/bpt6k5505300s/f412.item,"Cauwel, secr."
M000961,L1912-02493,organisation,Lecore-Carpenlier,LECORE CARPENLIER,honorary_president,,unmatched,0,388,https://gallica.bnf.fr/ark:/12148/bpt6k5505300s/f412.item,"Prés, d'honn. : M.' Lecore-Carpenlier"
M000962,L1912-02493,organisation,Omessa,OMESSA,president,L1912-01923,resolved,1,388,https://gallica.bnf.fr/ark:/12148/bpt6k5505300s/f412.item,Ane. prés. : MM. Omessa et LecoreCarpenlier
M000963,L1912-02493,organisation,LecoreCarpenlier,LECORECARPENLIER,president,,unmatched,0,388,https://gallica.bnf.fr/ark:/12148/bpt6k5505300s/f412.item,Ane. prés. : MM. Omessa et LecoreCarpenlier
M000964,L1912-02601,organisation,A Bost,A BOST,president,L1912-00405,resolved,1,409,https://gallica.bnf.fr/ark:/12148/bpt6k5505300s/f433.item,"BUREAU : MM. A. Bost, président"
M000965,L1912-02601,organisation,L Pradier,L PRADIER,vice_president,L1912-02107,resolved,1,409,https://gallica.bnf.fr/ark:/12148/bpt6k5505300s/f433.item,"L. Pradier, vice-président"
M000966,L1912-02610,organisation,Aubry,AUBRY,president,L1912-00174,resolved,1,414,https://gallica.bnf.fr/ark:/12148/bpt6k5505300s/f438.item,"MM. Aubry, prés."
M000967,L1912-02610,organisation,Félix,FELIX,vice_president,,unmatched,0,414,https://gallica.bnf.fr/ark:/12148/bpt6k5505300s/f438.item,"Félix,'v.-prés."
M000968,L1912-02610,organisation,Bazerque,BAZERQUE,secretary,,unmatched,0,414,https://gallica.bnf.fr/ark:/12148/bpt6k5505300s/f438.item,"Bazerque, secr."
M000969,L1912-00005,place,Averso,AVERSO,property_owner,L1912-00192,resolved,1,1,https://gallica.bnf.fr/ark:/12148/bpt6k5505300s/f25.item,"Averso, Delsol, Solanet, Watrin"
M000970,L1912-00005,place,Delsol,DELSOL,property_owner,,unmatched,0,1,https://gallica.bnf.fr/ark:/12148/bpt6k5505300s/f25.item,"Averso, Delsol, Solanet, Watrin"
M000971,L1912-00005,place,Solanet,SOLANET,property_owner,,unmatched,0,1,https://gallica.bnf.fr/ark:/12148/bpt6k5505300s/f25.item,"Averso, Delsol, Solanet, Watrin"
M000972,L1912-00005,place,Watrin,WATRIN,property_owner,L1912-02685,resolved,1,1,https://gallica.bnf.fr/ark:/12148/bpt6k5505300s/f25.item,"Averso, Delsol, Solanet, Watrin"
M000973,L1912-00009,place,Bouyou,BOUYOU,property_owner,,unmatched,0,1,https://gallica.bnf.fr/ark:/12148/bpt6k5505300s/f25.item,"Bouyou, Jouaffre-, de Montgolfier"
M000974,L1912-00009,place,Jouaffre,JOUAFFRE,property_owner,,unmatched,0,1,https://gallica.bnf.fr/ark:/12148/bpt6k5505300s/f25.item,"Bouyou, Jouaffre-, de Montgolfier"
M000975,L1912-00009,place,Montgolfier,MONTGOLFIER,property_owner,,unmatched,0,1,https://gallica.bnf.fr/ark:/12148/bpt6k5505300s/f25.item,"Bouyou, Jouaffre-, de Montgolfier"
M000976,L1912-00054,place,Bazignan,BAZIGNAN,property_owner,,unmatched,0,6,https://gallica.bnf.fr/ark:/12148/bpt6k5505300s/f30.item,"MM. de Bazignan, Boissonnas, Wartelle"
M000977,L1912-00054,place,Boissonnas,BOISSONNAS,property_owner,,unmatched,0,6,https://gallica.bnf.fr/ark:/12148/bpt6k5505300s/f30.item,"MM. de Bazignan, Boissonnas, Wartelle"
M000978,L1912-00054,place,Wartelle,WARTELLE,property_owner,L1912-02682,resolved,1,6,https://gallica.bnf.fr/ark:/12148/bpt6k5505300s/f30.item,"MM. de Bazignan, Boissonnas, Wartelle"
M000979,L1912-00203,place,Dulilli,DULILLI,property_owner,,unmatched,0,45,https://gallica.bnf.fr/ark:/12148/bpt6k5505300s/f69.item,"capitaine Dulilli, Lunardelh, Bournat, etc"
M000980,L1912-00203,place,Lunardelh,LUNARDELH,property_owner,,unmatched,0,45,https://gallica.bnf.fr/ark:/12148/bpt6k5505300s/f69.item,"capitaine Dulilli, Lunardelh, Bournat, etc"
M000981,L1912-00203,place,Bournat,BOURNAT,property_owner,,unmatched,0,45,https://gallica.bnf.fr/ark:/12148/bpt6k5505300s/f69.item,"capitaine Dulilli, Lunardelh, Bournat, etc"
M000982,L1912-00284,place,Guillemard,GUILLEMARD,property_owner,L1912-01334,resolved_fuzzy,1,54,https://gallica.bnf.fr/ark:/12148/bpt6k5505300s/f78.item,"MM. Guillemard,"
M000983,L1912-00289,place,A'i,A I,property_owner,,unmatched,0,54,https://gallica.bnf.fr/ark:/12148/bpt6k5505300s/f78.item,A'i
M000984,L1912-00303,place,Bourke,BOURKE,property_owner,,unmatched,0,55,https://gallica.bnf.fr/ark:/12148/bpt6k5505300s/f79.item,Bourke
M000985,L1912-00356,place,Alger,ALGER,property_owner,L1912-00170,resolved_fuzzy,1,63,https://gallica.bnf.fr/ark:/12148/bpt6k5505300s/f87.item,"MM. Alger, Barôs, Blache, cle la Cassinière, Depert, Doulre, Favart, La Forest-Divonne, Lhuiilier, Alacbuel, cle Morry, Prodel, Rouet de Clermont, Scbarler, Teulère, Vasseur, Valet"
M000986,L1912-00356,place,Barôs,BAROS,property_owner,,ambiguous_fuzzy,2,63,https://gallica.bnf.fr/ark:/12148/bpt6k5505300s/f87.item,"MM. Alger, Barôs, Blache, cle la Cassinière, Depert, Doulre, Favart, La Forest-Divonne, Lhuiilier, Alacbuel, cle Morry, Prodel, Rouet de Clermont, Scbarler, Teulère, Vasseur, Valet"
M000987,L1912-00356,place,Blache,BLACHE,property_owner,,unmatched,0,63,https://gallica.bnf.fr/ark:/12148/bpt6k5505300s/f87.item,"MM. Alger, Barôs, Blache, cle la Cassinière, Depert, Doulre, Favart, La Forest-Divonne, Lhuiilier, Alacbuel, cle Morry, Prodel, Rouet de Clermont, Scbarler, Teulère, Vasseur, Valet"
M000988,L1912-00356,place,Depert,DEPERT,property_owner,,unmatched,0,63,https://gallica.bnf.fr/ark:/12148/bpt6k5505300s/f87.item,"MM. Alger, Barôs, Blache, cle la Cassinière, Depert, Doulre, Favart, La Forest-Divonne, Lhuiilier, Alacbuel, cle Morry, Prodel, Rouet de Clermont, Scbarler, Teulère, Vasseur, Valet"
M000989,L1912-00356,place,Doulre,DOULRE,property_owner,,unmatched,0,63,https://gallica.bnf.fr/ark:/12148/bpt6k5505300s/f87.item,"MM. Alger, Barôs, Blache, cle la Cassinière, Depert, Doulre, Favart, La Forest-Divonne, Lhuiilier, Alacbuel, cle Morry, Prodel, Rouet de Clermont, Scbarler, Teulère, Vasseur, Valet"
M000990,L1912-00356,place,Favart,FAVART,property_owner,,unmatched,0,63,https://gallica.bnf.fr/ark:/12148/bpt6k5505300s/f87.item,"MM. Alger, Barôs, Blache, cle la Cassinière, Depert, Doulre, Favart, La Forest-Divonne, Lhuiilier, Alacbuel, cle Morry, Prodel, Rouet de Clermont, Scbarler, Teulère, Vasseur, Valet"
M000991,L1912-00356,place,Forest-Divonne,FOREST DIVONNE,property_owner,,unmatched,0,63,https://gallica.bnf.fr/ark:/12148/bpt6k5505300s/f87.item,"MM. Alger, Barôs, Blache, cle la Cassinière, Depert, Doulre, Favart, La Forest-Divonne, Lhuiilier, Alacbuel, cle Morry, Prodel, Rouet de Clermont, Scbarler, Teulère, Vasseur, Valet"
M000992,L1912-00356,place,Lhuiilier,LHUIILIER,property_owner,,unmatched,0,63,https://gallica.bnf.fr/ark:/12148/bpt6k5505300s/f87.item,"MM. Alger, Barôs, Blache, cle la Cassinière, Depert, Doulre, Favart, La Forest-Divonne, Lhuiilier, Alacbuel, cle Morry, Prodel, Rouet de Clermont, Scbarler, Teulère, Vasseur, Valet"
M000993,L1912-00356,place,Alacbuel,ALACBUEL,property_owner,,unmatched,0,63,https://gallica.bnf.fr/ark:/12148/bpt6k5505300s/f87.item,"MM. Alger, Barôs, Blache, cle la Cassinière, Depert, Doulre, Favart, La Forest-Divonne, Lhuiilier, Alacbuel, cle Morry, Prodel, Rouet de Clermont, Scbarler, Teulère, Vasseur, Valet"
M000994,L1912-00356,place,Prodel,PRODEL,property_owner,,unmatched,0,63,https://gallica.bnf.fr/ark:/12148/bpt6k5505300s/f87.item,"MM. Alger, Barôs, Blache, cle la Cassinière, Depert, Doulre, Favart, La Forest-Divonne, Lhuiilier, Alacbuel, cle Morry, Prodel, Rouet de Clermont, Scbarler, Teulère, Vasseur, Valet"
M000995,L1912-00356,place,Rouet,ROUET,property_owner,,unmatched,0,63,https://gallica.bnf.fr/ark:/12148/bpt6k5505300s/f87.item,"MM. Alger, Barôs, Blache, cle la Cassinière, Depert, Doulre, Favart, La Forest-Divonne, Lhuiilier, Alacbuel, cle Morry, Prodel, Rouet de Clermont, Scbarler, Teulère, Vasseur, Valet"
M000996,L1912-00356,place,Scbarler,SCBARLER,property_owner,,unmatched,0,63,https://gallica.bnf.fr/ark:/12148/bpt6k5505300s/f87.item,"MM. Alger, Barôs, Blache, cle la Cassinière, Depert, Doulre, Favart, La Forest-Divonne, Lhuiilier, Alacbuel, cle Morry, Prodel, Rouet de Clermont, Scbarler, Teulère, Vasseur, Valet"
M000997,L1912-00356,place,Teulère,TEULERE,property_owner,L1912-02547,resolved_fuzzy,1,63,https://gallica.bnf.fr/ark:/12148/bpt6k5505300s/f87.item,"MM. Alger, Barôs, Blache, cle la Cassinière, Depert, Doulre, Favart, La Forest-Divonne, Lhuiilier, Alacbuel, cle Morry, Prodel, Rouet de Clermont, Scbarler, Teulère, Vasseur, Valet"
M000998,L1912-00356,place,Vasseur,VASSEUR,property_owner,,unmatched,0,63,https://gallica.bnf.fr/ark:/12148/bpt6k5505300s/f87.item,"MM. Alger, Barôs, Blache, cle la Cassinière, Depert, Doulre, Favart, La Forest-Divonne, Lhuiilier, Alacbuel, cle Morry, Prodel, Rouet de Clermont, Scbarler, Teulère, Vasseur, Valet"
M000999,L1912-00356,place,Valet,VALET,property_owner,L1912-01681,resolved_fuzzy,1,63,https://gallica.bnf.fr/ark:/12148/bpt6k5505300s/f87.item,"MM. Alger, Barôs, Blache, cle la Cassinière, Depert, Doulre, Favart, La Forest-Divonne, Lhuiilier, Alacbuel, cle Morry, Prodel, Rouet de Clermont, Scbarler, Teulère, Vasseur, Valet"
M001000,L1912-00394,place,Chenavard,CHENAVARD,property_owner,,unmatched,0,68,https://gallica.bnf.fr/ark:/12148/bpt6k5505300s/f92.item,Chenavard
M001001,L1912-00395,place,Dumont,DUMONT,property_owner,,ambiguous,2,69,https://gallica.bnf.fr/ark:/12148/bpt6k5505300s/f93.item,"MM. Dumont, Gerz et Gnecco"
M001002,L1912-00395,place,Gerz,GERZ,property_owner,,unmatched,0,69,https://gallica.bnf.fr/ark:/12148/bpt6k5505300s/f93.item,"MM. Dumont, Gerz et Gnecco"
M001003,L1912-00395,place,Gnecco,GNECCO,property_owner,,unmatched,0,69,https://gallica.bnf.fr/ark:/12148/bpt6k5505300s/f93.item,"MM. Dumont, Gerz et Gnecco"
M001004,L1912-00396,place,Reveyron,REVEYRON,property_owner,,unmatched,0,69,https://gallica.bnf.fr/ark:/12148/bpt6k5505300s/f93.item,M. Reveyron
M001005,L1912-00399,place,Trouillet,TROUILLET,property_owner,L1912-02600,resolved,1,69,https://gallica.bnf.fr/ark:/12148/bpt6k5505300s/f93.item,M. Trouillet el «La Colonisation franco-tunisienne»
M001006,L1912-00440,place,Bou-Remacla,BOU REMACLA,property_owner,,unmatched,0,73,https://gallica.bnf.fr/ark:/12148/bpt6k5505300s/f97.item,"achetée par le Domaine aux Habous et divisée en trois lols:l"" lot, Bou-Remacla (120 hect"
M001007,L1912-00590,place,Lagrenôe,LAGRENOE,property_owner,,unmatched,0,105,https://gallica.bnf.fr/ark:/12148/bpt6k5505300s/f129.item,"M"""" Lagrenôe, 2"
M001008,L1912-00622,place,Duchapt,DUCHAPT,property_owner,,unmatched,0,112,https://gallica.bnf.fr/ark:/12148/bpt6k5505300s/f136.item,"MM. Duchapt, de Torez, Tempach, Mudry, etc"
M001009,L1912-00622,place,Torez,TOREZ,property_owner,,unmatched,0,112,https://gallica.bnf.fr/ark:/12148/bpt6k5505300s/f136.item,"MM. Duchapt, de Torez, Tempach, Mudry, etc"
M001010,L1912-00622,place,Tempach,TEMPACH,property_owner,,unmatched,0,112,https://gallica.bnf.fr/ark:/12148/bpt6k5505300s/f136.item,"MM. Duchapt, de Torez, Tempach, Mudry, etc"
M001011,L1912-00622,place,Mudry,MUDRY,property_owner,,unmatched,0,112,https://gallica.bnf.fr/ark:/12148/bpt6k5505300s/f136.item,"MM. Duchapt, de Torez, Tempach, Mudry, etc"
M001012,L1912-00649,place,Dumont,DUMONT,property_owner,,ambiguous,2,115,https://gallica.bnf.fr/ark:/12148/bpt6k5505300s/f139.item,"MM. Dumont, 30 hect"
M001013,L1912-00784,place,Tesi,TESI,property_owner,,unmatched,0,147,https://gallica.bnf.fr/ark:/12148/bpt6k5505300s/f171.item,MM. Tesi frères
M001014,L1912-00805,place,Martel,MARTEL,property_owner,L1912-01702,resolved,1,150,https://gallica.bnf.fr/ark:/12148/bpt6k5505300s/f174.item,M. Martel
M001015,L1912-00861,place,Lagrenée,LAGRENEE,property_owner,,unmatched,0,158,https://gallica.bnf.fr/ark:/12148/bpt6k5505300s/f182.item,"M"""" Lagrenée, MM"
M001016,L1912-00872,place,Bonnard,BONNARD,property_owner,L1912-00384,resolved_fuzzy,1,158,https://gallica.bnf.fr/ark:/12148/bpt6k5505300s/f182.item,"MM. Bonnard, Licari, 11"
M001017,L1912-00872,place,Licari,LICARI,property_owner,,unmatched,0,158,https://gallica.bnf.fr/ark:/12148/bpt6k5505300s/f182.item,"MM. Bonnard, Licari, 11"
M001018,L1912-00875,place,Donégani,DONEGANI,property_owner,,unmatched,0,158,https://gallica.bnf.fr/ark:/12148/bpt6k5505300s/f182.item,M. Donégani
M001019,L1912-00876,place,Alcools,ALCOOLS,property_owner,,unmatched,0,159,https://gallica.bnf.fr/ark:/12148/bpt6k5505300s/f183.item,Société des Tartres et Alcools
M001020,L1912-00877,place,Djebel-Charra Mining Compagny Limited,DJEBEL CHARRA MINING COMPAGNY LIMITED,property_owner,,unmatched,0,159,https://gallica.bnf.fr/ark:/12148/bpt6k5505300s/f183.item,Djebel-Charra Mining Compagny Limited
M001021,L1912-00881,place,Arragon,ARRAGON,property_owner,L1912-00130,resolved,1,159,https://gallica.bnf.fr/ark:/12148/bpt6k5505300s/f183.item,"MM. Arragon, Astier, colas, Dubos, d'Espaigne (112 hect"
M001022,L1912-00881,place,Astier,ASTIER,property_owner,,unmatched,0,159,https://gallica.bnf.fr/ark:/12148/bpt6k5505300s/f183.item,"MM. Arragon, Astier, colas, Dubos, d'Espaigne (112 hect"
M001023,L1912-00881,place,Dubos,DUBOS,property_owner,L1912-00957,resolved,1,159,https://gallica.bnf.fr/ark:/12148/bpt6k5505300s/f183.item,"MM. Arragon, Astier, colas, Dubos, d'Espaigne (112 hect"
M001024,L1912-00883,place,Montgolfier,MONTGOLFIER,property_owner,,unmatched,0,159,https://gallica.bnf.fr/ark:/12148/bpt6k5505300s/f183.item,"M. de Montgolfier, 17, rue de Berri, Paris"
M001025,L1912-00883,place,Paris,PARIS,property_owner,,unmatched,0,159,https://gallica.bnf.fr/ark:/12148/bpt6k5505300s/f183.item,"M. de Montgolfier, 17, rue de Berri, Paris"
M001026,L1912-00884,place,Bruxelles,BRUXELLES,property_owner,,unmatched,0,159,https://gallica.bnf.fr/ark:/12148/bpt6k5505300s/f183.item,"Compagnie Royale Asturienne des-Mines, rue Royale, 152, Bruxelles, Repr"
M001027,L1912-00884,place,Repr,REPR,property_owner,,unmatched,0,159,https://gallica.bnf.fr/ark:/12148/bpt6k5505300s/f183.item,"Compagnie Royale Asturienne des-Mines, rue Royale, 152, Bruxelles, Repr"
M001028,L1912-00885,place,SaintEtienne,SAINTETIENNE,property_owner,,unmatched,0,159,https://gallica.bnf.fr/ark:/12148/bpt6k5505300s/f183.item,"Société Minière du Nord de l'Afrique, 25, rue Claude-Delaroie, SaintEtienne (Loire)"
M001029,L1912-00886,place,Attilo Pès,ATTILO PES,property_owner,,unmatched,0,159,https://gallica.bnf.fr/ark:/12148/bpt6k5505300s/f183.item,"M. Attilo Pès, au Bardo, près de Tunis"
M001030,L1912-00894,place,Dubois,DUBOIS,property_owner,L1912-00957,resolved_fuzzy,1,159,https://gallica.bnf.fr/ark:/12148/bpt6k5505300s/f183.item,"M. Dubois de Leslang, Bougival (Seine)"
M001031,L1912-00894,place,Bougival,BOUGIVAL,property_owner,,unmatched,0,159,https://gallica.bnf.fr/ark:/12148/bpt6k5505300s/f183.item,"M. Dubois de Leslang, Bougival (Seine)"
M001032,L1912-00899,place,Vwanau'd Sons,VWANAU D SONS,property_owner,,unmatched,0,160,https://gallica.bnf.fr/ark:/12148/bpt6k5505300s/f184.item,"MM. Vwanau'd Sons, Swansea"
M001033,L1912-00899,place,Swansea,SWANSEA,property_owner,,unmatched,0,160,https://gallica.bnf.fr/ark:/12148/bpt6k5505300s/f184.item,"MM. Vwanau'd Sons, Swansea"
M001034,L1912-00901,place,Jousse,JOUSSE,property_owner,,unmatched,0,160,https://gallica.bnf.fr/ark:/12148/bpt6k5505300s/f184.item,"MM. Jousse, Martin, le marquis' de Certaines (2"
M001035,L1912-00901,place,Martin,MARTIN,property_owner,,ambiguous,2,160,https://gallica.bnf.fr/ark:/12148/bpt6k5505300s/f184.item,"MM. Jousse, Martin, le marquis' de Certaines (2"
M001036,L1912-00935,place,Machwitz,MACHWITZ,property_owner,L1912-01658,resolved,1,163,https://gallica.bnf.fr/ark:/12148/bpt6k5505300s/f187.item,"MM. Machwitz, Costa, Bogo"
M001037,L1912-00935,place,Costa,COSTA,property_owner,,unmatched,0,163,https://gallica.bnf.fr/ark:/12148/bpt6k5505300s/f187.item,"MM. Machwitz, Costa, Bogo"
M001038,L1912-00935,place,Bogo,BOGO,property_owner,,unmatched,0,163,https://gallica.bnf.fr/ark:/12148/bpt6k5505300s/f187.item,"MM. Machwitz, Costa, Bogo"
M001039,L1912-00958,place,Barcelona,BARCELONA,property_owner,,unmatched,0,166,https://gallica.bnf.fr/ark:/12148/bpt6k5505300s/f190.item,"MM. Barcelona, Buhagiar, Jouffray"
M001040,L1912-00958,place,Buhagiar,BUHAGIAR,property_owner,,unmatched,0,166,https://gallica.bnf.fr/ark:/12148/bpt6k5505300s/f190.item,"MM. Barcelona, Buhagiar, Jouffray"
M001041,L1912-00958,place,Jouffray,JOUFFRAY,property_owner,,unmatched,0,166,https://gallica.bnf.fr/ark:/12148/bpt6k5505300s/f190.item,"MM. Barcelona, Buhagiar, Jouffray"
M001042,L1912-00995,place,Vassel,VASSEL,property_owner,L1912-02645,resolved,1,171,https://gallica.bnf.fr/ark:/12148/bpt6k5505300s/f195.item,M. Vassel
M001043,L1912-01005,place,Rosenweig,ROSENWEIG,property_owner,,unmatched,0,173,https://gallica.bnf.fr/ark:/12148/bpt6k5505300s/f197.item,"MM. Rosenweig, Latil, Verdelet, Delboulbé, Bonneau, Trachat, Dechoudan"
M001044,L1912-01005,place,Latil,LATIL,property_owner,,unmatched,0,173,https://gallica.bnf.fr/ark:/12148/bpt6k5505300s/f197.item,"MM. Rosenweig, Latil, Verdelet, Delboulbé, Bonneau, Trachat, Dechoudan"
M001045,L1912-01005,place,Verdelet,VERDELET,property_owner,L1912-02650,resolved,1,173,https://gallica.bnf.fr/ark:/12148/bpt6k5505300s/f197.item,"MM. Rosenweig, Latil, Verdelet, Delboulbé, Bonneau, Trachat, Dechoudan"
M001046,L1912-01005,place,Delboulbé,DELBOULBE,property_owner,,unmatched,0,173,https://gallica.bnf.fr/ark:/12148/bpt6k5505300s/f197.item,"MM. Rosenweig, Latil, Verdelet, Delboulbé, Bonneau, Trachat, Dechoudan"
M001047,L1912-01005,place,Bonneau,BONNEAU,property_owner,,unmatched,0,173,https://gallica.bnf.fr/ark:/12148/bpt6k5505300s/f197.item,"MM. Rosenweig, Latil, Verdelet, Delboulbé, Bonneau, Trachat, Dechoudan"
M001048,L1912-01005,place,Trachat,TRACHAT,property_owner,,unmatched,0,173,https://gallica.bnf.fr/ark:/12148/bpt6k5505300s/f197.item,"MM. Rosenweig, Latil, Verdelet, Delboulbé, Bonneau, Trachat, Dechoudan"
M001049,L1912-01005,place,Dechoudan,DECHOUDAN,property_owner,,unmatched,0,173,https://gallica.bnf.fr/ark:/12148/bpt6k5505300s/f197.item,"MM. Rosenweig, Latil, Verdelet, Delboulbé, Bonneau, Trachat, Dechoudan"
M001050,L1912-01006,place,Despéroux,DESPEROUX,property_owner,,unmatched,0,173,https://gallica.bnf.fr/ark:/12148/bpt6k5505300s/f197.item,"MM. Despéroux, Bidali, etc"
M001051,L1912-01006,place,Bidali,BIDALI,property_owner,,unmatched,0,173,https://gallica.bnf.fr/ark:/12148/bpt6k5505300s/f197.item,"MM. Despéroux, Bidali, etc"
M001052,L1912-01017,place,Gramont,GRAMONT,property_owner,,unmatched,0,174,https://gallica.bnf.fr/ark:/12148/bpt6k5505300s/f198.item,M. Gramont
M001053,L1912-01041,place,Robert,ROBERT,property_owner,L1912-02191,resolved,1,176,https://gallica.bnf.fr/ark:/12148/bpt6k5505300s/f200.item,"MM. Robert, Julien, Vernay, capitaine Gondoun, di Codon, Rivière,Ménard, Girard, etc"
M001054,L1912-01041,place,Julien,JULIEN,property_owner,L1912-01481,resolved,1,176,https://gallica.bnf.fr/ark:/12148/bpt6k5505300s/f200.item,"MM. Robert, Julien, Vernay, capitaine Gondoun, di Codon, Rivière,Ménard, Girard, etc"
M001055,L1912-01041,place,Vernay,VERNAY,property_owner,,unmatched,0,176,https://gallica.bnf.fr/ark:/12148/bpt6k5505300s/f200.item,"MM. Robert, Julien, Vernay, capitaine Gondoun, di Codon, Rivière,Ménard, Girard, etc"
M001056,L1912-01041,place,Gondoun,GONDOUN,property_owner,,unmatched,0,176,https://gallica.bnf.fr/ark:/12148/bpt6k5505300s/f200.item,"MM. Robert, Julien, Vernay, capitaine Gondoun, di Codon, Rivière,Ménard, Girard, etc"
M001057,L1912-01041,place,Rivière,RIVIERE,property_owner,,unmatched,0,176,https://gallica.bnf.fr/ark:/12148/bpt6k5505300s/f200.item,"MM. Robert, Julien, Vernay, capitaine Gondoun, di Codon, Rivière,Ménard, Girard, etc"
M001058,L1912-01041,place,Ménard,MENARD,property_owner,,unmatched,0,176,https://gallica.bnf.fr/ark:/12148/bpt6k5505300s/f200.item,"MM. Robert, Julien, Vernay, capitaine Gondoun, di Codon, Rivière,Ménard, Girard, etc"
M001059,L1912-01041,place,Girard,GIRARD,property_owner,L1912-01273,resolved,1,176,https://gallica.bnf.fr/ark:/12148/bpt6k5505300s/f200.item,"MM. Robert, Julien, Vernay, capitaine Gondoun, di Codon, Rivière,Ménard, Girard, etc"
M001060,L1912-01047,place,Gaiser,GAISER,property_owner,,unmatched,0,176,https://gallica.bnf.fr/ark:/12148/bpt6k5505300s/f200.item,"MM. Gaiser, Borrion, Jullien"
M001061,L1912-01047,place,Borrion,BORRION,property_owner,,unmatched,0,176,https://gallica.bnf.fr/ark:/12148/bpt6k5505300s/f200.item,"MM. Gaiser, Borrion, Jullien"
M001062,L1912-01047,place,Jullien,JULLIEN,property_owner,,ambiguous_fuzzy,2,176,https://gallica.bnf.fr/ark:/12148/bpt6k5505300s/f200.item,"MM. Gaiser, Borrion, Jullien"
M001063,L1912-01048,place,Villeneuve,VILLENEUVE,property_owner,,unmatched,0,176,https://gallica.bnf.fr/ark:/12148/bpt6k5505300s/f200.item,M. de Villeneuve
M001064,L1912-01053,place,Walker,WALKER,property_owner,,unmatched,0,177,https://gallica.bnf.fr/ark:/12148/bpt6k5505300s/f201.item,"MM. Walker, Debono, Awocato, Gily, etc"
M001065,L1912-01053,place,Debono,DEBONO,property_owner,L1912-00795,resolved_fuzzy,1,177,https://gallica.bnf.fr/ark:/12148/bpt6k5505300s/f201.item,"MM. Walker, Debono, Awocato, Gily, etc"
M001066,L1912-01053,place,Awocato,AWOCATO,property_owner,,unmatched,0,177,https://gallica.bnf.fr/ark:/12148/bpt6k5505300s/f201.item,"MM. Walker, Debono, Awocato, Gily, etc"
M001067,L1912-01053,place,Gily,GILY,property_owner,,unmatched,0,177,https://gallica.bnf.fr/ark:/12148/bpt6k5505300s/f201.item,"MM. Walker, Debono, Awocato, Gily, etc"
M001068,L1912-01068,place,Pestouri,PESTOURI,property_owner,,unmatched,0,177,https://gallica.bnf.fr/ark:/12148/bpt6k5505300s/f201.item,"MM. Pestouri, Goueyttant, etc"
M001069,L1912-01068,place,Goueyttant,GOUEYTTANT,property_owner,,unmatched,0,177,https://gallica.bnf.fr/ark:/12148/bpt6k5505300s/f201.item,"MM. Pestouri, Goueyttant, etc"
M001070,L1912-01069,place,Demoulin,DEMOULIN,property_owner,L1912-00827,resolved,1,177,https://gallica.bnf.fr/ark:/12148/bpt6k5505300s/f201.item,"MM. Demoulin, Gloneux, Pichat, Kriéger, etc"
M001071,L1912-01069,place,Gloneux,GLONEUX,property_owner,,unmatched,0,177,https://gallica.bnf.fr/ark:/12148/bpt6k5505300s/f201.item,"MM. Demoulin, Gloneux, Pichat, Kriéger, etc"
M001072,L1912-01069,place,Pichat,PICHAT,property_owner,,unmatched,0,177,https://gallica.bnf.fr/ark:/12148/bpt6k5505300s/f201.item,"MM. Demoulin, Gloneux, Pichat, Kriéger, etc"
M001073,L1912-01069,place,Kriéger,KRIEGER,property_owner,,unmatched,0,177,https://gallica.bnf.fr/ark:/12148/bpt6k5505300s/f201.item,"MM. Demoulin, Gloneux, Pichat, Kriéger, etc"
M001074,L1912-01071,place,Goudouin,GOUDOUIN,property_owner,,unmatched,0,177,https://gallica.bnf.fr/ark:/12148/bpt6k5505300s/f201.item,M. Goudouin
M001075,L1912-01137,place,Couvreux,COUVREUX,property_owner,,unmatched,0,187,https://gallica.bnf.fr/ark:/12148/bpt6k5505300s/f211.item,M. Couvreux
M001076,L1912-01177,place,Montureux,MONTUREUX,property_owner,,unmatched,0,193,https://gallica.bnf.fr/ark:/12148/bpt6k5505300s/f217.item,M. de Montureux
M001077,L1912-01205,place,Endignoux,ENDIGNOUX,property_owner,L1912-01072,resolved,1,200,https://gallica.bnf.fr/ark:/12148/bpt6k5505300s/f224.item,"MM. Endignoux, Hackenberger, Moreno, etc"
M001078,L1912-01205,place,Hackenberger,HACKENBERGER,property_owner,,unmatched,0,200,https://gallica.bnf.fr/ark:/12148/bpt6k5505300s/f224.item,"MM. Endignoux, Hackenberger, Moreno, etc"
M001079,L1912-01205,place,Moreno,MORENO,property_owner,,ambiguous,2,200,https://gallica.bnf.fr/ark:/12148/bpt6k5505300s/f224.item,"MM. Endignoux, Hackenberger, Moreno, etc"
M001080,L1912-01259,place,Carton,CARTON,property_owner,L1912-00529,resolved,1,208,https://gallica.bnf.fr/ark:/12148/bpt6k5505300s/f232.item,"MM Carton, Pellicot, Straub, Cardoso, Poulaillon, de Torcy, du Martray, Turpu, Manuel, etc"
M001081,L1912-01259,place,Pellicot,PELLICOT,property_owner,,unmatched,0,208,https://gallica.bnf.fr/ark:/12148/bpt6k5505300s/f232.item,"MM Carton, Pellicot, Straub, Cardoso, Poulaillon, de Torcy, du Martray, Turpu, Manuel, etc"
M001082,L1912-01259,place,Straub,STRAUB,property_owner,,unmatched,0,208,https://gallica.bnf.fr/ark:/12148/bpt6k5505300s/f232.item,"MM Carton, Pellicot, Straub, Cardoso, Poulaillon, de Torcy, du Martray, Turpu, Manuel, etc"
M001083,L1912-01259,place,Cardoso,CARDOSO,property_owner,,ambiguous,2,208,https://gallica.bnf.fr/ark:/12148/bpt6k5505300s/f232.item,"MM Carton, Pellicot, Straub, Cardoso, Poulaillon, de Torcy, du Martray, Turpu, Manuel, etc"
M001084,L1912-01259,place,Poulaillon,POULAILLON,property_owner,,unmatched,0,208,https://gallica.bnf.fr/ark:/12148/bpt6k5505300s/f232.item,"MM Carton, Pellicot, Straub, Cardoso, Poulaillon, de Torcy, du Martray, Turpu, Manuel, etc"
M001085,L1912-01259,place,Torcy,TORCY,property_owner,,unmatched,0,208,https://gallica.bnf.fr/ark:/12148/bpt6k5505300s/f232.item,"MM Carton, Pellicot, Straub, Cardoso, Poulaillon, de Torcy, du Martray, Turpu, Manuel, etc"
M001086,L1912-01259,place,Martray,MARTRAY,property_owner,,unmatched,0,208,https://gallica.bnf.fr/ark:/12148/bpt6k5505300s/f232.item,"MM Carton, Pellicot, Straub, Cardoso, Poulaillon, de Torcy, du Martray, Turpu, Manuel, etc"
M001087,L1912-01259,place,Turpu,TURPU,property_owner,,unmatched,0,208,https://gallica.bnf.fr/ark:/12148/bpt6k5505300s/f232.item,"MM Carton, Pellicot, Straub, Cardoso, Poulaillon, de Torcy, du Martray, Turpu, Manuel, etc"
M001088,L1912-01259,place,Manuel,MANUEL,property_owner,,unmatched,0,208,https://gallica.bnf.fr/ark:/12148/bpt6k5505300s/f232.item,"MM Carton, Pellicot, Straub, Cardoso, Poulaillon, de Torcy, du Martray, Turpu, Manuel, etc"
M001089,L1912-01288,place,Mouraud,MOURAUD,property_owner,,unmatched,0,211,https://gallica.bnf.fr/ark:/12148/bpt6k5505300s/f235.item,M. Mouraud
M001090,L1912-01514,place,Dolot,DOLOT,property_owner,L1912-00930,resolved,1,249,https://gallica.bnf.fr/ark:/12148/bpt6k5505300s/f273.item,"général Dolot, commandant Defrance, Donégani, Si Mahmoud-Bey, vicomte de Nantois, Ginnet, Perrin, Société française de Bienfaisance, etc"
M001091,L1912-01514,place,Defrance,DEFRANCE,property_owner,,unmatched,0,249,https://gallica.bnf.fr/ark:/12148/bpt6k5505300s/f273.item,"général Dolot, commandant Defrance, Donégani, Si Mahmoud-Bey, vicomte de Nantois, Ginnet, Perrin, Société française de Bienfaisance, etc"
M001092,L1912-01514,place,Donégani,DONEGANI,property_owner,,unmatched,0,249,https://gallica.bnf.fr/ark:/12148/bpt6k5505300s/f273.item,"général Dolot, commandant Defrance, Donégani, Si Mahmoud-Bey, vicomte de Nantois, Ginnet, Perrin, Société française de Bienfaisance, etc"
M001093,L1912-01514,place,Mahmoud-Bey,MAHMOUD BEY,property_owner,L1912-01671,resolved,1,249,https://gallica.bnf.fr/ark:/12148/bpt6k5505300s/f273.item,"général Dolot, commandant Defrance, Donégani, Si Mahmoud-Bey, vicomte de Nantois, Ginnet, Perrin, Société française de Bienfaisance, etc"
M001094,L1912-01514,place,Ginnet,GINNET,property_owner,,unmatched,0,249,https://gallica.bnf.fr/ark:/12148/bpt6k5505300s/f273.item,"général Dolot, commandant Defrance, Donégani, Si Mahmoud-Bey, vicomte de Nantois, Ginnet, Perrin, Société française de Bienfaisance, etc"
M001095,L1912-01514,place,Perrin,PERRIN,property_owner,,ambiguous,2,249,https://gallica.bnf.fr/ark:/12148/bpt6k5505300s/f273.item,"général Dolot, commandant Defrance, Donégani, Si Mahmoud-Bey, vicomte de Nantois, Ginnet, Perrin, Société française de Bienfaisance, etc"
M001096,L1912-01522,place,Djebeler-Reças,DJEBELER RECAS,property_owner,,unmatched,0,250,https://gallica.bnf.fr/ark:/12148/bpt6k5505300s/f274.item,"achetée en 1006 et située entre la plaine du Khanguet et le Djebeler-Reças, à 25 k"
M001097,L1912-01549,place,Léon Roy,LEON ROY,property_owner,,unmatched,0,253,https://gallica.bnf.fr/ark:/12148/bpt6k5505300s/f277.item,M. Léon Roy
M001098,L1912-01680,place,Tunis,TUNIS,property_owner,L1912-02603,resolved,1,275,https://gallica.bnf.fr/ark:/12148/bpt6k5505300s/f299.item,"foncière, 2, rue SaintCharles, Tunis"
M001099,L1912-02183,place,Gondouin,GONDOUIN,property_owner,,unmatched,0,346,https://gallica.bnf.fr/ark:/12148/bpt6k5505300s/f370.item,M. le capitaine Gondouin
