source,target,edge_type,role,weight,tie_source,resolution,page,page_url
NAME:JULES BESSIS,L1912-00085,affiliation,president,1,organisation_entry_officer_list,ambiguous,10,https://gallica.bnf.fr/ark:/12148/bpt6k5505300s/f34.item
L1912-01603,L1912-00085,affiliation,vice_president,1,organisation_entry_officer_list,resolved,10,https://gallica.bnf.fr/ark:/12148/bpt6k5505300s/f34.item
NAME:A ILALFON,L1912-00085,affiliation,treasurer,1,organisation_entry_officer_list,unmatched,10,https://gallica.bnf.fr/ark:/12148/bpt6k5505300s/f34.item
NAME:JOSEPH COHEN,L1912-00085,affiliation,secretary,1,organisation_entry_officer_list,ambiguous,10,https://gallica.bnf.fr/ark:/12148/bpt6k5505300s/f34.item
NAME:I IAVOUN,L1912-00085,affiliation,deputy_treasurer,1,organisation_entry_officer_list,unmatched,10,https://gallica.bnf.fr/ark:/12148/bpt6k5505300s/f34.item
L1912-00271,L1912-00085,affiliation,deputy_secretary,1,organisation_entry_officer_list,resolved_fuzzy,10,https://gallica.bnf.fr/ark:/12148/bpt6k5505300s/f34.item
NAME:VICTOR SLAMA,L1912-00085,affiliation,assessor,1,organisation_entry_officer_list,unmatched,10,https://gallica.bnf.fr/ark:/12148/bpt6k5505300s/f34.item
L1912-02393,L1912-00085,affiliation,assessor,1,organisation_entry_officer_list,resolved,10,https://gallica.bnf.fr/ark:/12148/bpt6k5505300s/f34.item
L1912-01430,L1912-00139,affiliation,president,1,organisation_entry_officer_list,resolved,32,https://gallica.bnf.fr/ark:/12148/bpt6k5505300s/f56.item
L1912-02690,L1912-00139,affiliation,president,1,organisation_entry_officer_list,resolved_fuzzy,32,https://gallica.bnf.fr/ark:/12148/bpt6k5505300s/f56.item
NAME:GRAZIANI,L1912-00139,affiliation,president,1,organisation_entry_officer_list,unmatched,32,https://gallica.bnf.fr/ark:/12148/bpt6k5505300s/f56.item
NAME:GARNIER,L1912-00139,affiliation,secretary_general,1,organisation_entry_officer_list,unmatched,32,https://gallica.bnf.fr/ark:/12148/bpt6k5505300s/f56.item
L1912-02587,L1912-00139,affiliation,president,1,organisation_entry_officer_list,resolved,32,https://gallica.bnf.fr/ark:/12148/bpt6k5505300s/f56.item
NAME:CONSTANTIN,L1912-00139,affiliation,president,1,organisation_entry_officer_list,unmatched,32,https://gallica.bnf.fr/ark:/12148/bpt6k5505300s/f56.item
L1912-02205,L1912-00139,affiliation,president,1,organisation_entry_officer_list,resolved_fuzzy,32,https://gallica.bnf.fr/ark:/12148/bpt6k5505300s/f56.item
L1912-00989,L1912-00139,affiliation,president,1,organisation_entry_officer_list,resolved,32,https://gallica.bnf.fr/ark:/12148/bpt6k5505300s/f56.item
NAME:HALLOUIN,L1912-00139,affiliation,president,1,organisation_entry_officer_list,unmatched,32,https://gallica.bnf.fr/ark:/12148/bpt6k5505300s/f56.item
NAME:EDOUARD,L1912-00141,affiliation,board_member,1,organisation_entry_officer_list,unmatched,34,https://gallica.bnf.fr/ark:/12148/bpt6k5505300s/f58.item
L1912-02684,L1912-00141,affiliation,vice_president,1,organisation_entry_officer_list,resolved,34,https://gallica.bnf.fr/ark:/12148/bpt6k5505300s/f58.item
L1912-00665,L1912-00141,affiliation,secretary_general,1,organisation_entry_officer_list,resolved,34,https://gallica.bnf.fr/ark:/12148/bpt6k5505300s/f58.item
NAME:COSTET,L1912-00141,affiliation,president,1,organisation_entry_officer_list,unmatched,34,https://gallica.bnf.fr/ark:/12148/bpt6k5505300s/f58.item
NAME:COURRAI,L1912-00141,affiliation,delegate,1,organisation_entry_officer_list,unmatched,34,https://gallica.bnf.fr/ark:/12148/bpt6k5505300s/f58.item
NAME:ROLLAND,L1912-00141,affiliation,secretary,1,organisation_entry_officer_list,ambiguous,34,https://gallica.bnf.fr/ark:/12148/bpt6k5505300s/f58.item
NAME:S TARDY,L1912-00141,affiliation,assessor,1,organisation_entry_officer_list,unmatched,34,https://gallica.bnf.fr/ark:/12148/bpt6k5505300s/f58.item
NAME:REBILLET,L1912-00141,affiliation,assessor,1,organisation_entry_officer_list,unmatched,34,https://gallica.bnf.fr/ark:/12148/bpt6k5505300s/f58.item
NAME:AYMARD,L1912-00141,affiliation,councillor,1,organisation_entry_officer_list,unmatched,34,https://gallica.bnf.fr/ark:/12148/bpt6k5505300s/f58.item
NAME:BARRION,L1912-00141,affiliation,councillor,1,organisation_entry_officer_list,unmatched,34,https://gallica.bnf.fr/ark:/12148/bpt6k5505300s/f58.item
L1912-00347,L1912-00141,affiliation,councillor,1,organisation_entry_officer_list,resolved,34,https://gallica.bnf.fr/ark:/12148/bpt6k5505300s/f58.item
NAME:BLAIVE,L1912-00141,affiliation,councillor,1,organisation_entry_officer_list,unmatched,34,https://gallica.bnf.fr/ark:/12148/bpt6k5505300s/f58.item
L1912-00524,L1912-00141,affiliation,councillor,1,organisation_entry_officer_list,resolved,34,https://gallica.bnf.fr/ark:/12148/bpt6k5505300s/f58.item
NAME:DELIGNE,L1912-00141,affiliation,councillor,1,organisation_entry_officer_list,unmatched,34,https://gallica.bnf.fr/ark:/12148/bpt6k5505300s/f58.item
NAME:DUCROQUET,L1912-00141,affiliation,councillor,1,organisation_entry_officer_list,ambiguous,34,https://gallica.bnf.fr/ark:/12148/bpt6k5505300s/f58.item
NAME:BARRION,L1912-00141,affiliation,secretary_general,1,organisation_entry_officer_list,unmatched,34,https://gallica.bnf.fr/ark:/12148/bpt6k5505300s/f58.item
NAME:PATRICE,L1912-00141,affiliation,deputy_secretary,1,organisation_entry_officer_list,unmatched,34,https://gallica.bnf.fr/ark:/12148/bpt6k5505300s/f58.item
L1912-01292,L1912-00141,affiliation,secretary_general,1,organisation_entry_officer_list,resolved,34,https://gallica.bnf.fr/ark:/12148/bpt6k5505300s/f58.item
NAME:A LEBUCHER,L1912-00142,affiliation,president,1,organisation_entry_officer_list,unmatched,34,https://gallica.bnf.fr/ark:/12148/bpt6k5505300s/f58.item
NAME:G LECOLLIER,L1912-00142,affiliation,vice_president,1,organisation_entry_officer_list,unmatched,34,https://gallica.bnf.fr/ark:/12148/bpt6k5505300s/f58.item
NAME:P BER,L1912-00142,affiliation,vice_president,1,organisation_entry_officer_list,unmatched,34,https://gallica.bnf.fr/ark:/12148/bpt6k5505300s/f58.item
NAME:MATTOU,L1912-00142,affiliation,secretary,1,organisation_entry_officer_list,unmatched,34,https://gallica.bnf.fr/ark:/12148/bpt6k5505300s/f58.item
NAME:SURLEAU,L1912-00142,affiliation,deputy_secretary,1,organisation_entry_officer_list,unmatched,34,https://gallica.bnf.fr/ark:/12148/bpt6k5505300s/f58.item
NAME:SCIALOM,L1912-00143,affiliation,president,1,organisation_entry_officer_list,ambiguous,35,https://gallica.bnf.fr/ark:/12148/bpt6k5505300s/f59.item
NAME:JULES BESSIS,L1912-00143,affiliation,vice_president,1,organisation_entry_officer_list,ambiguous,35,https://gallica.bnf.fr/ark:/12148/bpt6k5505300s/f59.item
NAME:V SITRUK,L1912-00143,affiliation,vice_president,1,organisation_entry_officer_list,unmatched,35,https://gallica.bnf.fr/ark:/12148/bpt6k5505300s/f59.item
L1912-01467,L1912-00143,affiliation,secretary,1,organisation_entry_officer_list,resolved,35,https://gallica.bnf.fr/ark:/12148/bpt6k5505300s/f59.item
NAME:HOUBANI,L1912-00143,affiliation,commissioner,1,organisation_entry_officer_list,unmatched,35,https://gallica.bnf.fr/ark:/12148/bpt6k5505300s/f59.item
L1912-01165,L1912-00143,affiliation,president,1,organisation_entry_officer_list,resolved,35,https://gallica.bnf.fr/ark:/12148/bpt6k5505300s/f59.item
NAME:VICTOR SCIALOM,L1912-00143,affiliation,president,1,organisation_entry_officer_list,ambiguous,35,https://gallica.bnf.fr/ark:/12148/bpt6k5505300s/f59.item
L1912-01292,L1912-00144,affiliation,president,1,organisation_entry_officer_list,resolved_fuzzy,35,https://gallica.bnf.fr/ark:/12148/bpt6k5505300s/f59.item
NAME:SOUIIVEL,L1912-00144,affiliation,secretary,1,organisation_entry_officer_list,unmatched,35,https://gallica.bnf.fr/ark:/12148/bpt6k5505300s/f59.item
L1912-00665,L1912-00144,affiliation,assessor,1,organisation_entry_officer_list,resolved_fuzzy,35,https://gallica.bnf.fr/ark:/12148/bpt6k5505300s/f59.item
NAME:RENOUX,L1912-00144,affiliation,assessor,1,organisation_entry_officer_list,unmatched,35,https://gallica.bnf.fr/ark:/12148/bpt6k5505300s/f59.item
NAME:TRONCHE,L1912-00144,affiliation,assessor,1,organisation_entry_officer_list,unmatched,35,https://gallica.bnf.fr/ark:/12148/bpt6k5505300s/f59.item
L1912-01642,L1912-00145,affiliation,honorary_vice_president,1,organisation_entry_officer_list,resolved,35,https://gallica.bnf.fr/ark:/12148/bpt6k5505300s/f59.item
L1912-00178,L1912-00145,affiliation,president,1,organisation_entry_officer_list,resolved,35,https://gallica.bnf.fr/ark:/12148/bpt6k5505300s/f59.item
NAME:A DUVIALARD,L1912-00145,affiliation,vice_president,1,organisation_entry_officer_list,unmatched,35,https://gallica.bnf.fr/ark:/12148/bpt6k5505300s/f59.item
L1912-01593,L1912-00145,affiliation,vice_president,1,organisation_entry_officer_list,resolved_fuzzy,35,https://gallica.bnf.fr/ark:/12148/bpt6k5505300s/f59.item
NAME:MATLEI,L1912-00145,affiliation,secretary_general,1,organisation_entry_officer_list,ambiguous_fuzzy,35,https://gallica.bnf.fr/ark:/12148/bpt6k5505300s/f59.item
NAME:GERENTE,L1912-00145,affiliation,assessor,1,organisation_entry_officer_list,unmatched,35,https://gallica.bnf.fr/ark:/12148/bpt6k5505300s/f59.item
NAME:E LOUBET,L1912-00145,affiliation,assessor,1,organisation_entry_officer_list,unmatched,35,https://gallica.bnf.fr/ark:/12148/bpt6k5505300s/f59.item
NAME:L JOSSE,L1912-00145,affiliation,assessor,1,organisation_entry_officer_list,unmatched,35,https://gallica.bnf.fr/ark:/12148/bpt6k5505300s/f59.item
NAME:BREUIL,L1912-00145,affiliation,assessor,1,organisation_entry_officer_list,unmatched,35,https://gallica.bnf.fr/ark:/12148/bpt6k5505300s/f59.item
NAME:MANVILLE,L1912-00145,affiliation,president,1,organisation_entry_officer_list,unmatched,35,https://gallica.bnf.fr/ark:/12148/bpt6k5505300s/f59.item
NAME:BIANCHI,L1912-00145,affiliation,president,1,organisation_entry_officer_list,unmatched,35,https://gallica.bnf.fr/ark:/12148/bpt6k5505300s/f59.item
NAME:P NORMANT,L1912-00145,affiliation,president,1,organisation_entry_officer_list,unmatched,35,https://gallica.bnf.fr/ark:/12148/bpt6k5505300s/f59.item
L1912-00791,L1912-00145,affiliation,president,1,organisation_entry_officer_list,resolved,35,https://gallica.bnf.fr/ark:/12148/bpt6k5505300s/f59.item
NAME:INVERSIN,L1912-00145,affiliation,president,1,organisation_entry_officer_list,ambiguous,35,https://gallica.bnf.fr/ark:/12148/bpt6k5505300s/f59.item
NAME:BRUNEL,L1912-00146,affiliation,president,1,organisation_entry_officer_list,unmatched,35,https://gallica.bnf.fr/ark:/12148/bpt6k5505300s/f59.item
NAME:OLLIER,L1912-00146,affiliation,president,1,organisation_entry_officer_list,unmatched,35,https://gallica.bnf.fr/ark:/12148/bpt6k5505300s/f59.item
NAME:BENTEJAC,L1912-00146,affiliation,secretary,1,organisation_entry_officer_list,unmatched,35,https://gallica.bnf.fr/ark:/12148/bpt6k5505300s/f59.item
NAME:BREUIL,L1912-00146,affiliation,deputy_secretary,1,organisation_entry_officer_list,unmatched,35,https://gallica.bnf.fr/ark:/12148/bpt6k5505300s/f59.item
NAME:MARTINI,L1912-00146,affiliation,deputy_treasurer,1,organisation_entry_officer_list,ambiguous_fuzzy,35,https://gallica.bnf.fr/ark:/12148/bpt6k5505300s/f59.item
L1912-00071,L1912-00146,affiliation,president,1,organisation_entry_officer_list,resolved,35,https://gallica.bnf.fr/ark:/12148/bpt6k5505300s/f59.item
NAME:MARCILLE,L1912-00147,affiliation,president,1,organisation_entry_officer_list,unmatched,35,https://gallica.bnf.fr/ark:/12148/bpt6k5505300s/f59.item
NAME:BROU,L1912-00147,affiliation,vice_president,1,organisation_entry_officer_list,unmatched,35,https://gallica.bnf.fr/ark:/12148/bpt6k5505300s/f59.item
L1912-02272,L1912-00147,affiliation,secretary,1,organisation_entry_officer_list,resolved,35,https://gallica.bnf.fr/ark:/12148/bpt6k5505300s/f59.item
NAME:COURTADE,L1912-00147,affiliation,board_member,1,organisation_entry_officer_list,unmatched,35,https://gallica.bnf.fr/ark:/12148/bpt6k5505300s/f59.item
NAME:L BLANC,L1912-00147,affiliation,board_member,1,organisation_entry_officer_list,ambiguous,35,https://gallica.bnf.fr/ark:/12148/bpt6k5505300s/f59.item
NAME:GIROD,L1912-00147,affiliation,board_member,1,organisation_entry_officer_list,ambiguous_fuzzy,35,https://gallica.bnf.fr/ark:/12148/bpt6k5505300s/f59.item
NAME:HAIOUNI,L1912-00147,affiliation,board_member,1,organisation_entry_officer_list,unmatched,35,https://gallica.bnf.fr/ark:/12148/bpt6k5505300s/f59.item
NAME:VERRV,L1912-00147,affiliation,board_member,1,organisation_entry_officer_list,unmatched,35,https://gallica.bnf.fr/ark:/12148/bpt6k5505300s/f59.item
L1912-00405,L1912-00147,affiliation,board_member,1,organisation_entry_officer_list,resolved,35,https://gallica.bnf.fr/ark:/12148/bpt6k5505300s/f59.item
NAME:RAPP,L1912-00148,affiliation,secretary,1,organisation_entry_officer_list,unmatched,35,https://gallica.bnf.fr/ark:/12148/bpt6k5505300s/f59.item
NAME:SURLEAU,L1912-00148,affiliation,assessor,1,organisation_entry_officer_list,unmatched,35,https://gallica.bnf.fr/ark:/12148/bpt6k5505300s/f59.item
NAME:FINNOCCHI,L1912-00148,affiliation,assessor,1,organisation_entry_officer_list,ambiguous_fuzzy,35,https://gallica.bnf.fr/ark:/12148/bpt6k5505300s/f59.item
L1912-01220,L1912-00148,affiliation,past_president,1,organisation_entry_officer_list,resolved,35,https://gallica.bnf.fr/ark:/12148/bpt6k5505300s/f59.item
NAME:GUSTAVE ROLLAND,L1912-00149,affiliation,president,1,organisation_entry_officer_list,ambiguous,36,https://gallica.bnf.fr/ark:/12148/bpt6k5505300s/f60.item
NAME:COUPIN,L1912-00149,affiliation,secretary,1,organisation_entry_officer_list,unmatched,36,https://gallica.bnf.fr/ark:/12148/bpt6k5505300s/f60.item
L1912-00319,L1912-00149,affiliation,past_president,1,organisation_entry_officer_list,resolved_fuzzy,36,https://gallica.bnf.fr/ark:/12148/bpt6k5505300s/f60.item
L1912-01683,L1912-00149,affiliation,past_president,1,organisation_entry_officer_list,resolved,36,https://gallica.bnf.fr/ark:/12148/bpt6k5505300s/f60.item
NAME:COUPIN J B,L1912-00149,affiliation,past_president,1,organisation_entry_officer_list,unmatched,36,https://gallica.bnf.fr/ark:/12148/bpt6k5505300s/f60.item
NAME:BARRION,L1912-00149,affiliation,past_president,1,organisation_entry_officer_list,unmatched,36,https://gallica.bnf.fr/ark:/12148/bpt6k5505300s/f60.item
NAME:NOMBREUX,L1912-00149,affiliation,member,1,organisation_entry_officer_list,unmatched,36,https://gallica.bnf.fr/ark:/12148/bpt6k5505300s/f60.item
L1912-00576,L1912-00150,affiliation,president,1,organisation_entry_officer_list,resolved,36,https://gallica.bnf.fr/ark:/12148/bpt6k5505300s/f60.item
NAME:MATHIEU,L1912-00150,affiliation,president,1,organisation_entry_officer_list,ambiguous,36,https://gallica.bnf.fr/ark:/12148/bpt6k5505300s/f60.item
NAME:JOLY LOUYS,L1912-00150,affiliation,secretary,1,organisation_entry_officer_list,unmatched,36,https://gallica.bnf.fr/ark:/12148/bpt6k5505300s/f60.item
L1912-00308,L1912-00150,affiliation,president,1,organisation_entry_officer_list,resolved,36,https://gallica.bnf.fr/ark:/12148/bpt6k5505300s/f60.item
NAME:LUBAC,L1912-00151,affiliation,president,1,organisation_entry_officer_list,unmatched,36,https://gallica.bnf.fr/ark:/12148/bpt6k5505300s/f60.item
L1912-02010,L1912-00151,affiliation,treasurer,1,organisation_entry_officer_list,resolved,36,https://gallica.bnf.fr/ark:/12148/bpt6k5505300s/f60.item
L1912-01274,L1912-00151,affiliation,treasurer,1,organisation_entry_officer_list,resolved,36,https://gallica.bnf.fr/ark:/12148/bpt6k5505300s/f60.item
L1912-01589,L1912-00151,affiliation,president,1,organisation_entry_officer_list,resolved,36,https://gallica.bnf.fr/ark:/12148/bpt6k5505300s/f60.item
NAME:VINCENT,L1912-00151,affiliation,president,1,organisation_entry_officer_list,ambiguous,36,https://gallica.bnf.fr/ark:/12148/bpt6k5505300s/f60.item
NAME:JEAN PELONI,L1912-00152,affiliation,board_member,1,organisation_entry_officer_list,ambiguous,36,https://gallica.bnf.fr/ark:/12148/bpt6k5505300s/f60.item
NAME:GENEVAY,L1912-00152,affiliation,president,1,organisation_entry_officer_list,unmatched,36,https://gallica.bnf.fr/ark:/12148/bpt6k5505300s/f60.item
L1912-00200,L1912-00152,affiliation,president,1,organisation_entry_officer_list,resolved,36,https://gallica.bnf.fr/ark:/12148/bpt6k5505300s/f60.item
NAME:NANI,L1912-00152,affiliation,president,1,organisation_entry_officer_list,unmatched,36,https://gallica.bnf.fr/ark:/12148/bpt6k5505300s/f60.item
L1912-00494,L1912-00152,affiliation,president,1,organisation_entry_officer_list,resolved,36,https://gallica.bnf.fr/ark:/12148/bpt6k5505300s/f60.item
NAME:S BOCCARA,L1912-00152,affiliation,president,1,organisation_entry_officer_list,unmatched,36,https://gallica.bnf.fr/ark:/12148/bpt6k5505300s/f60.item
L1912-02173,L1912-00152,affiliation,secretary_general,1,organisation_entry_officer_list,resolved,36,https://gallica.bnf.fr/ark:/12148/bpt6k5505300s/f60.item
NAME:GUINLE,L1912-00152,affiliation,deputy_secretary,1,organisation_entry_officer_list,unmatched,36,https://gallica.bnf.fr/ark:/12148/bpt6k5505300s/f60.item
NAME:BENZIMRA,L1912-00152,affiliation,councillor,1,organisation_entry_officer_list,unmatched,36,https://gallica.bnf.fr/ark:/12148/bpt6k5505300s/f60.item
NAME:BODINEAU,L1912-00152,affiliation,councillor,1,organisation_entry_officer_list,unmatched,36,https://gallica.bnf.fr/ark:/12148/bpt6k5505300s/f60.item
NAME:BOULIER,L1912-00152,affiliation,councillor,1,organisation_entry_officer_list,ambiguous_fuzzy,36,https://gallica.bnf.fr/ark:/12148/bpt6k5505300s/f60.item
L1912-00744,L1912-00152,affiliation,councillor,1,organisation_entry_officer_list,resolved,36,https://gallica.bnf.fr/ark:/12148/bpt6k5505300s/f60.item
L1912-00977,L1912-00152,affiliation,councillor,1,organisation_entry_officer_list,resolved_fuzzy,36,https://gallica.bnf.fr/ark:/12148/bpt6k5505300s/f60.item
L1912-01259,L1912-00152,affiliation,councillor,1,organisation_entry_officer_list,resolved,36,https://gallica.bnf.fr/ark:/12148/bpt6k5505300s/f60.item
NAME:MARTZ,L1912-00152,affiliation,councillor,1,organisation_entry_officer_list,unmatched,36,https://gallica.bnf.fr/ark:/12148/bpt6k5505300s/f60.item
L1912-01647,L1912-00152,affiliation,councillor,1,organisation_entry_officer_list,resolved,36,https://gallica.bnf.fr/ark:/12148/bpt6k5505300s/f60.item
NAME:BORSINI,L1912-00152,affiliation,councillor,1,organisation_entry_officer_list,unmatched,36,https://gallica.bnf.fr/ark:/12148/bpt6k5505300s/f60.item
L1912-01351,L1912-00152,affiliation,councillor,1,organisation_entry_officer_list,resolved,36,https://gallica.bnf.fr/ark:/12148/bpt6k5505300s/f60.item
NAME:LAVAUX,L1912-00152,affiliation,councillor,1,organisation_entry_officer_list,unmatched,36,https://gallica.bnf.fr/ark:/12148/bpt6k5505300s/f60.item
NAME:ENRIQUEZ,L1912-00152,affiliation,councillor,1,organisation_entry_officer_list,ambiguous,36,https://gallica.bnf.fr/ark:/12148/bpt6k5505300s/f60.item
NAME:RENE LAVAU,L1912-00152,affiliation,president,1,organisation_entry_officer_list,unmatched,36,https://gallica.bnf.fr/ark:/12148/bpt6k5505300s/f60.item
NAME:ENRIQUEZ,L1912-00152,affiliation,vice_president,1,organisation_entry_officer_list,ambiguous,36,https://gallica.bnf.fr/ark:/12148/bpt6k5505300s/f60.item
NAME:JEAN COLLIARD,L1912-00152,affiliation,secretary,1,organisation_entry_officer_list,unmatched,36,https://gallica.bnf.fr/ark:/12148/bpt6k5505300s/f60.item
NAME:MAGASIN GENERAL,L1912-00152,affiliation,director,1,organisation_entry_officer_list,unmatched,36,https://gallica.bnf.fr/ark:/12148/bpt6k5505300s/f60.item
NAME:PALAIS,L1912-00152,affiliation,director,1,organisation_entry_officer_list,unmatched,36,https://gallica.bnf.fr/ark:/12148/bpt6k5505300s/f60.item
NAME:BLOEH,L1912-00152,affiliation,secretary,1,organisation_entry_officer_list,unmatched,36,https://gallica.bnf.fr/ark:/12148/bpt6k5505300s/f60.item
L1912-02075,L1912-00152,affiliation,president,1,organisation_entry_officer_list,resolved,36,https://gallica.bnf.fr/ark:/12148/bpt6k5505300s/f60.item
NAME:V BENSASSON,L1912-00152,affiliation,vice_president,1,organisation_entry_officer_list,ambiguous,36,https://gallica.bnf.fr/ark:/12148/bpt6k5505300s/f60.item
L1912-00961,L1912-00152,affiliation,secretary,1,organisation_entry_officer_list,resolved_fuzzy,36,https://gallica.bnf.fr/ark:/12148/bpt6k5505300s/f60.item
NAME:DEPUIS,L1912-00153,affiliation,member,1,organisation_entry_officer_list,unmatched,37,https://gallica.bnf.fr/ark:/12148/bpt6k5505300s/f61.item
NAME:MEDAILLE,L1912-00153,affiliation,president,1,organisation_entry_officer_list,unmatched,37,https://gallica.bnf.fr/ark:/12148/bpt6k5505300s/f61.item
NAME:CASINLERE,L1912-00153,affiliation,vice_president,1,organisation_entry_officer_list,unmatched,37,https://gallica.bnf.fr/ark:/12148/bpt6k5505300s/f61.item
NAME:JEAN,L1912-00153,affiliation,secretary,1,organisation_entry_officer_list,unmatched,37,https://gallica.bnf.fr/ark:/12148/bpt6k5505300s/f61.item
NAME:OBERL,L1912-00153,affiliation,delegate,1,organisation_entry_officer_list,unmatched,37,https://gallica.bnf.fr/ark:/12148/bpt6k5505300s/f61.item
NAME:MABILLANT,L1912-00153,affiliation,delegate,1,organisation_entry_officer_list,unmatched,37,https://gallica.bnf.fr/ark:/12148/bpt6k5505300s/f61.item
NAME:MUZART,L1912-00153,affiliation,delegate,1,organisation_entry_officer_list,unmatched,37,https://gallica.bnf.fr/ark:/12148/bpt6k5505300s/f61.item
L1912-01425,L1912-00153,affiliation,president,1,organisation_entry_officer_list,resolved,37,https://gallica.bnf.fr/ark:/12148/bpt6k5505300s/f61.item
NAME:KLIAIRAILAH,L1912-00154,affiliation,president,1,organisation_entry_officer_list,unmatched,37,https://gallica.bnf.fr/ark:/12148/bpt6k5505300s/f61.item
NAME:AMOR BOUHAGEB,L1912-00154,affiliation,vice_president,1,organisation_entry_officer_list,ambiguous,37,https://gallica.bnf.fr/ark:/12148/bpt6k5505300s/f61.item
NAME:HADI TAHAR,L1912-00154,affiliation,deputy_secretary,1,organisation_entry_officer_list,ambiguous,37,https://gallica.bnf.fr/ark:/12148/bpt6k5505300s/f61.item
NAME:ALI BNCH I IAMBA,L1912-00154,affiliation,member,1,organisation_entry_officer_list,unmatched,37,https://gallica.bnf.fr/ark:/12148/bpt6k5505300s/f61.item
NAME:MOHAMED,L1912-00154,affiliation,member,1,organisation_entry_officer_list,ambiguous,37,https://gallica.bnf.fr/ark:/12148/bpt6k5505300s/f61.item
NAME:AZIZ HAYOUNNI,L1912-00154,affiliation,member,1,organisation_entry_officer_list,unmatched,37,https://gallica.bnf.fr/ark:/12148/bpt6k5505300s/f61.item
NAME:CHADLI OKBI,L1912-00154,affiliation,member,1,organisation_entry_officer_list,unmatched,37,https://gallica.bnf.fr/ark:/12148/bpt6k5505300s/f61.item
NAME:RECLIID,L1912-00154,affiliation,member,1,organisation_entry_officer_list,unmatched,37,https://gallica.bnf.fr/ark:/12148/bpt6k5505300s/f61.item
NAME:MOHAMED BACLI HAMBA,L1912-00154,affiliation,member,1,organisation_entry_officer_list,ambiguous,37,https://gallica.bnf.fr/ark:/12148/bpt6k5505300s/f61.item
NAME:MOHAMED CHABINI,L1912-00154,affiliation,member,1,organisation_entry_officer_list,ambiguous,37,https://gallica.bnf.fr/ark:/12148/bpt6k5505300s/f61.item
L1912-00031,L1912-00154,affiliation,member,1,organisation_entry_officer_list,resolved,37,https://gallica.bnf.fr/ark:/12148/bpt6k5505300s/f61.item
L1912-01124,L1912-00155,affiliation,president,1,organisation_entry_officer_list,resolved_fuzzy,37,https://gallica.bnf.fr/ark:/12148/bpt6k5505300s/f61.item
NAME:A BOUTET,L1912-00155,affiliation,vice_president,1,organisation_entry_officer_list,ambiguous_fuzzy,37,https://gallica.bnf.fr/ark:/12148/bpt6k5505300s/f61.item
NAME:F FABRE,L1912-00155,affiliation,secretary,1,organisation_entry_officer_list,ambiguous_fuzzy,37,https://gallica.bnf.fr/ark:/12148/bpt6k5505300s/f61.item
NAME:CLARY,L1912-00155,affiliation,assessor,1,organisation_entry_officer_list,unmatched,37,https://gallica.bnf.fr/ark:/12148/bpt6k5505300s/f61.item
NAME:J LECLERC,L1912-00155,affiliation,president,1,organisation_entry_officer_list,unmatched,37,https://gallica.bnf.fr/ark:/12148/bpt6k5505300s/f61.item
L1912-00524,L1912-00155,affiliation,president,1,organisation_entry_officer_list,resolved,37,https://gallica.bnf.fr/ark:/12148/bpt6k5505300s/f61.item
NAME:DOUTE,L1912-00156,affiliation,member,1,organisation_entry_officer_list,unmatched,37,https://gallica.bnf.fr/ark:/12148/bpt6k5505300s/f61.item
NAME:ROUBAUD,L1912-00156,affiliation,vice_president,1,organisation_entry_officer_list,unmatched,37,https://gallica.bnf.fr/ark:/12148/bpt6k5505300s/f61.item
NAME:WALCB,L1912-00156,affiliation,assessor,1,organisation_entry_officer_list,unmatched,37,https://gallica.bnf.fr/ark:/12148/bpt6k5505300s/f61.item
NAME:ROUBAUD,L1912-00156,affiliation,assessor,1,organisation_entry_officer_list,unmatched,37,https://gallica.bnf.fr/ark:/12148/bpt6k5505300s/f61.item
NAME:GILLES,L1912-00157,affiliation,president,1,organisation_entry_officer_list,unmatched,37,https://gallica.bnf.fr/ark:/12148/bpt6k5505300s/f61.item
L1912-01708,L1912-00157,affiliation,vice_president,1,organisation_entry_officer_list,resolved,37,https://gallica.bnf.fr/ark:/12148/bpt6k5505300s/f61.item
NAME:MESCLOU,L1912-00157,affiliation,assessor,1,organisation_entry_officer_list,unmatched,37,https://gallica.bnf.fr/ark:/12148/bpt6k5505300s/f61.item
NAME:CHARRION,L1912-00157,affiliation,assessor,1,organisation_entry_officer_list,unmatched,37,https://gallica.bnf.fr/ark:/12148/bpt6k5505300s/f61.item
L1912-01124,L1912-00158,affiliation,president,1,organisation_entry_officer_list,resolved,37,https://gallica.bnf.fr/ark:/12148/bpt6k5505300s/f61.item
L1912-01613,L1912-00158,affiliation,secretary,1,organisation_entry_officer_list,resolved,37,https://gallica.bnf.fr/ark:/12148/bpt6k5505300s/f61.item
NAME:F J RELIER,L1912-00159,affiliation,president,1,organisation_entry_officer_list,unmatched,38,https://gallica.bnf.fr/ark:/12148/bpt6k5505300s/f62.item
NAME:BATTESTI,L1912-00159,affiliation,president,1,organisation_entry_officer_list,unmatched,38,https://gallica.bnf.fr/ark:/12148/bpt6k5505300s/f62.item
L1912-00416,L1912-00159,affiliation,deputy_secretary,1,organisation_entry_officer_list,resolved_fuzzy,38,https://gallica.bnf.fr/ark:/12148/bpt6k5505300s/f62.item
NAME:J BONAN,L1912-00159,affiliation,assessor,1,organisation_entry_officer_list,ambiguous,38,https://gallica.bnf.fr/ark:/12148/bpt6k5505300s/f62.item
L1912-01314,L1912-00159,affiliation,assessor,1,organisation_entry_officer_list,resolved,38,https://gallica.bnf.fr/ark:/12148/bpt6k5505300s/f62.item
NAME:BARRION,L1912-00160,affiliation,vice_president,1,organisation_entry_officer_list,unmatched,38,https://gallica.bnf.fr/ark:/12148/bpt6k5505300s/f62.item
NAME:BOEUF,L1912-00160,affiliation,secretary_general,1,organisation_entry_officer_list,ambiguous,38,https://gallica.bnf.fr/ark:/12148/bpt6k5505300s/f62.item
L1912-01596,L1912-00160,affiliation,deputy_secretary,1,organisation_entry_officer_list,resolved,38,https://gallica.bnf.fr/ark:/12148/bpt6k5505300s/f62.item
NAME:ROY,L1912-00160,affiliation,president,1,organisation_entry_officer_list,unmatched,38,https://gallica.bnf.fr/ark:/12148/bpt6k5505300s/f62.item
NAME:CHAUSSE,L1912-00160,affiliation,vice_president,1,organisation_entry_officer_list,unmatched,38,https://gallica.bnf.fr/ark:/12148/bpt6k5505300s/f62.item
NAME:LAMORRE,L1912-00160,affiliation,secretary,1,organisation_entry_officer_list,ambiguous_fuzzy,38,https://gallica.bnf.fr/ark:/12148/bpt6k5505300s/f62.item
NAME:SECTION,L1912-00160,affiliation,member,1,organisation_entry_officer_list,unmatched,38,https://gallica.bnf.fr/ark:/12148/bpt6k5505300s/f62.item
NAME:AI HOUETTE,L1912-00160,affiliation,past_president,1,organisation_entry_officer_list,unmatched,38,https://gallica.bnf.fr/ark:/12148/bpt6k5505300s/f62.item
NAME:PAGANO,L1912-00160,affiliation,member,1,organisation_entry_officer_list,unmatched,38,https://gallica.bnf.fr/ark:/12148/bpt6k5505300s/f62.item
NAME:KLENTZ,L1912-00160,affiliation,secretary_general,1,organisation_entry_officer_list,unmatched,38,https://gallica.bnf.fr/ark:/12148/bpt6k5505300s/f62.item
NAME:GREGOIRE,L1912-00160,affiliation,member,1,organisation_entry_officer_list,unmatched,38,https://gallica.bnf.fr/ark:/12148/bpt6k5505300s/f62.item
L1912-01906,L1912-00160,affiliation,member,1,organisation_entry_officer_list,resolved_fuzzy,38,https://gallica.bnf.fr/ark:/12148/bpt6k5505300s/f62.item
NAME:DESSANLI,L1912-00160,affiliation,member,1,organisation_entry_officer_list,unmatched,38,https://gallica.bnf.fr/ark:/12148/bpt6k5505300s/f62.item
L1912-01445,L1912-00160,affiliation,member,1,organisation_entry_officer_list,resolved_fuzzy,38,https://gallica.bnf.fr/ark:/12148/bpt6k5505300s/f62.item
NAME:ALLIA,L1912-00161,affiliation,president,1,organisation_entry_officer_list,unmatched,38,https://gallica.bnf.fr/ark:/12148/bpt6k5505300s/f62.item
NAME:IMPARIALE,L1912-00161,affiliation,vice_president,1,organisation_entry_officer_list,unmatched,38,https://gallica.bnf.fr/ark:/12148/bpt6k5505300s/f62.item
NAME:BONURA,L1912-00161,affiliation,secretary_general,1,organisation_entry_officer_list,unmatched,38,https://gallica.bnf.fr/ark:/12148/bpt6k5505300s/f62.item
L1912-00098,L1912-00161,affiliation,councillor,1,organisation_entry_officer_list,resolved_fuzzy,38,https://gallica.bnf.fr/ark:/12148/bpt6k5505300s/f62.item
NAME:SOCLDU,L1912-00161,affiliation,councillor,1,organisation_entry_officer_list,unmatched,38,https://gallica.bnf.fr/ark:/12148/bpt6k5505300s/f62.item
NAME:BENEDELLI,L1912-00161,affiliation,councillor,1,organisation_entry_officer_list,unmatched,38,https://gallica.bnf.fr/ark:/12148/bpt6k5505300s/f62.item
NAME:A M,L1912-00162,affiliation,vice_president,1,organisation_entry_officer_list,unmatched,38,https://gallica.bnf.fr/ark:/12148/bpt6k5505300s/f62.item
NAME:F BAUSELLI,L1912-00162,affiliation,secretary,1,organisation_entry_officer_list,unmatched,38,https://gallica.bnf.fr/ark:/12148/bpt6k5505300s/f62.item
NAME:MAURIZIO LUMBROSO,L1912-00162,affiliation,secretary,1,organisation_entry_officer_list,ambiguous,38,https://gallica.bnf.fr/ark:/12148/bpt6k5505300s/f62.item
NAME:MAL A GAGLIARDO,L1912-00162,affiliation,councillor,1,organisation_entry_officer_list,unmatched,38,https://gallica.bnf.fr/ark:/12148/bpt6k5505300s/f62.item
NAME:ALARIO VAIS,L1912-00162,affiliation,councillor,1,organisation_entry_officer_list,unmatched,38,https://gallica.bnf.fr/ark:/12148/bpt6k5505300s/f62.item
NAME:WERLEMBERG,L1912-00162,affiliation,councillor,1,organisation_entry_officer_list,unmatched,38,https://gallica.bnf.fr/ark:/12148/bpt6k5505300s/f62.item
NAME:A RAMELIA,L1912-00162,affiliation,councillor,1,organisation_entry_officer_list,unmatched,38,https://gallica.bnf.fr/ark:/12148/bpt6k5505300s/f62.item
L1912-02267,L1912-00162,affiliation,councillor,1,organisation_entry_officer_list,resolved_fuzzy,38,https://gallica.bnf.fr/ark:/12148/bpt6k5505300s/f62.item
NAME:P SORIA,L1912-00162,affiliation,councillor,1,organisation_entry_officer_list,unmatched,38,https://gallica.bnf.fr/ark:/12148/bpt6k5505300s/f62.item
L1912-01996,L1912-00162,affiliation,councillor,1,organisation_entry_officer_list,resolved_fuzzy,38,https://gallica.bnf.fr/ark:/12148/bpt6k5505300s/f62.item
NAME:CAPPELLANO,L1912-00162,affiliation,councillor,1,organisation_entry_officer_list,unmatched,38,https://gallica.bnf.fr/ark:/12148/bpt6k5505300s/f62.item
NAME:A NUNEZ,L1912-00162,affiliation,councillor,1,organisation_entry_officer_list,unmatched,38,https://gallica.bnf.fr/ark:/12148/bpt6k5505300s/f62.item
L1912-01933,L1912-00162,affiliation,president,1,organisation_entry_officer_list,resolved,38,https://gallica.bnf.fr/ark:/12148/bpt6k5505300s/f62.item
L1912-00768,L1912-00163,affiliation,member,1,organisation_entry_officer_list,resolved,39,https://gallica.bnf.fr/ark:/12148/bpt6k5505300s/f63.item
NAME:CHARLES PIETRA,L1912-00163,affiliation,vice_president,1,organisation_entry_officer_list,ambiguous,39,https://gallica.bnf.fr/ark:/12148/bpt6k5505300s/f63.item
L1912-00823,L1912-00163,affiliation,vice_president,1,organisation_entry_officer_list,resolved_fuzzy,39,https://gallica.bnf.fr/ark:/12148/bpt6k5505300s/f63.item
NAME:EDMOND BOCCARA,L1912-00163,affiliation,deputy_treasurer,1,organisation_entry_officer_list,unmatched,39,https://gallica.bnf.fr/ark:/12148/bpt6k5505300s/f63.item
L1912-00361,L1912-00163,affiliation,commissioner,1,organisation_entry_officer_list,resolved,39,https://gallica.bnf.fr/ark:/12148/bpt6k5505300s/f63.item
L1912-00823,L1912-00163,affiliation,commissioner,1,organisation_entry_officer_list,resolved,39,https://gallica.bnf.fr/ark:/12148/bpt6k5505300s/f63.item
NAME:JEAN MOULIN,L1912-00163,affiliation,commissioner,1,organisation_entry_officer_list,unmatched,39,https://gallica.bnf.fr/ark:/12148/bpt6k5505300s/f63.item
NAME:VALENSI THEODORE,L1912-00163,affiliation,president,1,organisation_entry_officer_list,ambiguous,39,https://gallica.bnf.fr/ark:/12148/bpt6k5505300s/f63.item
NAME:AFILLOU,L1912-00163,affiliation,treasurer,1,organisation_entry_officer_list,unmatched,39,https://gallica.bnf.fr/ark:/12148/bpt6k5505300s/f63.item
NAME:CARBONNEL,L1912-00164,affiliation,president,1,organisation_entry_officer_list,unmatched,39,https://gallica.bnf.fr/ark:/12148/bpt6k5505300s/f63.item
NAME:LEPIDI,L1912-00164,affiliation,vice_president,1,organisation_entry_officer_list,unmatched,39,https://gallica.bnf.fr/ark:/12148/bpt6k5505300s/f63.item
L1912-00181,L1912-00164,affiliation,secretary,1,organisation_entry_officer_list,resolved,39,https://gallica.bnf.fr/ark:/12148/bpt6k5505300s/f63.item
NAME:ANSIDEI,L1912-00164,affiliation,deputy_secretary,1,organisation_entry_officer_list,unmatched,39,https://gallica.bnf.fr/ark:/12148/bpt6k5505300s/f63.item
L1912-02193,L1912-00164,affiliation,president,1,organisation_entry_officer_list,resolved,39,https://gallica.bnf.fr/ark:/12148/bpt6k5505300s/f63.item
L1912-00174,L1912-00164,affiliation,president,1,organisation_entry_officer_list,resolved,39,https://gallica.bnf.fr/ark:/12148/bpt6k5505300s/f63.item
L1912-00174,L1912-00164,affiliation,president,1,organisation_entry_officer_list,resolved,39,https://gallica.bnf.fr/ark:/12148/bpt6k5505300s/f63.item
L1912-01995,L1912-00165,affiliation,vice_president,1,organisation_entry_officer_list,resolved_fuzzy,39,https://gallica.bnf.fr/ark:/12148/bpt6k5505300s/f63.item
L1912-00067,L1912-00165,affiliation,secretary,1,organisation_entry_officer_list,resolved_fuzzy,39,https://gallica.bnf.fr/ark:/12148/bpt6k5505300s/f63.item
NAME:ERICE MILIANI,L1912-00165,affiliation,secretary,1,organisation_entry_officer_list,unmatched,39,https://gallica.bnf.fr/ark:/12148/bpt6k5505300s/f63.item
L1912-00094,L1912-00165,affiliation,councillor,1,organisation_entry_officer_list,resolved,39,https://gallica.bnf.fr/ark:/12148/bpt6k5505300s/f63.item
NAME:GAETANO BANTI,L1912-00165,affiliation,councillor,1,organisation_entry_officer_list,unmatched,39,https://gallica.bnf.fr/ark:/12148/bpt6k5505300s/f63.item
NAME:LOPINTO,L1912-00165,affiliation,councillor,1,organisation_entry_officer_list,unmatched,39,https://gallica.bnf.fr/ark:/12148/bpt6k5505300s/f63.item
L1912-02266,L1912-00165,affiliation,councillor,1,organisation_entry_officer_list,resolved_fuzzy,39,https://gallica.bnf.fr/ark:/12148/bpt6k5505300s/f63.item
L1912-00460,L1912-00165,affiliation,councillor,1,organisation_entry_officer_list,resolved,39,https://gallica.bnf.fr/ark:/12148/bpt6k5505300s/f63.item
NAME:VULGARISER,L1912-00166,affiliation,member,1,organisation_entry_officer_list,unmatched,39,https://gallica.bnf.fr/ark:/12148/bpt6k5505300s/f63.item
L1912-02665,L1912-00166,affiliation,president,1,organisation_entry_officer_list,resolved_fuzzy,39,https://gallica.bnf.fr/ark:/12148/bpt6k5505300s/f63.item
L1912-00493,L1912-00166,affiliation,vice_president,1,organisation_entry_officer_list,resolved,39,https://gallica.bnf.fr/ark:/12148/bpt6k5505300s/f63.item
NAME:LEVY DAVID,L1912-00166,affiliation,secretary,1,organisation_entry_officer_list,ambiguous,39,https://gallica.bnf.fr/ark:/12148/bpt6k5505300s/f63.item
L1912-02265,L1912-00166,affiliation,assessor,1,organisation_entry_officer_list,resolved_fuzzy,39,https://gallica.bnf.fr/ark:/12148/bpt6k5505300s/f63.item
NAME:HABIB NESSIM,L1912-00166,affiliation,assessor,1,organisation_entry_officer_list,unmatched,39,https://gallica.bnf.fr/ark:/12148/bpt6k5505300s/f63.item
NAME:TOUKI ANGE,L1912-00166,affiliation,assessor,1,organisation_entry_officer_list,unmatched,39,https://gallica.bnf.fr/ark:/12148/bpt6k5505300s/f63.item
NAME:ALASI,L1912-00167,affiliation,president,1,organisation_entry_officer_list,unmatched,39,https://gallica.bnf.fr/ark:/12148/bpt6k5505300s/f63.item
L1912-00477,L1912-00167,affiliation,vice_president,1,organisation_entry_officer_list,resolved,39,https://gallica.bnf.fr/ark:/12148/bpt6k5505300s/f63.item
NAME:PETRUCCI,L1912-00167,affiliation,treasurer,1,organisation_entry_officer_list,unmatched,39,https://gallica.bnf.fr/ark:/12148/bpt6k5505300s/f63.item
L1912-00460,L1912-00167,affiliation,secretary,1,organisation_entry_officer_list,resolved,39,https://gallica.bnf.fr/ark:/12148/bpt6k5505300s/f63.item
NAME:TITO CASTELFRANCO,L1912-00225,affiliation,director,1,organisation_entry_officer_list,unmatched,47,https://gallica.bnf.fr/ark:/12148/bpt6k5505300s/f71.item
L1912-00776,L1912-00226,affiliation,director,1,organisation_entry_officer_list,resolved,47,https://gallica.bnf.fr/ark:/12148/bpt6k5505300s/f71.item
NAME:SEMAINE,L1912-00469,affiliation,president,1,organisation_entry_officer_list,unmatched,78,https://gallica.bnf.fr/ark:/12148/bpt6k5505300s/f102.item
L1912-00961,L1912-00483,affiliation,archivist_librarian,1,organisation_entry_officer_list,resolved,81,https://gallica.bnf.fr/ark:/12148/bpt6k5505300s/f105.item
L1912-00134,L1912-00483,affiliation,deputy_treasurer,1,organisation_entry_officer_list,resolved,81,https://gallica.bnf.fr/ark:/12148/bpt6k5505300s/f105.item
NAME:LASSERAND,L1912-00483,affiliation,assessor,1,organisation_entry_officer_list,unmatched,81,https://gallica.bnf.fr/ark:/12148/bpt6k5505300s/f105.item
NAME:DUBOURG,L1912-00483,affiliation,assessor,1,organisation_entry_officer_list,unmatched,81,https://gallica.bnf.fr/ark:/12148/bpt6k5505300s/f105.item
NAME:BARTHE,L1912-00483,affiliation,assessor,1,organisation_entry_officer_list,unmatched,81,https://gallica.bnf.fr/ark:/12148/bpt6k5505300s/f105.item
NAME:THUILLIER,L1912-00483,affiliation,assessor,1,organisation_entry_officer_list,unmatched,81,https://gallica.bnf.fr/ark:/12148/bpt6k5505300s/f105.item
NAME:DT CADIERGUES,L1912-00483,affiliation,assessor,1,organisation_entry_officer_list,unmatched,81,https://gallica.bnf.fr/ark:/12148/bpt6k5505300s/f105.item
NAME:SAMARAN,L1912-00483,affiliation,assessor,1,organisation_entry_officer_list,unmatched,81,https://gallica.bnf.fr/ark:/12148/bpt6k5505300s/f105.item
NAME:COUSLURIOU,L1912-00483,affiliation,assessor,1,organisation_entry_officer_list,unmatched,81,https://gallica.bnf.fr/ark:/12148/bpt6k5505300s/f105.item
L1912-02625,L1912-00483,affiliation,assessor,1,organisation_entry_officer_list,resolved,81,https://gallica.bnf.fr/ark:/12148/bpt6k5505300s/f105.item
NAME:DESPEROUX,L1912-00483,affiliation,assessor,1,organisation_entry_officer_list,unmatched,81,https://gallica.bnf.fr/ark:/12148/bpt6k5505300s/f105.item
NAME:TOUTES,L1912-00490,affiliation,member,1,organisation_entry_officer_list,unmatched,84,https://gallica.bnf.fr/ark:/12148/bpt6k5505300s/f108.item
NAME:CASINIERE,L1912-00490,affiliation,founder,1,organisation_entry_officer_list,unmatched,84,https://gallica.bnf.fr/ark:/12148/bpt6k5505300s/f108.item
L1912-01425,L1912-00490,affiliation,founder,1,organisation_entry_officer_list,resolved,84,https://gallica.bnf.fr/ark:/12148/bpt6k5505300s/f108.item
NAME:MABILON,L1912-00490,affiliation,founder,1,organisation_entry_officer_list,unmatched,84,https://gallica.bnf.fr/ark:/12148/bpt6k5505300s/f108.item
NAME:MERCIER,L1912-00490,affiliation,founder,1,organisation_entry_officer_list,ambiguous,84,https://gallica.bnf.fr/ark:/12148/bpt6k5505300s/f108.item
NAME:ALORY,L1912-00490,affiliation,founder,1,organisation_entry_officer_list,unmatched,84,https://gallica.bnf.fr/ark:/12148/bpt6k5505300s/f108.item
L1912-02193,L1912-00490,affiliation,founder,1,organisation_entry_officer_list,resolved_fuzzy,84,https://gallica.bnf.fr/ark:/12148/bpt6k5505300s/f108.item
L1912-02193,L1912-00490,affiliation,founder,1,organisation_entry_officer_list,resolved_fuzzy,84,https://gallica.bnf.fr/ark:/12148/bpt6k5505300s/f108.item
NAME:ROUSSEAUX,L1912-00490,affiliation,founder,1,organisation_entry_officer_list,unmatched,84,https://gallica.bnf.fr/ark:/12148/bpt6k5505300s/f108.item
NAME:VINVENT,L1912-00490,affiliation,founder,1,organisation_entry_officer_list,ambiguous_fuzzy,84,https://gallica.bnf.fr/ark:/12148/bpt6k5505300s/f108.item
NAME:VOLET,L1912-00490,affiliation,founder,1,organisation_entry_officer_list,unmatched,84,https://gallica.bnf.fr/ark:/12148/bpt6k5505300s/f108.item
L1912-01425,L1912-00490,affiliation,president,1,organisation_entry_officer_list,resolved,84,https://gallica.bnf.fr/ark:/12148/bpt6k5505300s/f108.item
NAME:MABILON,L1912-00490,affiliation,vice_president,1,organisation_entry_officer_list,unmatched,84,https://gallica.bnf.fr/ark:/12148/bpt6k5505300s/f108.item
NAME:VACON,L1912-00490,affiliation,secretary,1,organisation_entry_officer_list,unmatched,84,https://gallica.bnf.fr/ark:/12148/bpt6k5505300s/f108.item
L1912-01292,L1912-00491,affiliation,vice_president,1,organisation_entry_officer_list,resolved,84,https://gallica.bnf.fr/ark:/12148/bpt6k5505300s/f108.item
NAME:CHARMETANT,L1912-00491,affiliation,secretary_general,1,organisation_entry_officer_list,unmatched,84,https://gallica.bnf.fr/ark:/12148/bpt6k5505300s/f108.item
NAME:AIN EL ASKER,L1912-00491,affiliation,director,1,organisation_entry_officer_list,unmatched,84,https://gallica.bnf.fr/ark:/12148/bpt6k5505300s/f108.item
NAME:BONETTE,L1912-00548,affiliation,president,1,organisation_entry_officer_list,unmatched,100,https://gallica.bnf.fr/ark:/12148/bpt6k5505300s/f124.item
L1912-00767,L1912-00548,affiliation,president,1,organisation_entry_officer_list,resolved,100,https://gallica.bnf.fr/ark:/12148/bpt6k5505300s/f124.item
L1912-01684,L1912-00548,affiliation,secretary,1,organisation_entry_officer_list,resolved,100,https://gallica.bnf.fr/ark:/12148/bpt6k5505300s/f124.item
NAME:ALBERTINI,L1912-00548,affiliation,assessor,1,organisation_entry_officer_list,ambiguous,100,https://gallica.bnf.fr/ark:/12148/bpt6k5505300s/f124.item
L1912-01595,L1912-00548,affiliation,assessor,1,organisation_entry_officer_list,resolved_fuzzy,100,https://gallica.bnf.fr/ark:/12148/bpt6k5505300s/f124.item
NAME:MAUBE,L1912-00548,affiliation,assessor,1,organisation_entry_officer_list,unmatched,100,https://gallica.bnf.fr/ark:/12148/bpt6k5505300s/f124.item
L1912-01172,L1912-00550,affiliation,president,1,organisation_entry_officer_list,resolved,100,https://gallica.bnf.fr/ark:/12148/bpt6k5505300s/f124.item
L1912-01609,L1912-00550,affiliation,vice_president,1,organisation_entry_officer_list,resolved,100,https://gallica.bnf.fr/ark:/12148/bpt6k5505300s/f124.item
NAME:BAIZEAU,L1912-00550,affiliation,secretary,1,organisation_entry_officer_list,unmatched,100,https://gallica.bnf.fr/ark:/12148/bpt6k5505300s/f124.item
NAME:COMBES,L1912-00550,affiliation,deputy_secretary,1,organisation_entry_officer_list,ambiguous,100,https://gallica.bnf.fr/ark:/12148/bpt6k5505300s/f124.item
NAME:BOISSONNAS,L1912-00550,affiliation,commissioner,1,organisation_entry_officer_list,unmatched,100,https://gallica.bnf.fr/ark:/12148/bpt6k5505300s/f124.item
NAME:GEOFL ROY SAINFE J JILAIRE,L1912-00550,affiliation,commissioner,1,organisation_entry_officer_list,unmatched,100,https://gallica.bnf.fr/ark:/12148/bpt6k5505300s/f124.item
NAME:SBRANA,L1912-00552,affiliation,president,1,organisation_entry_officer_list,ambiguous,100,https://gallica.bnf.fr/ark:/12148/bpt6k5505300s/f124.item
NAME:C DIAEONO,L1912-00552,affiliation,vice_president,1,organisation_entry_officer_list,ambiguous_fuzzy,100,https://gallica.bnf.fr/ark:/12148/bpt6k5505300s/f124.item
NAME:MOHAMED MUBROUK,L1912-00552,affiliation,commissioner,1,organisation_entry_officer_list,ambiguous,100,https://gallica.bnf.fr/ark:/12148/bpt6k5505300s/f124.item
L1912-01745,L1912-00552,affiliation,president,1,organisation_entry_officer_list,resolved,100,https://gallica.bnf.fr/ark:/12148/bpt6k5505300s/f124.item
NAME:VICTOR SACUTO,L1912-00552,affiliation,president,1,organisation_entry_officer_list,unmatched,100,https://gallica.bnf.fr/ark:/12148/bpt6k5505300s/f124.item
NAME:S BARUSH,L1912-00552,affiliation,president,1,organisation_entry_officer_list,unmatched,100,https://gallica.bnf.fr/ark:/12148/bpt6k5505300s/f124.item
L1912-01484,L1912-00554,affiliation,vice_president,1,organisation_entry_officer_list,resolved_fuzzy,100,https://gallica.bnf.fr/ark:/12148/bpt6k5505300s/f124.item
NAME:V BENSASSON,L1912-00554,affiliation,vice_president,1,organisation_entry_officer_list,ambiguous,100,https://gallica.bnf.fr/ark:/12148/bpt6k5505300s/f124.item
L1912-01704,L1912-00554,affiliation,secretary,1,organisation_entry_officer_list,resolved_fuzzy,100,https://gallica.bnf.fr/ark:/12148/bpt6k5505300s/f124.item
NAME:ZAOUCHE,L1912-00556,affiliation,president,1,organisation_entry_officer_list,ambiguous,100,https://gallica.bnf.fr/ark:/12148/bpt6k5505300s/f124.item
NAME:H BOU HADJEB,L1912-00556,affiliation,vice_president,1,organisation_entry_officer_list,unmatched,100,https://gallica.bnf.fr/ark:/12148/bpt6k5505300s/f124.item
NAME:HAIOUNI AZIZ,L1912-00556,affiliation,secretary,1,organisation_entry_officer_list,unmatched,100,https://gallica.bnf.fr/ark:/12148/bpt6k5505300s/f124.item
NAME:HASSEN GUELLATY,L1912-00556,affiliation,commissioner,1,organisation_entry_officer_list,ambiguous,100,https://gallica.bnf.fr/ark:/12148/bpt6k5505300s/f124.item
L1912-01508,L1912-00556,affiliation,commissioner,1,organisation_entry_officer_list,resolved,100,https://gallica.bnf.fr/ark:/12148/bpt6k5505300s/f124.item
NAME:ABDESSELEM ZAOUCHE,L1912-00556,affiliation,commissioner,1,organisation_entry_officer_list,ambiguous,100,https://gallica.bnf.fr/ark:/12148/bpt6k5505300s/f124.item
L1912-02400,L1912-00557,affiliation,president,1,organisation_entry_officer_list,resolved,100,https://gallica.bnf.fr/ark:/12148/bpt6k5505300s/f124.item
NAME:J ATTAL,L1912-00557,affiliation,secretary,1,organisation_entry_officer_list,unmatched,100,https://gallica.bnf.fr/ark:/12148/bpt6k5505300s/f124.item
NAME:MACTAR,L1912-00578,affiliation,member,1,organisation_entry_officer_list,unmatched,103,https://gallica.bnf.fr/ark:/12148/bpt6k5505300s/f127.item
L1912-00521,L1912-00578,affiliation,president,1,organisation_entry_officer_list,resolved,103,https://gallica.bnf.fr/ark:/12148/bpt6k5505300s/f127.item
L1912-02022,L1912-00578,affiliation,vice_president,1,organisation_entry_officer_list,resolved,103,https://gallica.bnf.fr/ark:/12148/bpt6k5505300s/f127.item
L1912-00106,L1912-00578,affiliation,secretary_general,1,organisation_entry_officer_list,resolved,103,https://gallica.bnf.fr/ark:/12148/bpt6k5505300s/f127.item
L1912-02104,L1912-00578,affiliation,member,1,organisation_entry_officer_list,resolved,103,https://gallica.bnf.fr/ark:/12148/bpt6k5505300s/f127.item
L1912-02445,L1912-00578,affiliation,member,1,organisation_entry_officer_list,resolved,103,https://gallica.bnf.fr/ark:/12148/bpt6k5505300s/f127.item
NAME:TROUCHE,L1912-00578,affiliation,member,1,organisation_entry_officer_list,unmatched,103,https://gallica.bnf.fr/ark:/12148/bpt6k5505300s/f127.item
NAME:TRUELLE,L1912-00578,affiliation,member,1,organisation_entry_officer_list,unmatched,103,https://gallica.bnf.fr/ark:/12148/bpt6k5505300s/f127.item
NAME:JEAN MARIE TERRAS,L1912-00578,affiliation,president,1,organisation_entry_officer_list,unmatched,103,https://gallica.bnf.fr/ark:/12148/bpt6k5505300s/f127.item
L1912-00521,L1912-00578,affiliation,president,1,organisation_entry_officer_list,resolved,103,https://gallica.bnf.fr/ark:/12148/bpt6k5505300s/f127.item
L1912-00478,L1912-00580,affiliation,president,1,organisation_entry_officer_list,resolved,103,https://gallica.bnf.fr/ark:/12148/bpt6k5505300s/f127.item
L1912-01797,L1912-00580,affiliation,vice_president,1,organisation_entry_officer_list,resolved,103,https://gallica.bnf.fr/ark:/12148/bpt6k5505300s/f127.item
NAME:E NANI,L1912-00580,affiliation,vice_president,1,organisation_entry_officer_list,unmatched,103,https://gallica.bnf.fr/ark:/12148/bpt6k5505300s/f127.item
NAME:E AZUELOS,L1912-00580,affiliation,secretary,1,organisation_entry_officer_list,unmatched,103,https://gallica.bnf.fr/ark:/12148/bpt6k5505300s/f127.item
L1912-02260,L1912-00580,affiliation,member,1,organisation_entry_officer_list,resolved,103,https://gallica.bnf.fr/ark:/12148/bpt6k5505300s/f127.item
L1912-01453,L1912-00580,affiliation,member,1,organisation_entry_officer_list,resolved,103,https://gallica.bnf.fr/ark:/12148/bpt6k5505300s/f127.item
L1912-02502,L1912-00580,affiliation,member,1,organisation_entry_officer_list,resolved,103,https://gallica.bnf.fr/ark:/12148/bpt6k5505300s/f127.item
NAME:E LICARI,L1912-00580,affiliation,member,1,organisation_entry_officer_list,unmatched,103,https://gallica.bnf.fr/ark:/12148/bpt6k5505300s/f127.item
NAME:S XUEREB,L1912-00580,affiliation,member,1,organisation_entry_officer_list,unmatched,103,https://gallica.bnf.fr/ark:/12148/bpt6k5505300s/f127.item
NAME:CONSUL,L1912-00581,affiliation,honorary_president,1,organisation_entry_officer_list,unmatched,103,https://gallica.bnf.fr/ark:/12148/bpt6k5505300s/f127.item
L1912-00172,L1912-00581,affiliation,president,1,organisation_entry_officer_list,resolved_fuzzy,103,https://gallica.bnf.fr/ark:/12148/bpt6k5505300s/f127.item
NAME:S CANINO,L1912-00581,affiliation,vice_president,1,organisation_entry_officer_list,unmatched,103,https://gallica.bnf.fr/ark:/12148/bpt6k5505300s/f127.item
NAME:LUIGI REY,L1912-00581,affiliation,vice_president,1,organisation_entry_officer_list,ambiguous,103,https://gallica.bnf.fr/ark:/12148/bpt6k5505300s/f127.item
NAME:V BOCCARA,L1912-00581,affiliation,secretary,1,organisation_entry_officer_list,unmatched,103,https://gallica.bnf.fr/ark:/12148/bpt6k5505300s/f127.item
NAME:ANE,L1912-00581,affiliation,president,1,organisation_entry_officer_list,unmatched,103,https://gallica.bnf.fr/ark:/12148/bpt6k5505300s/f127.item
L1912-00274,L1912-00582,affiliation,president,1,organisation_entry_officer_list,resolved,103,https://gallica.bnf.fr/ark:/12148/bpt6k5505300s/f127.item
L1912-02021,L1912-00582,affiliation,vice_president,1,organisation_entry_officer_list,resolved_fuzzy,103,https://gallica.bnf.fr/ark:/12148/bpt6k5505300s/f127.item
L1912-00273,L1912-00582,affiliation,secretary,1,organisation_entry_officer_list,resolved,103,https://gallica.bnf.fr/ark:/12148/bpt6k5505300s/f127.item
L1912-02651,L1912-00582,affiliation,president,1,organisation_entry_officer_list,resolved,103,https://gallica.bnf.fr/ark:/12148/bpt6k5505300s/f127.item
NAME:KAIROUAN,L1912-00583,affiliation,member,1,organisation_entry_officer_list,unmatched,104,https://gallica.bnf.fr/ark:/12148/bpt6k5505300s/f128.item
NAME:TLIALA,L1912-00583,affiliation,member,1,organisation_entry_officer_list,unmatched,104,https://gallica.bnf.fr/ark:/12148/bpt6k5505300s/f128.item
NAME:CHAMBRES,L1912-00583,affiliation,treasurer,1,organisation_entry_officer_list,unmatched,104,https://gallica.bnf.fr/ark:/12148/bpt6k5505300s/f128.item
L1912-00404,L1912-00583,affiliation,president,1,organisation_entry_officer_list,resolved_fuzzy,104,https://gallica.bnf.fr/ark:/12148/bpt6k5505300s/f128.item
L1912-00507,L1912-00583,affiliation,secretary,1,organisation_entry_officer_list,resolved,104,https://gallica.bnf.fr/ark:/12148/bpt6k5505300s/f128.item
NAME:LEFRONF,L1912-00583,affiliation,treasurer,1,organisation_entry_officer_list,unmatched,104,https://gallica.bnf.fr/ark:/12148/bpt6k5505300s/f128.item
NAME:DEMANGE,L1912-00583,affiliation,member,1,organisation_entry_officer_list,unmatched,104,https://gallica.bnf.fr/ark:/12148/bpt6k5505300s/f128.item
L1912-00976,L1912-00583,affiliation,member,1,organisation_entry_officer_list,resolved,104,https://gallica.bnf.fr/ark:/12148/bpt6k5505300s/f128.item
NAME:EPINAL,L1912-00583,affiliation,member,1,organisation_entry_officer_list,ambiguous_fuzzy,104,https://gallica.bnf.fr/ark:/12148/bpt6k5505300s/f128.item
NAME:GRUNIG,L1912-00583,affiliation,member,1,organisation_entry_officer_list,unmatched,104,https://gallica.bnf.fr/ark:/12148/bpt6k5505300s/f128.item
L1912-01849,L1912-00583,affiliation,member,1,organisation_entry_officer_list,resolved_fuzzy,104,https://gallica.bnf.fr/ark:/12148/bpt6k5505300s/f128.item
L1912-01728,L1912-00583,affiliation,member,1,organisation_entry_officer_list,resolved_fuzzy,104,https://gallica.bnf.fr/ark:/12148/bpt6k5505300s/f128.item
L1912-02157,L1912-00583,affiliation,member,1,organisation_entry_officer_list,resolved_fuzzy,104,https://gallica.bnf.fr/ark:/12148/bpt6k5505300s/f128.item
L1912-02184,L1912-00583,affiliation,member,1,organisation_entry_officer_list,resolved_fuzzy,104,https://gallica.bnf.fr/ark:/12148/bpt6k5505300s/f128.item
L1912-02193,L1912-00583,affiliation,past_president,1,organisation_entry_officer_list,resolved,104,https://gallica.bnf.fr/ark:/12148/bpt6k5505300s/f128.item
L1912-01581,L1912-00583,affiliation,past_president,1,organisation_entry_officer_list,resolved,104,https://gallica.bnf.fr/ark:/12148/bpt6k5505300s/f128.item
L1912-02137,L1912-00664,affiliation,president,1,organisation_entry_officer_list,resolved_fuzzy,119,https://gallica.bnf.fr/ark:/12148/bpt6k5505300s/f143.item
L1912-00311,L1912-00664,affiliation,vice_president,1,organisation_entry_officer_list,resolved_fuzzy,119,https://gallica.bnf.fr/ark:/12148/bpt6k5505300s/f143.item
NAME:VICTOR ROY,L1912-00664,affiliation,vice_president,1,organisation_entry_officer_list,unmatched,119,https://gallica.bnf.fr/ark:/12148/bpt6k5505300s/f143.item
NAME:RAIMBAUD,L1912-00664,affiliation,deputy_secretary,1,organisation_entry_officer_list,unmatched,119,https://gallica.bnf.fr/ark:/12148/bpt6k5505300s/f143.item
NAME:ROY,L1912-00686,affiliation,president,1,organisation_entry_officer_list,unmatched,123,https://gallica.bnf.fr/ark:/12148/bpt6k5505300s/f147.item
NAME:P EZON,L1912-00686,affiliation,vice_president,1,organisation_entry_officer_list,unmatched,123,https://gallica.bnf.fr/ark:/12148/bpt6k5505300s/f147.item
L1912-00524,L1912-00686,affiliation,vice_president,1,organisation_entry_officer_list,resolved,123,https://gallica.bnf.fr/ark:/12148/bpt6k5505300s/f147.item
NAME:FEDERATION,L1912-00687,affiliation,president,1,organisation_entry_officer_list,unmatched,123,https://gallica.bnf.fr/ark:/12148/bpt6k5505300s/f147.item
L1912-00342,L1912-00687,affiliation,vice_president,1,organisation_entry_officer_list,resolved,123,https://gallica.bnf.fr/ark:/12148/bpt6k5505300s/f147.item
NAME:LOUIS THOMAS,L1912-00687,affiliation,secretary,1,organisation_entry_officer_list,ambiguous,123,https://gallica.bnf.fr/ark:/12148/bpt6k5505300s/f147.item
L1912-00969,L1912-00687,affiliation,deputy_secretary,1,organisation_entry_officer_list,resolved_fuzzy,123,https://gallica.bnf.fr/ark:/12148/bpt6k5505300s/f147.item
NAME:PROUST,L1912-00689,affiliation,president,1,organisation_entry_officer_list,ambiguous,123,https://gallica.bnf.fr/ark:/12148/bpt6k5505300s/f147.item
NAME:LECORE CARPENTIER,L1912-00689,affiliation,vice_president,1,organisation_entry_officer_list,unmatched,123,https://gallica.bnf.fr/ark:/12148/bpt6k5505300s/f147.item
L1912-00172,L1912-00689,affiliation,vice_president,1,organisation_entry_officer_list,resolved,123,https://gallica.bnf.fr/ark:/12148/bpt6k5505300s/f147.item
NAME:J M TERRAS,L1912-00689,affiliation,vice_president,1,organisation_entry_officer_list,unmatched,123,https://gallica.bnf.fr/ark:/12148/bpt6k5505300s/f147.item
L1912-02687,L1912-00689,affiliation,vice_president,1,organisation_entry_officer_list,resolved,123,https://gallica.bnf.fr/ark:/12148/bpt6k5505300s/f147.item
L1912-00240,L1912-00689,affiliation,member,1,organisation_entry_officer_list,resolved,123,https://gallica.bnf.fr/ark:/12148/bpt6k5505300s/f147.item
NAME:BARRION,L1912-00689,affiliation,member,1,organisation_entry_officer_list,unmatched,123,https://gallica.bnf.fr/ark:/12148/bpt6k5505300s/f147.item
NAME:BERTHIER,L1912-00689,affiliation,member,1,organisation_entry_officer_list,unmatched,123,https://gallica.bnf.fr/ark:/12148/bpt6k5505300s/f147.item
NAME:A BUSSULIL,L1912-00689,affiliation,member,1,organisation_entry_officer_list,unmatched,123,https://gallica.bnf.fr/ark:/12148/bpt6k5505300s/f147.item
NAME:B COUIFEAS,L1912-00689,affiliation,member,1,organisation_entry_officer_list,unmatched,123,https://gallica.bnf.fr/ark:/12148/bpt6k5505300s/f147.item
NAME:C FABBRI,L1912-00689,affiliation,member,1,organisation_entry_officer_list,unmatched,123,https://gallica.bnf.fr/ark:/12148/bpt6k5505300s/f147.item
L1912-01165,L1912-00689,affiliation,member,1,organisation_entry_officer_list,resolved,123,https://gallica.bnf.fr/ark:/12148/bpt6k5505300s/f147.item
L1912-01172,L1912-00689,affiliation,member,1,organisation_entry_officer_list,resolved,123,https://gallica.bnf.fr/ark:/12148/bpt6k5505300s/f147.item
L1912-01326,L1912-00689,affiliation,member,1,organisation_entry_officer_list,resolved_fuzzy,123,https://gallica.bnf.fr/ark:/12148/bpt6k5505300s/f147.item
L1912-01344,L1912-00689,affiliation,member,1,organisation_entry_officer_list,resolved,123,https://gallica.bnf.fr/ark:/12148/bpt6k5505300s/f147.item
NAME:LANDON,L1912-00689,affiliation,member,1,organisation_entry_officer_list,ambiguous_fuzzy,123,https://gallica.bnf.fr/ark:/12148/bpt6k5505300s/f147.item
NAME:LEIRANSKI,L1912-00689,affiliation,member,1,organisation_entry_officer_list,unmatched,123,https://gallica.bnf.fr/ark:/12148/bpt6k5505300s/f147.item
L1912-02161,L1912-00690,affiliation,vice_president,1,organisation_entry_officer_list,resolved,123,https://gallica.bnf.fr/ark:/12148/bpt6k5505300s/f147.item
NAME:MAZURKIEWIEZ,L1912-00690,affiliation,secretary_general,1,organisation_entry_officer_list,unmatched,123,https://gallica.bnf.fr/ark:/12148/bpt6k5505300s/f147.item
L1912-02174,L1912-00690,affiliation,treasurer,1,organisation_entry_officer_list,resolved,123,https://gallica.bnf.fr/ark:/12148/bpt6k5505300s/f147.item
L1912-00964,L1912-00691,affiliation,secretary,1,organisation_entry_officer_list,resolved,123,https://gallica.bnf.fr/ark:/12148/bpt6k5505300s/f147.item
L1912-00507,L1912-00691,affiliation,member,1,organisation_entry_officer_list,resolved,123,https://gallica.bnf.fr/ark:/12148/bpt6k5505300s/f147.item
L1912-01338,L1912-00691,affiliation,member,1,organisation_entry_officer_list,resolved,123,https://gallica.bnf.fr/ark:/12148/bpt6k5505300s/f147.item
L1912-00682,L1912-00691,affiliation,member,1,organisation_entry_officer_list,resolved,123,https://gallica.bnf.fr/ark:/12148/bpt6k5505300s/f147.item
NAME:KHEMIS,L1912-00691,affiliation,member,1,organisation_entry_officer_list,unmatched,123,https://gallica.bnf.fr/ark:/12148/bpt6k5505300s/f147.item
NAME:VAUDAINE,L1912-00691,affiliation,member,1,organisation_entry_officer_list,unmatched,123,https://gallica.bnf.fr/ark:/12148/bpt6k5505300s/f147.item
L1912-00529,L1912-00693,affiliation,president,1,organisation_entry_officer_list,resolved,123,https://gallica.bnf.fr/ark:/12148/bpt6k5505300s/f147.item
NAME:ANTIQUITES,L1912-00693,affiliation,director,1,organisation_entry_officer_list,unmatched,123,https://gallica.bnf.fr/ark:/12148/bpt6k5505300s/f147.item
NAME:FRETIN,L1912-00693,affiliation,secretary_general,1,organisation_entry_officer_list,unmatched,123,https://gallica.bnf.fr/ark:/12148/bpt6k5505300s/f147.item
NAME:FERIOUILLET,L1912-00693,affiliation,secretary,1,organisation_entry_officer_list,unmatched,123,https://gallica.bnf.fr/ark:/12148/bpt6k5505300s/f147.item
L1912-01704,L1912-00703,affiliation,president,1,organisation_entry_officer_list,resolved_fuzzy,125,https://gallica.bnf.fr/ark:/12148/bpt6k5505300s/f149.item
L1912-02248,L1912-00703,affiliation,director,1,organisation_entry_officer_list,resolved_fuzzy,125,https://gallica.bnf.fr/ark:/12148/bpt6k5505300s/f149.item
L1912-02137,L1912-00708,affiliation,director,1,organisation_entry_officer_list,resolved_fuzzy,127,https://gallica.bnf.fr/ark:/12148/bpt6k5505300s/f151.item
NAME:LEON,L1912-00715,affiliation,president,1,organisation_entry_officer_list,unmatched,129,https://gallica.bnf.fr/ark:/12148/bpt6k5505300s/f153.item
L1912-01704,L1912-00715,affiliation,member,1,organisation_entry_officer_list,resolved_fuzzy,129,https://gallica.bnf.fr/ark:/12148/bpt6k5505300s/f153.item
L1912-01344,L1912-00715,affiliation,member,1,organisation_entry_officer_list,resolved,129,https://gallica.bnf.fr/ark:/12148/bpt6k5505300s/f153.item
NAME:AFFAIRES,L1912-00721,affiliation,treasurer,1,organisation_entry_officer_list,unmatched,129,https://gallica.bnf.fr/ark:/12148/bpt6k5505300s/f153.item
L1912-00596,L1912-00721,affiliation,president,1,organisation_entry_officer_list,resolved,129,https://gallica.bnf.fr/ark:/12148/bpt6k5505300s/f153.item
NAME:KHALDOUNIA,L1912-00721,affiliation,president,1,organisation_entry_officer_list,unmatched,129,https://gallica.bnf.fr/ark:/12148/bpt6k5505300s/f153.item
NAME:MINIS,L1912-00721,affiliation,treasurer,1,organisation_entry_officer_list,unmatched,129,https://gallica.bnf.fr/ark:/12148/bpt6k5505300s/f153.item
NAME:RESIDENT GENERAL,L1912-00721,affiliation,treasurer,1,organisation_entry_officer_list,unmatched,129,https://gallica.bnf.fr/ark:/12148/bpt6k5505300s/f153.item
NAME:JUSTICE,L1912-00721,affiliation,secretary,1,organisation_entry_officer_list,unmatched,129,https://gallica.bnf.fr/ark:/12148/bpt6k5505300s/f153.item
L1912-00521,L1912-00721,affiliation,member,1,organisation_entry_officer_list,resolved,129,https://gallica.bnf.fr/ark:/12148/bpt6k5505300s/f153.item
NAME:LECORE CARPENLIER,L1912-00721,affiliation,member,1,organisation_entry_officer_list,unmatched,129,https://gallica.bnf.fr/ark:/12148/bpt6k5505300s/f153.item
L1912-01925,L1912-00721,affiliation,member,1,organisation_entry_officer_list,resolved,129,https://gallica.bnf.fr/ark:/12148/bpt6k5505300s/f153.item
L1912-01165,L1912-00721,affiliation,member,1,organisation_entry_officer_list,resolved,129,https://gallica.bnf.fr/ark:/12148/bpt6k5505300s/f153.item
NAME:LEZZAM,L1912-00721,affiliation,member,1,organisation_entry_officer_list,unmatched,129,https://gallica.bnf.fr/ark:/12148/bpt6k5505300s/f153.item
NAME:AIN CL ASKER,L1912-00732,affiliation,president,1,organisation_entry_officer_list,unmatched,134,https://gallica.bnf.fr/ark:/12148/bpt6k5505300s/f158.item
L1912-01484,L1912-00732,affiliation,vice_president,1,organisation_entry_officer_list,resolved_fuzzy,134,https://gallica.bnf.fr/ark:/12148/bpt6k5505300s/f158.item
NAME:VACON,L1912-00732,affiliation,secretary,1,organisation_entry_officer_list,unmatched,134,https://gallica.bnf.fr/ark:/12148/bpt6k5505300s/f158.item
NAME:GOUBELLAT,L1912-00732,affiliation,president,1,organisation_entry_officer_list,unmatched,134,https://gallica.bnf.fr/ark:/12148/bpt6k5505300s/f158.item
NAME:JACQUES,L1912-00732,affiliation,vice_president,1,organisation_entry_officer_list,unmatched,134,https://gallica.bnf.fr/ark:/12148/bpt6k5505300s/f158.item
NAME:MNRT IMER,L1912-00732,affiliation,president,1,organisation_entry_officer_list,unmatched,134,https://gallica.bnf.fr/ark:/12148/bpt6k5505300s/f158.item
NAME:MESELON,L1912-00732,affiliation,assessor,1,organisation_entry_officer_list,unmatched,134,https://gallica.bnf.fr/ark:/12148/bpt6k5505300s/f158.item
NAME:HENRI CBARVIN,L1912-00732,affiliation,assessor,1,organisation_entry_officer_list,ambiguous_fuzzy,134,https://gallica.bnf.fr/ark:/12148/bpt6k5505300s/f158.item
NAME:MATEUR,L1912-00732,affiliation,president,1,organisation_entry_officer_list,unmatched,134,https://gallica.bnf.fr/ark:/12148/bpt6k5505300s/f158.item
L1912-02198,L1912-00732,affiliation,vice_president,1,organisation_entry_officer_list,resolved,134,https://gallica.bnf.fr/ark:/12148/bpt6k5505300s/f158.item
L1912-00524,L1912-00732,affiliation,president,1,organisation_entry_officer_list,resolved,134,https://gallica.bnf.fr/ark:/12148/bpt6k5505300s/f158.item
NAME:TEBOURBA,L1912-00732,affiliation,president,1,organisation_entry_officer_list,unmatched,134,https://gallica.bnf.fr/ark:/12148/bpt6k5505300s/f158.item
NAME:ROUSSEAUX,L1912-00732,affiliation,vice_president,1,organisation_entry_officer_list,unmatched,134,https://gallica.bnf.fr/ark:/12148/bpt6k5505300s/f158.item
NAME:CARNET,L1912-00732,affiliation,secretary,1,organisation_entry_officer_list,unmatched,134,https://gallica.bnf.fr/ark:/12148/bpt6k5505300s/f158.item
NAME:COLONIE,L1912-00733,affiliation,treasurer,1,organisation_entry_officer_list,unmatched,135,https://gallica.bnf.fr/ark:/12148/bpt6k5505300s/f159.item
NAME:ELIA,L1912-00733,affiliation,councillor,1,organisation_entry_officer_list,unmatched,135,https://gallica.bnf.fr/ark:/12148/bpt6k5505300s/f159.item
NAME:LAGRENEE,L1912-00756,affiliation,vice_president,1,organisation_entry_officer_list,unmatched,140,https://gallica.bnf.fr/ark:/12148/bpt6k5505300s/f164.item
L1912-01659,L1912-00756,affiliation,vice_president,1,organisation_entry_officer_list,resolved,140,https://gallica.bnf.fr/ark:/12148/bpt6k5505300s/f164.item
NAME:LABONNE,L1912-00756,affiliation,vice_president,1,organisation_entry_officer_list,unmatched,140,https://gallica.bnf.fr/ark:/12148/bpt6k5505300s/f164.item
NAME:D BRAQUEHAYE,L1912-00756,affiliation,secretary_general,1,organisation_entry_officer_list,unmatched,140,https://gallica.bnf.fr/ark:/12148/bpt6k5505300s/f164.item
NAME:PONZEVERA,L1912-00756,affiliation,secretary,1,organisation_entry_officer_list,unmatched,140,https://gallica.bnf.fr/ark:/12148/bpt6k5505300s/f164.item
NAME:PICHON,L1912-00756,affiliation,president,1,organisation_entry_officer_list,unmatched,140,https://gallica.bnf.fr/ark:/12148/bpt6k5505300s/f164.item
NAME:BEY,L1912-00756,affiliation,honorary_president,1,organisation_entry_officer_list,unmatched,140,https://gallica.bnf.fr/ark:/12148/bpt6k5505300s/f164.item
L1912-02523,L1912-00756,affiliation,president,1,organisation_entry_officer_list,resolved_fuzzy,140,https://gallica.bnf.fr/ark:/12148/bpt6k5505300s/f164.item
NAME:TROLI,L1912-00756,affiliation,vice_president,1,organisation_entry_officer_list,unmatched,140,https://gallica.bnf.fr/ark:/12148/bpt6k5505300s/f164.item
NAME:MAURIGI,L1912-00756,affiliation,vice_president,1,organisation_entry_officer_list,unmatched,140,https://gallica.bnf.fr/ark:/12148/bpt6k5505300s/f164.item
NAME:DELIA SOMAGLIA,L1912-00756,affiliation,vice_president,1,organisation_entry_officer_list,unmatched,140,https://gallica.bnf.fr/ark:/12148/bpt6k5505300s/f164.item
NAME:BALESTRA,L1912-00756,affiliation,assessor,1,organisation_entry_officer_list,unmatched,140,https://gallica.bnf.fr/ark:/12148/bpt6k5505300s/f164.item
NAME:CADOLINI,L1912-00756,affiliation,assessor,1,organisation_entry_officer_list,unmatched,140,https://gallica.bnf.fr/ark:/12148/bpt6k5505300s/f164.item
NAME:CADOLINI,L1912-00756,affiliation,assessor,1,organisation_entry_officer_list,unmatched,140,https://gallica.bnf.fr/ark:/12148/bpt6k5505300s/f164.item
NAME:LUPACCHIOLI,L1912-00756,affiliation,assessor,1,organisation_entry_officer_list,unmatched,140,https://gallica.bnf.fr/ark:/12148/bpt6k5505300s/f164.item
NAME:CARDORNA,L1912-00756,affiliation,past_president,1,organisation_entry_officer_list,unmatched,140,https://gallica.bnf.fr/ark:/12148/bpt6k5505300s/f164.item
NAME:FIDEI,L1912-00756,affiliation,treasurer,1,organisation_entry_officer_list,unmatched,140,https://gallica.bnf.fr/ark:/12148/bpt6k5505300s/f164.item
L1912-02205,L1912-00757,affiliation,vice_president,1,organisation_entry_officer_list,resolved_fuzzy,141,https://gallica.bnf.fr/ark:/12148/bpt6k5505300s/f165.item
NAME:STEPHANINI,L1912-00757,affiliation,vice_president,1,organisation_entry_officer_list,unmatched,141,https://gallica.bnf.fr/ark:/12148/bpt6k5505300s/f165.item
NAME:GUODAGNINO,L1912-00757,affiliation,secretary,1,organisation_entry_officer_list,unmatched,141,https://gallica.bnf.fr/ark:/12148/bpt6k5505300s/f165.item
NAME:STEPHANINI,L1912-00757,affiliation,president,1,organisation_entry_officer_list,unmatched,141,https://gallica.bnf.fr/ark:/12148/bpt6k5505300s/f165.item
L1912-00731,L1912-00757,affiliation,president,1,organisation_entry_officer_list,resolved,141,https://gallica.bnf.fr/ark:/12148/bpt6k5505300s/f165.item
NAME:CATANIA,L1912-00757,affiliation,president,1,organisation_entry_officer_list,unmatched,141,https://gallica.bnf.fr/ark:/12148/bpt6k5505300s/f165.item
NAME:SORIA,L1912-00757,affiliation,president,1,organisation_entry_officer_list,unmatched,141,https://gallica.bnf.fr/ark:/12148/bpt6k5505300s/f165.item
NAME:ILS,L1912-00764,affiliation,president,1,organisation_entry_officer_list,unmatched,142,https://gallica.bnf.fr/ark:/12148/bpt6k5505300s/f166.item
NAME:BLANC,L1912-01073,affiliation,honorary_president,1,organisation_entry_officer_list,ambiguous,178,https://gallica.bnf.fr/ark:/12148/bpt6k5505300s/f202.item
L1912-00281,L1912-01073,affiliation,president,1,organisation_entry_officer_list,resolved,178,https://gallica.bnf.fr/ark:/12148/bpt6k5505300s/f202.item
NAME:BOURREL,L1912-01073,affiliation,vice_president,1,organisation_entry_officer_list,unmatched,178,https://gallica.bnf.fr/ark:/12148/bpt6k5505300s/f202.item
NAME:GROS,L1912-01073,affiliation,deputy_secretary,1,organisation_entry_officer_list,unmatched,178,https://gallica.bnf.fr/ark:/12148/bpt6k5505300s/f202.item
NAME:MALIS,L1912-01073,affiliation,assessor,1,organisation_entry_officer_list,unmatched,178,https://gallica.bnf.fr/ark:/12148/bpt6k5505300s/f202.item
NAME:CARBONNEL,L1912-01073,affiliation,assessor,1,organisation_entry_officer_list,unmatched,178,https://gallica.bnf.fr/ark:/12148/bpt6k5505300s/f202.item
NAME:COURTADE F,L1912-01073,affiliation,assessor,1,organisation_entry_officer_list,unmatched,178,https://gallica.bnf.fr/ark:/12148/bpt6k5505300s/f202.item
NAME:MARLINOLLES,L1912-01073,affiliation,assessor,1,organisation_entry_officer_list,unmatched,178,https://gallica.bnf.fr/ark:/12148/bpt6k5505300s/f202.item
L1912-02661,L1912-01073,affiliation,delegate,1,organisation_entry_officer_list,resolved,178,https://gallica.bnf.fr/ark:/12148/bpt6k5505300s/f202.item
NAME:E COSTE,L1912-01075,affiliation,vice_president,1,organisation_entry_officer_list,ambiguous_fuzzy,178,https://gallica.bnf.fr/ark:/12148/bpt6k5505300s/f202.item
NAME:COSTE,L1912-01075,affiliation,secretary,1,organisation_entry_officer_list,ambiguous_fuzzy,178,https://gallica.bnf.fr/ark:/12148/bpt6k5505300s/f202.item
L1912-00699,L1912-01126,affiliation,president,1,organisation_entry_officer_list,resolved,186,https://gallica.bnf.fr/ark:/12148/bpt6k5505300s/f210.item
L1912-00961,L1912-01126,affiliation,vice_president,1,organisation_entry_officer_list,resolved,186,https://gallica.bnf.fr/ark:/12148/bpt6k5505300s/f210.item
NAME:CORDIER,L1912-01126,affiliation,vice_president,1,organisation_entry_officer_list,unmatched,186,https://gallica.bnf.fr/ark:/12148/bpt6k5505300s/f210.item
L1912-00259,L1912-01126,affiliation,secretary_general,1,organisation_entry_officer_list,resolved,186,https://gallica.bnf.fr/ark:/12148/bpt6k5505300s/f210.item
L1912-02215,L1912-01126,affiliation,deputy_secretary,1,organisation_entry_officer_list,resolved,186,https://gallica.bnf.fr/ark:/12148/bpt6k5505300s/f210.item
L1912-02021,L1912-01196,affiliation,president,1,organisation_entry_officer_list,resolved,197,https://gallica.bnf.fr/ark:/12148/bpt6k5505300s/f221.item
NAME:FAIVRE,L1912-01196,affiliation,vice_president,1,organisation_entry_officer_list,unmatched,197,https://gallica.bnf.fr/ark:/12148/bpt6k5505300s/f221.item
NAME:GALLEY,L1912-01196,affiliation,secretary,1,organisation_entry_officer_list,unmatched,197,https://gallica.bnf.fr/ark:/12148/bpt6k5505300s/f221.item
NAME:BLANC,L1912-01418,affiliation,commissioner,1,organisation_entry_officer_list,ambiguous,228,https://gallica.bnf.fr/ark:/12148/bpt6k5505300s/f252.item
NAME:BRAQUEHAYE,L1912-01418,affiliation,treasurer,1,organisation_entry_officer_list,unmatched,228,https://gallica.bnf.fr/ark:/12148/bpt6k5505300s/f252.item
NAME:CASANELLO,L1912-01419,affiliation,treasurer,1,organisation_entry_officer_list,unmatched,228,https://gallica.bnf.fr/ark:/12148/bpt6k5505300s/f252.item
L1912-00406,L1912-01419,affiliation,president,1,organisation_entry_officer_list,resolved_fuzzy,228,https://gallica.bnf.fr/ark:/12148/bpt6k5505300s/f252.item
L1912-00477,L1912-01419,affiliation,secretary,1,organisation_entry_officer_list,resolved,228,https://gallica.bnf.fr/ark:/12148/bpt6k5505300s/f252.item
L1912-01099,L1912-01419,affiliation,treasurer,1,organisation_entry_officer_list,resolved,228,https://gallica.bnf.fr/ark:/12148/bpt6k5505300s/f252.item
NAME:CAFTAN,L1912-01419,affiliation,president,1,organisation_entry_officer_list,ambiguous_fuzzy,228,https://gallica.bnf.fr/ark:/12148/bpt6k5505300s/f252.item
NAME:MOSSE,L1912-01419,affiliation,past_president,1,organisation_entry_officer_list,ambiguous_fuzzy,228,https://gallica.bnf.fr/ark:/12148/bpt6k5505300s/f252.item
L1912-01517,L1912-01421,affiliation,treasurer,1,organisation_entry_officer_list,resolved,229,https://gallica.bnf.fr/ark:/12148/bpt6k5505300s/f253.item
NAME:FINANCES,L1912-01421,affiliation,director,1,organisation_entry_officer_list,unmatched,229,https://gallica.bnf.fr/ark:/12148/bpt6k5505300s/f253.item
NAME:DJEMAIA,L1912-01421,affiliation,president,1,organisation_entry_officer_list,unmatched,229,https://gallica.bnf.fr/ark:/12148/bpt6k5505300s/f253.item
NAME:SCIENCES,L1912-01459,affiliation,treasurer,1,organisation_entry_officer_list,unmatched,237,https://gallica.bnf.fr/ark:/12148/bpt6k5505300s/f261.item
NAME:ARTS,L1912-01459,affiliation,treasurer,1,organisation_entry_officer_list,unmatched,237,https://gallica.bnf.fr/ark:/12148/bpt6k5505300s/f261.item
NAME:SCIENCES,L1912-01459,affiliation,treasurer,1,organisation_entry_officer_list,unmatched,237,https://gallica.bnf.fr/ark:/12148/bpt6k5505300s/f261.item
NAME:TRAVAIL,L1912-01459,affiliation,treasurer,1,organisation_entry_officer_list,unmatched,237,https://gallica.bnf.fr/ark:/12148/bpt6k5505300s/f261.item
NAME:REVUE,L1912-01459,affiliation,treasurer,1,organisation_entry_officer_list,unmatched,237,https://gallica.bnf.fr/ark:/12148/bpt6k5505300s/f261.item
L1912-00685,L1912-01459,affiliation,president,1,organisation_entry_officer_list,resolved,237,https://gallica.bnf.fr/ark:/12148/bpt6k5505300s/f261.item
L1912-01504,L1912-01459,affiliation,vice_president,1,organisation_entry_officer_list,resolved_fuzzy,237,https://gallica.bnf.fr/ark:/12148/bpt6k5505300s/f261.item
L1912-02162,L1912-01459,affiliation,vice_president,1,organisation_entry_officer_list,resolved,237,https://gallica.bnf.fr/ark:/12148/bpt6k5505300s/f261.item
NAME:COLLEGE ALAOUI,L1912-01459,affiliation,director,1,organisation_entry_officer_list,ambiguous,237,https://gallica.bnf.fr/ark:/12148/bpt6k5505300s/f261.item
NAME:SERL,L1912-01459,affiliation,director,1,organisation_entry_officer_list,unmatched,237,https://gallica.bnf.fr/ark:/12148/bpt6k5505300s/f261.item
NAME:MATEUR BEJA GOUBELLAT,L1912-01461,affiliation,director,1,organisation_entry_officer_list,unmatched,239,https://gallica.bnf.fr/ark:/12148/bpt6k5505300s/f263.item
L1912-01639,L1912-01461,affiliation,director,1,organisation_entry_officer_list,resolved,239,https://gallica.bnf.fr/ark:/12148/bpt6k5505300s/f263.item
NAME:SENG,L1912-01604,affiliation,vice_president,1,organisation_entry_officer_list,unmatched,262,https://gallica.bnf.fr/ark:/12148/bpt6k5505300s/f286.item
NAME:CURIEL,L1912-01604,affiliation,secretary,1,organisation_entry_officer_list,unmatched,262,https://gallica.bnf.fr/ark:/12148/bpt6k5505300s/f286.item
NAME:MONTES,L1912-01604,affiliation,treasurer,1,organisation_entry_officer_list,unmatched,262,https://gallica.bnf.fr/ark:/12148/bpt6k5505300s/f286.item
L1912-01647,L1912-01626,affiliation,secretary,1,organisation_entry_officer_list,resolved,267,https://gallica.bnf.fr/ark:/12148/bpt6k5505300s/f291.item
L1912-00699,L1912-01626,affiliation,past_president,1,organisation_entry_officer_list,resolved,267,https://gallica.bnf.fr/ark:/12148/bpt6k5505300s/f291.item
L1912-00342,L1912-01627,affiliation,vice_president,1,organisation_entry_officer_list,resolved,267,https://gallica.bnf.fr/ark:/12148/bpt6k5505300s/f291.item
L1912-00961,L1912-01627,affiliation,vice_president,1,organisation_entry_officer_list,resolved,267,https://gallica.bnf.fr/ark:/12148/bpt6k5505300s/f291.item
L1912-00969,L1912-01627,affiliation,member,1,organisation_entry_officer_list,resolved_fuzzy,267,https://gallica.bnf.fr/ark:/12148/bpt6k5505300s/f291.item
NAME:GUINLE,L1912-01627,affiliation,member,1,organisation_entry_officer_list,unmatched,267,https://gallica.bnf.fr/ark:/12148/bpt6k5505300s/f291.item
L1912-01642,L1912-01627,affiliation,member,1,organisation_entry_officer_list,resolved,267,https://gallica.bnf.fr/ark:/12148/bpt6k5505300s/f291.item
L1912-01647,L1912-01627,affiliation,member,1,organisation_entry_officer_list,resolved,267,https://gallica.bnf.fr/ark:/12148/bpt6k5505300s/f291.item
NAME:MARTIN,L1912-01627,affiliation,member,1,organisation_entry_officer_list,ambiguous,267,https://gallica.bnf.fr/ark:/12148/bpt6k5505300s/f291.item
L1912-02195,L1912-01627,affiliation,member,1,organisation_entry_officer_list,resolved,267,https://gallica.bnf.fr/ark:/12148/bpt6k5505300s/f291.item
NAME:THUILLIER,L1912-01627,affiliation,member,1,organisation_entry_officer_list,unmatched,267,https://gallica.bnf.fr/ark:/12148/bpt6k5505300s/f291.item
NAME:THOMAS,L1912-01627,affiliation,member,1,organisation_entry_officer_list,ambiguous,267,https://gallica.bnf.fr/ark:/12148/bpt6k5505300s/f291.item
NAME:LEON ROY,L1912-01627,affiliation,treasurer,1,organisation_entry_officer_list,unmatched,267,https://gallica.bnf.fr/ark:/12148/bpt6k5505300s/f291.item
L1912-00524,L1912-01627,affiliation,treasurer,1,organisation_entry_officer_list,resolved,267,https://gallica.bnf.fr/ark:/12148/bpt6k5505300s/f291.item
NAME:JOUAFFRE,L1912-01627,affiliation,treasurer,1,organisation_entry_officer_list,unmatched,267,https://gallica.bnf.fr/ark:/12148/bpt6k5505300s/f291.item
NAME:ALLAICHI,L1912-01627,affiliation,secretary,1,organisation_entry_officer_list,unmatched,267,https://gallica.bnf.fr/ark:/12148/bpt6k5505300s/f291.item
L1912-02661,L1912-01627,affiliation,member,1,organisation_entry_officer_list,resolved,267,https://gallica.bnf.fr/ark:/12148/bpt6k5505300s/f291.item
NAME:MONTASSIER,L1912-01627,affiliation,member,1,organisation_entry_officer_list,unmatched,267,https://gallica.bnf.fr/ark:/12148/bpt6k5505300s/f291.item
L1912-01587,L1912-01627,affiliation,president,1,organisation_entry_officer_list,resolved,267,https://gallica.bnf.fr/ark:/12148/bpt6k5505300s/f291.item
NAME:ANOUILH,L1912-01627,affiliation,vice_president,1,organisation_entry_officer_list,unmatched,267,https://gallica.bnf.fr/ark:/12148/bpt6k5505300s/f291.item
NAME:DAVESNE,L1912-01627,affiliation,vice_president,1,organisation_entry_officer_list,unmatched,267,https://gallica.bnf.fr/ark:/12148/bpt6k5505300s/f291.item
NAME:RAFONI,L1912-01627,affiliation,secretary,1,organisation_entry_officer_list,unmatched,267,https://gallica.bnf.fr/ark:/12148/bpt6k5505300s/f291.item
NAME:GONTHIER,L1912-01627,affiliation,president,1,organisation_entry_officer_list,unmatched,267,https://gallica.bnf.fr/ark:/12148/bpt6k5505300s/f291.item
NAME:SEUVE,L1912-01627,affiliation,vice_president,1,organisation_entry_officer_list,unmatched,267,https://gallica.bnf.fr/ark:/12148/bpt6k5505300s/f291.item
NAME:SEUVE,L1912-01627,affiliation,member,1,organisation_entry_officer_list,unmatched,267,https://gallica.bnf.fr/ark:/12148/bpt6k5505300s/f291.item
NAME:CHAFFARD,L1912-01627,affiliation,member,1,organisation_entry_officer_list,unmatched,267,https://gallica.bnf.fr/ark:/12148/bpt6k5505300s/f291.item
L1912-00104,L1912-01627,affiliation,president,1,organisation_entry_officer_list,resolved_fuzzy,267,https://gallica.bnf.fr/ark:/12148/bpt6k5505300s/f291.item
L1912-00767,L1912-01627,affiliation,president,1,organisation_entry_officer_list,resolved,267,https://gallica.bnf.fr/ark:/12148/bpt6k5505300s/f291.item
L1912-00745,L1912-01627,affiliation,vice_president,1,organisation_entry_officer_list,resolved,267,https://gallica.bnf.fr/ark:/12148/bpt6k5505300s/f291.item
NAME:MAUBE,L1912-01627,affiliation,member,1,organisation_entry_officer_list,unmatched,267,https://gallica.bnf.fr/ark:/12148/bpt6k5505300s/f291.item
L1912-01315,L1912-01627,affiliation,member,1,organisation_entry_officer_list,resolved,267,https://gallica.bnf.fr/ark:/12148/bpt6k5505300s/f291.item
NAME:GRAS,L1912-01627,affiliation,member,1,organisation_entry_officer_list,unmatched,267,https://gallica.bnf.fr/ark:/12148/bpt6k5505300s/f291.item
NAME:VEYSSIERE,L1912-01627,affiliation,member,1,organisation_entry_officer_list,unmatched,267,https://gallica.bnf.fr/ark:/12148/bpt6k5505300s/f291.item
NAME:BARTHELET,L1912-01627,affiliation,member,1,organisation_entry_officer_list,unmatched,267,https://gallica.bnf.fr/ark:/12148/bpt6k5505300s/f291.item
NAME:CARATINI,L1912-01627,affiliation,member,1,organisation_entry_officer_list,unmatched,267,https://gallica.bnf.fr/ark:/12148/bpt6k5505300s/f291.item
NAME:GIANNESINI,L1912-01627,affiliation,president,1,organisation_entry_officer_list,unmatched,267,https://gallica.bnf.fr/ark:/12148/bpt6k5505300s/f291.item
NAME:PARDIGON,L1912-01627,affiliation,vice_president,1,organisation_entry_officer_list,unmatched,267,https://gallica.bnf.fr/ark:/12148/bpt6k5505300s/f291.item
NAME:FALANDRY,L1912-01627,affiliation,secretary,1,organisation_entry_officer_list,unmatched,267,https://gallica.bnf.fr/ark:/12148/bpt6k5505300s/f291.item
NAME:CORNILLON,L1912-01627,affiliation,member,1,organisation_entry_officer_list,unmatched,267,https://gallica.bnf.fr/ark:/12148/bpt6k5505300s/f291.item
NAME:FRNNCONNET,L1912-01627,affiliation,member,1,organisation_entry_officer_list,unmatched,267,https://gallica.bnf.fr/ark:/12148/bpt6k5505300s/f291.item
NAME:RUGGIERA,L1912-01627,affiliation,member,1,organisation_entry_officer_list,unmatched,267,https://gallica.bnf.fr/ark:/12148/bpt6k5505300s/f291.item
NAME:WARZEE,L1912-01627,affiliation,president,1,organisation_entry_officer_list,ambiguous,267,https://gallica.bnf.fr/ark:/12148/bpt6k5505300s/f291.item
NAME:GAUBERL,L1912-01627,affiliation,secretary,1,organisation_entry_officer_list,unmatched,267,https://gallica.bnf.fr/ark:/12148/bpt6k5505300s/f291.item
NAME:ROY,L1912-01627,affiliation,member,1,organisation_entry_officer_list,unmatched,267,https://gallica.bnf.fr/ark:/12148/bpt6k5505300s/f291.item
NAME:BERTHIER,L1912-01627,affiliation,member,1,organisation_entry_officer_list,unmatched,267,https://gallica.bnf.fr/ark:/12148/bpt6k5505300s/f291.item
NAME:BACAR,L1912-01627,affiliation,member,1,organisation_entry_officer_list,unmatched,267,https://gallica.bnf.fr/ark:/12148/bpt6k5505300s/f291.item
L1912-00694,L1912-01627,affiliation,president,1,organisation_entry_officer_list,resolved,267,https://gallica.bnf.fr/ark:/12148/bpt6k5505300s/f291.item
L1912-01338,L1912-01627,affiliation,vice_president,1,organisation_entry_officer_list,resolved,267,https://gallica.bnf.fr/ark:/12148/bpt6k5505300s/f291.item
L1912-00346,L1912-01627,affiliation,secretary,1,organisation_entry_officer_list,resolved,267,https://gallica.bnf.fr/ark:/12148/bpt6k5505300s/f291.item
NAME:ALIX,L1912-01627,affiliation,member,1,organisation_entry_officer_list,ambiguous,267,https://gallica.bnf.fr/ark:/12148/bpt6k5505300s/f291.item
L1912-01327,L1912-01627,affiliation,member,1,organisation_entry_officer_list,resolved_fuzzy,267,https://gallica.bnf.fr/ark:/12148/bpt6k5505300s/f291.item
L1912-01338,L1912-01627,affiliation,member,1,organisation_entry_officer_list,resolved,267,https://gallica.bnf.fr/ark:/12148/bpt6k5505300s/f291.item
NAME:MONTEAU,L1912-01627,affiliation,member,1,organisation_entry_officer_list,unmatched,267,https://gallica.bnf.fr/ark:/12148/bpt6k5505300s/f291.item
L1912-00343,L1912-01627,affiliation,president,1,organisation_entry_officer_list,resolved,267,https://gallica.bnf.fr/ark:/12148/bpt6k5505300s/f291.item
NAME:CHEVALLIER,L1912-01627,affiliation,vice_president,1,organisation_entry_officer_list,ambiguous_fuzzy,267,https://gallica.bnf.fr/ark:/12148/bpt6k5505300s/f291.item
NAME:BERTIN,L1912-01627,affiliation,vice_president,1,organisation_entry_officer_list,ambiguous,267,https://gallica.bnf.fr/ark:/12148/bpt6k5505300s/f291.item
L1912-02221,L1912-01627,affiliation,secretary,1,organisation_entry_officer_list,resolved,267,https://gallica.bnf.fr/ark:/12148/bpt6k5505300s/f291.item
NAME:DELULLY,L1912-01627,affiliation,member,1,organisation_entry_officer_list,unmatched,267,https://gallica.bnf.fr/ark:/12148/bpt6k5505300s/f291.item
L1912-01694,L1912-01627,affiliation,member,1,organisation_entry_officer_list,resolved,267,https://gallica.bnf.fr/ark:/12148/bpt6k5505300s/f291.item
NAME:JACQUIER,L1912-01627,affiliation,member,1,organisation_entry_officer_list,ambiguous,267,https://gallica.bnf.fr/ark:/12148/bpt6k5505300s/f291.item
NAME:FERDINAND AMY,L1912-01627,affiliation,president,1,organisation_entry_officer_list,unmatched,267,https://gallica.bnf.fr/ark:/12148/bpt6k5505300s/f291.item
L1912-00240,L1912-01627,affiliation,member,1,organisation_entry_officer_list,resolved_fuzzy,267,https://gallica.bnf.fr/ark:/12148/bpt6k5505300s/f291.item
NAME:BUSQUE,L1912-01627,affiliation,member,1,organisation_entry_officer_list,unmatched,267,https://gallica.bnf.fr/ark:/12148/bpt6k5505300s/f291.item
NAME:LAPALU,L1912-01627,affiliation,member,1,organisation_entry_officer_list,unmatched,267,https://gallica.bnf.fr/ark:/12148/bpt6k5505300s/f291.item
L1912-01647,L1912-01627,affiliation,president,1,organisation_entry_officer_list,resolved_fuzzy,267,https://gallica.bnf.fr/ark:/12148/bpt6k5505300s/f291.item
NAME:BONAVITA,L1912-01627,affiliation,president,1,organisation_entry_officer_list,unmatched,267,https://gallica.bnf.fr/ark:/12148/bpt6k5505300s/f291.item
L1912-00644,L1912-01627,affiliation,vice_president,1,organisation_entry_officer_list,resolved,267,https://gallica.bnf.fr/ark:/12148/bpt6k5505300s/f291.item
L1912-01853,L1912-01627,affiliation,secretary,1,organisation_entry_officer_list,resolved_fuzzy,267,https://gallica.bnf.fr/ark:/12148/bpt6k5505300s/f291.item
NAME:CECCALDI,L1912-01627,affiliation,member,1,organisation_entry_officer_list,unmatched,267,https://gallica.bnf.fr/ark:/12148/bpt6k5505300s/f291.item
NAME:COUREDERIE,L1912-01627,affiliation,member,1,organisation_entry_officer_list,unmatched,267,https://gallica.bnf.fr/ark:/12148/bpt6k5505300s/f291.item
NAME:GERMAIN,L1912-01627,affiliation,member,1,organisation_entry_officer_list,unmatched,267,https://gallica.bnf.fr/ark:/12148/bpt6k5505300s/f291.item
NAME:RIVOLI,L1912-01627,affiliation,member,1,organisation_entry_officer_list,unmatched,267,https://gallica.bnf.fr/ark:/12148/bpt6k5505300s/f291.item
NAME:JEAN,L1912-01627,affiliation,president,1,organisation_entry_officer_list,unmatched,267,https://gallica.bnf.fr/ark:/12148/bpt6k5505300s/f291.item
NAME:TERSAC,L1912-01627,affiliation,vice_president,1,organisation_entry_officer_list,unmatched,267,https://gallica.bnf.fr/ark:/12148/bpt6k5505300s/f291.item
NAME:MAZURKIEWICZ,L1912-01627,affiliation,vice_president,1,organisation_entry_officer_list,unmatched,267,https://gallica.bnf.fr/ark:/12148/bpt6k5505300s/f291.item
L1912-02174,L1912-01627,affiliation,secretary,1,organisation_entry_officer_list,resolved_fuzzy,267,https://gallica.bnf.fr/ark:/12148/bpt6k5505300s/f291.item
L1912-00970,L1912-01627,affiliation,member,1,organisation_entry_officer_list,resolved_fuzzy,267,https://gallica.bnf.fr/ark:/12148/bpt6k5505300s/f291.item
L1912-01711,L1912-01627,affiliation,member,1,organisation_entry_officer_list,resolved_fuzzy,267,https://gallica.bnf.fr/ark:/12148/bpt6k5505300s/f291.item
NAME:SEUGHEOL,L1912-01627,affiliation,member,1,organisation_entry_officer_list,unmatched,267,https://gallica.bnf.fr/ark:/12148/bpt6k5505300s/f291.item
NAME:BONNET,L1912-01627,affiliation,member,1,organisation_entry_officer_list,ambiguous,267,https://gallica.bnf.fr/ark:/12148/bpt6k5505300s/f291.item
NAME:TOMASINI,L1912-01627,affiliation,president,1,organisation_entry_officer_list,unmatched,267,https://gallica.bnf.fr/ark:/12148/bpt6k5505300s/f291.item
NAME:HUGON,L1912-01627,affiliation,vice_president,1,organisation_entry_officer_list,unmatched,267,https://gallica.bnf.fr/ark:/12148/bpt6k5505300s/f291.item
NAME:MONGEAUD,L1912-01627,affiliation,vice_president,1,organisation_entry_officer_list,unmatched,267,https://gallica.bnf.fr/ark:/12148/bpt6k5505300s/f291.item
NAME:SARRET,L1912-01627,affiliation,secretary,1,organisation_entry_officer_list,unmatched,267,https://gallica.bnf.fr/ark:/12148/bpt6k5505300s/f291.item
NAME:GARCIN,L1912-01627,affiliation,deputy_secretary,1,organisation_entry_officer_list,unmatched,267,https://gallica.bnf.fr/ark:/12148/bpt6k5505300s/f291.item
L1912-01292,L1912-01627,affiliation,member,1,organisation_entry_officer_list,resolved,267,https://gallica.bnf.fr/ark:/12148/bpt6k5505300s/f291.item
NAME:GASQ,L1912-01627,affiliation,member,1,organisation_entry_officer_list,unmatched,267,https://gallica.bnf.fr/ark:/12148/bpt6k5505300s/f291.item
NAME:CABROL,L1912-01627,affiliation,member,1,organisation_entry_officer_list,unmatched,267,https://gallica.bnf.fr/ark:/12148/bpt6k5505300s/f291.item
L1912-01898,L1912-01627,affiliation,president,1,organisation_entry_officer_list,resolved,267,https://gallica.bnf.fr/ark:/12148/bpt6k5505300s/f291.item
NAME:CACHELOU,L1912-01627,affiliation,vice_president,1,organisation_entry_officer_list,unmatched,267,https://gallica.bnf.fr/ark:/12148/bpt6k5505300s/f291.item
L1912-01701,L1912-01627,affiliation,secretary,1,organisation_entry_officer_list,resolved_fuzzy,267,https://gallica.bnf.fr/ark:/12148/bpt6k5505300s/f291.item
NAME:ROLLAND,L1912-01627,affiliation,archivist_librarian,1,organisation_entry_officer_list,ambiguous,267,https://gallica.bnf.fr/ark:/12148/bpt6k5505300s/f291.item
NAME:DUVERNOY,L1912-01627,affiliation,secretary,1,organisation_entry_officer_list,unmatched,267,https://gallica.bnf.fr/ark:/12148/bpt6k5505300s/f291.item
NAME:BOUISSEL,L1912-01627,affiliation,member,1,organisation_entry_officer_list,unmatched,267,https://gallica.bnf.fr/ark:/12148/bpt6k5505300s/f291.item
L1912-01479,L1912-01627,affiliation,member,1,organisation_entry_officer_list,resolved_fuzzy,267,https://gallica.bnf.fr/ark:/12148/bpt6k5505300s/f291.item
NAME:PUNCRUZI,L1912-01627,affiliation,member,1,organisation_entry_officer_list,unmatched,267,https://gallica.bnf.fr/ark:/12148/bpt6k5505300s/f291.item
NAME:PELONI,L1912-01627,affiliation,member,1,organisation_entry_officer_list,ambiguous,267,https://gallica.bnf.fr/ark:/12148/bpt6k5505300s/f291.item
NAME:ROUSSEAU,L1912-01627,affiliation,vice_president,1,organisation_entry_officer_list,unmatched,267,https://gallica.bnf.fr/ark:/12148/bpt6k5505300s/f291.item
NAME:RIVES,L1912-01627,affiliation,vice_president,1,organisation_entry_officer_list,unmatched,267,https://gallica.bnf.fr/ark:/12148/bpt6k5505300s/f291.item
L1912-01727,L1912-01627,affiliation,secretary,1,organisation_entry_officer_list,resolved_fuzzy,267,https://gallica.bnf.fr/ark:/12148/bpt6k5505300s/f291.item
NAME:BOURSES,L1912-01627,affiliation,archivist_librarian,1,organisation_entry_officer_list,unmatched,267,https://gallica.bnf.fr/ark:/12148/bpt6k5505300s/f291.item
NAME:BROCHURES,L1912-01831,affiliation,president,1,organisation_entry_officer_list,unmatched,294,https://gallica.bnf.fr/ark:/12148/bpt6k5505300s/f318.item
NAME:MEDAILLE,L1912-01878,affiliation,president,1,organisation_entry_officer_list,unmatched,300,https://gallica.bnf.fr/ark:/12148/bpt6k5505300s/f324.item
NAME:CNLNBRE,L1912-01878,affiliation,treasurer,1,organisation_entry_officer_list,unmatched,300,https://gallica.bnf.fr/ark:/12148/bpt6k5505300s/f324.item
NAME:FITOUS,L1912-01879,affiliation,president,1,organisation_entry_officer_list,unmatched,300,https://gallica.bnf.fr/ark:/12148/bpt6k5505300s/f324.item
L1912-02393,L1912-01879,affiliation,vice_president,1,organisation_entry_officer_list,resolved_fuzzy,300,https://gallica.bnf.fr/ark:/12148/bpt6k5505300s/f324.item
NAME:SAUVEUR KISRA OUI,L1912-01879,affiliation,vice_president,1,organisation_entry_officer_list,unmatched,300,https://gallica.bnf.fr/ark:/12148/bpt6k5505300s/f324.item
NAME:FELIX SFEZ,L1912-01879,affiliation,secretary,1,organisation_entry_officer_list,unmatched,300,https://gallica.bnf.fr/ark:/12148/bpt6k5505300s/f324.item
NAME:ELIE KHNYNL,L1912-01879,affiliation,member,1,organisation_entry_officer_list,unmatched,300,https://gallica.bnf.fr/ark:/12148/bpt6k5505300s/f324.item
NAME:ELIE,L1912-01879,affiliation,member,1,organisation_entry_officer_list,unmatched,300,https://gallica.bnf.fr/ark:/12148/bpt6k5505300s/f324.item
L1912-02320,L1912-01879,affiliation,member,1,organisation_entry_officer_list,resolved_fuzzy,300,https://gallica.bnf.fr/ark:/12148/bpt6k5505300s/f324.item
L1912-00271,L1912-01879,affiliation,member,1,organisation_entry_officer_list,resolved_fuzzy,300,https://gallica.bnf.fr/ark:/12148/bpt6k5505300s/f324.item
L1912-02605,L1912-01879,affiliation,member,1,organisation_entry_officer_list,resolved,300,https://gallica.bnf.fr/ark:/12148/bpt6k5505300s/f324.item
L1912-01430,L1912-01879,affiliation,director,1,organisation_entry_officer_list,resolved,300,https://gallica.bnf.fr/ark:/12148/bpt6k5505300s/f324.item
NAME:VICTOR LUMBROSO,L1912-02007,affiliation,president,1,organisation_entry_officer_list,ambiguous,320,https://gallica.bnf.fr/ark:/12148/bpt6k5505300s/f344.item
L1912-00428,L1912-02007,affiliation,vice_president,1,organisation_entry_officer_list,resolved,320,https://gallica.bnf.fr/ark:/12148/bpt6k5505300s/f344.item
NAME:A BONAN,L1912-02007,affiliation,vice_president,1,organisation_entry_officer_list,ambiguous,320,https://gallica.bnf.fr/ark:/12148/bpt6k5505300s/f344.item
NAME:N M AYEB,L1912-02007,affiliation,secretary,1,organisation_entry_officer_list,unmatched,320,https://gallica.bnf.fr/ark:/12148/bpt6k5505300s/f344.item
NAME:I ABEASIS ET V SLAMA,L1912-02007,affiliation,deputy_secretary,1,organisation_entry_officer_list,ambiguous,320,https://gallica.bnf.fr/ark:/12148/bpt6k5505300s/f344.item
NAME:MAURICE ATTAL,L1912-02007,affiliation,member,1,organisation_entry_officer_list,unmatched,320,https://gallica.bnf.fr/ark:/12148/bpt6k5505300s/f344.item
NAME:D COHEN TANUDJI,L1912-02007,affiliation,member,1,organisation_entry_officer_list,ambiguous,320,https://gallica.bnf.fr/ark:/12148/bpt6k5505300s/f344.item
NAME:S HAGEGE,L1912-02007,affiliation,member,1,organisation_entry_officer_list,unmatched,320,https://gallica.bnf.fr/ark:/12148/bpt6k5505300s/f344.item
NAME:MAIMOUN,L1912-02007,affiliation,member,1,organisation_entry_officer_list,unmatched,320,https://gallica.bnf.fr/ark:/12148/bpt6k5505300s/f344.item
L1912-02399,L1912-02007,affiliation,member,1,organisation_entry_officer_list,resolved,320,https://gallica.bnf.fr/ark:/12148/bpt6k5505300s/f344.item
L1912-00765,L1912-02303,affiliation,president,1,organisation_entry_officer_list,resolved_fuzzy,363,https://gallica.bnf.fr/ark:/12148/bpt6k5505300s/f387.item
NAME:S REVOLON,L1912-02303,affiliation,vice_president,1,organisation_entry_officer_list,ambiguous,363,https://gallica.bnf.fr/ark:/12148/bpt6k5505300s/f387.item
L1912-00970,L1912-02303,affiliation,vice_president,1,organisation_entry_officer_list,resolved,363,https://gallica.bnf.fr/ark:/12148/bpt6k5505300s/f387.item
NAME:MARCHEGAY,L1912-02303,affiliation,vice_president,1,organisation_entry_officer_list,unmatched,363,https://gallica.bnf.fr/ark:/12148/bpt6k5505300s/f387.item
L1912-01581,L1912-02303,affiliation,secretary_general,1,organisation_entry_officer_list,resolved,363,https://gallica.bnf.fr/ark:/12148/bpt6k5505300s/f387.item
L1912-00570,L1912-02303,affiliation,secretary,1,organisation_entry_officer_list,resolved,363,https://gallica.bnf.fr/ark:/12148/bpt6k5505300s/f387.item
L1912-00762,L1912-02305,affiliation,president,1,organisation_entry_officer_list,resolved,363,https://gallica.bnf.fr/ark:/12148/bpt6k5505300s/f387.item
L1912-01477,L1912-02305,affiliation,vice_president,1,organisation_entry_officer_list,resolved,363,https://gallica.bnf.fr/ark:/12148/bpt6k5505300s/f387.item
L1912-00964,L1912-02305,affiliation,vice_president,1,organisation_entry_officer_list,resolved,363,https://gallica.bnf.fr/ark:/12148/bpt6k5505300s/f387.item
NAME:J MOULIN,L1912-02305,affiliation,secretary,1,organisation_entry_officer_list,unmatched,363,https://gallica.bnf.fr/ark:/12148/bpt6k5505300s/f387.item
NAME:ALIX,L1912-02305,affiliation,assessor,1,organisation_entry_officer_list,ambiguous,363,https://gallica.bnf.fr/ark:/12148/bpt6k5505300s/f387.item
NAME:DIVE,L1912-02305,affiliation,assessor,1,organisation_entry_officer_list,unmatched,363,https://gallica.bnf.fr/ark:/12148/bpt6k5505300s/f387.item
L1912-02393,L1912-02305,affiliation,assessor,1,organisation_entry_officer_list,resolved,363,https://gallica.bnf.fr/ark:/12148/bpt6k5505300s/f387.item
L1912-01609,L1912-02305,affiliation,president,1,organisation_entry_officer_list,resolved,363,https://gallica.bnf.fr/ark:/12148/bpt6k5505300s/f387.item
NAME:VILLATFE,L1912-02403,affiliation,president,1,organisation_entry_officer_list,ambiguous_fuzzy,373,https://gallica.bnf.fr/ark:/12148/bpt6k5505300s/f397.item
L1912-02213,L1912-02403,affiliation,vice_president,1,organisation_entry_officer_list,resolved,373,https://gallica.bnf.fr/ark:/12148/bpt6k5505300s/f397.item
NAME:GAUVRY,L1912-02403,affiliation,vice_president,1,organisation_entry_officer_list,unmatched,373,https://gallica.bnf.fr/ark:/12148/bpt6k5505300s/f397.item
NAME:NEAU,L1912-02403,affiliation,deputy_secretary,1,organisation_entry_officer_list,unmatched,373,https://gallica.bnf.fr/ark:/12148/bpt6k5505300s/f397.item
L1912-01211,L1912-02403,affiliation,member,1,organisation_entry_officer_list,resolved,373,https://gallica.bnf.fr/ark:/12148/bpt6k5505300s/f397.item
L1912-01581,L1912-02403,affiliation,member,1,organisation_entry_officer_list,resolved,373,https://gallica.bnf.fr/ark:/12148/bpt6k5505300s/f397.item
NAME:BARRION,L1912-02403,affiliation,member,1,organisation_entry_officer_list,unmatched,373,https://gallica.bnf.fr/ark:/12148/bpt6k5505300s/f397.item
L1912-00832,L1912-02403,affiliation,president,1,organisation_entry_officer_list,resolved_fuzzy,373,https://gallica.bnf.fr/ark:/12148/bpt6k5505300s/f397.item
NAME:DIIUAYO,L1912-02403,affiliation,president,1,organisation_entry_officer_list,unmatched,373,https://gallica.bnf.fr/ark:/12148/bpt6k5505300s/f397.item
L1912-00311,L1912-02403,affiliation,vice_president,1,organisation_entry_officer_list,resolved_fuzzy,373,https://gallica.bnf.fr/ark:/12148/bpt6k5505300s/f397.item
NAME:TIVEYRAT,L1912-02403,affiliation,deputy_secretary,1,organisation_entry_officer_list,unmatched,373,https://gallica.bnf.fr/ark:/12148/bpt6k5505300s/f397.item
NAME:ANGELI,L1912-02403,affiliation,member,1,organisation_entry_officer_list,unmatched,373,https://gallica.bnf.fr/ark:/12148/bpt6k5505300s/f397.item
NAME:BALOUZAT,L1912-02403,affiliation,member,1,organisation_entry_officer_list,unmatched,373,https://gallica.bnf.fr/ark:/12148/bpt6k5505300s/f397.item
NAME:CAPET,L1912-02403,affiliation,member,1,organisation_entry_officer_list,unmatched,373,https://gallica.bnf.fr/ark:/12148/bpt6k5505300s/f397.item
NAME:CHEVAL,L1912-02403,affiliation,member,1,organisation_entry_officer_list,unmatched,373,https://gallica.bnf.fr/ark:/12148/bpt6k5505300s/f397.item
NAME:CLAVE,L1912-02403,affiliation,member,1,organisation_entry_officer_list,unmatched,373,https://gallica.bnf.fr/ark:/12148/bpt6k5505300s/f397.item
NAME:FRAYSSINEL,L1912-02403,affiliation,member,1,organisation_entry_officer_list,unmatched,373,https://gallica.bnf.fr/ark:/12148/bpt6k5505300s/f397.item
NAME:GRISCELLI,L1912-02403,affiliation,member,1,organisation_entry_officer_list,unmatched,373,https://gallica.bnf.fr/ark:/12148/bpt6k5505300s/f397.item
NAME:ROYAT,L1912-02403,affiliation,member,1,organisation_entry_officer_list,unmatched,373,https://gallica.bnf.fr/ark:/12148/bpt6k5505300s/f397.item
NAME:O VARGUES,L1912-02403,affiliation,member,1,organisation_entry_officer_list,unmatched,373,https://gallica.bnf.fr/ark:/12148/bpt6k5505300s/f397.item
NAME:BLONDEL,L1912-02404,affiliation,president,1,organisation_entry_officer_list,unmatched,374,https://gallica.bnf.fr/ark:/12148/bpt6k5505300s/f398.item
L1912-02614,L1912-02404,affiliation,president,1,organisation_entry_officer_list,resolved,374,https://gallica.bnf.fr/ark:/12148/bpt6k5505300s/f398.item
NAME:DUREL AUGUSTE,L1912-02404,affiliation,president,1,organisation_entry_officer_list,ambiguous,374,https://gallica.bnf.fr/ark:/12148/bpt6k5505300s/f398.item
NAME:DUREL ALPHONSE,L1912-02404,affiliation,president,1,organisation_entry_officer_list,ambiguous,374,https://gallica.bnf.fr/ark:/12148/bpt6k5505300s/f398.item
L1912-02052,L1912-02404,affiliation,president,1,organisation_entry_officer_list,resolved,374,https://gallica.bnf.fr/ark:/12148/bpt6k5505300s/f398.item
L1912-02098,L1912-02404,affiliation,president,1,organisation_entry_officer_list,resolved,374,https://gallica.bnf.fr/ark:/12148/bpt6k5505300s/f398.item
NAME:TANGUY,L1912-02404,affiliation,vice_president,1,organisation_entry_officer_list,unmatched,374,https://gallica.bnf.fr/ark:/12148/bpt6k5505300s/f398.item
NAME:ANDRINY,L1912-02404,affiliation,vice_president,1,organisation_entry_officer_list,unmatched,374,https://gallica.bnf.fr/ark:/12148/bpt6k5505300s/f398.item
NAME:BARRAQUO,L1912-02404,affiliation,secretary,1,organisation_entry_officer_list,unmatched,374,https://gallica.bnf.fr/ark:/12148/bpt6k5505300s/f398.item
NAME:MARIGNANO,L1912-02404,affiliation,deputy_secretary,1,organisation_entry_officer_list,unmatched,374,https://gallica.bnf.fr/ark:/12148/bpt6k5505300s/f398.item
NAME:BARLHEROTE,L1912-02404,affiliation,member,1,organisation_entry_officer_list,unmatched,374,https://gallica.bnf.fr/ark:/12148/bpt6k5505300s/f398.item
NAME:GERARD,L1912-02404,affiliation,member,1,organisation_entry_officer_list,ambiguous,374,https://gallica.bnf.fr/ark:/12148/bpt6k5505300s/f398.item
L1912-01999,L1912-02404,affiliation,member,1,organisation_entry_officer_list,resolved,374,https://gallica.bnf.fr/ark:/12148/bpt6k5505300s/f398.item
NAME:ROMBI,L1912-02404,affiliation,member,1,organisation_entry_officer_list,unmatched,374,https://gallica.bnf.fr/ark:/12148/bpt6k5505300s/f398.item
NAME:DESTENAVE,L1912-02406,affiliation,president,1,organisation_entry_officer_list,unmatched,374,https://gallica.bnf.fr/ark:/12148/bpt6k5505300s/f398.item
NAME:MANIGOLD,L1912-02406,affiliation,secretary_general,1,organisation_entry_officer_list,unmatched,374,https://gallica.bnf.fr/ark:/12148/bpt6k5505300s/f398.item
L1912-00529,L1912-02406,affiliation,director,1,organisation_entry_officer_list,resolved,374,https://gallica.bnf.fr/ark:/12148/bpt6k5505300s/f398.item
L1912-01253,L1912-02407,affiliation,president,1,organisation_entry_officer_list,resolved_fuzzy,374,https://gallica.bnf.fr/ark:/12148/bpt6k5505300s/f398.item
NAME:DEFRANCE,L1912-02407,affiliation,vice_president,1,organisation_entry_officer_list,unmatched,374,https://gallica.bnf.fr/ark:/12148/bpt6k5505300s/f398.item
NAME:ROUPPERT,L1912-02407,affiliation,secretary,1,organisation_entry_officer_list,unmatched,374,https://gallica.bnf.fr/ark:/12148/bpt6k5505300s/f398.item
NAME:VALLADE,L1912-02407,affiliation,member,1,organisation_entry_officer_list,unmatched,374,https://gallica.bnf.fr/ark:/12148/bpt6k5505300s/f398.item
NAME:GOUTTRY,L1912-02407,affiliation,member,1,organisation_entry_officer_list,unmatched,374,https://gallica.bnf.fr/ark:/12148/bpt6k5505300s/f398.item
L1912-01683,L1912-02407,affiliation,member,1,organisation_entry_officer_list,resolved,374,https://gallica.bnf.fr/ark:/12148/bpt6k5505300s/f398.item
NAME:BERTIN,L1912-02407,affiliation,member,1,organisation_entry_officer_list,ambiguous,374,https://gallica.bnf.fr/ark:/12148/bpt6k5505300s/f398.item
NAME:RESSERRER,L1912-02408,affiliation,member,1,organisation_entry_officer_list,unmatched,374,https://gallica.bnf.fr/ark:/12148/bpt6k5505300s/f398.item
NAME:MICHAUX,L1912-02408,affiliation,president,1,organisation_entry_officer_list,ambiguous,374,https://gallica.bnf.fr/ark:/12148/bpt6k5505300s/f398.item
NAME:LEPAGE,L1912-02408,affiliation,vice_president,1,organisation_entry_officer_list,unmatched,374,https://gallica.bnf.fr/ark:/12148/bpt6k5505300s/f398.item
L1912-01316,L1912-02408,affiliation,vice_president,1,organisation_entry_officer_list,resolved,374,https://gallica.bnf.fr/ark:/12148/bpt6k5505300s/f398.item
L1912-02688,L1912-02408,affiliation,secretary,1,organisation_entry_officer_list,resolved,374,https://gallica.bnf.fr/ark:/12148/bpt6k5505300s/f398.item
NAME:SCHOULL,L1912-02408,affiliation,president,1,organisation_entry_officer_list,unmatched,374,https://gallica.bnf.fr/ark:/12148/bpt6k5505300s/f398.item
NAME:PLACEMENT,L1912-02408,affiliation,president,1,organisation_entry_officer_list,unmatched,374,https://gallica.bnf.fr/ark:/12148/bpt6k5505300s/f398.item
NAME:CARTHAGE,L1912-02409,affiliation,member,1,organisation_entry_officer_list,unmatched,374,https://gallica.bnf.fr/ark:/12148/bpt6k5505300s/f398.item
NAME:BOYE,L1912-02409,affiliation,vice_president,1,organisation_entry_officer_list,unmatched,374,https://gallica.bnf.fr/ark:/12148/bpt6k5505300s/f398.item
NAME:ESPRANGLE,L1912-02409,affiliation,vice_president,1,organisation_entry_officer_list,unmatched,374,https://gallica.bnf.fr/ark:/12148/bpt6k5505300s/f398.item
L1912-02077,L1912-02409,affiliation,secretary,1,organisation_entry_officer_list,resolved,374,https://gallica.bnf.fr/ark:/12148/bpt6k5505300s/f398.item
NAME:MONNIER,L1912-02409,affiliation,deputy_secretary,1,organisation_entry_officer_list,unmatched,374,https://gallica.bnf.fr/ark:/12148/bpt6k5505300s/f398.item
NAME:BONREPAUX,L1912-02409,affiliation,assessor,1,organisation_entry_officer_list,unmatched,374,https://gallica.bnf.fr/ark:/12148/bpt6k5505300s/f398.item
NAME:TRUELLE,L1912-02409,affiliation,assessor,1,organisation_entry_officer_list,unmatched,374,https://gallica.bnf.fr/ark:/12148/bpt6k5505300s/f398.item
L1912-01172,L1912-02409,affiliation,president,1,organisation_entry_officer_list,resolved,374,https://gallica.bnf.fr/ark:/12148/bpt6k5505300s/f398.item
NAME:RESSERRER,L1912-02411,affiliation,member,1,organisation_entry_officer_list,unmatched,374,https://gallica.bnf.fr/ark:/12148/bpt6k5505300s/f398.item
L1912-02005,L1912-02411,affiliation,president,1,organisation_entry_officer_list,resolved,374,https://gallica.bnf.fr/ark:/12148/bpt6k5505300s/f398.item
L1912-02481,L1912-02411,affiliation,vice_president,1,organisation_entry_officer_list,resolved,374,https://gallica.bnf.fr/ark:/12148/bpt6k5505300s/f398.item
NAME:BARBARIN,L1912-02411,affiliation,president,1,organisation_entry_officer_list,unmatched,374,https://gallica.bnf.fr/ark:/12148/bpt6k5505300s/f398.item
NAME:SUB,L1912-02411,affiliation,president,1,organisation_entry_officer_list,unmatched,374,https://gallica.bnf.fr/ark:/12148/bpt6k5505300s/f398.item
NAME:SECONDER,L1912-02412,affiliation,member,1,organisation_entry_officer_list,unmatched,374,https://gallica.bnf.fr/ark:/12148/bpt6k5505300s/f398.item
L1912-01559,L1912-02412,affiliation,president,1,organisation_entry_officer_list,resolved,374,https://gallica.bnf.fr/ark:/12148/bpt6k5505300s/f398.item
NAME:FONTBRUNE,L1912-02412,affiliation,vice_president,1,organisation_entry_officer_list,unmatched,374,https://gallica.bnf.fr/ark:/12148/bpt6k5505300s/f398.item
NAME:MONROZIER,L1912-02412,affiliation,vice_president,1,organisation_entry_officer_list,unmatched,374,https://gallica.bnf.fr/ark:/12148/bpt6k5505300s/f398.item
L1912-00977,L1912-02412,affiliation,councillor,1,organisation_entry_officer_list,resolved_fuzzy,374,https://gallica.bnf.fr/ark:/12148/bpt6k5505300s/f398.item
NAME:MONROZIER,L1912-02412,affiliation,councillor,1,organisation_entry_officer_list,unmatched,374,https://gallica.bnf.fr/ark:/12148/bpt6k5505300s/f398.item
NAME:RICHARD,L1912-02412,affiliation,councillor,1,organisation_entry_officer_list,ambiguous,374,https://gallica.bnf.fr/ark:/12148/bpt6k5505300s/f398.item
NAME:DUMONT,L1912-02412,affiliation,councillor,1,organisation_entry_officer_list,ambiguous,374,https://gallica.bnf.fr/ark:/12148/bpt6k5505300s/f398.item
NAME:COUREHET,L1912-02412,affiliation,councillor,1,organisation_entry_officer_list,unmatched,374,https://gallica.bnf.fr/ark:/12148/bpt6k5505300s/f398.item
NAME:HAFSID,L1912-02412,affiliation,councillor,1,organisation_entry_officer_list,ambiguous_fuzzy,374,https://gallica.bnf.fr/ark:/12148/bpt6k5505300s/f398.item
L1912-01579,L1912-02414,affiliation,president,1,organisation_entry_officer_list,resolved,375,https://gallica.bnf.fr/ark:/12148/bpt6k5505300s/f399.item
L1912-02640,L1912-02414,affiliation,vice_president,1,organisation_entry_officer_list,resolved_fuzzy,375,https://gallica.bnf.fr/ark:/12148/bpt6k5505300s/f399.item
NAME:POULAIN,L1912-02414,affiliation,secretary,1,organisation_entry_officer_list,unmatched,375,https://gallica.bnf.fr/ark:/12148/bpt6k5505300s/f399.item
NAME:BAIS,L1912-02414,affiliation,deputy_secretary,1,organisation_entry_officer_list,unmatched,375,https://gallica.bnf.fr/ark:/12148/bpt6k5505300s/f399.item
NAME:BES,L1912-02414,affiliation,commissioner,1,organisation_entry_officer_list,unmatched,375,https://gallica.bnf.fr/ark:/12148/bpt6k5505300s/f399.item
L1912-02040,L1912-02414,affiliation,commissioner,1,organisation_entry_officer_list,resolved,375,https://gallica.bnf.fr/ark:/12148/bpt6k5505300s/f399.item
NAME:FLORIAN DUCURTIL,L1912-02415,affiliation,president,1,organisation_entry_officer_list,unmatched,376,https://gallica.bnf.fr/ark:/12148/bpt6k5505300s/f400.item
L1912-01483,L1912-02415,affiliation,vice_president,1,organisation_entry_officer_list,resolved,376,https://gallica.bnf.fr/ark:/12148/bpt6k5505300s/f400.item
NAME:ACHILLE RAFFIN,L1912-02415,affiliation,vice_president,1,organisation_entry_officer_list,unmatched,376,https://gallica.bnf.fr/ark:/12148/bpt6k5505300s/f400.item
NAME:JACQUES,L1912-02415,affiliation,secretary,1,organisation_entry_officer_list,unmatched,376,https://gallica.bnf.fr/ark:/12148/bpt6k5505300s/f400.item
L1912-02232,L1912-02415,affiliation,councillor,1,organisation_entry_officer_list,resolved,376,https://gallica.bnf.fr/ark:/12148/bpt6k5505300s/f400.item
NAME:BLANC,L1912-02415,affiliation,councillor,1,organisation_entry_officer_list,ambiguous,376,https://gallica.bnf.fr/ark:/12148/bpt6k5505300s/f400.item
NAME:BOUBY,L1912-02416,affiliation,president,1,organisation_entry_officer_list,unmatched,376,https://gallica.bnf.fr/ark:/12148/bpt6k5505300s/f400.item
NAME:MAZET,L1912-02416,affiliation,vice_president,1,organisation_entry_officer_list,ambiguous,376,https://gallica.bnf.fr/ark:/12148/bpt6k5505300s/f400.item
NAME:MEYVAL,L1912-02416,affiliation,secretary,1,organisation_entry_officer_list,unmatched,376,https://gallica.bnf.fr/ark:/12148/bpt6k5505300s/f400.item
L1912-02141,L1912-02417,affiliation,president,1,organisation_entry_officer_list,resolved,376,https://gallica.bnf.fr/ark:/12148/bpt6k5505300s/f400.item
L1912-00217,L1912-02417,affiliation,vice_president,1,organisation_entry_officer_list,resolved,376,https://gallica.bnf.fr/ark:/12148/bpt6k5505300s/f400.item
NAME:BARTHELEMY,L1912-02417,affiliation,vice_president,1,organisation_entry_officer_list,unmatched,376,https://gallica.bnf.fr/ark:/12148/bpt6k5505300s/f400.item
NAME:GUES,L1912-02417,affiliation,secretary,1,organisation_entry_officer_list,unmatched,376,https://gallica.bnf.fr/ark:/12148/bpt6k5505300s/f400.item
L1912-01730,L1912-02417,affiliation,deputy_secretary,1,organisation_entry_officer_list,resolved,376,https://gallica.bnf.fr/ark:/12148/bpt6k5505300s/f400.item
NAME:DANIEL,L1912-02417,affiliation,commissioner,1,organisation_entry_officer_list,unmatched,376,https://gallica.bnf.fr/ark:/12148/bpt6k5505300s/f400.item
NAME:JUNAUD,L1912-02417,affiliation,commissioner,1,organisation_entry_officer_list,unmatched,376,https://gallica.bnf.fr/ark:/12148/bpt6k5505300s/f400.item
NAME:FIGUIERE,L1912-02417,affiliation,commissioner,1,organisation_entry_officer_list,unmatched,376,https://gallica.bnf.fr/ark:/12148/bpt6k5505300s/f400.item
NAME:RAINAUD,L1912-02417,affiliation,commissioner,1,organisation_entry_officer_list,unmatched,376,https://gallica.bnf.fr/ark:/12148/bpt6k5505300s/f400.item
NAME:DUFOUR,L1912-02417,affiliation,commissioner,1,organisation_entry_officer_list,unmatched,376,https://gallica.bnf.fr/ark:/12148/bpt6k5505300s/f400.item
L1912-01124,L1912-02417,affiliation,commissioner,1,organisation_entry_officer_list,resolved,376,https://gallica.bnf.fr/ark:/12148/bpt6k5505300s/f400.item
NAME:BOUIX,L1912-02417,affiliation,president,1,organisation_entry_officer_list,unmatched,376,https://gallica.bnf.fr/ark:/12148/bpt6k5505300s/f400.item
NAME:COMME,L1912-02418,affiliation,president,1,organisation_entry_officer_list,ambiguous_fuzzy,376,https://gallica.bnf.fr/ark:/12148/bpt6k5505300s/f400.item
NAME:DELMAS,L1912-02419,affiliation,president,1,organisation_entry_officer_list,ambiguous,376,https://gallica.bnf.fr/ark:/12148/bpt6k5505300s/f400.item
L1912-02680,L1912-02419,affiliation,president,1,organisation_entry_officer_list,resolved,376,https://gallica.bnf.fr/ark:/12148/bpt6k5505300s/f400.item
NAME:CUREL,L1912-02419,affiliation,vice_president,1,organisation_entry_officer_list,ambiguous_fuzzy,376,https://gallica.bnf.fr/ark:/12148/bpt6k5505300s/f400.item
NAME:VIE,L1912-02419,affiliation,vice_president,1,organisation_entry_officer_list,unmatched,376,https://gallica.bnf.fr/ark:/12148/bpt6k5505300s/f400.item
NAME:GERONIMI,L1912-02419,affiliation,secretary,1,organisation_entry_officer_list,unmatched,376,https://gallica.bnf.fr/ark:/12148/bpt6k5505300s/f400.item
NAME:LUCIAIII,L1912-02419,affiliation,deputy_secretary,1,organisation_entry_officer_list,unmatched,376,https://gallica.bnf.fr/ark:/12148/bpt6k5505300s/f400.item
L1912-01190,L1912-02420,affiliation,president,1,organisation_entry_officer_list,resolved,376,https://gallica.bnf.fr/ark:/12148/bpt6k5505300s/f400.item
NAME:LABALLE,L1912-02420,affiliation,secretary,1,organisation_entry_officer_list,unmatched,376,https://gallica.bnf.fr/ark:/12148/bpt6k5505300s/f400.item
L1912-00969,L1912-02420,affiliation,commissioner,1,organisation_entry_officer_list,resolved,376,https://gallica.bnf.fr/ark:/12148/bpt6k5505300s/f400.item
NAME:DEBAR,L1912-02420,affiliation,commissioner,1,organisation_entry_officer_list,unmatched,376,https://gallica.bnf.fr/ark:/12148/bpt6k5505300s/f400.item
NAME:BAILLEUL,L1912-02420,affiliation,commissioner,1,organisation_entry_officer_list,unmatched,376,https://gallica.bnf.fr/ark:/12148/bpt6k5505300s/f400.item
NAME:ANOUILH,L1912-02420,affiliation,commissioner,1,organisation_entry_officer_list,unmatched,376,https://gallica.bnf.fr/ark:/12148/bpt6k5505300s/f400.item
NAME:FRANCHEBOIS,L1912-02420,affiliation,commissioner,1,organisation_entry_officer_list,unmatched,376,https://gallica.bnf.fr/ark:/12148/bpt6k5505300s/f400.item
NAME:NAUD,L1912-02420,affiliation,commissioner,1,organisation_entry_officer_list,unmatched,376,https://gallica.bnf.fr/ark:/12148/bpt6k5505300s/f400.item
NAME:TUZEL S PAUL,L1912-02420,affiliation,commissioner,1,organisation_entry_officer_list,unmatched,376,https://gallica.bnf.fr/ark:/12148/bpt6k5505300s/f400.item
NAME:MARCHET,L1912-02420,affiliation,commissioner,1,organisation_entry_officer_list,unmatched,376,https://gallica.bnf.fr/ark:/12148/bpt6k5505300s/f400.item
NAME:VIAL,L1912-02420,affiliation,commissioner,1,organisation_entry_officer_list,unmatched,376,https://gallica.bnf.fr/ark:/12148/bpt6k5505300s/f400.item
L1912-01217,L1912-02421,affiliation,president,1,organisation_entry_officer_list,resolved,376,https://gallica.bnf.fr/ark:/12148/bpt6k5505300s/f400.item
L1912-01233,L1912-02421,affiliation,vice_president,1,organisation_entry_officer_list,resolved,376,https://gallica.bnf.fr/ark:/12148/bpt6k5505300s/f400.item
NAME:BIZET,L1912-02421,affiliation,secretary,1,organisation_entry_officer_list,unmatched,376,https://gallica.bnf.fr/ark:/12148/bpt6k5505300s/f400.item
NAME:AFFAIRES ETRANGERES,L1912-02422,affiliation,treasurer,1,organisation_entry_officer_list,unmatched,376,https://gallica.bnf.fr/ark:/12148/bpt6k5505300s/f400.item
L1912-00342,L1912-02422,affiliation,treasurer,1,organisation_entry_officer_list,resolved,376,https://gallica.bnf.fr/ark:/12148/bpt6k5505300s/f400.item
L1912-00089,L1912-02422,affiliation,vice_president,1,organisation_entry_officer_list,resolved,376,https://gallica.bnf.fr/ark:/12148/bpt6k5505300s/f400.item
L1912-02163,L1912-02422,affiliation,vice_president,1,organisation_entry_officer_list,resolved_fuzzy,376,https://gallica.bnf.fr/ark:/12148/bpt6k5505300s/f400.item
L1912-00699,L1912-02422,affiliation,vice_president,1,organisation_entry_officer_list,resolved,376,https://gallica.bnf.fr/ark:/12148/bpt6k5505300s/f400.item
NAME:DUPLAY,L1912-02422,affiliation,vice_president,1,organisation_entry_officer_list,ambiguous_fuzzy,376,https://gallica.bnf.fr/ark:/12148/bpt6k5505300s/f400.item
L1912-02010,L1912-02422,affiliation,secretary,1,organisation_entry_officer_list,resolved,376,https://gallica.bnf.fr/ark:/12148/bpt6k5505300s/f400.item
NAME:CARCASSES,L1912-02422,affiliation,commissioner,1,organisation_entry_officer_list,unmatched,376,https://gallica.bnf.fr/ark:/12148/bpt6k5505300s/f400.item
NAME:II COMTE,L1912-02422,affiliation,commissioner,1,organisation_entry_officer_list,ambiguous,376,https://gallica.bnf.fr/ark:/12148/bpt6k5505300s/f400.item
NAME:CHANDIOUX,L1912-02422,affiliation,commissioner,1,organisation_entry_officer_list,unmatched,376,https://gallica.bnf.fr/ark:/12148/bpt6k5505300s/f400.item
L1912-01121,L1912-02422,affiliation,commissioner,1,organisation_entry_officer_list,resolved,376,https://gallica.bnf.fr/ark:/12148/bpt6k5505300s/f400.item
NAME:GAUCTENSRAVOLTI,L1912-02422,affiliation,commissioner,1,organisation_entry_officer_list,unmatched,376,https://gallica.bnf.fr/ark:/12148/bpt6k5505300s/f400.item
L1912-01277,L1912-02422,affiliation,commissioner,1,organisation_entry_officer_list,resolved,376,https://gallica.bnf.fr/ark:/12148/bpt6k5505300s/f400.item
L1912-01292,L1912-02422,affiliation,commissioner,1,organisation_entry_officer_list,resolved,376,https://gallica.bnf.fr/ark:/12148/bpt6k5505300s/f400.item
NAME:NEE,L1912-02422,affiliation,commissioner,1,organisation_entry_officer_list,unmatched,376,https://gallica.bnf.fr/ark:/12148/bpt6k5505300s/f400.item
NAME:PAILLON,L1912-02422,affiliation,commissioner,1,organisation_entry_officer_list,unmatched,376,https://gallica.bnf.fr/ark:/12148/bpt6k5505300s/f400.item
L1912-01999,L1912-02422,affiliation,commissioner,1,organisation_entry_officer_list,resolved,376,https://gallica.bnf.fr/ark:/12148/bpt6k5505300s/f400.item
NAME:PELONI,L1912-02422,affiliation,commissioner,1,organisation_entry_officer_list,ambiguous,376,https://gallica.bnf.fr/ark:/12148/bpt6k5505300s/f400.item
NAME:PEYRARD,L1912-02422,affiliation,commissioner,1,organisation_entry_officer_list,unmatched,376,https://gallica.bnf.fr/ark:/12148/bpt6k5505300s/f400.item
NAME:LOCHENAULT,L1912-02422,affiliation,director,1,organisation_entry_officer_list,unmatched,376,https://gallica.bnf.fr/ark:/12148/bpt6k5505300s/f400.item
L1912-00957,L1912-02422,affiliation,president,1,organisation_entry_officer_list,resolved,376,https://gallica.bnf.fr/ark:/12148/bpt6k5505300s/f400.item
NAME:SOULEYRAND,L1912-02423,affiliation,board_member,1,organisation_entry_officer_list,unmatched,377,https://gallica.bnf.fr/ark:/12148/bpt6k5505300s/f401.item
NAME:MOHAMED ELIAS,L1912-02423,affiliation,vice_president,1,organisation_entry_officer_list,ambiguous,377,https://gallica.bnf.fr/ark:/12148/bpt6k5505300s/f401.item
NAME:POLGE,L1912-02423,affiliation,secretary,1,organisation_entry_officer_list,unmatched,377,https://gallica.bnf.fr/ark:/12148/bpt6k5505300s/f401.item
NAME:SOULET,L1912-02423,affiliation,deputy_secretary,1,organisation_entry_officer_list,unmatched,377,https://gallica.bnf.fr/ark:/12148/bpt6k5505300s/f401.item
NAME:BARILAUD,L1912-02423,affiliation,member,1,organisation_entry_officer_list,unmatched,377,https://gallica.bnf.fr/ark:/12148/bpt6k5505300s/f401.item
L1912-01258,L1912-02424,affiliation,president,1,organisation_entry_officer_list,resolved,377,https://gallica.bnf.fr/ark:/12148/bpt6k5505300s/f401.item
NAME:PIRAINO,L1912-02424,affiliation,vice_president,1,organisation_entry_officer_list,unmatched,377,https://gallica.bnf.fr/ark:/12148/bpt6k5505300s/f401.item
NAME:INGLESE ANT,L1912-02424,affiliation,vice_president,1,organisation_entry_officer_list,unmatched,377,https://gallica.bnf.fr/ark:/12148/bpt6k5505300s/f401.item
NAME:PRIMA,L1912-02424,affiliation,secretary,1,organisation_entry_officer_list,unmatched,377,https://gallica.bnf.fr/ark:/12148/bpt6k5505300s/f401.item
L1912-00529,L1912-02424,affiliation,president,1,organisation_entry_officer_list,resolved,377,https://gallica.bnf.fr/ark:/12148/bpt6k5505300s/f401.item
NAME:HAMOU,L1912-02424,affiliation,secretary_general,1,organisation_entry_officer_list,unmatched,377,https://gallica.bnf.fr/ark:/12148/bpt6k5505300s/f401.item
NAME:FELLOUS,L1912-02424,affiliation,deputy_secretary,1,organisation_entry_officer_list,unmatched,377,https://gallica.bnf.fr/ark:/12148/bpt6k5505300s/f401.item
NAME:NICOLAS,L1912-02424,affiliation,archivist_librarian,1,organisation_entry_officer_list,ambiguous,377,https://gallica.bnf.fr/ark:/12148/bpt6k5505300s/f401.item
L1912-01933,L1912-02425,affiliation,president,1,organisation_entry_officer_list,resolved,377,https://gallica.bnf.fr/ark:/12148/bpt6k5505300s/f401.item
NAME:SAIVATORE CANINO,L1912-02425,affiliation,councillor,1,organisation_entry_officer_list,unmatched,377,https://gallica.bnf.fr/ark:/12148/bpt6k5505300s/f401.item
L1912-01172,L1912-02426,affiliation,president,1,organisation_entry_officer_list,resolved,378,https://gallica.bnf.fr/ark:/12148/bpt6k5505300s/f402.item
NAME:BUYER,L1912-02426,affiliation,secretary,1,organisation_entry_officer_list,ambiguous_fuzzy,378,https://gallica.bnf.fr/ark:/12148/bpt6k5505300s/f402.item
L1912-02248,L1912-02426,affiliation,commissioner,1,organisation_entry_officer_list,resolved,378,https://gallica.bnf.fr/ark:/12148/bpt6k5505300s/f402.item
L1912-00314,L1912-02426,affiliation,commissioner,1,organisation_entry_officer_list,resolved,378,https://gallica.bnf.fr/ark:/12148/bpt6k5505300s/f402.item
L1912-00389,L1912-02426,affiliation,commissioner,1,organisation_entry_officer_list,resolved_fuzzy,378,https://gallica.bnf.fr/ark:/12148/bpt6k5505300s/f402.item
NAME:ROBIN,L1912-02426,affiliation,councillor,1,organisation_entry_officer_list,unmatched,378,https://gallica.bnf.fr/ark:/12148/bpt6k5505300s/f402.item
L1912-02727,L1912-02426,affiliation,councillor,1,organisation_entry_officer_list,resolved,378,https://gallica.bnf.fr/ark:/12148/bpt6k5505300s/f402.item
NAME:MOHAMMED DJELLOULI,L1912-02426,affiliation,president,1,organisation_entry_officer_list,ambiguous,378,https://gallica.bnf.fr/ark:/12148/bpt6k5505300s/f402.item
L1912-01275,L1912-02427,affiliation,president,1,organisation_entry_officer_list,resolved,378,https://gallica.bnf.fr/ark:/12148/bpt6k5505300s/f402.item
NAME:BRAQUEHAYE,L1912-02427,affiliation,vice_president,1,organisation_entry_officer_list,unmatched,378,https://gallica.bnf.fr/ark:/12148/bpt6k5505300s/f402.item
NAME:HOUDEBINE,L1912-02427,affiliation,deputy_secretary,1,organisation_entry_officer_list,unmatched,378,https://gallica.bnf.fr/ark:/12148/bpt6k5505300s/f402.item
NAME:BEAU,L1912-02427,affiliation,commissioner,1,organisation_entry_officer_list,unmatched,378,https://gallica.bnf.fr/ark:/12148/bpt6k5505300s/f402.item
NAME:COUPIN,L1912-02427,affiliation,commissioner,1,organisation_entry_officer_list,unmatched,378,https://gallica.bnf.fr/ark:/12148/bpt6k5505300s/f402.item
L1912-00987,L1912-02427,affiliation,commissioner,1,organisation_entry_officer_list,resolved,378,https://gallica.bnf.fr/ark:/12148/bpt6k5505300s/f402.item
L1912-01735,L1912-02427,affiliation,commissioner,1,organisation_entry_officer_list,resolved_fuzzy,378,https://gallica.bnf.fr/ark:/12148/bpt6k5505300s/f402.item
L1912-02140,L1912-02427,affiliation,commissioner,1,organisation_entry_officer_list,resolved,378,https://gallica.bnf.fr/ark:/12148/bpt6k5505300s/f402.item
L1912-01275,L1912-02428,affiliation,president,1,organisation_entry_officer_list,resolved,378,https://gallica.bnf.fr/ark:/12148/bpt6k5505300s/f402.item
NAME:BARRION,L1912-02428,affiliation,vice_president,1,organisation_entry_officer_list,unmatched,378,https://gallica.bnf.fr/ark:/12148/bpt6k5505300s/f402.item
L1912-01292,L1912-02428,affiliation,vice_president,1,organisation_entry_officer_list,resolved,378,https://gallica.bnf.fr/ark:/12148/bpt6k5505300s/f402.item
NAME:HOUDEBINE,L1912-02428,affiliation,secretary_general,1,organisation_entry_officer_list,unmatched,378,https://gallica.bnf.fr/ark:/12148/bpt6k5505300s/f402.item
NAME:BRAQUEHAYE,L1912-02428,affiliation,president,1,organisation_entry_officer_list,unmatched,378,https://gallica.bnf.fr/ark:/12148/bpt6k5505300s/f402.item
NAME:NOVIELLO,L1912-02428,affiliation,vice_president,1,organisation_entry_officer_list,unmatched,378,https://gallica.bnf.fr/ark:/12148/bpt6k5505300s/f402.item
NAME:LECLERC,L1912-02428,affiliation,president,1,organisation_entry_officer_list,unmatched,378,https://gallica.bnf.fr/ark:/12148/bpt6k5505300s/f402.item
L1912-02160,L1912-02428,affiliation,vice_president,1,organisation_entry_officer_list,resolved,378,https://gallica.bnf.fr/ark:/12148/bpt6k5505300s/f402.item
L1912-01275,L1912-02428,affiliation,secretary,1,organisation_entry_officer_list,resolved_fuzzy,378,https://gallica.bnf.fr/ark:/12148/bpt6k5505300s/f402.item
NAME:DOUTE,L1912-02428,affiliation,president,1,organisation_entry_officer_list,unmatched,378,https://gallica.bnf.fr/ark:/12148/bpt6k5505300s/f402.item
NAME:RIANT,L1912-02428,affiliation,president,1,organisation_entry_officer_list,unmatched,378,https://gallica.bnf.fr/ark:/12148/bpt6k5505300s/f402.item
NAME:EL HADJ MOHAMED FERISSA,L1912-02428,affiliation,vice_president,1,organisation_entry_officer_list,ambiguous,378,https://gallica.bnf.fr/ark:/12148/bpt6k5505300s/f402.item
NAME:GUYOT,L1912-02428,affiliation,secretary,1,organisation_entry_officer_list,ambiguous_fuzzy,378,https://gallica.bnf.fr/ark:/12148/bpt6k5505300s/f402.item
NAME:BOURNEL,L1912-02428,affiliation,president,1,organisation_entry_officer_list,unmatched,378,https://gallica.bnf.fr/ark:/12148/bpt6k5505300s/f402.item
NAME:RASSELLI,L1912-02428,affiliation,vice_president,1,organisation_entry_officer_list,unmatched,378,https://gallica.bnf.fr/ark:/12148/bpt6k5505300s/f402.item
NAME:GIANNESINI,L1912-02428,affiliation,secretary,1,organisation_entry_officer_list,unmatched,378,https://gallica.bnf.fr/ark:/12148/bpt6k5505300s/f402.item
L1912-00067,L1912-02429,affiliation,vice_president,1,organisation_entry_officer_list,resolved,378,https://gallica.bnf.fr/ark:/12148/bpt6k5505300s/f402.item
NAME:FELIX BONAN,L1912-02429,affiliation,vice_president,1,organisation_entry_officer_list,ambiguous,378,https://gallica.bnf.fr/ark:/12148/bpt6k5505300s/f402.item
NAME:HENRI HAOUZI,L1912-02429,affiliation,secretary,1,organisation_entry_officer_list,ambiguous_fuzzy,378,https://gallica.bnf.fr/ark:/12148/bpt6k5505300s/f402.item
L1912-01467,L1912-02429,affiliation,councillor,1,organisation_entry_officer_list,resolved,378,https://gallica.bnf.fr/ark:/12148/bpt6k5505300s/f402.item
NAME:MAURICE MAMOU,L1912-02429,affiliation,councillor,1,organisation_entry_officer_list,unmatched,378,https://gallica.bnf.fr/ark:/12148/bpt6k5505300s/f402.item
NAME:ROUBINE ZORAH,L1912-02429,affiliation,councillor,1,organisation_entry_officer_list,unmatched,378,https://gallica.bnf.fr/ark:/12148/bpt6k5505300s/f402.item
NAME:A REY,L1912-02430,affiliation,president,1,organisation_entry_officer_list,ambiguous,378,https://gallica.bnf.fr/ark:/12148/bpt6k5505300s/f402.item
NAME:CARDOSO,L1912-02430,affiliation,vice_president,1,organisation_entry_officer_list,ambiguous,378,https://gallica.bnf.fr/ark:/12148/bpt6k5505300s/f402.item
NAME:CAMILLE,L1912-02430,affiliation,secretary,1,organisation_entry_officer_list,unmatched,378,https://gallica.bnf.fr/ark:/12148/bpt6k5505300s/f402.item
NAME:CESANA,L1912-02430,affiliation,councillor,1,organisation_entry_officer_list,unmatched,378,https://gallica.bnf.fr/ark:/12148/bpt6k5505300s/f402.item
NAME:UGO MORENO,L1912-02430,affiliation,councillor,1,organisation_entry_officer_list,ambiguous,378,https://gallica.bnf.fr/ark:/12148/bpt6k5505300s/f402.item
NAME:CLEMENT MODIGLIANI,L1912-02430,affiliation,councillor,1,organisation_entry_officer_list,ambiguous,378,https://gallica.bnf.fr/ark:/12148/bpt6k5505300s/f402.item
L1912-00857,L1912-02430,affiliation,councillor,1,organisation_entry_officer_list,resolved,378,https://gallica.bnf.fr/ark:/12148/bpt6k5505300s/f402.item
NAME:G MESSANA,L1912-02430,affiliation,councillor,1,organisation_entry_officer_list,unmatched,378,https://gallica.bnf.fr/ark:/12148/bpt6k5505300s/f402.item
L1912-01098,L1912-02430,affiliation,councillor,1,organisation_entry_officer_list,resolved_fuzzy,378,https://gallica.bnf.fr/ark:/12148/bpt6k5505300s/f402.item
NAME:DARIO,L1912-02430,affiliation,councillor,1,organisation_entry_officer_list,unmatched,378,https://gallica.bnf.fr/ark:/12148/bpt6k5505300s/f402.item
NAME:G FIORENTINO,L1912-02430,affiliation,councillor,1,organisation_entry_officer_list,unmatched,378,https://gallica.bnf.fr/ark:/12148/bpt6k5505300s/f402.item
L1912-00172,L1912-02430,affiliation,councillor,1,organisation_entry_officer_list,resolved,378,https://gallica.bnf.fr/ark:/12148/bpt6k5505300s/f402.item
L1912-01814,L1912-02430,affiliation,councillor,1,organisation_entry_officer_list,resolved,378,https://gallica.bnf.fr/ark:/12148/bpt6k5505300s/f402.item
NAME:P PATTI,L1912-02430,affiliation,councillor,1,organisation_entry_officer_list,unmatched,378,https://gallica.bnf.fr/ark:/12148/bpt6k5505300s/f402.item
NAME:SALAH DRID,L1912-02431,affiliation,president,1,organisation_entry_officer_list,ambiguous_fuzzy,378,https://gallica.bnf.fr/ark:/12148/bpt6k5505300s/f402.item
NAME:TAHAR,L1912-02431,affiliation,vice_president,1,organisation_entry_officer_list,ambiguous,378,https://gallica.bnf.fr/ark:/12148/bpt6k5505300s/f402.item
NAME:ALI,L1912-02431,affiliation,secretary,1,organisation_entry_officer_list,unmatched,378,https://gallica.bnf.fr/ark:/12148/bpt6k5505300s/f402.item
NAME:MOHAMED,L1912-02431,affiliation,member,1,organisation_entry_officer_list,ambiguous,378,https://gallica.bnf.fr/ark:/12148/bpt6k5505300s/f402.item
NAME:HAMOUDA,L1912-02431,affiliation,member,1,organisation_entry_officer_list,unmatched,378,https://gallica.bnf.fr/ark:/12148/bpt6k5505300s/f402.item
NAME:MOHAMED,L1912-02431,affiliation,member,1,organisation_entry_officer_list,ambiguous,378,https://gallica.bnf.fr/ark:/12148/bpt6k5505300s/f402.item
NAME:MOHAMED CLIAFAI SAIAH,L1912-02431,affiliation,member,1,organisation_entry_officer_list,ambiguous,378,https://gallica.bnf.fr/ark:/12148/bpt6k5505300s/f402.item
NAME:ABDERRAHMANE LAZZEM,L1912-02431,affiliation,member,1,organisation_entry_officer_list,unmatched,378,https://gallica.bnf.fr/ark:/12148/bpt6k5505300s/f402.item
NAME:HADI LASSOUED,L1912-02431,affiliation,member,1,organisation_entry_officer_list,unmatched,378,https://gallica.bnf.fr/ark:/12148/bpt6k5505300s/f402.item
NAME:MERAD DERBAL,L1912-02431,affiliation,member,1,organisation_entry_officer_list,unmatched,378,https://gallica.bnf.fr/ark:/12148/bpt6k5505300s/f402.item
L1912-00406,L1912-02432,affiliation,honorary_president,1,organisation_entry_officer_list,resolved,378,https://gallica.bnf.fr/ark:/12148/bpt6k5505300s/f402.item
NAME:MASSIA LUIGI,L1912-02432,affiliation,vice_president,1,organisation_entry_officer_list,unmatched,378,https://gallica.bnf.fr/ark:/12148/bpt6k5505300s/f402.item
NAME:MORENO UGO,L1912-02432,affiliation,vice_president,1,organisation_entry_officer_list,ambiguous,378,https://gallica.bnf.fr/ark:/12148/bpt6k5505300s/f402.item
L1912-00494,L1912-02432,affiliation,councillor,1,organisation_entry_officer_list,resolved,378,https://gallica.bnf.fr/ark:/12148/bpt6k5505300s/f402.item
L1912-01647,L1912-02432,affiliation,councillor,1,organisation_entry_officer_list,resolved_fuzzy,378,https://gallica.bnf.fr/ark:/12148/bpt6k5505300s/f402.item
L1912-01619,L1912-02432,affiliation,councillor,1,organisation_entry_officer_list,resolved,378,https://gallica.bnf.fr/ark:/12148/bpt6k5505300s/f402.item
NAME:RAVASINI GUIDO,L1912-02432,affiliation,councillor,1,organisation_entry_officer_list,unmatched,378,https://gallica.bnf.fr/ark:/12148/bpt6k5505300s/f402.item
NAME:SALVO SALVALOR,L1912-02432,affiliation,councillor,1,organisation_entry_officer_list,unmatched,378,https://gallica.bnf.fr/ark:/12148/bpt6k5505300s/f402.item
NAME:VALENSI ALBERTO,L1912-02432,affiliation,councillor,1,organisation_entry_officer_list,ambiguous,378,https://gallica.bnf.fr/ark:/12148/bpt6k5505300s/f402.item
L1912-01822,L1912-02432,affiliation,president,1,organisation_entry_officer_list,resolved,378,https://gallica.bnf.fr/ark:/12148/bpt6k5505300s/f402.item
NAME:MARLINO FRANCESCO,L1912-02433,affiliation,vice_president,1,organisation_entry_officer_list,unmatched,379,https://gallica.bnf.fr/ark:/12148/bpt6k5505300s/f403.item
NAME:MILAUI ERICE,L1912-02433,affiliation,vice_president,1,organisation_entry_officer_list,unmatched,379,https://gallica.bnf.fr/ark:/12148/bpt6k5505300s/f403.item
NAME:MANNINA SAVERIO,L1912-02433,affiliation,councillor,1,organisation_entry_officer_list,unmatched,379,https://gallica.bnf.fr/ark:/12148/bpt6k5505300s/f403.item
NAME:LIVOLSI G,L1912-02433,affiliation,councillor,1,organisation_entry_officer_list,unmatched,379,https://gallica.bnf.fr/ark:/12148/bpt6k5505300s/f403.item
NAME:SALMIERI GIUSEPPE,L1912-02433,affiliation,councillor,1,organisation_entry_officer_list,unmatched,379,https://gallica.bnf.fr/ark:/12148/bpt6k5505300s/f403.item
NAME:AZZOPARDI ALFREDO,L1912-02433,affiliation,secretary,1,organisation_entry_officer_list,unmatched,379,https://gallica.bnf.fr/ark:/12148/bpt6k5505300s/f403.item
L1912-00699,L1912-02434,affiliation,president,1,organisation_entry_officer_list,resolved,379,https://gallica.bnf.fr/ark:/12148/bpt6k5505300s/f403.item
NAME:D UZAN,L1912-02434,affiliation,vice_president,1,organisation_entry_officer_list,ambiguous,379,https://gallica.bnf.fr/ark:/12148/bpt6k5505300s/f403.item
NAME:ABDELJELIL ZAOUCHE,L1912-02434,affiliation,vice_president,1,organisation_entry_officer_list,ambiguous,379,https://gallica.bnf.fr/ark:/12148/bpt6k5505300s/f403.item
NAME:JOSEPH COHEN,L1912-02434,affiliation,secretary,1,organisation_entry_officer_list,ambiguous,379,https://gallica.bnf.fr/ark:/12148/bpt6k5505300s/f403.item
L1912-00847,L1912-02434,affiliation,member,1,organisation_entry_officer_list,resolved,379,https://gallica.bnf.fr/ark:/12148/bpt6k5505300s/f403.item
L1912-01165,L1912-02434,affiliation,member,1,organisation_entry_officer_list,resolved,379,https://gallica.bnf.fr/ark:/12148/bpt6k5505300s/f403.item
NAME:JOSEPH VALENSI,L1912-02434,affiliation,member,1,organisation_entry_officer_list,ambiguous,379,https://gallica.bnf.fr/ark:/12148/bpt6k5505300s/f403.item
L1912-00262,L1912-02434,affiliation,member,1,organisation_entry_officer_list,resolved,379,https://gallica.bnf.fr/ark:/12148/bpt6k5505300s/f403.item
L1912-00344,L1912-02434,affiliation,member,1,organisation_entry_officer_list,resolved,379,https://gallica.bnf.fr/ark:/12148/bpt6k5505300s/f403.item
NAME:NOEL,L1912-02434,affiliation,member,1,organisation_entry_officer_list,unmatched,379,https://gallica.bnf.fr/ark:/12148/bpt6k5505300s/f403.item
L1912-00600,L1912-02434,affiliation,member,1,organisation_entry_officer_list,resolved,379,https://gallica.bnf.fr/ark:/12148/bpt6k5505300s/f403.item
NAME:HENRIKSEN,L1912-02435,affiliation,vice_president,1,organisation_entry_officer_list,unmatched,379,https://gallica.bnf.fr/ark:/12148/bpt6k5505300s/f403.item
NAME:CHATEL,L1912-02435,affiliation,vice_president,1,organisation_entry_officer_list,unmatched,379,https://gallica.bnf.fr/ark:/12148/bpt6k5505300s/f403.item
NAME:CECCATTY,L1912-02435,affiliation,secretary,1,organisation_entry_officer_list,unmatched,379,https://gallica.bnf.fr/ark:/12148/bpt6k5505300s/f403.item
NAME:FREDERIC MISTRAL,L1912-02435,affiliation,honorary_president,1,organisation_entry_officer_list,unmatched,379,https://gallica.bnf.fr/ark:/12148/bpt6k5505300s/f403.item
L1912-00970,L1912-02435,affiliation,president,1,organisation_entry_officer_list,resolved,379,https://gallica.bnf.fr/ark:/12148/bpt6k5505300s/f403.item
L1912-02273,L1912-02435,affiliation,vice_president,1,organisation_entry_officer_list,resolved,379,https://gallica.bnf.fr/ark:/12148/bpt6k5505300s/f403.item
NAME:CHARBONNEL,L1912-02435,affiliation,secretary,1,organisation_entry_officer_list,unmatched,379,https://gallica.bnf.fr/ark:/12148/bpt6k5505300s/f403.item
L1912-01923,L1912-02435,affiliation,commissioner,1,organisation_entry_officer_list,resolved_fuzzy,379,https://gallica.bnf.fr/ark:/12148/bpt6k5505300s/f403.item
NAME:PESANTY,L1912-02435,affiliation,commissioner,1,organisation_entry_officer_list,unmatched,379,https://gallica.bnf.fr/ark:/12148/bpt6k5505300s/f403.item
NAME:REVELLI,L1912-02435,affiliation,commissioner,1,organisation_entry_officer_list,unmatched,379,https://gallica.bnf.fr/ark:/12148/bpt6k5505300s/f403.item
NAME:PIETRA,L1912-02435,affiliation,president,1,organisation_entry_officer_list,ambiguous,379,https://gallica.bnf.fr/ark:/12148/bpt6k5505300s/f403.item
L1912-01445,L1912-02435,affiliation,president,1,organisation_entry_officer_list,resolved,379,https://gallica.bnf.fr/ark:/12148/bpt6k5505300s/f403.item
L1912-00970,L1912-02435,affiliation,president,1,organisation_entry_officer_list,resolved,379,https://gallica.bnf.fr/ark:/12148/bpt6k5505300s/f403.item
NAME:MERCIER,L1912-02435,affiliation,president,1,organisation_entry_officer_list,ambiguous,379,https://gallica.bnf.fr/ark:/12148/bpt6k5505300s/f403.item
L1912-00765,L1912-02437,affiliation,president,1,organisation_entry_officer_list,resolved,379,https://gallica.bnf.fr/ark:/12148/bpt6k5505300s/f403.item
L1912-01211,L1912-02437,affiliation,vice_president,1,organisation_entry_officer_list,resolved,379,https://gallica.bnf.fr/ark:/12148/bpt6k5505300s/f403.item
NAME:CHERCHILLOT,L1912-02437,affiliation,secretary,1,organisation_entry_officer_list,unmatched,379,https://gallica.bnf.fr/ark:/12148/bpt6k5505300s/f403.item
NAME:JULES BONAN,L1912-02438,affiliation,president,1,organisation_entry_officer_list,ambiguous,379,https://gallica.bnf.fr/ark:/12148/bpt6k5505300s/f403.item
NAME:ERNEST SFEZ,L1912-02438,affiliation,vice_president,1,organisation_entry_officer_list,unmatched,379,https://gallica.bnf.fr/ark:/12148/bpt6k5505300s/f403.item
L1912-01487,L1912-02438,affiliation,vice_president,1,organisation_entry_officer_list,resolved,379,https://gallica.bnf.fr/ark:/12148/bpt6k5505300s/f403.item
NAME:RISOS CHRISTUS,L1912-02438,affiliation,deputy_secretary,1,organisation_entry_officer_list,unmatched,379,https://gallica.bnf.fr/ark:/12148/bpt6k5505300s/f403.item
L1912-00318,L1912-02438,affiliation,assessor,1,organisation_entry_officer_list,resolved_fuzzy,379,https://gallica.bnf.fr/ark:/12148/bpt6k5505300s/f403.item
NAME:GASTON EN,L1912-02438,affiliation,assessor,1,organisation_entry_officer_list,unmatched,379,https://gallica.bnf.fr/ark:/12148/bpt6k5505300s/f403.item
L1912-02071,L1912-02439,affiliation,president,1,organisation_entry_officer_list,resolved_fuzzy,379,https://gallica.bnf.fr/ark:/12148/bpt6k5505300s/f403.item
NAME:BRAQUEHAYE,L1912-02439,affiliation,member,1,organisation_entry_officer_list,unmatched,379,https://gallica.bnf.fr/ark:/12148/bpt6k5505300s/f403.item
NAME:CORTESI,L1912-02439,affiliation,member,1,organisation_entry_officer_list,unmatched,379,https://gallica.bnf.fr/ark:/12148/bpt6k5505300s/f403.item
L1912-01609,L1912-02439,affiliation,member,1,organisation_entry_officer_list,resolved,379,https://gallica.bnf.fr/ark:/12148/bpt6k5505300s/f403.item
NAME:SORA,L1912-02439,affiliation,member,1,organisation_entry_officer_list,unmatched,379,https://gallica.bnf.fr/ark:/12148/bpt6k5505300s/f403.item
NAME:LOLIROFF,L1912-02439,affiliation,member,1,organisation_entry_officer_list,unmatched,379,https://gallica.bnf.fr/ark:/12148/bpt6k5505300s/f403.item
L1912-02071,L1912-02439,affiliation,president,1,organisation_entry_officer_list,resolved_fuzzy,379,https://gallica.bnf.fr/ark:/12148/bpt6k5505300s/f403.item
NAME:LEVY,L1912-02439,affiliation,vice_president,1,organisation_entry_officer_list,ambiguous,379,https://gallica.bnf.fr/ark:/12148/bpt6k5505300s/f403.item
L1912-00534,L1912-02439,affiliation,secretary_general,1,organisation_entry_officer_list,resolved_fuzzy,379,https://gallica.bnf.fr/ark:/12148/bpt6k5505300s/f403.item
NAME:SPEZZAFURNO,L1912-02439,affiliation,deputy_secretary,1,organisation_entry_officer_list,unmatched,379,https://gallica.bnf.fr/ark:/12148/bpt6k5505300s/f403.item
L1912-02094,L1912-02439,affiliation,councillor,1,organisation_entry_officer_list,resolved,379,https://gallica.bnf.fr/ark:/12148/bpt6k5505300s/f403.item
NAME:CARDOSO,L1912-02439,affiliation,councillor,1,organisation_entry_officer_list,ambiguous,379,https://gallica.bnf.fr/ark:/12148/bpt6k5505300s/f403.item
L1912-00247,L1912-02439,affiliation,president,1,organisation_entry_officer_list,resolved,379,https://gallica.bnf.fr/ark:/12148/bpt6k5505300s/f403.item
L1912-00765,L1912-02440,affiliation,vice_president,1,organisation_entry_officer_list,resolved_fuzzy,380,https://gallica.bnf.fr/ark:/12148/bpt6k5505300s/f404.item
NAME:FORCIOLI,L1912-02440,affiliation,vice_president,1,organisation_entry_officer_list,unmatched,380,https://gallica.bnf.fr/ark:/12148/bpt6k5505300s/f404.item
L1912-00244,L1912-02440,affiliation,secretary,1,organisation_entry_officer_list,resolved_fuzzy,380,https://gallica.bnf.fr/ark:/12148/bpt6k5505300s/f404.item
NAME:BEYA,L1912-02441,affiliation,president,1,organisation_entry_officer_list,unmatched,380,https://gallica.bnf.fr/ark:/12148/bpt6k5505300s/f404.item
NAME:CHEIKH MOHAMED,L1912-02441,affiliation,vice_president,1,organisation_entry_officer_list,ambiguous,380,https://gallica.bnf.fr/ark:/12148/bpt6k5505300s/f404.item
NAME:BOUHAGEB,L1912-02441,affiliation,board_member,1,organisation_entry_officer_list,ambiguous,380,https://gallica.bnf.fr/ark:/12148/bpt6k5505300s/f404.item
L1912-00031,L1912-02441,affiliation,vice_president,1,organisation_entry_officer_list,resolved,380,https://gallica.bnf.fr/ark:/12148/bpt6k5505300s/f404.item
NAME:A CHEIKH,L1912-02441,affiliation,secretary,1,organisation_entry_officer_list,unmatched,380,https://gallica.bnf.fr/ark:/12148/bpt6k5505300s/f404.item
L1912-00902,L1912-02441,affiliation,member,1,organisation_entry_officer_list,resolved,380,https://gallica.bnf.fr/ark:/12148/bpt6k5505300s/f404.item
L1912-00201,L1912-02441,affiliation,member,1,organisation_entry_officer_list,resolved,380,https://gallica.bnf.fr/ark:/12148/bpt6k5505300s/f404.item
NAME:B ABDALLAH,L1912-02441,affiliation,member,1,organisation_entry_officer_list,unmatched,380,https://gallica.bnf.fr/ark:/12148/bpt6k5505300s/f404.item
NAME:AOUIDJ,L1912-02441,affiliation,member,1,organisation_entry_officer_list,unmatched,380,https://gallica.bnf.fr/ark:/12148/bpt6k5505300s/f404.item
L1912-01932,L1912-02442,affiliation,president,1,organisation_entry_officer_list,resolved,380,https://gallica.bnf.fr/ark:/12148/bpt6k5505300s/f404.item
L1912-00106,L1912-02442,affiliation,vice_president,1,organisation_entry_officer_list,resolved,380,https://gallica.bnf.fr/ark:/12148/bpt6k5505300s/f404.item
NAME:LEMOINE,L1912-02442,affiliation,secretary,1,organisation_entry_officer_list,unmatched,380,https://gallica.bnf.fr/ark:/12148/bpt6k5505300s/f404.item
NAME:LAVAU,L1912-02442,affiliation,member,1,organisation_entry_officer_list,unmatched,380,https://gallica.bnf.fr/ark:/12148/bpt6k5505300s/f404.item
NAME:GROSDEMANGE,L1912-02442,affiliation,member,1,organisation_entry_officer_list,unmatched,380,https://gallica.bnf.fr/ark:/12148/bpt6k5505300s/f404.item
NAME:LARCLEL,L1912-02442,affiliation,member,1,organisation_entry_officer_list,unmatched,380,https://gallica.bnf.fr/ark:/12148/bpt6k5505300s/f404.item
L1912-00309,L1912-02443,affiliation,member,1,organisation_entry_officer_list,resolved_fuzzy,380,https://gallica.bnf.fr/ark:/12148/bpt6k5505300s/f404.item
L1912-00066,L1912-02443,affiliation,member,1,organisation_entry_officer_list,resolved,380,https://gallica.bnf.fr/ark:/12148/bpt6k5505300s/f404.item
NAME:RESIDENT,L1912-02443,affiliation,member,1,organisation_entry_officer_list,unmatched,380,https://gallica.bnf.fr/ark:/12148/bpt6k5505300s/f404.item
NAME:ROY,L1912-02443,affiliation,honorary_vice_president,1,organisation_entry_officer_list,unmatched,380,https://gallica.bnf.fr/ark:/12148/bpt6k5505300s/f404.item
L1912-00176,L1912-02443,affiliation,board_member,1,organisation_entry_officer_list,resolved,380,https://gallica.bnf.fr/ark:/12148/bpt6k5505300s/f404.item
NAME:L VUARNET,L1912-02443,affiliation,vice_president,1,organisation_entry_officer_list,unmatched,380,https://gallica.bnf.fr/ark:/12148/bpt6k5505300s/f404.item
L1912-00176,L1912-02443,affiliation,deputy_secretary,1,organisation_entry_officer_list,resolved,380,https://gallica.bnf.fr/ark:/12148/bpt6k5505300s/f404.item
NAME:B WALDISPUL,L1912-02443,affiliation,councillor,1,organisation_entry_officer_list,unmatched,380,https://gallica.bnf.fr/ark:/12148/bpt6k5505300s/f404.item
NAME:MONTAGNOUX,L1912-02443,affiliation,councillor,1,organisation_entry_officer_list,unmatched,380,https://gallica.bnf.fr/ark:/12148/bpt6k5505300s/f404.item
NAME:I IEUSCH,L1912-02443,affiliation,councillor,1,organisation_entry_officer_list,unmatched,380,https://gallica.bnf.fr/ark:/12148/bpt6k5505300s/f404.item
NAME:TROUS I,L1912-02443,affiliation,councillor,1,organisation_entry_officer_list,unmatched,380,https://gallica.bnf.fr/ark:/12148/bpt6k5505300s/f404.item
NAME:LAVIT,L1912-02443,affiliation,councillor,1,organisation_entry_officer_list,unmatched,380,https://gallica.bnf.fr/ark:/12148/bpt6k5505300s/f404.item
NAME:ELOPHE,L1912-02443,affiliation,councillor,1,organisation_entry_officer_list,unmatched,380,https://gallica.bnf.fr/ark:/12148/bpt6k5505300s/f404.item
L1912-02153,L1912-02443,affiliation,councillor,1,organisation_entry_officer_list,resolved_fuzzy,380,https://gallica.bnf.fr/ark:/12148/bpt6k5505300s/f404.item
NAME:TUOR,L1912-02443,affiliation,president,1,organisation_entry_officer_list,unmatched,380,https://gallica.bnf.fr/ark:/12148/bpt6k5505300s/f404.item
NAME:DEVELOPPEMENT,L1912-02473,affiliation,member,1,organisation_entry_officer_list,unmatched,385,https://gallica.bnf.fr/ark:/12148/bpt6k5505300s/f409.item
NAME:LAGARDE,L1912-02473,affiliation,secretary,1,organisation_entry_officer_list,unmatched,385,https://gallica.bnf.fr/ark:/12148/bpt6k5505300s/f409.item
NAME:TRIBEAUDOT,L1912-02473,affiliation,president,1,organisation_entry_officer_list,unmatched,385,https://gallica.bnf.fr/ark:/12148/bpt6k5505300s/f409.item
NAME:DEVELOPPER,L1912-02474,affiliation,member,1,organisation_entry_officer_list,unmatched,385,https://gallica.bnf.fr/ark:/12148/bpt6k5505300s/f409.item
NAME:TRONCHORE,L1912-02474,affiliation,vice_president,1,organisation_entry_officer_list,unmatched,385,https://gallica.bnf.fr/ark:/12148/bpt6k5505300s/f409.item
L1912-01570,L1912-02474,affiliation,vice_president,1,organisation_entry_officer_list,resolved_fuzzy,385,https://gallica.bnf.fr/ark:/12148/bpt6k5505300s/f409.item
NAME:BEAUVAIS,L1912-02474,affiliation,secretary,1,organisation_entry_officer_list,unmatched,385,https://gallica.bnf.fr/ark:/12148/bpt6k5505300s/f409.item
NAME:DUFETEL,L1912-02474,affiliation,president,1,organisation_entry_officer_list,unmatched,385,https://gallica.bnf.fr/ark:/12148/bpt6k5505300s/f409.item
NAME:BONAVITA,L1912-02474,affiliation,president,1,organisation_entry_officer_list,unmatched,385,https://gallica.bnf.fr/ark:/12148/bpt6k5505300s/f409.item
NAME:JOMIER,L1912-02474,affiliation,president,1,organisation_entry_officer_list,unmatched,385,https://gallica.bnf.fr/ark:/12148/bpt6k5505300s/f409.item
L1912-00965,L1912-02494,affiliation,president,1,organisation_entry_officer_list,resolved,388,https://gallica.bnf.fr/ark:/12148/bpt6k5505300s/f412.item
L1912-00347,L1912-02494,affiliation,vice_president,1,organisation_entry_officer_list,resolved,388,https://gallica.bnf.fr/ark:/12148/bpt6k5505300s/f412.item
NAME:COAN,L1912-02494,affiliation,assessor,1,organisation_entry_officer_list,unmatched,388,https://gallica.bnf.fr/ark:/12148/bpt6k5505300s/f412.item
NAME:MONROZIER,L1912-02494,affiliation,assessor,1,organisation_entry_officer_list,unmatched,388,https://gallica.bnf.fr/ark:/12148/bpt6k5505300s/f412.item
NAME:KIEN EMILE,L1912-02494,affiliation,president,1,organisation_entry_officer_list,unmatched,388,https://gallica.bnf.fr/ark:/12148/bpt6k5505300s/f412.item
L1912-01581,L1912-02495,affiliation,president,1,organisation_entry_officer_list,resolved,388,https://gallica.bnf.fr/ark:/12148/bpt6k5505300s/f412.item
L1912-00449,L1912-02495,affiliation,vice_president,1,organisation_entry_officer_list,resolved_fuzzy,388,https://gallica.bnf.fr/ark:/12148/bpt6k5505300s/f412.item
L1912-00096,L1912-02495,affiliation,secretary_general,1,organisation_entry_officer_list,resolved,388,https://gallica.bnf.fr/ark:/12148/bpt6k5505300s/f412.item
NAME:CAUWEL,L1912-02495,affiliation,secretary,1,organisation_entry_officer_list,unmatched,388,https://gallica.bnf.fr/ark:/12148/bpt6k5505300s/f412.item
NAME:LECORE CARPENLIER,L1912-02495,affiliation,honorary_president,1,organisation_entry_officer_list,unmatched,388,https://gallica.bnf.fr/ark:/12148/bpt6k5505300s/f412.item
L1912-01925,L1912-02495,affiliation,president,1,organisation_entry_officer_list,resolved,388,https://gallica.bnf.fr/ark:/12148/bpt6k5505300s/f412.item
NAME:LECORECARPENLIER,L1912-02495,affiliation,president,1,organisation_entry_officer_list,unmatched,388,https://gallica.bnf.fr/ark:/12148/bpt6k5505300s/f412.item
L1912-00405,L1912-02603,affiliation,president,1,organisation_entry_officer_list,resolved,409,https://gallica.bnf.fr/ark:/12148/bpt6k5505300s/f433.item
L1912-02109,L1912-02603,affiliation,vice_president,1,organisation_entry_officer_list,resolved,409,https://gallica.bnf.fr/ark:/12148/bpt6k5505300s/f433.item
L1912-00174,L1912-02612,affiliation,president,1,organisation_entry_officer_list,resolved,414,https://gallica.bnf.fr/ark:/12148/bpt6k5505300s/f438.item
NAME:FELIX,L1912-02612,affiliation,vice_president,1,organisation_entry_officer_list,unmatched,414,https://gallica.bnf.fr/ark:/12148/bpt6k5505300s/f438.item
NAME:BAZERQUE,L1912-02612,affiliation,secretary,1,organisation_entry_officer_list,unmatched,414,https://gallica.bnf.fr/ark:/12148/bpt6k5505300s/f438.item
L1912-00006,ORG:institut de carthage et la societe de geographie commerciale de paris,affiliation,member,1,person_entry_statement,resolved,1,https://gallica.bnf.fr/ark:/12148/bpt6k5505300s/f25.item
L1912-00006,ORG:societe astronomique de france,affiliation,member,1,person_entry_statement,resolved,1,https://gallica.bnf.fr/ark:/12148/bpt6k5505300s/f25.item
L1912-00008,ORG:chambre des avocats defenseurs de tunis,affiliation,secretary,1,person_entry_statement,resolved,1,https://gallica.bnf.fr/ark:/12148/bpt6k5505300s/f25.item
L1912-00010,ORG:societe dante alighieri,affiliation,member,1,person_entry_statement,resolved,1,https://gallica.bnf.fr/ark:/12148/bpt6k5505300s/f25.item
L1912-00010,ORG:societe de geographie italienne de rome,affiliation,member,1,person_entry_statement,resolved,1,https://gallica.bnf.fr/ark:/12148/bpt6k5505300s/f25.item
L1912-00010,L1912-02424,affiliation,member,1,person_entry_statement,resolved,1,https://gallica.bnf.fr/ark:/12148/bpt6k5505300s/f25.item
L1912-00010,ORG:chambre de commerce italienne et de la stella d ifalia,affiliation,member,1,person_entry_statement,resolved,1,https://gallica.bnf.fr/ark:/12148/bpt6k5505300s/f25.item
L1912-00011,ORG:commission scolaire de sousse,affiliation,member,1,person_entry_statement,resolved,2,https://gallica.bnf.fr/ark:/12148/bpt6k5505300s/f26.item
L1912-00011,ORG:commission d examens pour les diplomes d arabe et l emploi d interprete,affiliation,member,1,person_entry_statement,resolved,2,https://gallica.bnf.fr/ark:/12148/bpt6k5505300s/f26.item
L1912-00034,ORG:societe de bienfaisance musulmane de sousse,affiliation,president,1,person_entry_statement,resolved,5,https://gallica.bnf.fr/ark:/12148/bpt6k5505300s/f29.item
L1912-00035,ORG:harmonie kairouannaise,affiliation,president,1,person_entry_statement,resolved,5,https://gallica.bnf.fr/ark:/12148/bpt6k5505300s/f29.item
L1912-00035,ORG:societe sportive,affiliation,president,1,person_entry_statement,resolved,5,https://gallica.bnf.fr/ark:/12148/bpt6k5505300s/f29.item
L1912-00035,ORG:cercle francais,affiliation,treasurer,1,person_entry_statement,resolved,5,https://gallica.bnf.fr/ark:/12148/bpt6k5505300s/f29.item
L1912-00035,ORG:comite de la foire de kairouan,affiliation,president,1,person_entry_statement,resolved,5,https://gallica.bnf.fr/ark:/12148/bpt6k5505300s/f29.item
L1912-00067,L1912-00548,affiliation,vice_president,1,person_entry_statement,resolved,7,https://gallica.bnf.fr/ark:/12148/bpt6k5505300s/f31.item
L1912-00067,ORG:union des services financiers a gabes,affiliation,vice_president,1,person_entry_statement,resolved,7,https://gallica.bnf.fr/ark:/12148/bpt6k5505300s/f31.item
L1912-00071,ORG:association amicale du personnel des postes et telegraphes,affiliation,president,1,person_entry_statement,resolved,7,https://gallica.bnf.fr/ark:/12148/bpt6k5505300s/f31.item
L1912-00074,ORG:municipalite cle bizerte,affiliation,vice_president,1,person_entry_statement,resolved,8,https://gallica.bnf.fr/ark:/12148/bpt6k5505300s/f32.item
L1912-00081,ORG:comite regional de l amicale de l enseignement primaire,affiliation,president,1,person_entry_statement,resolved,9,https://gallica.bnf.fr/ark:/12148/bpt6k5505300s/f33.item
L1912-00081,ORG:cercle sousslen de la ligue de l enseignement,affiliation,treasurer,1,person_entry_statement,resolved,9,https://gallica.bnf.fr/ark:/12148/bpt6k5505300s/f33.item
L1912-00083,ORG:laboratoire de biologie marine de sfax,affiliation,director,1,person_entry_statement,resolved,9,https://gallica.bnf.fr/ark:/12148/bpt6k5505300s/f33.item
L1912-00083,ORG:institut de carthage et la societe de geographie commerciale de paris,affiliation,member,1,person_entry_statement,resolved,9,https://gallica.bnf.fr/ark:/12148/bpt6k5505300s/f33.item
L1912-00083,ORG:gouvernement tunisien pour la justice,affiliation,secretary_general,1,person_entry_statement,resolved,9,https://gallica.bnf.fr/ark:/12148/bpt6k5505300s/f33.item
L1912-00083,ORG:municipalite,affiliation,president,1,person_entry_statement,resolved,9,https://gallica.bnf.fr/ark:/12148/bpt6k5505300s/f33.item
L1912-00083,ORG:tribunal de premiere instance,affiliation,president,1,person_entry_statement,resolved,9,https://gallica.bnf.fr/ark:/12148/bpt6k5505300s/f33.item
L1912-00083,ORG:liste civile de s,affiliation,director,1,person_entry_statement,resolved,9,https://gallica.bnf.fr/ark:/12148/bpt6k5505300s/f33.item
L1912-00083,L1912-00721,affiliation,member,1,person_entry_statement,resolved,9,https://gallica.bnf.fr/ark:/12148/bpt6k5505300s/f33.item
L1912-00089,ORG:societe francaise de bienfaisance,affiliation,president,1,person_entry_statement,resolved,11,https://gallica.bnf.fr/ark:/12148/bpt6k5505300s/f35.item
L1912-00094,ORG:societe filodrnmatique,affiliation,president,1,person_entry_statement,resolved,11,https://gallica.bnf.fr/ark:/12148/bpt6k5505300s/f35.item
L1912-00099,ORG:societe musulmane de bienfaisance a bizerte,affiliation,vice_president,1,person_entry_statement,resolved,12,https://gallica.bnf.fr/ark:/12148/bpt6k5505300s/f36.item
L1912-00104,ORG:ecole francaise de rome,affiliation,member,1,person_entry_statement,resolved,12,https://gallica.bnf.fr/ark:/12148/bpt6k5505300s/f36.item
L1912-00105,ORG:tribunal mixte a tunis,affiliation,vice_president,1,person_entry_statement,resolved,14,https://gallica.bnf.fr/ark:/12148/bpt6k5505300s/f38.item
L1912-00120,L1912-00146,affiliation,honorary_president,1,person_entry_statement,resolved,26,https://gallica.bnf.fr/ark:/12148/bpt6k5505300s/f50.item
L1912-00129,ORG:municipalite cle bizerte,affiliation,delegate,1,person_entry_statement,resolved,31,https://gallica.bnf.fr/ark:/12148/bpt6k5505300s/f55.item
L1912-00130,L1912-00721,affiliation,member,1,person_entry_statement,resolved,31,https://gallica.bnf.fr/ark:/12148/bpt6k5505300s/f55.item
L1912-00130,ORG:association francaise de chirurgie,affiliation,founder,1,person_entry_statement,resolved,31,https://gallica.bnf.fr/ark:/12148/bpt6k5505300s/f55.item
L1912-00134,ORG:comites de socieles diverses,affiliation,member,1,person_entry_statement,resolved,32,https://gallica.bnf.fr/ark:/12148/bpt6k5505300s/f56.item
L1912-00171,L1912-00721,affiliation,member,1,person_entry_statement,resolved,39,https://gallica.bnf.fr/ark:/12148/bpt6k5505300s/f63.item
L1912-00172,L1912-00581,affiliation,president,1,person_entry_statement,resolved,40,https://gallica.bnf.fr/ark:/12148/bpt6k5505300s/f64.item
L1912-00172,ORG:comite d hivernage de tunis et cle la tunisie,affiliation,vice_president,1,person_entry_statement,resolved,40,https://gallica.bnf.fr/ark:/12148/bpt6k5505300s/f64.item
L1912-00172,ORG:compagnie des thermes et clu domaine de korbous,affiliation,director,1,person_entry_statement,resolved,40,https://gallica.bnf.fr/ark:/12148/bpt6k5505300s/f64.item
L1912-00172,ORG:compagnie des phosphates a ain taga et bou gamouche,affiliation,president,1,person_entry_statement,resolved,40,https://gallica.bnf.fr/ark:/12148/bpt6k5505300s/f64.item
L1912-00173,ORG:section tunisienne de la ligue des droits de l homme et du citoyen,affiliation,member,1,person_entry_statement,resolved,40,https://gallica.bnf.fr/ark:/12148/bpt6k5505300s/f64.item
L1912-00178,ORG:association amicale des anciens eleves du college alaoui cle tunis,affiliation,president,1,person_entry_statement,resolved,40,https://gallica.bnf.fr/ark:/12148/bpt6k5505300s/f64.item
L1912-00186,ORG:sainthubert club,affiliation,member,1,person_entry_statement,resolved,41,https://gallica.bnf.fr/ark:/12148/bpt6k5505300s/f65.item
L1912-00191,ORG:chambre de commerce do tunis,affiliation,president,1,person_entry_statement,resolved,42,https://gallica.bnf.fr/ark:/12148/bpt6k5505300s/f66.item
L1912-00191,ORG:compagnie du port,affiliation,delegate,1,person_entry_statement,resolved,42,https://gallica.bnf.fr/ark:/12148/bpt6k5505300s/f66.item
L1912-00191,ORG:municipalite,affiliation,vice_president,1,person_entry_statement,resolved,42,https://gallica.bnf.fr/ark:/12148/bpt6k5505300s/f66.item
L1912-00193,ORG:fernie ecole de djedeida,affiliation,director,1,person_entry_statement,resolved,43,https://gallica.bnf.fr/ark:/12148/bpt6k5505300s/f67.item
L1912-00207,ORG:conseil de perfectionnement du college sadiki,affiliation,member,1,person_entry_statement,resolved,45,https://gallica.bnf.fr/ark:/12148/bpt6k5505300s/f69.item
L1912-00207,ORG:comite de la khaldounia,affiliation,member,1,person_entry_statement,resolved,45,https://gallica.bnf.fr/ark:/12148/bpt6k5505300s/f69.item
L1912-00207,ORG:association amicale des anciens eleves du college alaoui cle tunis,affiliation,treasurer,1,person_entry_statement,resolved,45,https://gallica.bnf.fr/ark:/12148/bpt6k5505300s/f69.item
L1912-00217,ORG:assistance mutuefle entre les fonctionnaires cle l enseignement cle,affiliation,treasurer,1,person_entry_statement,resolved,46,https://gallica.bnf.fr/ark:/12148/bpt6k5505300s/f70.item
L1912-00217,ORG:comite local cle l orphelinat de l enseignement primaire,affiliation,president,1,person_entry_statement,resolved,46,https://gallica.bnf.fr/ark:/12148/bpt6k5505300s/f70.item
L1912-00228,ORG:societe de gymnastique,affiliation,president,1,person_entry_statement,resolved,48,https://gallica.bnf.fr/ark:/12148/bpt6k5505300s/f72.item
L1912-00228,L1912-00582,affiliation,member,1,person_entry_statement,resolved,48,https://gallica.bnf.fr/ark:/12148/bpt6k5505300s/f72.item
L1912-00229,ORG:materiel et de la construction an sous secretariat des postes et telegr,affiliation,director,1,person_entry_statement,resolved,48,https://gallica.bnf.fr/ark:/12148/bpt6k5505300s/f72.item
L1912-00231,L1912-00721,affiliation,member,1,person_entry_statement,resolved,48,https://gallica.bnf.fr/ark:/12148/bpt6k5505300s/f72.item
L1912-00231,ORG:chambre mixte du sud,affiliation,member,1,person_entry_statement,resolved,48,https://gallica.bnf.fr/ark:/12148/bpt6k5505300s/f72.item
L1912-00235,ORG:parquet a tunis,affiliation,secretary,1,person_entry_statement,resolved,49,https://gallica.bnf.fr/ark:/12148/bpt6k5505300s/f73.item
L1912-00238,ORG:conseil du proletaire prevoyant a tunis,affiliation,member,1,person_entry_statement,resolved,49,https://gallica.bnf.fr/ark:/12148/bpt6k5505300s/f73.item
L1912-00238,ORG:commission de voirie a thala,affiliation,member,1,person_entry_statement,resolved,49,https://gallica.bnf.fr/ark:/12148/bpt6k5505300s/f73.item
L1912-00239,ORG:conseil d administraton du syndicat professionnel des hommes d affaires,affiliation,member,1,person_entry_statement,resolved,49,https://gallica.bnf.fr/ark:/12148/bpt6k5505300s/f73.item
L1912-00247,ORG:sanle et de l hygiene publique de la regence de tunis,affiliation,director,1,person_entry_statement,resolved,50,https://gallica.bnf.fr/ark:/12148/bpt6k5505300s/f74.item
L1912-00248,ORG:administration des forets d oliviers du nord de la regence,affiliation,director,1,person_entry_statement,resolved,50,https://gallica.bnf.fr/ark:/12148/bpt6k5505300s/f74.item
L1912-00259,ORG:ligue de l enseignement,affiliation,secretary_general,1,person_entry_statement,resolved,51,https://gallica.bnf.fr/ark:/12148/bpt6k5505300s/f75.item
L1912-00267,ORG:gouvernement pres la caisse de bienfaisance israelite,affiliation,member,1,person_entry_statement,resolved,52,https://gallica.bnf.fr/ark:/12148/bpt6k5505300s/f76.item
L1912-00271,ORG:conseil d administration de la societe israelite de secours matrimoniau,affiliation,member,1,person_entry_statement,resolved,53,https://gallica.bnf.fr/ark:/12148/bpt6k5505300s/f77.item
L1912-00274,ORG:conference consultative de 1s94 a 1905,affiliation,member,1,person_entry_statement,resolved,53,https://gallica.bnf.fr/ark:/12148/bpt6k5505300s/f77.item
L1912-00274,ORG:societe d exploitation des phosphates cle kalaa djerda,affiliation,founder,1,person_entry_statement,resolved,53,https://gallica.bnf.fr/ark:/12148/bpt6k5505300s/f77.item
L1912-00281,ORG:amicale de l eniseignement primaire,affiliation,secretary,1,person_entry_statement,resolved,53,https://gallica.bnf.fr/ark:/12148/bpt6k5505300s/f77.item
L1912-00281,ORG:societe,affiliation,president,1,person_entry_statement,resolved,53,https://gallica.bnf.fr/ark:/12148/bpt6k5505300s/f77.item
L1912-00306,ORG:conseil d administration de la societe de bienfaisance italienne de m u,affiliation,vice_president,1,person_entry_statement,resolved,55,https://gallica.bnf.fr/ark:/12148/bpt6k5505300s/f79.item
L1912-00307,ORG:societe de gymnastique,affiliation,vice_president,1,person_entry_statement,resolved,55,https://gallica.bnf.fr/ark:/12148/bpt6k5505300s/f79.item
L1912-00307,ORG:societe des anciens eleves des ecoles italiennes de tunis,affiliation,vice_president,1,person_entry_statement,resolved,55,https://gallica.bnf.fr/ark:/12148/bpt6k5505300s/f79.item
L1912-00308,ORG:comite local cle l orphelinat de l enseignement primaire,affiliation,president,1,person_entry_statement,resolved,56,https://gallica.bnf.fr/ark:/12148/bpt6k5505300s/f80.item
L1912-00309,ORG:services judiciaires au gouvernement tunisien,affiliation,director,1,person_entry_statement,resolved,56,https://gallica.bnf.fr/ark:/12148/bpt6k5505300s/f80.item
L1912-00309,ORG:tribunal mixte a tunis,affiliation,president,1,person_entry_statement,resolved,56,https://gallica.bnf.fr/ark:/12148/bpt6k5505300s/f80.item
L1912-00309,ORG:tribunal de tunis,affiliation,president,1,person_entry_statement,resolved,56,https://gallica.bnf.fr/ark:/12148/bpt6k5505300s/f80.item
L1912-00309,ORG:alliance francaise a tunis,affiliation,president,1,person_entry_statement,resolved,56,https://gallica.bnf.fr/ark:/12148/bpt6k5505300s/f80.item
L1912-00311,ORG:amical des travaux publics,affiliation,vice_president,1,person_entry_statement,resolved,56,https://gallica.bnf.fr/ark:/12148/bpt6k5505300s/f80.item
L1912-00311,ORG:comite tunisien cle la ligue maritime francaise,affiliation,member,1,person_entry_statement,resolved,56,https://gallica.bnf.fr/ark:/12148/bpt6k5505300s/f80.item
L1912-00319,ORG:laboratoire cle chimie agricole et industrielle,affiliation,director,1,person_entry_statement,resolved,57,https://gallica.bnf.fr/ark:/12148/bpt6k5505300s/f81.item
L1912-00319,L1912-00149,affiliation,president,1,person_entry_statement,resolved,57,https://gallica.bnf.fr/ark:/12148/bpt6k5505300s/f81.item
L1912-00319,ORG:groupe cle l afrique du nord des anciens eleves de l ecole des alines d,affiliation,president,1,person_entry_statement,resolved,57,https://gallica.bnf.fr/ark:/12148/bpt6k5505300s/f81.item
L1912-00319,ORG:cercle tunisien de la ligue de l enseignement,affiliation,president,1,person_entry_statement,resolved,57,https://gallica.bnf.fr/ark:/12148/bpt6k5505300s/f81.item
L1912-00319,ORG:societe tunisienne des habitations a bon marche,affiliation,honorary_president,1,person_entry_statement,resolved,57,https://gallica.bnf.fr/ark:/12148/bpt6k5505300s/f81.item
L1912-00319,ORG:socieles d anthropologie de paris,affiliation,member,1,person_entry_statement,resolved,57,https://gallica.bnf.fr/ark:/12148/bpt6k5505300s/f81.item
L1912-00319,L1912-01459,affiliation,honorary_president,1,person_entry_statement,resolved,57,https://gallica.bnf.fr/ark:/12148/bpt6k5505300s/f81.item
L1912-00320,ORG:cercle de alahdia de la ligue,affiliation,president,1,person_entry_statement,resolved,58,https://gallica.bnf.fr/ark:/12148/bpt6k5505300s/f82.item
L1912-00320,ORG:cercle de l union francaise et v,affiliation,vice_president,1,person_entry_statement,resolved,58,https://gallica.bnf.fr/ark:/12148/bpt6k5505300s/f82.item
L1912-00323,ORG:societe des aiefiers de constructions mecaniques de tunisie,affiliation,director,1,person_entry_statement,resolved,59,https://gallica.bnf.fr/ark:/12148/bpt6k5505300s/f83.item
L1912-00323,ORG:compagnie electrique cle bizerle,affiliation,delegate,1,person_entry_statement,resolved,59,https://gallica.bnf.fr/ark:/12148/bpt6k5505300s/f83.item
L1912-00323,ORG:societe generale electrique tunisienne,affiliation,director,1,person_entry_statement,resolved,59,https://gallica.bnf.fr/ark:/12148/bpt6k5505300s/f83.item
L1912-00323,ORG:chambre de commerce,affiliation,secretary,1,person_entry_statement,resolved,59,https://gallica.bnf.fr/ark:/12148/bpt6k5505300s/f83.item
L1912-00342,ORG:societe cle bienfaisance,affiliation,vice_president,1,person_entry_statement,resolved,61,https://gallica.bnf.fr/ark:/12148/bpt6k5505300s/f85.item
L1912-00342,ORG:ligne de l enseignement et de la ligue des droits de l homme et du cito,affiliation,vice_president,1,person_entry_statement,resolved,61,https://gallica.bnf.fr/ark:/12148/bpt6k5505300s/f85.item
L1912-00342,ORG:societe des ingenieurs coloniaux,affiliation,member,1,person_entry_statement,resolved,61,https://gallica.bnf.fr/ark:/12148/bpt6k5505300s/f85.item
L1912-00343,ORG:ligue de l enseignement,affiliation,president,1,person_entry_statement,resolved,61,https://gallica.bnf.fr/ark:/12148/bpt6k5505300s/f85.item
L1912-00347,ORG:societe francaise de l elevage cle l autruche en algerie,affiliation,director,1,person_entry_statement,resolved,62,https://gallica.bnf.fr/ark:/12148/bpt6k5505300s/f86.item
L1912-00347,ORG:bergerie nationale de moudjebeur en algerie,affiliation,director,1,person_entry_statement,resolved,62,https://gallica.bnf.fr/ark:/12148/bpt6k5505300s/f86.item
L1912-00347,L1912-00721,affiliation,member,1,person_entry_statement,resolved,62,https://gallica.bnf.fr/ark:/12148/bpt6k5505300s/f86.item
L1912-00347,ORG:chambre d agriculture,affiliation,member,1,person_entry_statement,resolved,62,https://gallica.bnf.fr/ark:/12148/bpt6k5505300s/f86.item
L1912-00347,ORG:syndicat des viticulteurs,affiliation,vice_president,1,person_entry_statement,resolved,62,https://gallica.bnf.fr/ark:/12148/bpt6k5505300s/f86.item
L1912-00347,L1912-00141,affiliation,vice_president,1,person_entry_statement,resolved,62,https://gallica.bnf.fr/ark:/12148/bpt6k5505300s/f86.item
L1912-00347,ORG:caisse regionale de creditmutuel agricole,affiliation,director,1,person_entry_statement,resolved,62,https://gallica.bnf.fr/ark:/12148/bpt6k5505300s/f86.item
L1912-00347,ORG:conseil d administration de la caisse regionale de credit mutuel agrico,affiliation,president,1,person_entry_statement,resolved,62,https://gallica.bnf.fr/ark:/12148/bpt6k5505300s/f86.item
L1912-00366,ORG:conseil,affiliation,president,1,person_entry_statement,resolved,65,https://gallica.bnf.fr/ark:/12148/bpt6k5505300s/f89.item
L1912-00366,ORG:etat a l interieur,affiliation,secretary,1,person_entry_statement,resolved,65,https://gallica.bnf.fr/ark:/12148/bpt6k5505300s/f89.item
L1912-00367,ORG:direction des antiquites et arts,affiliation,director,1,person_entry_statement,resolved,65,https://gallica.bnf.fr/ark:/12148/bpt6k5505300s/f89.item
L1912-00380,ORG:comite cle la societe israelite d assistance fraternelle,affiliation,member,1,person_entry_statement,resolved,67,https://gallica.bnf.fr/ark:/12148/bpt6k5505300s/f91.item
L1912-00381,ORG:ecole pratique cle commerce cle punis,affiliation,director,1,person_entry_statement,resolved,67,https://gallica.bnf.fr/ark:/12148/bpt6k5505300s/f91.item
L1912-00381,ORG:societe academique de comptabilite cle paris,affiliation,delegate,1,person_entry_statement,resolved,67,https://gallica.bnf.fr/ark:/12148/bpt6k5505300s/f91.item
L1912-00381,ORG:societe philotechnique cle paris,affiliation,delegate,1,person_entry_statement,resolved,67,https://gallica.bnf.fr/ark:/12148/bpt6k5505300s/f91.item
L1912-00381,ORG:ligue francaise cle l enseignement,affiliation,member,1,person_entry_statement,resolved,67,https://gallica.bnf.fr/ark:/12148/bpt6k5505300s/f91.item
L1912-00385,ORG:tribunal civil de sousse,affiliation,president,1,person_entry_statement,resolved,68,https://gallica.bnf.fr/ark:/12148/bpt6k5505300s/f92.item
L1912-00389,ORG:socieles de gymnastique,affiliation,director,1,person_entry_statement,resolved,68,https://gallica.bnf.fr/ark:/12148/bpt6k5505300s/f92.item
L1912-00404,ORG:chambre mixte,affiliation,president,1,person_entry_statement,resolved,69,https://gallica.bnf.fr/ark:/12148/bpt6k5505300s/f93.item
L1912-00405,ORG:societe fraternelle des anciens sous officiers cies armees cle terre,affiliation,vice_president,1,person_entry_statement,resolved,70,https://gallica.bnf.fr/ark:/12148/bpt6k5505300s/f94.item
L1912-00415,ORG:societe,affiliation,president,1,person_entry_statement,resolved,71,https://gallica.bnf.fr/ark:/12148/bpt6k5505300s/f95.item
L1912-00415,ORG:comite de la colonie agricole indigene d el ansarine,affiliation,member,1,person_entry_statement,resolved,71,https://gallica.bnf.fr/ark:/12148/bpt6k5505300s/f95.item
L1912-00416,ORG:bibliotheque des sous officiers au 4 tirailleurs,affiliation,president,1,person_entry_statement,resolved,71,https://gallica.bnf.fr/ark:/12148/bpt6k5505300s/f95.item
L1912-00424,L1912-00556,affiliation,vice_president,1,person_entry_statement,resolved,72,https://gallica.bnf.fr/ark:/12148/bpt6k5505300s/f96.item
L1912-00430,ORG:syndical des representants i cle commerce francais,affiliation,vice_president,1,person_entry_statement,resolved,72,https://gallica.bnf.fr/ark:/12148/bpt6k5505300s/f96.item
L1912-00432,L1912-00721,affiliation,member,1,person_entry_statement,resolved,73,https://gallica.bnf.fr/ark:/12148/bpt6k5505300s/f97.item
L1912-00432,ORG:conseil d administration de diverses socieles locales,affiliation,member,1,person_entry_statement,resolved,73,https://gallica.bnf.fr/ark:/12148/bpt6k5505300s/f97.item
L1912-00442,ORG:societe d apiculture,affiliation,member,1,person_entry_statement,resolved,74,https://gallica.bnf.fr/ark:/12148/bpt6k5505300s/f98.item
L1912-00444,ORG:societe chorale,affiliation,founder,1,person_entry_statement,resolved,74,https://gallica.bnf.fr/ark:/12148/bpt6k5505300s/f98.item
L1912-00444,ORG:societe des auteurs et compositeurs dramatiques,affiliation,member,1,person_entry_statement,resolved,74,https://gallica.bnf.fr/ark:/12148/bpt6k5505300s/f98.item
L1912-00453,ORG:union des femmes de france,affiliation,secretary_general,1,person_entry_statement,resolved,75,https://gallica.bnf.fr/ark:/12148/bpt6k5505300s/f99.item
L1912-00453,ORG:conseil d hygiene,affiliation,member,1,person_entry_statement,resolved,75,https://gallica.bnf.fr/ark:/12148/bpt6k5505300s/f99.item
L1912-00453,ORG:societe d anatomie et de physiologie de bordeaux,affiliation,treasurer,1,person_entry_statement,resolved,75,https://gallica.bnf.fr/ark:/12148/bpt6k5505300s/f99.item
L1912-00453,ORG:societe internationale des sciences medicales de tunis,affiliation,president,1,person_entry_statement,resolved,75,https://gallica.bnf.fr/ark:/12148/bpt6k5505300s/f99.item
L1912-00453,ORG:section de beja des amis des arbres en tunisie,affiliation,president,1,person_entry_statement,resolved,75,https://gallica.bnf.fr/ark:/12148/bpt6k5505300s/f99.item
L1912-00453,ORG:comite de la societe de geographie,affiliation,member,1,person_entry_statement,resolved,75,https://gallica.bnf.fr/ark:/12148/bpt6k5505300s/f99.item
L1912-00453,ORG:societe nationale de chirurgie,affiliation,founder,1,person_entry_statement,resolved,75,https://gallica.bnf.fr/ark:/12148/bpt6k5505300s/f99.item
L1912-00457,ORG:service de sante de la division d occupation cle tunisie,affiliation,director,1,person_entry_statement,resolved,76,https://gallica.bnf.fr/ark:/12148/bpt6k5505300s/f100.item
L1912-00457,ORG:union republicaine de bab el oued,affiliation,honorary_president,1,person_entry_statement,resolved,76,https://gallica.bnf.fr/ark:/12148/bpt6k5505300s/f100.item
L1912-00457,ORG:institut,affiliation,president,1,person_entry_statement,resolved,76,https://gallica.bnf.fr/ark:/12148/bpt6k5505300s/f100.item
L1912-00458,ORG:societe civile,affiliation,vice_president,1,person_entry_statement,resolved,76,https://gallica.bnf.fr/ark:/12148/bpt6k5505300s/f100.item
L1912-00460,ORG:inlermeria italiana et chirurgien titulaire,affiliation,director,1,person_entry_statement,resolved,77,https://gallica.bnf.fr/ark:/12148/bpt6k5505300s/f101.item
L1912-00460,ORG:societe internationale de medecine,affiliation,founder,1,person_entry_statement,resolved,77,https://gallica.bnf.fr/ark:/12148/bpt6k5505300s/f101.item
L1912-00460,ORG:societe dante alighieri,affiliation,president,1,person_entry_statement,resolved,77,https://gallica.bnf.fr/ark:/12148/bpt6k5505300s/f101.item
L1912-00460,ORG:cooperativa italiana di credite,affiliation,director,1,person_entry_statement,resolved,77,https://gallica.bnf.fr/ark:/12148/bpt6k5505300s/f101.item
L1912-00462,ORG:comite de redaction de,affiliation,member,1,person_entry_statement,resolved,77,https://gallica.bnf.fr/ark:/12148/bpt6k5505300s/f101.item
L1912-00470,ORG:societe de secours mutuels des anciens militaires cle la marine,affiliation,president,1,person_entry_statement,resolved,78,https://gallica.bnf.fr/ark:/12148/bpt6k5505300s/f102.item
L1912-00470,ORG:comite des fetes donnees,affiliation,president,1,person_entry_statement,resolved,78,https://gallica.bnf.fr/ark:/12148/bpt6k5505300s/f102.item
L1912-00472,ORG:ministere de l instruction publique aux expositions cle chicago,affiliation,delegate,1,person_entry_statement,resolved,78,https://gallica.bnf.fr/ark:/12148/bpt6k5505300s/f102.item
L1912-00472,ORG:institut de carthage et la societe de geographie commerciale de paris,affiliation,vice_president,1,person_entry_statement,resolved,78,https://gallica.bnf.fr/ark:/12148/bpt6k5505300s/f102.item
L1912-00473,ORG:comite sfaxien de l alliance francaise,affiliation,president,1,person_entry_statement,resolved,79,https://gallica.bnf.fr/ark:/12148/bpt6k5505300s/f103.item
L1912-00473,ORG:comite cle patronage de la bibliotheque populaire,affiliation,secretary,1,person_entry_statement,resolved,79,https://gallica.bnf.fr/ark:/12148/bpt6k5505300s/f103.item
L1912-00473,ORG:societe d archeologie et des beaux arts de sfax,affiliation,secretary_general,1,person_entry_statement,resolved,79,https://gallica.bnf.fr/ark:/12148/bpt6k5505300s/f103.item
L1912-00473,ORG:societe francaise de bienfaisance cle sfax,affiliation,founder,1,person_entry_statement,resolved,79,https://gallica.bnf.fr/ark:/12148/bpt6k5505300s/f103.item
L1912-00473,L1912-01459,affiliation,founder,1,person_entry_statement,resolved,79,https://gallica.bnf.fr/ark:/12148/bpt6k5505300s/f103.item
L1912-00475,ORG:alines cle garsa mellnoui,affiliation,director,1,person_entry_statement,resolved,79,https://gallica.bnf.fr/ark:/12148/bpt6k5505300s/f103.item
L1912-00475,L1912-00721,affiliation,member,1,person_entry_statement,resolved,79,https://gallica.bnf.fr/ark:/12148/bpt6k5505300s/f103.item
L1912-00477,ORG:societe internationale des sciences medicales de tunis,affiliation,president,1,person_entry_statement,resolved,80,https://gallica.bnf.fr/ark:/12148/bpt6k5505300s/f104.item
L1912-00477,ORG:conseil d administration de l hopital garibaldi,affiliation,member,1,person_entry_statement,resolved,80,https://gallica.bnf.fr/ark:/12148/bpt6k5505300s/f104.item
L1912-00477,ORG:societe magistrale italienne,affiliation,president,1,person_entry_statement,resolved,80,https://gallica.bnf.fr/ark:/12148/bpt6k5505300s/f104.item
L1912-00478,ORG:chambre de commerce bntanique ue lumsie a sa creation,affiliation,president,1,person_entry_statement,resolved,80,https://gallica.bnf.fr/ark:/12148/bpt6k5505300s/f104.item
L1912-00479,ORG:ligue de l enseignement,affiliation,president,1,person_entry_statement,resolved,81,https://gallica.bnf.fr/ark:/12148/bpt6k5505300s/f105.item
L1912-00489,ORG:societe des courses de soukel arba,affiliation,president,1,person_entry_statement,resolved,84,https://gallica.bnf.fr/ark:/12148/bpt6k5505300s/f108.item
L1912-00494,ORG:societe dante alighieri,affiliation,councillor,1,person_entry_statement,resolved,86,https://gallica.bnf.fr/ark:/12148/bpt6k5505300s/f110.item
L1912-00504,L1912-01459,affiliation,member,1,person_entry_statement,resolved,87,https://gallica.bnf.fr/ark:/12148/bpt6k5505300s/f111.item
L1912-00504,ORG:societe,affiliation,president,1,person_entry_statement,resolved,87,https://gallica.bnf.fr/ark:/12148/bpt6k5505300s/f111.item
L1912-00504,ORG:ligue alaritime,affiliation,vice_president,1,person_entry_statement,resolved,87,https://gallica.bnf.fr/ark:/12148/bpt6k5505300s/f111.item
L1912-00507,ORG:chambre alixte de commerce et d agriculture du centre,affiliation,secretary,1,person_entry_statement,resolved,87,https://gallica.bnf.fr/ark:/12148/bpt6k5505300s/f111.item
L1912-00516,ORG:services administratifs parisiens clu journal,affiliation,director,1,person_entry_statement,resolved,89,https://gallica.bnf.fr/ark:/12148/bpt6k5505300s/f113.item
L1912-00518,ORG:chambre des defenseurs de tunis,affiliation,secretary,1,person_entry_statement,resolved,89,https://gallica.bnf.fr/ark:/12148/bpt6k5505300s/f113.item
L1912-00518,ORG:conseil de surveillance cle l hopital israelite de tunis et de l associ,affiliation,vice_president,1,person_entry_statement,resolved,89,https://gallica.bnf.fr/ark:/12148/bpt6k5505300s/f113.item
L1912-00518,ORG:societe des courses,affiliation,vice_president,1,person_entry_statement,resolved,89,https://gallica.bnf.fr/ark:/12148/bpt6k5505300s/f113.item
L1912-00519,ORG:societe italienne des militaires eh congede 1899 a 1902,affiliation,president,1,person_entry_statement,resolved,90,https://gallica.bnf.fr/ark:/12148/bpt6k5505300s/f114.item
L1912-00519,ORG:conseil d administration de la societe de bienfaisance italienne de m u,affiliation,vice_president,1,person_entry_statement,resolved,90,https://gallica.bnf.fr/ark:/12148/bpt6k5505300s/f114.item
L1912-00519,ORG:conseil d administration et caissier de l hopital colonial italien,affiliation,member,1,person_entry_statement,resolved,90,https://gallica.bnf.fr/ark:/12148/bpt6k5505300s/f114.item
L1912-00519,ORG:comite des fetes de tunis,affiliation,member,1,person_entry_statement,resolved,90,https://gallica.bnf.fr/ark:/12148/bpt6k5505300s/f114.item
L1912-00524,ORG:association des colons de 1901 a 1905,affiliation,president,1,person_entry_statement,resolved,91,https://gallica.bnf.fr/ark:/12148/bpt6k5505300s/f115.item
L1912-00524,ORG:credit agricole a beja,affiliation,founder,1,person_entry_statement,resolved,91,https://gallica.bnf.fr/ark:/12148/bpt6k5505300s/f115.item
L1912-00529,ORG:institut de carthage et la societe de geographie commerciale de paris,affiliation,delegate,1,person_entry_statement,resolved,96,https://gallica.bnf.fr/ark:/12148/bpt6k5505300s/f120.item
L1912-00536,ORG:conseil de l ordre a la conference des avocats stagiaires,affiliation,member,1,person_entry_statement,resolved,97,https://gallica.bnf.fr/ark:/12148/bpt6k5505300s/f121.item
L1912-00536,ORG:conseil d administration de l ho pital israelite,affiliation,president,1,person_entry_statement,resolved,97,https://gallica.bnf.fr/ark:/12148/bpt6k5505300s/f121.item
L1912-00538,ORG:institut cle carlhage,affiliation,director,1,person_entry_statement,resolved,98,https://gallica.bnf.fr/ark:/12148/bpt6k5505300s/f122.item
L1912-00538,ORG:comite directeur de l institut de carthage,affiliation,secretary_general,1,person_entry_statement,resolved,98,https://gallica.bnf.fr/ark:/12148/bpt6k5505300s/f122.item
L1912-00538,ORG:societe,affiliation,director,1,person_entry_statement,resolved,98,https://gallica.bnf.fr/ark:/12148/bpt6k5505300s/f122.item
L1912-00540,ORG:service veterinaire cle la division d occupation,affiliation,director,1,person_entry_statement,resolved,99,https://gallica.bnf.fr/ark:/12148/bpt6k5505300s/f123.item
L1912-00542,ORG:ecoles de l alliance israelite en tunisie,affiliation,director,1,person_entry_statement,resolved,99,https://gallica.bnf.fr/ark:/12148/bpt6k5505300s/f123.item
L1912-00565,ORG:societe francaise de bienfaisance,affiliation,president,1,person_entry_statement,resolved,101,https://gallica.bnf.fr/ark:/12148/bpt6k5505300s/f125.item
L1912-00565,ORG:conseil d hygiene,affiliation,member,1,person_entry_statement,resolved,101,https://gallica.bnf.fr/ark:/12148/bpt6k5505300s/f125.item
L1912-00565,ORG:commission de verification des titres de medecin pharmacien,affiliation,member,1,person_entry_statement,resolved,101,https://gallica.bnf.fr/ark:/12148/bpt6k5505300s/f125.item
L1912-00570,ORG:comite du cercle republicain,affiliation,member,1,person_entry_statement,resolved,101,https://gallica.bnf.fr/ark:/12148/bpt6k5505300s/f125.item
L1912-00576,ORG:conseil d administration de l amicale primaire tunisienne,affiliation,member,1,person_entry_statement,resolved,102,https://gallica.bnf.fr/ark:/12148/bpt6k5505300s/f126.item
L1912-00586,ORG:conseil d administration de l amicale primaire tunisienne,affiliation,member,1,person_entry_statement,resolved,105,https://gallica.bnf.fr/ark:/12148/bpt6k5505300s/f129.item
L1912-00592,ORG:chambre de commerce et ancien conseiller municipal de tunis,affiliation,member,1,person_entry_statement,resolved,106,https://gallica.bnf.fr/ark:/12148/bpt6k5505300s/f130.item
L1912-00592,ORG:comite international de resistance,affiliation,president,1,person_entry_statement,resolved,106,https://gallica.bnf.fr/ark:/12148/bpt6k5505300s/f130.item
L1912-00596,ORG:commission des documents economiques de la revolution francaise,affiliation,member,1,person_entry_statement,resolved,107,https://gallica.bnf.fr/ark:/12148/bpt6k5505300s/f131.item
L1912-00596,ORG:comite des travaux historiques,affiliation,member,1,person_entry_statement,resolved,107,https://gallica.bnf.fr/ark:/12148/bpt6k5505300s/f131.item
L1912-00623,ORG:comite des fetes,affiliation,vice_president,1,person_entry_statement,resolved,112,https://gallica.bnf.fr/ark:/12148/bpt6k5505300s/f136.item
L1912-00623,ORG:club de gymnastique,affiliation,vice_president,1,person_entry_statement,resolved,112,https://gallica.bnf.fr/ark:/12148/bpt6k5505300s/f136.item
L1912-00633,ORG:ecole coloniale d agriculture,affiliation,director,1,person_entry_statement,resolved,113,https://gallica.bnf.fr/ark:/12148/bpt6k5505300s/f137.item
L1912-00636,ORG:comite de l assistance mutuelle tunisienne a souk el arba el a mahdia,affiliation,vice_president,1,person_entry_statement,resolved,114,https://gallica.bnf.fr/ark:/12148/bpt6k5505300s/f138.item
L1912-00637,ORG:syndicat des entrepreneurs francais,affiliation,secretary,1,person_entry_statement,resolved,114,https://gallica.bnf.fr/ark:/12148/bpt6k5505300s/f138.item
L1912-00637,ORG:office postal de tunisie,affiliation,director,1,person_entry_statement,resolved,114,https://gallica.bnf.fr/ark:/12148/bpt6k5505300s/f138.item
L1912-00638,ORG:postes et des telegraphes du departement de constantine,affiliation,director,1,person_entry_statement,resolved,114,https://gallica.bnf.fr/ark:/12148/bpt6k5505300s/f138.item
L1912-00652,L1912-00721,affiliation,member,1,person_entry_statement,resolved,116,https://gallica.bnf.fr/ark:/12148/bpt6k5505300s/f140.item
L1912-00652,L1912-00224,affiliation,auditor,1,person_entry_statement,resolved,116,https://gallica.bnf.fr/ark:/12148/bpt6k5505300s/f140.item
L1912-00653,ORG:amicale de la presse tunisienne du centre et du sud,affiliation,founder,1,person_entry_statement,resolved,116,https://gallica.bnf.fr/ark:/12148/bpt6k5505300s/f140.item
L1912-00653,ORG:comite d organisation des fetes francoitaliennes,affiliation,secretary,1,person_entry_statement,resolved,116,https://gallica.bnf.fr/ark:/12148/bpt6k5505300s/f140.item
L1912-00654,ORG:harmonie municipale et professeur aux cours de musique de la ville de s,affiliation,director,1,person_entry_statement,resolved,116,https://gallica.bnf.fr/ark:/12148/bpt6k5505300s/f140.item
L1912-00656,ORG:societe de secours mutuels des officiers residant en tunisie,affiliation,commissioner,1,person_entry_statement,resolved,116,https://gallica.bnf.fr/ark:/12148/bpt6k5505300s/f140.item
L1912-00656,ORG:comite de permanence de l union des societes de gymnastique de france,affiliation,member,1,person_entry_statement,resolved,116,https://gallica.bnf.fr/ark:/12148/bpt6k5505300s/f140.item
L1912-00656,ORG:club de gymnastique francais a tunis,affiliation,honorary_president,1,person_entry_statement,resolved,116,https://gallica.bnf.fr/ark:/12148/bpt6k5505300s/f140.item
L1912-00661,ORG:touring club,affiliation,member,1,person_entry_statement,resolved,118,https://gallica.bnf.fr/ark:/12148/bpt6k5505300s/f142.item
L1912-00665,ORG:association agricole de tunisie,affiliation,secretary_general,1,person_entry_statement,resolved,119,https://gallica.bnf.fr/ark:/12148/bpt6k5505300s/f143.item
L1912-00665,ORG:bureau du syndicat,affiliation,member,1,person_entry_statement,resolved,119,https://gallica.bnf.fr/ark:/12148/bpt6k5505300s/f143.item
L1912-00665,ORG:conseil d administration et directeur de la caisse locale de credit mut,affiliation,president,1,person_entry_statement,resolved,119,https://gallica.bnf.fr/ark:/12148/bpt6k5505300s/f143.item
L1912-00666,ORG:union des employes des services financiers,affiliation,president,1,person_entry_statement,resolved,119,https://gallica.bnf.fr/ark:/12148/bpt6k5505300s/f143.item
L1912-00666,ORG:societe,affiliation,treasurer,1,person_entry_statement,resolved,119,https://gallica.bnf.fr/ark:/12148/bpt6k5505300s/f143.item
L1912-00667,ORG:conference consultative de 1s96 a 1901,affiliation,member,1,person_entry_statement,resolved,119,https://gallica.bnf.fr/ark:/12148/bpt6k5505300s/f143.item
L1912-00672,ORG:comite ou membre des societes,affiliation,member,1,person_entry_statement,resolved,120,https://gallica.bnf.fr/ark:/12148/bpt6k5505300s/f144.item
L1912-00676,ORG:societe d archeologie du finistere,affiliation,member,1,person_entry_statement,resolved,120,https://gallica.bnf.fr/ark:/12148/bpt6k5505300s/f144.item
L1912-00681,ORG:syndicat de la presse europeenne du caire,affiliation,president,1,person_entry_statement,resolved,121,https://gallica.bnf.fr/ark:/12148/bpt6k5505300s/f145.item
L1912-00681,ORG:conseil de l association internationale d assistance publique du caire,affiliation,member,1,person_entry_statement,resolved,121,https://gallica.bnf.fr/ark:/12148/bpt6k5505300s/f145.item
L1912-00681,ORG:commerce exterieur de la france,affiliation,councillor,1,person_entry_statement,resolved,121,https://gallica.bnf.fr/ark:/12148/bpt6k5505300s/f145.item
L1912-00694,ORG:societe,affiliation,president,1,person_entry_statement,resolved,124,https://gallica.bnf.fr/ark:/12148/bpt6k5505300s/f148.item
L1912-00694,ORG:cercle de,affiliation,vice_president,1,person_entry_statement,resolved,124,https://gallica.bnf.fr/ark:/12148/bpt6k5505300s/f148.item
L1912-00699,ORG:cercle tunisois de la ligue francaise de l enseign et membre du coils,affiliation,president,1,person_entry_statement,resolved,125,https://gallica.bnf.fr/ark:/12148/bpt6k5505300s/f149.item
L1912-00699,ORG:conseil federal,affiliation,member,1,person_entry_statement,resolved,125,https://gallica.bnf.fr/ark:/12148/bpt6k5505300s/f149.item
L1912-00699,ORG:societe francaise de bienfaisance,affiliation,vice_president,1,person_entry_statement,resolved,125,https://gallica.bnf.fr/ark:/12148/bpt6k5505300s/f149.item
L1912-00699,L1912-00721,affiliation,member,1,person_entry_statement,resolved,125,https://gallica.bnf.fr/ark:/12148/bpt6k5505300s/f149.item
L1912-00699,ORG:comite carnot,affiliation,secretary,1,person_entry_statement,resolved,125,https://gallica.bnf.fr/ark:/12148/bpt6k5505300s/f149.item
L1912-00718,L1912-02403,affiliation,secretary,1,person_entry_statement,resolved,129,https://gallica.bnf.fr/ark:/12148/bpt6k5505300s/f153.item
L1912-00718,ORG:comite d organisation du congres de la ligue de 1 enseignement,affiliation,member,1,person_entry_statement,resolved,129,https://gallica.bnf.fr/ark:/12148/bpt6k5505300s/f153.item
L1912-00731,ORG:federation napolitaine et membre,affiliation,secretary,1,person_entry_statement,resolved,134,https://gallica.bnf.fr/ark:/12148/bpt6k5505300s/f158.item
L1912-00736,ORG:commission administrative,affiliation,delegate,1,person_entry_statement,resolved,135,https://gallica.bnf.fr/ark:/12148/bpt6k5505300s/f159.item
L1912-00736,ORG:municipalite de kairouan du 28 mars 1906 au 22 avril 1908,affiliation,vice_president,1,person_entry_statement,resolved,135,https://gallica.bnf.fr/ark:/12148/bpt6k5505300s/f159.item
L1912-00736,ORG:cercle de la ligue de l enseignement de kairouan,affiliation,president,1,person_entry_statement,resolved,135,https://gallica.bnf.fr/ark:/12148/bpt6k5505300s/f159.item
L1912-00736,ORG:comite regional,affiliation,member,1,person_entry_statement,resolved,135,https://gallica.bnf.fr/ark:/12148/bpt6k5505300s/f159.item
L1912-00737,ORG:conseil de l ordre a la conference des avocats stagiaires,affiliation,secretary,1,person_entry_statement,resolved,136,https://gallica.bnf.fr/ark:/12148/bpt6k5505300s/f160.item
L1912-00737,ORG:comite de la federation des cercles tunisiens et du cercle de tunis,affiliation,vice_president,1,person_entry_statement,resolved,136,https://gallica.bnf.fr/ark:/12148/bpt6k5505300s/f160.item
L1912-00739,ORG:societe de secours mutuels de la cie des sapeurs pompiers,affiliation,director,1,person_entry_statement,resolved,136,https://gallica.bnf.fr/ark:/12148/bpt6k5505300s/f160.item
L1912-00739,ORG:societe de gymnastique,affiliation,president,1,person_entry_statement,resolved,136,https://gallica.bnf.fr/ark:/12148/bpt6k5505300s/f160.item
L1912-00740,ORG:societe de l industrie minerale et de differentes socieles scientifique,affiliation,member,1,person_entry_statement,resolved,136,https://gallica.bnf.fr/ark:/12148/bpt6k5505300s/f160.item
L1912-00741,ORG:institut,affiliation,member,1,person_entry_statement,resolved,136,https://gallica.bnf.fr/ark:/12148/bpt6k5505300s/f160.item
L1912-00741,ORG:service municipal des pompes funebres,affiliation,director,1,person_entry_statement,resolved,136,https://gallica.bnf.fr/ark:/12148/bpt6k5505300s/f160.item
L1912-00741,ORG:conseil d administration du syndicat international d etudes au maroc,affiliation,president,1,person_entry_statement,resolved,136,https://gallica.bnf.fr/ark:/12148/bpt6k5505300s/f160.item
L1912-00741,L1912-00582,affiliation,vice_president,1,person_entry_statement,resolved,136,https://gallica.bnf.fr/ark:/12148/bpt6k5505300s/f160.item
L1912-00741,ORG:chambre de commerce de bizerte,affiliation,president,1,person_entry_statement,resolved,136,https://gallica.bnf.fr/ark:/12148/bpt6k5505300s/f160.item
L1912-00741,L1912-00721,affiliation,member,1,person_entry_statement,resolved,136,https://gallica.bnf.fr/ark:/12148/bpt6k5505300s/f160.item
L1912-00741,ORG:conseil superieur de l assistance publique,affiliation,member,1,person_entry_statement,resolved,136,https://gallica.bnf.fr/ark:/12148/bpt6k5505300s/f160.item
L1912-00741,ORG:chambre de commerce de bizerte,affiliation,member,1,person_entry_statement,resolved,136,https://gallica.bnf.fr/ark:/12148/bpt6k5505300s/f160.item
L1912-00741,ORG:commerce exterieur de la france,affiliation,councillor,1,person_entry_statement,resolved,136,https://gallica.bnf.fr/ark:/12148/bpt6k5505300s/f160.item
L1912-00748,ORG:amicale primaire des hautes alpes,affiliation,secretary_general,1,person_entry_statement,resolved,139,https://gallica.bnf.fr/ark:/12148/bpt6k5505300s/f163.item
L1912-00748,ORG:societe des hauts alpins en tunisie,affiliation,secretary_general,1,person_entry_statement,resolved,139,https://gallica.bnf.fr/ark:/12148/bpt6k5505300s/f163.item
L1912-00748,ORG:societe,affiliation,vice_president,1,person_entry_statement,resolved,139,https://gallica.bnf.fr/ark:/12148/bpt6k5505300s/f163.item
L1912-00752,L1912-00721,affiliation,member,1,person_entry_statement,resolved,140,https://gallica.bnf.fr/ark:/12148/bpt6k5505300s/f164.item
L1912-00752,ORG:jurj a l exposition universelle,affiliation,member,1,person_entry_statement,resolved,140,https://gallica.bnf.fr/ark:/12148/bpt6k5505300s/f164.item
L1912-00762,ORG:societe des sciencss medicales,affiliation,president,1,person_entry_statement,resolved,142,https://gallica.bnf.fr/ark:/12148/bpt6k5505300s/f166.item
L1912-00762,L1912-02305,affiliation,president,1,person_entry_statement,resolved,142,https://gallica.bnf.fr/ark:/12148/bpt6k5505300s/f166.item
L1912-00765,ORG:conseil municipal de tunis,affiliation,delegate,1,person_entry_statement,resolved,143,https://gallica.bnf.fr/ark:/12148/bpt6k5505300s/f167.item
L1912-00765,ORG:societe de secours mutuels de la cie des sapeurs pompiers,affiliation,vice_president,1,person_entry_statement,resolved,143,https://gallica.bnf.fr/ark:/12148/bpt6k5505300s/f167.item
L1912-00765,L1912-00582,affiliation,member,1,person_entry_statement,resolved,143,https://gallica.bnf.fr/ark:/12148/bpt6k5505300s/f167.item
L1912-00767,ORG:chambre mixte du sud,affiliation,member,1,person_entry_statement,resolved,145,https://gallica.bnf.fr/ark:/12148/bpt6k5505300s/f169.item
L1912-00768,ORG:association generale des etudiants de tunis,affiliation,president,1,person_entry_statement,resolved,145,https://gallica.bnf.fr/ark:/12148/bpt6k5505300s/f169.item
L1912-00770,ORG:commission de voirie d ain draham,affiliation,member,1,person_entry_statement,resolved,145,https://gallica.bnf.fr/ark:/12148/bpt6k5505300s/f169.item
L1912-00773,ORG:municipalite de soukel arba,affiliation,secretary,1,person_entry_statement,resolved,146,https://gallica.bnf.fr/ark:/12148/bpt6k5505300s/f170.item
L1912-00773,ORG:municipalite de la goulette de 1,affiliation,secretary,1,person_entry_statement,resolved,146,https://gallica.bnf.fr/ark:/12148/bpt6k5505300s/f170.item
L1912-00773,ORG:conseil d administralon du club gymnastique francais de tunis,affiliation,member,1,person_entry_statement,resolved,146,https://gallica.bnf.fr/ark:/12148/bpt6k5505300s/f170.item
L1912-00774,ORG:administration centrale de l armee tunisienne tunis,affiliation,director,1,person_entry_statement,resolved,146,https://gallica.bnf.fr/ark:/12148/bpt6k5505300s/f170.item
L1912-00777,ORG:association amicale des fonctionnaires de l administration centrale,affiliation,vice_president,1,person_entry_statement,resolved,146,https://gallica.bnf.fr/ark:/12148/bpt6k5505300s/f170.item
L1912-00791,L1912-00548,affiliation,secretary,1,person_entry_statement,resolved,148,https://gallica.bnf.fr/ark:/12148/bpt6k5505300s/f172.item
L1912-00791,ORG:mutuelle tunisienne et secretaire du groupe a,affiliation,founder,1,person_entry_statement,resolved,148,https://gallica.bnf.fr/ark:/12148/bpt6k5505300s/f172.item
L1912-00791,ORG:union des employes des services financiers,affiliation,secretary_general,1,person_entry_statement,resolved,148,https://gallica.bnf.fr/ark:/12148/bpt6k5505300s/f172.item
L1912-00792,ORG:tribunal civil de l unis,affiliation,president,1,person_entry_statement,resolved,148,https://gallica.bnf.fr/ark:/12148/bpt6k5505300s/f172.item
L1912-00801,ORG:syndicat des proprietaires de chevaux de pur sang anglais,affiliation,vice_president,1,person_entry_statement,resolved,149,https://gallica.bnf.fr/ark:/12148/bpt6k5505300s/f173.item
L1912-00810,ORG:i groupe syndical des travailleurs de la voie ferree a gaffour,affiliation,secretary,1,person_entry_statement,resolved,150,https://gallica.bnf.fr/ark:/12148/bpt6k5505300s/f174.item
L1912-00812,ORG:association amicale des anciens eleves du lyces de tarbes,affiliation,member,1,person_entry_statement,resolved,150,https://gallica.bnf.fr/ark:/12148/bpt6k5505300s/f174.item
L1912-00813,ORG:comite permanent des fetes de m unis,affiliation,secretary,1,person_entry_statement,resolved,151,https://gallica.bnf.fr/ark:/12148/bpt6k5505300s/f175.item
L1912-00819,L1912-00721,affiliation,member,1,person_entry_statement,resolved,151,https://gallica.bnf.fr/ark:/12148/bpt6k5505300s/f175.item
L1912-00819,ORG:comite de l association generale des etudiants de paris,affiliation,member,1,person_entry_statement,resolved,151,https://gallica.bnf.fr/ark:/12148/bpt6k5505300s/f175.item
L1912-00819,ORG:societe des cadets de gascogne,affiliation,vice_president,1,person_entry_statement,resolved,151,https://gallica.bnf.fr/ark:/12148/bpt6k5505300s/f175.item
L1912-00821,ORG:postes et des telegraphes du departement de constantine,affiliation,director,1,person_entry_statement,resolved,151,https://gallica.bnf.fr/ark:/12148/bpt6k5505300s/f175.item
L1912-00824,L1912-00582,affiliation,member,1,person_entry_statement,resolved,152,https://gallica.bnf.fr/ark:/12148/bpt6k5505300s/f176.item
L1912-00824,ORG:societe,affiliation,vice_president,1,person_entry_statement,resolved,152,https://gallica.bnf.fr/ark:/12148/bpt6k5505300s/f176.item
L1912-00826,ORG:societe des girondins,affiliation,member,1,person_entry_statement,resolved,152,https://gallica.bnf.fr/ark:/12148/bpt6k5505300s/f176.item
L1912-00827,ORG:section tunisienne des anciens eleves du chesnoy,affiliation,vice_president,1,person_entry_statement,resolved,152,https://gallica.bnf.fr/ark:/12148/bpt6k5505300s/f176.item
L1912-00828,ORG:association des colons francais de la mornaghia,affiliation,president,1,person_entry_statement,resolved,152,https://gallica.bnf.fr/ark:/12148/bpt6k5505300s/f176.item
L1912-00830,ORG:finances de la regence,affiliation,director,1,person_entry_statement,resolved,153,https://gallica.bnf.fr/ark:/12148/bpt6k5505300s/f177.item
L1912-00832,ORG:syndicat des proprietaires,affiliation,president,1,person_entry_statement,resolved,154,https://gallica.bnf.fr/ark:/12148/bpt6k5505300s/f178.item
L1912-00832,ORG:amicale des deux char entes,affiliation,president,1,person_entry_statement,resolved,154,https://gallica.bnf.fr/ark:/12148/bpt6k5505300s/f178.item
L1912-00837,ORG:societe francaise des mines melalhques,affiliation,director,1,person_entry_statement,resolved,155,https://gallica.bnf.fr/ark:/12148/bpt6k5505300s/f179.item
L1912-00837,ORG:chambre de commerce du nord,affiliation,member,1,person_entry_statement,resolved,155,https://gallica.bnf.fr/ark:/12148/bpt6k5505300s/f179.item
L1912-00838,ORG:conseil de l ordre des avocate de tunis,affiliation,member,1,person_entry_statement,resolved,155,https://gallica.bnf.fr/ark:/12148/bpt6k5505300s/f179.item
L1912-00838,ORG:association des anciens eleves du lycee de tunis,affiliation,president,1,person_entry_statement,resolved,155,https://gallica.bnf.fr/ark:/12148/bpt6k5505300s/f179.item
L1912-00838,ORG:comite du cercle republicain,affiliation,secretary_general,1,person_entry_statement,resolved,155,https://gallica.bnf.fr/ark:/12148/bpt6k5505300s/f179.item
L1912-00841,ORG:etablissements orosdi back,affiliation,director,1,person_entry_statement,resolved,156,https://gallica.bnf.fr/ark:/12148/bpt6k5505300s/f180.item
L1912-00841,ORG:etablissements orosdi back,affiliation,director,1,person_entry_statement,resolved,156,https://gallica.bnf.fr/ark:/12148/bpt6k5505300s/f180.item
L1912-00841,ORG:societe de gymnastique,affiliation,secretary,1,person_entry_statement,resolved,156,https://gallica.bnf.fr/ark:/12148/bpt6k5505300s/f180.item
L1912-00841,ORG:association des comptables du deparlement de la seine,affiliation,member,1,person_entry_statement,resolved,156,https://gallica.bnf.fr/ark:/12148/bpt6k5505300s/f180.item
L1912-00841,ORG:congres national des societes francaises de geographie,affiliation,commissioner,1,person_entry_statement,resolved,156,https://gallica.bnf.fr/ark:/12148/bpt6k5505300s/f180.item
L1912-00842,ORG:comite permanent des feles au benefice des hopitaux de marseille traite,affiliation,president,1,person_entry_statement,resolved,156,https://gallica.bnf.fr/ark:/12148/bpt6k5505300s/f180.item
L1912-00847,ORG:municipalites de la goulelte,affiliation,president,1,person_entry_statement,resolved,157,https://gallica.bnf.fr/ark:/12148/bpt6k5505300s/f181.item
L1912-00847,ORG:comite d escompte de la banque de l algerie,affiliation,member,1,person_entry_statement,resolved,157,https://gallica.bnf.fr/ark:/12148/bpt6k5505300s/f181.item
L1912-00847,ORG:comite des fetes de tunis,affiliation,vice_president,1,person_entry_statement,resolved,157,https://gallica.bnf.fr/ark:/12148/bpt6k5505300s/f181.item
L1912-00856,ORG:societe musulmane de bienfaisance de bizerle,affiliation,founder,1,person_entry_statement,resolved,158,https://gallica.bnf.fr/ark:/12148/bpt6k5505300s/f182.item
L1912-00857,ORG:ja societe italienne de gymnastique,affiliation,treasurer,1,person_entry_statement,resolved,158,https://gallica.bnf.fr/ark:/12148/bpt6k5505300s/f182.item
L1912-00857,ORG:conseil d administration de la societe de bienfaisance italienne de m u,affiliation,councillor,1,person_entry_statement,resolved,158,https://gallica.bnf.fr/ark:/12148/bpt6k5505300s/f182.item
L1912-00857,ORG:societe de geographie italienne de rome,affiliation,treasurer,1,person_entry_statement,resolved,158,https://gallica.bnf.fr/ark:/12148/bpt6k5505300s/f182.item
L1912-00862,ORG:societe de gymnastique,affiliation,member,1,person_entry_statement,resolved,158,https://gallica.bnf.fr/ark:/12148/bpt6k5505300s/f182.item
L1912-00902,ORG:comite local cle l orphelinat de l enseignement primaire,affiliation,member,1,person_entry_statement,resolved,160,https://gallica.bnf.fr/ark:/12148/bpt6k5505300s/f184.item
L1912-00929,L1912-00582,affiliation,member,1,person_entry_statement,resolved,162,https://gallica.bnf.fr/ark:/12148/bpt6k5505300s/f186.item
L1912-00929,ORG:seclion tunisienne de la societe de geographie commerciale de paris,affiliation,founder,1,person_entry_statement,resolved,162,https://gallica.bnf.fr/ark:/12148/bpt6k5505300s/f186.item
L1912-00929,ORG:congres national des societes francaises de geographie,affiliation,secretary_general,1,person_entry_statement,resolved,162,https://gallica.bnf.fr/ark:/12148/bpt6k5505300s/f186.item
L1912-00929,ORG:section de tunis,affiliation,founder,1,person_entry_statement,resolved,162,https://gallica.bnf.fr/ark:/12148/bpt6k5505300s/f186.item
L1912-00931,ORG:college royal des chirurgiens d angleterre et membre associe du college,affiliation,member,1,person_entry_statement,resolved,163,https://gallica.bnf.fr/ark:/12148/bpt6k5505300s/f187.item
L1912-00947,ORG:tribunal,affiliation,vice_president,1,person_entry_statement,resolved,165,https://gallica.bnf.fr/ark:/12148/bpt6k5505300s/f189.item
L1912-00951,ORG:societe musulmane de bienfaisance a bizerte,affiliation,president,1,person_entry_statement,resolved,165,https://gallica.bnf.fr/ark:/12148/bpt6k5505300s/f189.item
L1912-00957,ORG:municipalite de tunis,affiliation,president,1,person_entry_statement,resolved,166,https://gallica.bnf.fr/ark:/12148/bpt6k5505300s/f190.item
L1912-00959,ORG:societe de prevoyance des fonctionnaires et employes tunisiens,affiliation,president,1,person_entry_statement,resolved,166,https://gallica.bnf.fr/ark:/12148/bpt6k5505300s/f190.item
L1912-00961,L1912-00721,affiliation,member,1,person_entry_statement,resolved,166,https://gallica.bnf.fr/ark:/12148/bpt6k5505300s/f190.item
L1912-00961,ORG:comite de la federation des cercles tunisiens et du cercle de tunis,affiliation,vice_president,1,person_entry_statement,resolved,166,https://gallica.bnf.fr/ark:/12148/bpt6k5505300s/f190.item
L1912-00961,ORG:comite de permanence de l union des societes de gymnastique de france,affiliation,member,1,person_entry_statement,resolved,166,https://gallica.bnf.fr/ark:/12148/bpt6k5505300s/f190.item
L1912-00965,L1912-00721,affiliation,member,1,person_entry_statement,resolved,166,https://gallica.bnf.fr/ark:/12148/bpt6k5505300s/f190.item
L1912-00965,ORG:chambre d agriculture,affiliation,member,1,person_entry_statement,resolved,166,https://gallica.bnf.fr/ark:/12148/bpt6k5505300s/f190.item
L1912-00965,ORG:syndicat general obligatoire des viticulteurs de la regence de tunis,affiliation,president,1,person_entry_statement,resolved,166,https://gallica.bnf.fr/ark:/12148/bpt6k5505300s/f190.item
L1912-00970,ORG:chambre de commerce,affiliation,vice_president,1,person_entry_statement,resolved,167,https://gallica.bnf.fr/ark:/12148/bpt6k5505300s/f191.item
L1912-00971,ORG:chambre d agriculture,affiliation,secretary_general,1,person_entry_statement,resolved,167,https://gallica.bnf.fr/ark:/12148/bpt6k5505300s/f191.item
L1912-00971,L1912-00721,affiliation,member,1,person_entry_statement,resolved,167,https://gallica.bnf.fr/ark:/12148/bpt6k5505300s/f191.item
L1912-00972,ORG:syndicat de la presse scientifique,affiliation,member,1,person_entry_statement,resolved,167,https://gallica.bnf.fr/ark:/12148/bpt6k5505300s/f191.item
L1912-00974,ORG:compagnie des sapeurs pompiers,affiliation,founder,1,person_entry_statement,resolved,168,https://gallica.bnf.fr/ark:/12148/bpt6k5505300s/f192.item
L1912-00976,ORG:chambre mixte du centre et ancien vice president de celte associa lion,affiliation,vice_president,1,person_entry_statement,resolved,168,https://gallica.bnf.fr/ark:/12148/bpt6k5505300s/f192.item
L1912-00976,L1912-00583,affiliation,member,1,person_entry_statement,resolved,168,https://gallica.bnf.fr/ark:/12148/bpt6k5505300s/f192.item
L1912-00989,ORG:office de colonisation de la tunisie,affiliation,director,1,person_entry_statement,resolved,169,https://gallica.bnf.fr/ark:/12148/bpt6k5505300s/f193.item
L1912-00989,ORG:institut colonial de marseille,affiliation,corresponding_member,1,person_entry_statement,resolved,169,https://gallica.bnf.fr/ark:/12148/bpt6k5505300s/f193.item
L1912-00989,ORG:syndicat general obligatoire des viticulteurs de la regence de tunis,affiliation,secretary_general,1,person_entry_statement,resolved,169,https://gallica.bnf.fr/ark:/12148/bpt6k5505300s/f193.item
L1912-00989,ORG:societe d assistance mutuelle en cas cle deces outre les fonctionnaires,affiliation,president,1,person_entry_statement,resolved,169,https://gallica.bnf.fr/ark:/12148/bpt6k5505300s/f193.item
L1912-00989,ORG:chambres d agriculture et de commerce de tunisie a l exposition univers,affiliation,delegate,1,person_entry_statement,resolved,169,https://gallica.bnf.fr/ark:/12148/bpt6k5505300s/f193.item
L1912-01001,ORG:societe geologique de france et a publie plus de 150 articles ou etudes,affiliation,member,1,person_entry_statement,resolved,173,https://gallica.bnf.fr/ark:/12148/bpt6k5505300s/f197.item
L1912-01012,L1912-00154,affiliation,member,1,person_entry_statement,resolved,174,https://gallica.bnf.fr/ark:/12148/bpt6k5505300s/f198.item
L1912-01031,ORG:conference consultative pour le controle de bizerte,affiliation,member,1,person_entry_statement,resolved,175,https://gallica.bnf.fr/ark:/12148/bpt6k5505300s/f199.item
L1912-01052,ORG:conference consultative pour le controle de bizerte,affiliation,member,1,person_entry_statement,resolved,177,https://gallica.bnf.fr/ark:/12148/bpt6k5505300s/f201.item
L1912-01066,ORG:direction des antiquites et arts,affiliation,secretary,1,person_entry_statement,resolved,177,https://gallica.bnf.fr/ark:/12148/bpt6k5505300s/f201.item
L1912-01066,ORG:association des anc,affiliation,president,1,person_entry_statement,resolved,177,https://gallica.bnf.fr/ark:/12148/bpt6k5505300s/f201.item
L1912-01072,ORG:bibliotheque populaire de gaffour,affiliation,president,1,person_entry_statement,resolved,177,https://gallica.bnf.fr/ark:/12148/bpt6k5505300s/f201.item
L1912-01082,ORG:comite executif du parti radical et radical socialiste,affiliation,member,1,person_entry_statement,resolved,179,https://gallica.bnf.fr/ark:/12148/bpt6k5505300s/f203.item
L1912-01093,ORG:chambre mixte du centre et ancien vice president de celte associa lion,affiliation,member,1,person_entry_statement,resolved,181,https://gallica.bnf.fr/ark:/12148/bpt6k5505300s/f205.item
L1912-01093,ORG:municipalite de mahdia,affiliation,delegate,1,person_entry_statement,resolved,181,https://gallica.bnf.fr/ark:/12148/bpt6k5505300s/f205.item
L1912-01094,ORG:commission de voirie de tabarca et membre de la commission scolaire,affiliation,president,1,person_entry_statement,resolved,181,https://gallica.bnf.fr/ark:/12148/bpt6k5505300s/f205.item
L1912-01099,ORG:conseil d administration et caissier de l hopital colonial italien,affiliation,member,1,person_entry_statement,resolved,183,https://gallica.bnf.fr/ark:/12148/bpt6k5505300s/f207.item
L1912-01099,ORG:comite permanent des fetes de m unis,affiliation,assessor,1,person_entry_statement,resolved,183,https://gallica.bnf.fr/ark:/12148/bpt6k5505300s/f207.item
L1912-01102,ORG:societe des auteurs et compositeurs dramatiques,affiliation,member,1,person_entry_statement,resolved,183,https://gallica.bnf.fr/ark:/12148/bpt6k5505300s/f207.item
L1912-01105,L1912-00721,affiliation,member,1,person_entry_statement,resolved,183,https://gallica.bnf.fr/ark:/12148/bpt6k5505300s/f207.item
L1912-01106,ORG:societe de prevoyance des fonctionnaires et employes tunisiens,affiliation,director,1,person_entry_statement,resolved,183,https://gallica.bnf.fr/ark:/12148/bpt6k5505300s/f207.item
L1912-01106,ORG:comite regional de,affiliation,member,1,person_entry_statement,resolved,183,https://gallica.bnf.fr/ark:/12148/bpt6k5505300s/f207.item
L1912-01111,ORG:societe des hoteliers,affiliation,councillor,1,person_entry_statement,resolved,184,https://gallica.bnf.fr/ark:/12148/bpt6k5505300s/f208.item
L1912-01112,ORG:tribunal civil de l unis,affiliation,president,1,person_entry_statement,resolved,185,https://gallica.bnf.fr/ark:/12148/bpt6k5505300s/f209.item
L1912-01116,ORG:section litteraire de la mutuelle ouvriere,affiliation,director,1,person_entry_statement,resolved,186,https://gallica.bnf.fr/ark:/12148/bpt6k5505300s/f210.item
L1912-01119,ORG:conseil de surveillance et administrateur,affiliation,member,1,person_entry_statement,resolved,186,https://gallica.bnf.fr/ark:/12148/bpt6k5505300s/f210.item
L1912-01119,ORG:union des travailleurs francais,affiliation,founder,1,person_entry_statement,resolved,186,https://gallica.bnf.fr/ark:/12148/bpt6k5505300s/f210.item
L1912-01124,ORG:association des colons de beja et de l association des colons des nefza,affiliation,president,1,person_entry_statement,resolved,186,https://gallica.bnf.fr/ark:/12148/bpt6k5505300s/f210.item
L1912-01124,ORG:chambre cl agriculture du nord,affiliation,member,1,person_entry_statement,resolved,186,https://gallica.bnf.fr/ark:/12148/bpt6k5505300s/f210.item
L1912-01124,L1912-00721,affiliation,delegate,1,person_entry_statement,resolved,186,https://gallica.bnf.fr/ark:/12148/bpt6k5505300s/f210.item
L1912-01144,ORG:defense nationale et prefet de la seine,affiliation,member,1,person_entry_statement,resolved,188,https://gallica.bnf.fr/ark:/12148/bpt6k5505300s/f212.item
L1912-01144,ORG:conseil en septembre 1880,affiliation,president,1,person_entry_statement,resolved,188,https://gallica.bnf.fr/ark:/12148/bpt6k5505300s/f212.item
L1912-01144,ORG:conseil,affiliation,president,1,person_entry_statement,resolved,188,https://gallica.bnf.fr/ark:/12148/bpt6k5505300s/f212.item
L1912-01147,ORG:societe,affiliation,vice_president,1,person_entry_statement,resolved,188,https://gallica.bnf.fr/ark:/12148/bpt6k5505300s/f212.item
L1912-01147,L1912-02495,affiliation,member,1,person_entry_statement,resolved,188,https://gallica.bnf.fr/ark:/12148/bpt6k5505300s/f212.item
L1912-01147,ORG:societe des auteurs,affiliation,member,1,person_entry_statement,resolved,188,https://gallica.bnf.fr/ark:/12148/bpt6k5505300s/f212.item
L1912-01157,ORG:postes et des telegraphes du departement de constantine,affiliation,president,1,person_entry_statement,resolved,190,https://gallica.bnf.fr/ark:/12148/bpt6k5505300s/f214.item
L1912-01157,L1912-00139,affiliation,founder,1,person_entry_statement,resolved,190,https://gallica.bnf.fr/ark:/12148/bpt6k5505300s/f214.item
L1912-01157,ORG:caisse d economie franco tunisienne,affiliation,treasurer,1,person_entry_statement,resolved,190,https://gallica.bnf.fr/ark:/12148/bpt6k5505300s/f214.item
L1912-01157,ORG:conseil d administration de la societe,affiliation,member,1,person_entry_statement,resolved,190,https://gallica.bnf.fr/ark:/12148/bpt6k5505300s/f214.item
L1912-01161,ORG:union des employes des services financiers,affiliation,vice_president,1,person_entry_statement,resolved,191,https://gallica.bnf.fr/ark:/12148/bpt6k5505300s/f215.item
L1912-01165,L1912-00721,affiliation,member,1,person_entry_statement,resolved,192,https://gallica.bnf.fr/ark:/12148/bpt6k5505300s/f216.item
L1912-01165,ORG:comite tunisien de l action republicaine aux colonies,affiliation,member,1,person_entry_statement,resolved,192,https://gallica.bnf.fr/ark:/12148/bpt6k5505300s/f216.item
L1912-01165,ORG:comite d hivernage,affiliation,director,1,person_entry_statement,resolved,192,https://gallica.bnf.fr/ark:/12148/bpt6k5505300s/f216.item
L1912-01165,ORG:commission de reforme de la legislation miniere clans la regence,affiliation,member,1,person_entry_statement,resolved,192,https://gallica.bnf.fr/ark:/12148/bpt6k5505300s/f216.item
L1912-01166,ORG:amicale de la presse tunisienne du centre et du sud,affiliation,founder,1,person_entry_statement,resolved,192,https://gallica.bnf.fr/ark:/12148/bpt6k5505300s/f216.item
L1912-01172,ORG:comite d hivernage de la tunisie,affiliation,member,1,person_entry_statement,resolved,193,https://gallica.bnf.fr/ark:/12148/bpt6k5505300s/f217.item
L1912-01182,ORG:forets est m,affiliation,director,1,person_entry_statement,resolved,194,https://gallica.bnf.fr/ark:/12148/bpt6k5505300s/f218.item
L1912-01183,ORG:union nationale du commerce exterieur,affiliation,councillor,1,person_entry_statement,resolved,194,https://gallica.bnf.fr/ark:/12148/bpt6k5505300s/f218.item
L1912-01183,ORG:comite d action republicaine radicale el radicale socialiste,affiliation,president,1,person_entry_statement,resolved,194,https://gallica.bnf.fr/ark:/12148/bpt6k5505300s/f218.item
L1912-01183,ORG:association des officiers de l instruction publique et d academie,affiliation,president,1,person_entry_statement,resolved,194,https://gallica.bnf.fr/ark:/12148/bpt6k5505300s/f218.item
L1912-01183,ORG:chambre de commerce francaise de milan,affiliation,member,1,person_entry_statement,resolved,194,https://gallica.bnf.fr/ark:/12148/bpt6k5505300s/f218.item
L1912-01183,ORG:societe toulousaine de paris,affiliation,director,1,person_entry_statement,resolved,194,https://gallica.bnf.fr/ark:/12148/bpt6k5505300s/f218.item
L1912-01183,ORG:ceuvre des enfants du premier age,affiliation,president,1,person_entry_statement,resolved,194,https://gallica.bnf.fr/ark:/12148/bpt6k5505300s/f218.item
L1912-01183,ORG:commission executive du parti radical,affiliation,member,1,person_entry_statement,resolved,194,https://gallica.bnf.fr/ark:/12148/bpt6k5505300s/f218.item
L1912-01183,ORG:comite republicain du 2e arrondissement de paris,affiliation,president,1,person_entry_statement,resolved,194,https://gallica.bnf.fr/ark:/12148/bpt6k5505300s/f218.item
L1912-01183,ORG:jury aux expositions internationales,affiliation,member,1,person_entry_statement,resolved,194,https://gallica.bnf.fr/ark:/12148/bpt6k5505300s/f218.item
L1912-01190,L1912-02420,affiliation,president,1,person_entry_statement,resolved,196,https://gallica.bnf.fr/ark:/12148/bpt6k5505300s/f220.item
L1912-01199,ORG:societe des concerts du conservatoire,affiliation,member,1,person_entry_statement,resolved,197,https://gallica.bnf.fr/ark:/12148/bpt6k5505300s/f221.item
L1912-01199,ORG:ecole de musique de tunis,affiliation,director,1,person_entry_statement,resolved,197,https://gallica.bnf.fr/ark:/12148/bpt6k5505300s/f221.item
L1912-01202,ORG:commission nomme par la residence generale pour la redaction de la loi,affiliation,member,1,person_entry_statement,resolved,198,https://gallica.bnf.fr/ark:/12148/bpt6k5505300s/f222.item
L1912-01209,ORG:amicale des fonctionnaires de la direction de l agriculture,affiliation,vice_president,1,person_entry_statement,resolved,200,https://gallica.bnf.fr/ark:/12148/bpt6k5505300s/f224.item
L1912-01210,ORG:sociele de geographie,affiliation,member,1,person_entry_statement,resolved,200,https://gallica.bnf.fr/ark:/12148/bpt6k5505300s/f224.item
L1912-01211,L1912-02495,affiliation,secretary,1,person_entry_statement,resolved,200,https://gallica.bnf.fr/ark:/12148/bpt6k5505300s/f224.item
L1912-01211,L1912-02435,affiliation,founder,1,person_entry_statement,resolved,200,https://gallica.bnf.fr/ark:/12148/bpt6k5505300s/f224.item
L1912-01211,ORG:syndical de la presse tunisienne,affiliation,founder,1,person_entry_statement,resolved,200,https://gallica.bnf.fr/ark:/12148/bpt6k5505300s/f224.item
L1912-01211,ORG:section tunisienne de la s,affiliation,founder,1,person_entry_statement,resolved,200,https://gallica.bnf.fr/ark:/12148/bpt6k5505300s/f224.item
L1912-01216,ORG:ligue francoilalienne de paris a tunis,affiliation,delegate,1,person_entry_statement,resolved,201,https://gallica.bnf.fr/ark:/12148/bpt6k5505300s/f225.item
L1912-01217,L1912-00721,affiliation,member,1,person_entry_statement,resolved,201,https://gallica.bnf.fr/ark:/12148/bpt6k5505300s/f225.item
L1912-01217,ORG:municipalite de sousse,affiliation,delegate,1,person_entry_statement,resolved,201,https://gallica.bnf.fr/ark:/12148/bpt6k5505300s/f225.item
L1912-01218,ORG:conseil d administration de la cie b,affiliation,secretary,1,person_entry_statement,resolved,201,https://gallica.bnf.fr/ark:/12148/bpt6k5505300s/f225.item
L1912-01220,ORG:association amicale des fonctionnaires de l administration centrale,affiliation,president,1,person_entry_statement,resolved,202,https://gallica.bnf.fr/ark:/12148/bpt6k5505300s/f226.item
L1912-01222,ORG:societe dauphinoise d ethnologie et d anthropologie,affiliation,corresponding_member,1,person_entry_statement,resolved,202,https://gallica.bnf.fr/ark:/12148/bpt6k5505300s/f226.item
L1912-01222,ORG:societe d horticulture tunisienne,affiliation,member,1,person_entry_statement,resolved,202,https://gallica.bnf.fr/ark:/12148/bpt6k5505300s/f226.item
L1912-01224,ORG:societe africaine de france,affiliation,member,1,person_entry_statement,resolved,203,https://gallica.bnf.fr/ark:/12148/bpt6k5505300s/f227.item
L1912-01224,ORG:societe academique indochinoise,affiliation,member,1,person_entry_statement,resolved,203,https://gallica.bnf.fr/ark:/12148/bpt6k5505300s/f227.item
L1912-01224,ORG:residence generale a,affiliation,delegate,1,person_entry_statement,resolved,203,https://gallica.bnf.fr/ark:/12148/bpt6k5505300s/f227.item
L1912-01224,ORG:administration des revenus concedes de sousse,affiliation,director,1,person_entry_statement,resolved,203,https://gallica.bnf.fr/ark:/12148/bpt6k5505300s/f227.item
L1912-01224,ORG:societe de secours aux blesses des armees de ferre et de mer pour le ce,affiliation,president,1,person_entry_statement,resolved,203,https://gallica.bnf.fr/ark:/12148/bpt6k5505300s/f227.item
L1912-01229,L1912-00721,affiliation,member,1,person_entry_statement,resolved,203,https://gallica.bnf.fr/ark:/12148/bpt6k5505300s/f227.item
L1912-01229,ORG:chambre de commerce a sousse,affiliation,president,1,person_entry_statement,resolved,203,https://gallica.bnf.fr/ark:/12148/bpt6k5505300s/f227.item
L1912-01235,ORG:municipalite,affiliation,president,1,person_entry_statement,resolved,204,https://gallica.bnf.fr/ark:/12148/bpt6k5505300s/f228.item
L1912-01235,ORG:mu nicipalite de sfax que m,affiliation,vice_president,1,person_entry_statement,resolved,204,https://gallica.bnf.fr/ark:/12148/bpt6k5505300s/f228.item
L1912-01235,ORG:municipalite,affiliation,president,1,person_entry_statement,resolved,204,https://gallica.bnf.fr/ark:/12148/bpt6k5505300s/f228.item
L1912-01236,ORG:municipalite,affiliation,vice_president,1,person_entry_statement,resolved,205,https://gallica.bnf.fr/ark:/12148/bpt6k5505300s/f229.item
L1912-01236,ORG:maison veuve l,affiliation,director,1,person_entry_statement,resolved,205,https://gallica.bnf.fr/ark:/12148/bpt6k5505300s/f229.item
L1912-01237,L1912-00721,affiliation,member,1,person_entry_statement,resolved,206,https://gallica.bnf.fr/ark:/12148/bpt6k5505300s/f230.item
L1912-01249,ORG:conference consultative fl coll,affiliation,member,1,person_entry_statement,resolved,207,https://gallica.bnf.fr/ark:/12148/bpt6k5505300s/f231.item
L1912-01252,ORG:conseil de l ordre des avocate de tunis,affiliation,member,1,person_entry_statement,resolved,207,https://gallica.bnf.fr/ark:/12148/bpt6k5505300s/f231.item
L1912-01257,ORG:municipalite,affiliation,president,1,person_entry_statement,resolved,208,https://gallica.bnf.fr/ark:/12148/bpt6k5505300s/f232.item
L1912-01258,ORG:societe civile des mines de safsaf,affiliation,director,1,person_entry_statement,resolved,208,https://gallica.bnf.fr/ark:/12148/bpt6k5505300s/f232.item
L1912-01258,ORG:compagnie miniere franco tunisienne,affiliation,director,1,person_entry_statement,resolved,208,https://gallica.bnf.fr/ark:/12148/bpt6k5505300s/f232.item
L1912-01258,ORG:societe de geographie commerciale de paris et de la societe de geograph,affiliation,founder,1,person_entry_statement,resolved,208,https://gallica.bnf.fr/ark:/12148/bpt6k5505300s/f232.item
L1912-01258,ORG:cercle d escrime italien,affiliation,vice_president,1,person_entry_statement,resolved,208,https://gallica.bnf.fr/ark:/12148/bpt6k5505300s/f232.item
L1912-01258,ORG:societe anonyme du journal italien,affiliation,director,1,person_entry_statement,resolved,208,https://gallica.bnf.fr/ark:/12148/bpt6k5505300s/f232.item
L1912-01259,ORG:comite permanent des feles au benefice des hopitaux de marseille traite,affiliation,member,1,person_entry_statement,resolved,208,https://gallica.bnf.fr/ark:/12148/bpt6k5505300s/f232.item
L1912-01263,ORG:municipalite,affiliation,president,1,person_entry_statement,resolved,209,https://gallica.bnf.fr/ark:/12148/bpt6k5505300s/f233.item
L1912-01263,ORG:municipalite de l unis,affiliation,vice_president,1,person_entry_statement,resolved,209,https://gallica.bnf.fr/ark:/12148/bpt6k5505300s/f233.item
L1912-01263,ORG:municipalite de tunis,affiliation,president,1,person_entry_statement,resolved,209,https://gallica.bnf.fr/ark:/12148/bpt6k5505300s/f233.item
L1912-01275,ORG:comile directeur de la societe de geographie commerciale,affiliation,member,1,person_entry_statement,resolved,210,https://gallica.bnf.fr/ark:/12148/bpt6k5505300s/f234.item
L1912-01277,L1912-00721,affiliation,member,1,person_entry_statement,resolved,210,https://gallica.bnf.fr/ark:/12148/bpt6k5505300s/f234.item
L1912-01277,ORG:comite de la societe de bienfaisance el du comite des fetes,affiliation,member,1,person_entry_statement,resolved,210,https://gallica.bnf.fr/ark:/12148/bpt6k5505300s/f234.item
L1912-01277,ORG:conseil de perfectionnement de l ecole emile loubet el du conseil centr,affiliation,member,1,person_entry_statement,resolved,210,https://gallica.bnf.fr/ark:/12148/bpt6k5505300s/f234.item
L1912-01282,ORG:societe d horticulture,affiliation,member,1,person_entry_statement,resolved,211,https://gallica.bnf.fr/ark:/12148/bpt6k5505300s/f235.item
L1912-01282,ORG:association des anciens eleves des ecoles d agriculture en tunisie el d,affiliation,member,1,person_entry_statement,resolved,211,https://gallica.bnf.fr/ark:/12148/bpt6k5505300s/f235.item
L1912-01282,L1912-01459,affiliation,member,1,person_entry_statement,resolved,211,https://gallica.bnf.fr/ark:/12148/bpt6k5505300s/f235.item
L1912-01292,L1912-00721,affiliation,member,1,person_entry_statement,resolved,212,https://gallica.bnf.fr/ark:/12148/bpt6k5505300s/f236.item
L1912-01292,ORG:municipalite de souk elkhemis,affiliation,vice_president,1,person_entry_statement,resolved,212,https://gallica.bnf.fr/ark:/12148/bpt6k5505300s/f236.item
L1912-01292,ORG:caisse rurale et de la bibliotheque populaire de souk el khemis,affiliation,founder,1,person_entry_statement,resolved,212,https://gallica.bnf.fr/ark:/12148/bpt6k5505300s/f236.item
L1912-01295,ORG:societe generale des huileries du sahel tunisien,affiliation,director,1,person_entry_statement,resolved,212,https://gallica.bnf.fr/ark:/12148/bpt6k5505300s/f236.item
L1912-01303,ORG:conseil de l ordre a la conference des avocats stagiaires,affiliation,member,1,person_entry_statement,resolved,213,https://gallica.bnf.fr/ark:/12148/bpt6k5505300s/f237.item
L1912-01320,ORG:service de sante de la division d occupation cle tunisie,affiliation,director,1,person_entry_statement,resolved,214,https://gallica.bnf.fr/ark:/12148/bpt6k5505300s/f238.item
L1912-01320,ORG:service de sante maritime,affiliation,director,1,person_entry_statement,resolved,214,https://gallica.bnf.fr/ark:/12148/bpt6k5505300s/f238.item
L1912-01320,ORG:commission d examen des inventions interessant l armee,affiliation,member,1,person_entry_statement,resolved,214,https://gallica.bnf.fr/ark:/12148/bpt6k5505300s/f238.item
L1912-01321,L1912-00556,affiliation,secretary,1,person_entry_statement,resolved,215,https://gallica.bnf.fr/ark:/12148/bpt6k5505300s/f239.item
L1912-01322,ORG:colonie agricole indigene de lansarine d e p u i s sa creation,affiliation,director,1,person_entry_statement,resolved,215,https://gallica.bnf.fr/ark:/12148/bpt6k5505300s/f239.item
L1912-01322,L1912-00556,affiliation,member,1,person_entry_statement,resolved,215,https://gallica.bnf.fr/ark:/12148/bpt6k5505300s/f239.item
L1912-01326,ORG:comile de l unis,affiliation,member,1,person_entry_statement,resolved,216,https://gallica.bnf.fr/ark:/12148/bpt6k5505300s/f240.item
L1912-01326,ORG:comile des fetes organisees a l occasion de la visite de m,affiliation,member,1,person_entry_statement,resolved,216,https://gallica.bnf.fr/ark:/12148/bpt6k5505300s/f240.item
L1912-01326,ORG:societe,affiliation,president,1,person_entry_statement,resolved,216,https://gallica.bnf.fr/ark:/12148/bpt6k5505300s/f240.item
L1912-01326,ORG:comile des fetes organisees a l occasion de la visite de m,affiliation,member,1,person_entry_statement,resolved,216,https://gallica.bnf.fr/ark:/12148/bpt6k5505300s/f240.item
L1912-01335,ORG:magasins generaux du centre du sahel,affiliation,director,1,person_entry_statement,resolved,217,https://gallica.bnf.fr/ark:/12148/bpt6k5505300s/f241.item
L1912-01335,ORG:chambre mixte de commerce et d agriculture du centre,affiliation,president,1,person_entry_statement,resolved,217,https://gallica.bnf.fr/ark:/12148/bpt6k5505300s/f241.item
L1912-01335,L1912-00721,affiliation,member,1,person_entry_statement,resolved,217,https://gallica.bnf.fr/ark:/12148/bpt6k5505300s/f241.item
L1912-01336,ORG:jardin d essais el professeur a l ecole coloniale,affiliation,director,1,person_entry_statement,resolved,217,https://gallica.bnf.fr/ark:/12148/bpt6k5505300s/f241.item
L1912-01341,ORG:association des secretaires de redaction,affiliation,member,1,person_entry_statement,resolved,217,https://gallica.bnf.fr/ark:/12148/bpt6k5505300s/f241.item
L1912-01391,ORG:comite d hivernage de la tunisie pour djerba et la region,affiliation,delegate,1,person_entry_statement,resolved,224,https://gallica.bnf.fr/ark:/12148/bpt6k5505300s/f248.item
L1912-01391,ORG:chambre mixte de commerce et d agriculture du centre,affiliation,member,1,person_entry_statement,resolved,224,https://gallica.bnf.fr/ark:/12148/bpt6k5505300s/f248.item
L1912-01392,L1912-00556,affiliation,member,1,person_entry_statement,resolved,224,https://gallica.bnf.fr/ark:/12148/bpt6k5505300s/f248.item
L1912-01394,ORG:credit commercial tunisien,affiliation,director,1,person_entry_statement,resolved,224,https://gallica.bnf.fr/ark:/12148/bpt6k5505300s/f248.item
L1912-01396,ORG:mines du chouischia par soukel arba,affiliation,director,1,person_entry_statement,resolved,225,https://gallica.bnf.fr/ark:/12148/bpt6k5505300s/f249.item
L1912-01425,ORG:caisse de credit agricole d ain el asker et bir m cherga,affiliation,president,1,person_entry_statement,resolved,229,https://gallica.bnf.fr/ark:/12148/bpt6k5505300s/f253.item
L1912-01430,ORG:gouvernement du protectorat nu congres de la mutualite coloniale et,affiliation,delegate,1,person_entry_statement,resolved,230,https://gallica.bnf.fr/ark:/12148/bpt6k5505300s/f254.item
L1912-01431,ORG:societe de bienfaisance francaise de tunis,affiliation,founder,1,person_entry_statement,resolved,230,https://gallica.bnf.fr/ark:/12148/bpt6k5505300s/f254.item
L1912-01431,ORG:harmonie francaise,affiliation,vice_president,1,person_entry_statement,resolved,230,https://gallica.bnf.fr/ark:/12148/bpt6k5505300s/f254.item
L1912-01431,ORG:association des petits fonctionnaires,affiliation,president,1,person_entry_statement,resolved,230,https://gallica.bnf.fr/ark:/12148/bpt6k5505300s/f254.item
L1912-01431,ORG:section tunisienne du comite de colonisation de paris,affiliation,president,1,person_entry_statement,resolved,230,https://gallica.bnf.fr/ark:/12148/bpt6k5505300s/f254.item
L1912-01431,L1912-00582,affiliation,treasurer,1,person_entry_statement,resolved,230,https://gallica.bnf.fr/ark:/12148/bpt6k5505300s/f254.item
L1912-01445,ORG:gouvernement pres le conseil de guerre de tunis,affiliation,commissioner,1,person_entry_statement,resolved,235,https://gallica.bnf.fr/ark:/12148/bpt6k5505300s/f259.item
L1912-01453,ORG:institut des mines et de la metallurgie et des ingenieurs des mines a l,affiliation,member,1,person_entry_statement,resolved,236,https://gallica.bnf.fr/ark:/12148/bpt6k5505300s/f260.item
L1912-01465,ORG:union des societes de gymnastique d algerie et de tunisie,affiliation,vice_president,1,person_entry_statement,resolved,242,https://gallica.bnf.fr/ark:/12148/bpt6k5505300s/f266.item
L1912-01465,ORG:jury au concours de sotif,affiliation,member,1,person_entry_statement,resolved,242,https://gallica.bnf.fr/ark:/12148/bpt6k5505300s/f266.item
L1912-01466,ORG:societe suisse a tunis,affiliation,founder,1,person_entry_statement,resolved,242,https://gallica.bnf.fr/ark:/12148/bpt6k5505300s/f266.item
L1912-01468,ORG:syndicat d irrigation de rohia,affiliation,director,1,person_entry_statement,resolved,242,https://gallica.bnf.fr/ark:/12148/bpt6k5505300s/f266.item
L1912-01468,ORG:jury dans differents conconis agricoles,affiliation,member,1,person_entry_statement,resolved,242,https://gallica.bnf.fr/ark:/12148/bpt6k5505300s/f266.item
L1912-01483,ORG:union nationale du commerce exterieur,affiliation,member,1,person_entry_statement,resolved,245,https://gallica.bnf.fr/ark:/12148/bpt6k5505300s/f269.item
L1912-01483,L1912-01459,affiliation,member,1,person_entry_statement,resolved,245,https://gallica.bnf.fr/ark:/12148/bpt6k5505300s/f269.item
L1912-01504,ORG:association cies prnneunsi,affiliation,president,1,person_entry_statement,resolved,248,https://gallica.bnf.fr/ark:/12148/bpt6k5505300s/f272.item
L1912-01504,ORG:comile directeur de la societe de geographie commerciale,affiliation,member,1,person_entry_statement,resolved,248,https://gallica.bnf.fr/ark:/12148/bpt6k5505300s/f272.item
L1912-01504,ORG:comieto d hivernage,affiliation,member,1,person_entry_statement,resolved,248,https://gallica.bnf.fr/ark:/12148/bpt6k5505300s/f272.item
L1912-01508,L1912-00154,affiliation,president,1,person_entry_statement,resolved,249,https://gallica.bnf.fr/ark:/12148/bpt6k5505300s/f273.item
L1912-01508,L1912-00556,affiliation,member,1,person_entry_statement,resolved,249,https://gallica.bnf.fr/ark:/12148/bpt6k5505300s/f273.item
L1912-01520,ORG:office de publicite,affiliation,director,1,person_entry_statement,resolved,250,https://gallica.bnf.fr/ark:/12148/bpt6k5505300s/f274.item
L1912-01528,ORG:section de beja des amis des arbres en tunisie,affiliation,honorary_president,1,person_entry_statement,resolved,250,https://gallica.bnf.fr/ark:/12148/bpt6k5505300s/f274.item
L1912-01528,ORG:comite du concours hippique de tunis,affiliation,member,1,person_entry_statement,resolved,250,https://gallica.bnf.fr/ark:/12148/bpt6k5505300s/f274.item
L1912-01528,ORG:societe des courses de tunis,affiliation,member,1,person_entry_statement,resolved,250,https://gallica.bnf.fr/ark:/12148/bpt6k5505300s/f274.item
L1912-01528,ORG:section de beja des amis des arbres en tunisie,affiliation,founder,1,person_entry_statement,resolved,250,https://gallica.bnf.fr/ark:/12148/bpt6k5505300s/f274.item
L1912-01528,ORG:jury clu concours de sousse,affiliation,member,1,person_entry_statement,resolved,250,https://gallica.bnf.fr/ark:/12148/bpt6k5505300s/f274.item
L1912-01545,ORG:comite d organisation du 1 congres republicain,affiliation,secretary,1,person_entry_statement,resolved,253,https://gallica.bnf.fr/ark:/12148/bpt6k5505300s/f277.item
L1912-01545,ORG:conseil d administration de la cooperative l epargne tunisienne,affiliation,secretary,1,person_entry_statement,resolved,253,https://gallica.bnf.fr/ark:/12148/bpt6k5505300s/f277.item
L1912-01562,ORG:comite de l assistance mutuelle tunisienne a bizerte,affiliation,vice_president,1,person_entry_statement,resolved,254,https://gallica.bnf.fr/ark:/12148/bpt6k5505300s/f278.item
L1912-01562,ORG:societe musulmane de bienfaisance a bizerte,affiliation,vice_president,1,person_entry_statement,resolved,254,https://gallica.bnf.fr/ark:/12148/bpt6k5505300s/f278.item
L1912-01562,ORG:touring club de france,affiliation,delegate,1,person_entry_statement,resolved,254,https://gallica.bnf.fr/ark:/12148/bpt6k5505300s/f278.item
L1912-01567,ORG:academie de florence,affiliation,member,1,person_entry_statement,resolved,255,https://gallica.bnf.fr/ark:/12148/bpt6k5505300s/f279.item
L1912-01568,ORG:services administratifs de la municipalite de tunis,affiliation,director,1,person_entry_statement,resolved,255,https://gallica.bnf.fr/ark:/12148/bpt6k5505300s/f279.item
L1912-01575,ORG:agence des habous a bizerte et a mateur,affiliation,director,1,person_entry_statement,resolved,256,https://gallica.bnf.fr/ark:/12148/bpt6k5505300s/f280.item
L1912-01575,ORG:association,affiliation,member,1,person_entry_statement,resolved,256,https://gallica.bnf.fr/ark:/12148/bpt6k5505300s/f280.item
L1912-01577,ORG:comite directeur de,affiliation,member,1,person_entry_statement,resolved,257,https://gallica.bnf.fr/ark:/12148/bpt6k5505300s/f281.item
L1912-01577,ORG:comite directeur de la societe,affiliation,member,1,person_entry_statement,resolved,257,https://gallica.bnf.fr/ark:/12148/bpt6k5505300s/f281.item
L1912-01579,ORG:societe de secours mutuels des anciens militaires cle la marine,affiliation,honorary_president,1,person_entry_statement,resolved,257,https://gallica.bnf.fr/ark:/12148/bpt6k5505300s/f281.item
L1912-01579,ORG:societe des veterans,affiliation,founder,1,person_entry_statement,resolved,257,https://gallica.bnf.fr/ark:/12148/bpt6k5505300s/f281.item
L1912-01581,ORG:syndicat du sahel et membre de la conference consultative,affiliation,vice_president,1,person_entry_statement,resolved,258,https://gallica.bnf.fr/ark:/12148/bpt6k5505300s/f282.item
L1912-01581,ORG:conseil de perfectionnement de l ecole d agriculture,affiliation,member,1,person_entry_statement,resolved,258,https://gallica.bnf.fr/ark:/12148/bpt6k5505300s/f282.item
L1912-01581,ORG:comite d etudes de la societe archeologique de sousse,affiliation,member,1,person_entry_statement,resolved,258,https://gallica.bnf.fr/ark:/12148/bpt6k5505300s/f282.item
L1912-01581,ORG:ligue de l enseignement en tunisie,affiliation,founder,1,person_entry_statement,resolved,258,https://gallica.bnf.fr/ark:/12148/bpt6k5505300s/f282.item
L1912-01588,ORG:commission de voirie de tabarca et membre de la commission scolaire,affiliation,member,1,person_entry_statement,resolved,259,https://gallica.bnf.fr/ark:/12148/bpt6k5505300s/f283.item
L1912-01590,ORG:service de sante de la division d occupation cle tunisie,affiliation,director,1,person_entry_statement,resolved,259,https://gallica.bnf.fr/ark:/12148/bpt6k5505300s/f283.item
L1912-01593,L1912-00145,affiliation,vice_president,1,person_entry_statement,resolved,259,https://gallica.bnf.fr/ark:/12148/bpt6k5505300s/f283.item
L1912-01594,ORG:administration des forets d oliviers du nord de la regence,affiliation,director,1,person_entry_statement,resolved,260,https://gallica.bnf.fr/ark:/12148/bpt6k5505300s/f284.item
L1912-01594,ORG:colonie agricole indigene de lansarine d e p u i s sa creation,affiliation,secretary,1,person_entry_statement,resolved,260,https://gallica.bnf.fr/ark:/12148/bpt6k5505300s/f284.item
L1912-01594,ORG:gouvernement tunisien au congres colonial de marseille,affiliation,delegate,1,person_entry_statement,resolved,260,https://gallica.bnf.fr/ark:/12148/bpt6k5505300s/f284.item
L1912-01599,ORG:surete publique en tunisie,affiliation,director,1,person_entry_statement,resolved,261,https://gallica.bnf.fr/ark:/12148/bpt6k5505300s/f285.item
L1912-01599,ORG:comile directeur de la societe de geographie commerciale,affiliation,member,1,person_entry_statement,resolved,261,https://gallica.bnf.fr/ark:/12148/bpt6k5505300s/f285.item
L1912-01599,ORG:commission interministerielle d etude du recrutement des indigenes en a,affiliation,member,1,person_entry_statement,resolved,261,https://gallica.bnf.fr/ark:/12148/bpt6k5505300s/f285.item
L1912-01601,ORG:municipalite de kairouan du 28 mars 1906 au 22 avril 1908,affiliation,secretary,1,person_entry_statement,resolved,262,https://gallica.bnf.fr/ark:/12148/bpt6k5505300s/f286.item
L1912-01601,ORG:societe anonyme de l imprimerie rapide de tunis,affiliation,delegate,1,person_entry_statement,resolved,262,https://gallica.bnf.fr/ark:/12148/bpt6k5505300s/f286.item
L1912-01601,L1912-00721,affiliation,member,1,person_entry_statement,resolved,262,https://gallica.bnf.fr/ark:/12148/bpt6k5505300s/f286.item
L1912-01601,ORG:municipalite de rades,affiliation,delegate,1,person_entry_statement,resolved,262,https://gallica.bnf.fr/ark:/12148/bpt6k5505300s/f286.item
L1912-01602,ORG:association artistique,affiliation,member,1,person_entry_statement,resolved,262,https://gallica.bnf.fr/ark:/12148/bpt6k5505300s/f286.item
L1912-01603,ORG:club gymnastique francais,affiliation,president,1,person_entry_statement,resolved,262,https://gallica.bnf.fr/ark:/12148/bpt6k5505300s/f286.item
L1912-01609,ORG:conseil d hygiene de tunis,affiliation,member,1,person_entry_statement,resolved,263,https://gallica.bnf.fr/ark:/12148/bpt6k5505300s/f287.item
L1912-01609,L1912-00550,affiliation,vice_president,1,person_entry_statement,resolved,263,https://gallica.bnf.fr/ark:/12148/bpt6k5505300s/f287.item
L1912-01612,L1912-00996,affiliation,director,1,person_entry_statement,resolved,264,https://gallica.bnf.fr/ark:/12148/bpt6k5505300s/f288.item
L1912-01614,ORG:societe des negociants et du commerce de rousse,affiliation,director,1,person_entry_statement,resolved,264,https://gallica.bnf.fr/ark:/12148/bpt6k5505300s/f288.item
L1912-01614,ORG:controle remplissant les fonctions de greffier huissier a kairouan,affiliation,secretary,1,person_entry_statement,resolved,264,https://gallica.bnf.fr/ark:/12148/bpt6k5505300s/f288.item
L1912-01617,ORG:bleus de bretagne,affiliation,treasurer,1,person_entry_statement,resolved,265,https://gallica.bnf.fr/ark:/12148/bpt6k5505300s/f289.item
L1912-01625,ORG:commission des titres medicaux,affiliation,member,1,person_entry_statement,resolved,267,https://gallica.bnf.fr/ark:/12148/bpt6k5505300s/f291.item
L1912-01625,ORG:societe internationale des sciences medicales de tunis,affiliation,member,1,person_entry_statement,resolved,267,https://gallica.bnf.fr/ark:/12148/bpt6k5505300s/f291.item
L1912-01637,ORG:autriche hongrie a la commission europeenne du danube,affiliation,delegate,1,person_entry_statement,resolved,269,https://gallica.bnf.fr/ark:/12148/bpt6k5505300s/f293.item
L1912-01639,ORG:service de sante au transva,affiliation,director,1,person_entry_statement,resolved,269,https://gallica.bnf.fr/ark:/12148/bpt6k5505300s/f293.item
L1912-01640,ORG:tribunal de tunis 1910,affiliation,vice_president,1,person_entry_statement,resolved,269,https://gallica.bnf.fr/ark:/12148/bpt6k5505300s/f293.item
L1912-01640,ORG:societe pour l encouragement des etudes grecques de paris,affiliation,member,1,person_entry_statement,resolved,269,https://gallica.bnf.fr/ark:/12148/bpt6k5505300s/f293.item
L1912-01647,ORG:comite du cercle de tunis de la ligue de l enseignement,affiliation,member,1,person_entry_statement,resolved,270,https://gallica.bnf.fr/ark:/12148/bpt6k5505300s/f294.item
L1912-01647,ORG:section tunisienne de la ligue des droits de l homme et du citoyen,affiliation,secretary,1,person_entry_statement,resolved,270,https://gallica.bnf.fr/ark:/12148/bpt6k5505300s/f294.item
L1912-01659,ORG:societe asiatique,affiliation,member,1,person_entry_statement,resolved,272,https://gallica.bnf.fr/ark:/12148/bpt6k5505300s/f296.item
L1912-01660,ORG:domaines a tunis,affiliation,director,1,person_entry_statement,resolved,272,https://gallica.bnf.fr/ark:/12148/bpt6k5505300s/f296.item
L1912-01661,ORG:societe pour la defense clu commerce des grains et derives a m unis,affiliation,member,1,person_entry_statement,resolved,272,https://gallica.bnf.fr/ark:/12148/bpt6k5505300s/f296.item
L1912-01686,ORG:service de sante de la division d occupation cle tunisie,affiliation,director,1,person_entry_statement,resolved,275,https://gallica.bnf.fr/ark:/12148/bpt6k5505300s/f299.item
L1912-01686,ORG:section scientifique de l institut de carthage,affiliation,president,1,person_entry_statement,resolved,275,https://gallica.bnf.fr/ark:/12148/bpt6k5505300s/f299.item
L1912-01686,ORG:institut de carthage et la societe de geographie commerciale de paris,affiliation,director,1,person_entry_statement,resolved,275,https://gallica.bnf.fr/ark:/12148/bpt6k5505300s/f299.item
L1912-01694,ORG:amicale des postes,affiliation,delegate,1,person_entry_statement,resolved,277,https://gallica.bnf.fr/ark:/12148/bpt6k5505300s/f301.item
L1912-01705,ORG:internat primaire de maxula rados,affiliation,director,1,person_entry_statement,resolved,278,https://gallica.bnf.fr/ark:/12148/bpt6k5505300s/f302.item
L1912-01709,ORG:association des professeurs francais de salonique de 1,affiliation,secretary,1,person_entry_statement,resolved,279,https://gallica.bnf.fr/ark:/12148/bpt6k5505300s/f303.item
L1912-01712,ORG:association syndicale des secretaires,affiliation,member,1,person_entry_statement,resolved,280,https://gallica.bnf.fr/ark:/12148/bpt6k5505300s/f304.item
L1912-01719,ORG:cercle de mateur de la ligue de l enseignement,affiliation,vice_president,1,person_entry_statement,resolved,281,https://gallica.bnf.fr/ark:/12148/bpt6k5505300s/f305.item
L1912-01722,ORG:societe de bienfaisance francaise,affiliation,vice_president,1,person_entry_statement,resolved,282,https://gallica.bnf.fr/ark:/12148/bpt6k5505300s/f306.item
L1912-01722,ORG:conference consultative lors de son ancienne organisation,affiliation,member,1,person_entry_statement,resolved,282,https://gallica.bnf.fr/ark:/12148/bpt6k5505300s/f306.item
L1912-01725,ORG:conseil de l ordre a la conference des avocats stagiaires,affiliation,member,1,person_entry_statement,resolved,282,https://gallica.bnf.fr/ark:/12148/bpt6k5505300s/f306.item
L1912-01728,ORG:municipalite de kairouan du 28 mars 1906 au 22 avril 1908,affiliation,delegate,1,person_entry_statement,resolved,283,https://gallica.bnf.fr/ark:/12148/bpt6k5505300s/f307.item
L1912-01728,ORG:chambre mixte de commerce et d agriculture du centre,affiliation,member,1,person_entry_statement,resolved,283,https://gallica.bnf.fr/ark:/12148/bpt6k5505300s/f307.item
L1912-01731,ORG:conseil de surveillance de la caisse agricole de soukel khemis,affiliation,president,1,person_entry_statement,resolved,283,https://gallica.bnf.fr/ark:/12148/bpt6k5505300s/f307.item
L1912-01734,ORG:in sociele des anciens sous officiers,affiliation,president,1,person_entry_statement,resolved,283,https://gallica.bnf.fr/ark:/12148/bpt6k5505300s/f307.item
L1912-01734,ORG:comites de la figue de l enseignement el de differentes autres societes,affiliation,member,1,person_entry_statement,resolved,283,https://gallica.bnf.fr/ark:/12148/bpt6k5505300s/f307.item
L1912-01735,ORG:comite de la societe d horticulture de tunisie,affiliation,member,1,person_entry_statement,resolved,284,https://gallica.bnf.fr/ark:/12148/bpt6k5505300s/f308.item
L1912-01736,ORG:office postal de tunisie,affiliation,director,1,person_entry_statement,resolved,284,https://gallica.bnf.fr/ark:/12148/bpt6k5505300s/f308.item
L1912-01738,ORG:ecole de garcons de kairounn,affiliation,director,1,person_entry_statement,resolved,284,https://gallica.bnf.fr/ark:/12148/bpt6k5505300s/f308.item
L1912-01740,ORG:societe musulmane de bienfaisance de bizerle,affiliation,secretary,1,person_entry_statement,resolved,284,https://gallica.bnf.fr/ark:/12148/bpt6k5505300s/f308.item
L1912-01745,ORG:conseil d administration de,affiliation,president,1,person_entry_statement,resolved,286,https://gallica.bnf.fr/ark:/12148/bpt6k5505300s/f310.item
L1912-01761,ORG:sociela operaia ltaliana di mutuo soccorso,affiliation,president,1,person_entry_statement,resolved,287,https://gallica.bnf.fr/ark:/12148/bpt6k5505300s/f311.item
L1912-01775,ORG:societe de retraites le proletariat de l avenir,affiliation,member,1,person_entry_statement,resolved,288,https://gallica.bnf.fr/ark:/12148/bpt6k5505300s/f312.item
L1912-01777,ORG:direction des antiquites et arts,affiliation,director,1,person_entry_statement,resolved,288,https://gallica.bnf.fr/ark:/12148/bpt6k5505300s/f312.item
L1912-01786,ORG:commission de reception a l exposition internationale de l est de la fr,affiliation,member,1,person_entry_statement,resolved,288,https://gallica.bnf.fr/ark:/12148/bpt6k5505300s/f312.item
L1912-01786,ORG:conseil de la societe industrielle de l est,affiliation,member,1,person_entry_statement,resolved,288,https://gallica.bnf.fr/ark:/12148/bpt6k5505300s/f312.item
L1912-01786,ORG:comite des fetes de la ville de nancy,affiliation,member,1,person_entry_statement,resolved,288,https://gallica.bnf.fr/ark:/12148/bpt6k5505300s/f312.item
L1912-01794,ORG:normands de paris,affiliation,delegate,1,person_entry_statement,resolved,289,https://gallica.bnf.fr/ark:/12148/bpt6k5505300s/f313.item
L1912-01804,ORG:societe des courses,affiliation,vice_president,1,person_entry_statement,resolved,292,https://gallica.bnf.fr/ark:/12148/bpt6k5505300s/f316.item
L1912-01804,ORG:jury clu concours de sousse,affiliation,member,1,person_entry_statement,resolved,292,https://gallica.bnf.fr/ark:/12148/bpt6k5505300s/f316.item
L1912-01812,L1912-00224,affiliation,director,1,person_entry_statement,resolved,292,https://gallica.bnf.fr/ark:/12148/bpt6k5505300s/f316.item
L1912-01812,ORG:croix verl,affiliation,director,1,person_entry_statement,resolved,292,https://gallica.bnf.fr/ark:/12148/bpt6k5505300s/f316.item
L1912-01822,ORG:alliance israelite de m unis,affiliation,secretary,1,person_entry_statement,resolved,293,https://gallica.bnf.fr/ark:/12148/bpt6k5505300s/f317.item
L1912-01824,ORG:comite de surveillance de l assistance mutuelle tuni,affiliation,member,1,person_entry_statement,resolved,293,https://gallica.bnf.fr/ark:/12148/bpt6k5505300s/f317.item
L1912-01830,ORG:conseil d administration de la societe de bienfaisance italienne de m u,affiliation,member,1,person_entry_statement,resolved,294,https://gallica.bnf.fr/ark:/12148/bpt6k5505300s/f318.item
L1912-01833,ORG:amicale de la presse tunisienne du centre et du sud,affiliation,secretary,1,person_entry_statement,resolved,295,https://gallica.bnf.fr/ark:/12148/bpt6k5505300s/f319.item
L1912-01833,ORG:monts de piete est m,affiliation,director,1,person_entry_statement,resolved,295,https://gallica.bnf.fr/ark:/12148/bpt6k5505300s/f319.item
L1912-01837,ORG:mutuelle tunisienne et de la mutuelle de france et des colonies,affiliation,member,1,person_entry_statement,resolved,295,https://gallica.bnf.fr/ark:/12148/bpt6k5505300s/f319.item
L1912-01839,L1912-00581,affiliation,president,1,person_entry_statement,resolved,296,https://gallica.bnf.fr/ark:/12148/bpt6k5505300s/f320.item
L1912-01839,ORG:conseil superieur de l hopital israelite,affiliation,member,1,person_entry_statement,resolved,296,https://gallica.bnf.fr/ark:/12148/bpt6k5505300s/f320.item
L1912-01839,ORG:banque commerciale tunisienne et de la societe tunisienne des petroles,affiliation,director,1,person_entry_statement,resolved,296,https://gallica.bnf.fr/ark:/12148/bpt6k5505300s/f320.item
L1912-01840,ORG:conseil d administration de la societe de bienfaisance italienne de m u,affiliation,member,1,person_entry_statement,resolved,296,https://gallica.bnf.fr/ark:/12148/bpt6k5505300s/f320.item
L1912-01840,ORG:conseil d administration de l hopital israelite,affiliation,member,1,person_entry_statement,resolved,296,https://gallica.bnf.fr/ark:/12148/bpt6k5505300s/f320.item
L1912-01843,L1912-00721,affiliation,member,1,person_entry_statement,resolved,296,https://gallica.bnf.fr/ark:/12148/bpt6k5505300s/f320.item
L1912-01846,ORG:in societe medico psycologique de floren ce,affiliation,corresponding_member,1,person_entry_statement,resolved,296,https://gallica.bnf.fr/ark:/12148/bpt6k5505300s/f320.item
L1912-01846,ORG:croix rouge italienne,affiliation,delegate,1,person_entry_statement,resolved,296,https://gallica.bnf.fr/ark:/12148/bpt6k5505300s/f320.item
L1912-01851,ORG:cie du gaz et des eaux de tunis,affiliation,director,1,person_entry_statement,resolved,297,https://gallica.bnf.fr/ark:/12148/bpt6k5505300s/f321.item
L1912-01882,ORG:societe des anc,affiliation,founder,1,person_entry_statement,resolved,301,https://gallica.bnf.fr/ark:/12148/bpt6k5505300s/f325.item
L1912-01898,ORG:chambre de commerce du sud,affiliation,member,1,person_entry_statement,resolved,303,https://gallica.bnf.fr/ark:/12148/bpt6k5505300s/f327.item
L1912-01898,L1912-00583,affiliation,member,1,person_entry_statement,resolved,303,https://gallica.bnf.fr/ark:/12148/bpt6k5505300s/f327.item
L1912-01898,L1912-00721,affiliation,member,1,person_entry_statement,resolved,303,https://gallica.bnf.fr/ark:/12148/bpt6k5505300s/f327.item
L1912-01902,ORG:alliance francaise a,affiliation,secretary,1,person_entry_statement,resolved,304,https://gallica.bnf.fr/ark:/12148/bpt6k5505300s/f328.item
L1912-01906,ORG:institut pasteur,affiliation,director,1,person_entry_statement,resolved,306,https://gallica.bnf.fr/ark:/12148/bpt6k5505300s/f330.item
L1912-01908,ORG:societe d instruction populaire superieure,affiliation,vice_president,1,person_entry_statement,resolved,306,https://gallica.bnf.fr/ark:/12148/bpt6k5505300s/f330.item
L1912-01923,ORG:controle civil ffons de greffier huissier a mactar,affiliation,secretary,1,person_entry_statement,resolved,311,https://gallica.bnf.fr/ark:/12148/bpt6k5505300s/f335.item
L1912-01925,L1912-00721,affiliation,member,1,person_entry_statement,resolved,312,https://gallica.bnf.fr/ark:/12148/bpt6k5505300s/f336.item
L1912-01929,ORG:conseil superieur des colonies,affiliation,member,1,person_entry_statement,resolved,313,https://gallica.bnf.fr/ark:/12148/bpt6k5505300s/f337.item
L1912-01933,ORG:societe de geographie italienne de rome,affiliation,president,1,person_entry_statement,resolved,314,https://gallica.bnf.fr/ark:/12148/bpt6k5505300s/f338.item
L1912-01936,ORG:chambre de commerce de bizerte,affiliation,member,1,person_entry_statement,resolved,314,https://gallica.bnf.fr/ark:/12148/bpt6k5505300s/f338.item
L1912-01985,L1912-00084,affiliation,director,1,person_entry_statement,resolved,317,https://gallica.bnf.fr/ark:/12148/bpt6k5505300s/f341.item
L1912-01991,ORG:association mutuelle tunisienne,affiliation,member,1,person_entry_statement,resolved,318,https://gallica.bnf.fr/ark:/12148/bpt6k5505300s/f342.item
L1912-02010,ORG:amicale se condaire,affiliation,vice_president,1,person_entry_statement,resolved,321,https://gallica.bnf.fr/ark:/12148/bpt6k5505300s/f345.item
L1912-02018,ORG:comite de la federation des cercles tunisiens et du cercle de tunis,affiliation,vice_president,1,person_entry_statement,resolved,322,https://gallica.bnf.fr/ark:/12148/bpt6k5505300s/f346.item
L1912-02021,ORG:societe pour la defense clu commerce des grains et derives a m unis,affiliation,vice_president,1,person_entry_statement,resolved,322,https://gallica.bnf.fr/ark:/12148/bpt6k5505300s/f346.item
L1912-02021,ORG:societe des travailleurs francais,affiliation,vice_president,1,person_entry_statement,resolved,322,https://gallica.bnf.fr/ark:/12148/bpt6k5505300s/f346.item
L1912-02022,ORG:association des colons francais de la region de mateur,affiliation,president,1,person_entry_statement,resolved,322,https://gallica.bnf.fr/ark:/12148/bpt6k5505300s/f346.item
L1912-02022,ORG:conference cnnsultive,affiliation,member,1,person_entry_statement,resolved,322,https://gallica.bnf.fr/ark:/12148/bpt6k5505300s/f346.item
L1912-02022,ORG:chambre d agriculture de m unis,affiliation,vice_president,1,person_entry_statement,resolved,322,https://gallica.bnf.fr/ark:/12148/bpt6k5505300s/f346.item
L1912-02024,ORG:societe pour la defense clu commerce des grains et derives a m unis,affiliation,member,1,person_entry_statement,resolved,323,https://gallica.bnf.fr/ark:/12148/bpt6k5505300s/f347.item
L1912-02027,ORG:commission municipale de m ebourba,affiliation,vice_president,1,person_entry_statement,resolved,323,https://gallica.bnf.fr/ark:/12148/bpt6k5505300s/f347.item
L1912-02031,ORG:conseil d administration et caissier de l hopital colonial italien,affiliation,member,1,person_entry_statement,resolved,323,https://gallica.bnf.fr/ark:/12148/bpt6k5505300s/f347.item
L1912-02031,ORG:conseil de l instruction publique en m unisie,affiliation,member,1,person_entry_statement,resolved,323,https://gallica.bnf.fr/ark:/12148/bpt6k5505300s/f347.item
L1912-02033,ORG:conseil d administration,affiliation,secretary,1,person_entry_statement,resolved,324,https://gallica.bnf.fr/ark:/12148/bpt6k5505300s/f348.item
L1912-02034,ORG:confe 3 rence consultative,affiliation,member,1,person_entry_statement,resolved,324,https://gallica.bnf.fr/ark:/12148/bpt6k5505300s/f348.item
L1912-02037,ORG:societe pour la defense clu commerce des grains et derives a m unis,affiliation,member,1,person_entry_statement,resolved,324,https://gallica.bnf.fr/ark:/12148/bpt6k5505300s/f348.item
L1912-02040,ORG:societe des anciens combattants,affiliation,member,1,person_entry_statement,resolved,324,https://gallica.bnf.fr/ark:/12148/bpt6k5505300s/f348.item
L1912-02056,ORG:touring club,affiliation,delegate,1,person_entry_statement,resolved,327,https://gallica.bnf.fr/ark:/12148/bpt6k5505300s/f351.item
L1912-02060,ORG:comite permanent des fetes de m unis,affiliation,member,1,person_entry_statement,resolved,328,https://gallica.bnf.fr/ark:/12148/bpt6k5505300s/f352.item
L1912-02077,ORG:societe des an oiens chasseurs d afrique residant en m unisie,affiliation,secretary,1,person_entry_statement,resolved,330,https://gallica.bnf.fr/ark:/12148/bpt6k5505300s/f354.item
L1912-02084,ORG:congres republicain radical socialiste et socialiste de bizerte,affiliation,secretary_general,1,person_entry_statement,resolved,332,https://gallica.bnf.fr/ark:/12148/bpt6k5505300s/f356.item
L1912-02098,L1912-02406,affiliation,member,1,person_entry_statement,resolved,333,https://gallica.bnf.fr/ark:/12148/bpt6k5505300s/f357.item
L1912-02104,L1912-00721,affiliation,member,1,person_entry_statement,resolved,334,https://gallica.bnf.fr/ark:/12148/bpt6k5505300s/f358.item
L1912-02105,ORG:amicale des employes francais des postes et telegraphes,affiliation,president,1,person_entry_statement,resolved,334,https://gallica.bnf.fr/ark:/12148/bpt6k5505300s/f358.item
L1912-02107,ORG:syndicat des chemins de fer tunisiens et secretaire de ce syndicat,affiliation,founder,1,person_entry_statement,resolved,334,https://gallica.bnf.fr/ark:/12148/bpt6k5505300s/f358.item
L1912-02114,ORG:chambre d agriculture,affiliation,member,1,person_entry_statement,resolved,335,https://gallica.bnf.fr/ark:/12148/bpt6k5505300s/f359.item
L1912-02114,ORG:caisse locale de credit mutuel de souk el khemis,affiliation,director,1,person_entry_statement,resolved,335,https://gallica.bnf.fr/ark:/12148/bpt6k5505300s/f359.item
L1912-02121,ORG:comite directeur de l institut de carthage,affiliation,member,1,person_entry_statement,resolved,336,https://gallica.bnf.fr/ark:/12148/bpt6k5505300s/f360.item
L1912-02121,ORG:institut de carthage et la societe de geographie commerciale de paris,affiliation,secretary,1,person_entry_statement,resolved,336,https://gallica.bnf.fr/ark:/12148/bpt6k5505300s/f360.item
L1912-02122,L1912-00701,affiliation,director,1,person_entry_statement,resolved,336,https://gallica.bnf.fr/ark:/12148/bpt6k5505300s/f360.item
L1912-02122,ORG:comptoir national d escompte de paris en tunisie,affiliation,director,1,person_entry_statement,resolved,336,https://gallica.bnf.fr/ark:/12148/bpt6k5505300s/f360.item
L1912-02122,ORG:municipalite de tunis,affiliation,vice_president,1,person_entry_statement,resolved,336,https://gallica.bnf.fr/ark:/12148/bpt6k5505300s/f360.item
L1912-02122,ORG:comptoir national d escompte de paris en tunisie,affiliation,president,1,person_entry_statement,resolved,336,https://gallica.bnf.fr/ark:/12148/bpt6k5505300s/f360.item
L1912-02122,L1912-00224,affiliation,director,1,person_entry_statement,resolved,336,https://gallica.bnf.fr/ark:/12148/bpt6k5505300s/f360.item
L1912-02122,ORG:harmonie francaise,affiliation,president,1,person_entry_statement,resolved,336,https://gallica.bnf.fr/ark:/12148/bpt6k5505300s/f360.item
L1912-02124,ORG:syndical de la presse tunisienne,affiliation,member,1,person_entry_statement,resolved,336,https://gallica.bnf.fr/ark:/12148/bpt6k5505300s/f360.item
L1912-02126,ORG:syndicat des colons francais de la,affiliation,president,1,person_entry_statement,resolved,337,https://gallica.bnf.fr/ark:/12148/bpt6k5505300s/f361.item
L1912-02131,ORG:internat de garcons de beja,affiliation,director,1,person_entry_statement,resolved,338,https://gallica.bnf.fr/ark:/12148/bpt6k5505300s/f362.item
L1912-02133,ORG:societe des grands moulins de m unis,affiliation,delegate,1,person_entry_statement,resolved,339,https://gallica.bnf.fr/ark:/12148/bpt6k5505300s/f363.item
L1912-02133,ORG:societe pour la defense clu commerce des grains et derives a m unis,affiliation,secretary,1,person_entry_statement,resolved,339,https://gallica.bnf.fr/ark:/12148/bpt6k5505300s/f363.item
L1912-02137,ORG:banque de tunisie il est defendu,affiliation,director,1,person_entry_statement,resolved,339,https://gallica.bnf.fr/ark:/12148/bpt6k5505300s/f363.item
L1912-02140,ORG:societe regionale,affiliation,vice_president,1,person_entry_statement,resolved,340,https://gallica.bnf.fr/ark:/12148/bpt6k5505300s/f364.item
L1912-02148,ORG:comite des l etes de m unis,affiliation,member,1,person_entry_statement,resolved,340,https://gallica.bnf.fr/ark:/12148/bpt6k5505300s/f364.item
L1912-02160,ORG:cercle de beja de la ligue francaise de l enseignement,affiliation,vice_president,1,person_entry_statement,resolved,342,https://gallica.bnf.fr/ark:/12148/bpt6k5505300s/f366.item
L1912-02160,ORG:section de beja des amis des arbres en tunisie,affiliation,vice_president,1,person_entry_statement,resolved,342,https://gallica.bnf.fr/ark:/12148/bpt6k5505300s/f366.item
L1912-02162,ORG:conseil des ministres du gouvernement tunisien,affiliation,president,1,person_entry_statement,resolved,342,https://gallica.bnf.fr/ark:/12148/bpt6k5505300s/f366.item
L1912-02163,ORG:comite des fetes de tunis,affiliation,president,1,person_entry_statement,resolved,343,https://gallica.bnf.fr/ark:/12148/bpt6k5505300s/f367.item
L1912-02164,ORG:alliance francaise en annam,affiliation,delegate,1,person_entry_statement,resolved,343,https://gallica.bnf.fr/ark:/12148/bpt6k5505300s/f367.item
L1912-02164,ORG:institut de carthage et la societe de geographie commerciale de paris,affiliation,secretary_general,1,person_entry_statement,resolved,343,https://gallica.bnf.fr/ark:/12148/bpt6k5505300s/f367.item
L1912-02168,ORG:association des journalistes francais de m unisie,affiliation,vice_president,1,person_entry_statement,resolved,344,https://gallica.bnf.fr/ark:/12148/bpt6k5505300s/f368.item
L1912-02171,ORG:chambre de gommer ce italienne,affiliation,vice_president,1,person_entry_statement,resolved,344,https://gallica.bnf.fr/ark:/12148/bpt6k5505300s/f368.item
L1912-02172,ORG:municipalite a gafsa,affiliation,president,1,person_entry_statement,resolved,345,https://gallica.bnf.fr/ark:/12148/bpt6k5505300s/f369.item
L1912-02172,ORG:chambre mixte de commerce et d agriculture du centre,affiliation,member,1,person_entry_statement,resolved,345,https://gallica.bnf.fr/ark:/12148/bpt6k5505300s/f369.item
L1912-02173,ORG:esl m unisien,affiliation,director,1,person_entry_statement,resolved,345,https://gallica.bnf.fr/ark:/12148/bpt6k5505300s/f369.item
L1912-02173,ORG:comite de,affiliation,member,1,person_entry_statement,resolved,345,https://gallica.bnf.fr/ark:/12148/bpt6k5505300s/f369.item
L1912-02174,ORG:ligne de l enseignement et de la ligue des droits de l homme et du cito,affiliation,member,1,person_entry_statement,resolved,345,https://gallica.bnf.fr/ark:/12148/bpt6k5505300s/f369.item
L1912-02181,ORG:comite des enfants traduits en justice,affiliation,member,1,person_entry_statement,resolved,345,https://gallica.bnf.fr/ark:/12148/bpt6k5505300s/f369.item
L1912-02182,ORG:comptoir national d escompte de paris en tunisie,affiliation,director,1,person_entry_statement,resolved,346,https://gallica.bnf.fr/ark:/12148/bpt6k5505300s/f370.item
L1912-02184,ORG:societe coloniale bordelaise de madagascar,affiliation,director,1,person_entry_statement,resolved,346,https://gallica.bnf.fr/ark:/12148/bpt6k5505300s/f370.item
L1912-02192,ORG:etat a l interieur,affiliation,secretary,1,person_entry_statement,resolved,347,https://gallica.bnf.fr/ark:/12148/bpt6k5505300s/f371.item
L1912-02192,ORG:municipalite de la goulette de 1,affiliation,delegate,1,person_entry_statement,resolved,347,https://gallica.bnf.fr/ark:/12148/bpt6k5505300s/f371.item
L1912-02192,ORG:societe de secours mutuels des anciens militaires cle la marine,affiliation,president,1,person_entry_statement,resolved,347,https://gallica.bnf.fr/ark:/12148/bpt6k5505300s/f371.item
L1912-02193,ORG:service de sante de la division de constantine,affiliation,director,1,person_entry_statement,resolved,347,https://gallica.bnf.fr/ark:/12148/bpt6k5505300s/f371.item
L1912-02193,ORG:societe de medecine de nancy,affiliation,member,1,person_entry_statement,resolved,347,https://gallica.bnf.fr/ark:/12148/bpt6k5505300s/f371.item
L1912-02205,ORG:cercl e international de mahdia,affiliation,vice_president,1,person_entry_statement,resolved,349,https://gallica.bnf.fr/ark:/12148/bpt6k5505300s/f373.item
L1912-02205,ORG:compagnie des eaux thermales et du domaine de korbous,affiliation,director,1,person_entry_statement,resolved,349,https://gallica.bnf.fr/ark:/12148/bpt6k5505300s/f373.item
L1912-02207,ORG:comice agricole et de la societe d elevage des cantons de vienne et rou,affiliation,secretary_general,1,person_entry_statement,resolved,350,https://gallica.bnf.fr/ark:/12148/bpt6k5505300s/f374.item
L1912-02207,ORG:cercle de la ligue de l enseignement de kairouan,affiliation,vice_president,1,person_entry_statement,resolved,350,https://gallica.bnf.fr/ark:/12148/bpt6k5505300s/f374.item
L1912-02208,ORG:chambre des avoues,affiliation,president,1,person_entry_statement,resolved,350,https://gallica.bnf.fr/ark:/12148/bpt6k5505300s/f374.item
L1912-02208,ORG:controle civil ffons de greffier huissier a mactar,affiliation,secretary,1,person_entry_statement,resolved,350,https://gallica.bnf.fr/ark:/12148/bpt6k5505300s/f374.item
L1912-02223,ORG:municipalite de nabeul,affiliation,vice_president,1,person_entry_statement,resolved,353,https://gallica.bnf.fr/ark:/12148/bpt6k5505300s/f377.item
L1912-02223,ORG:societe de tir du capbon,affiliation,vice_president,1,person_entry_statement,resolved,353,https://gallica.bnf.fr/ark:/12148/bpt6k5505300s/f377.item
L1912-02225,ORG:syndicat des entrepreneurs francais,affiliation,president,1,person_entry_statement,resolved,353,https://gallica.bnf.fr/ark:/12148/bpt6k5505300s/f377.item
L1912-02226,ORG:gouvernement pres la caisse de bienfaisance israelite,affiliation,delegate,1,person_entry_statement,resolved,354,https://gallica.bnf.fr/ark:/12148/bpt6k5505300s/f378.item
L1912-02228,ORG:conseil d administration de l hopital israelite,affiliation,member,1,person_entry_statement,resolved,354,https://gallica.bnf.fr/ark:/12148/bpt6k5505300s/f378.item
L1912-02233,ORG:comite de propagande de la societe mutuelle ouvriere israelite,affiliation,member,1,person_entry_statement,resolved,354,https://gallica.bnf.fr/ark:/12148/bpt6k5505300s/f378.item
L1912-02233,ORG:chambre italienne de commerce et membre de l association des anciens el,affiliation,member,1,person_entry_statement,resolved,354,https://gallica.bnf.fr/ark:/12148/bpt6k5505300s/f378.item
L1912-02257,ORG:comite de la khaldounia,affiliation,member,1,person_entry_statement,resolved,357,https://gallica.bnf.fr/ark:/12148/bpt6k5505300s/f381.item
L1912-02257,L1912-00556,affiliation,member,1,person_entry_statement,resolved,357,https://gallica.bnf.fr/ark:/12148/bpt6k5505300s/f381.item
L1912-02261,ORG:conseil de l ordre,affiliation,member,1,person_entry_statement,resolved,358,https://gallica.bnf.fr/ark:/12148/bpt6k5505300s/f382.item
L1912-02262,ORG:societe sportive,affiliation,member,1,person_entry_statement,resolved,358,https://gallica.bnf.fr/ark:/12148/bpt6k5505300s/f382.item
L1912-02267,ORG:societe des anciens eleves des ecoles italiennes de tunis,affiliation,treasurer,1,person_entry_statement,resolved,358,https://gallica.bnf.fr/ark:/12148/bpt6k5505300s/f382.item
L1912-02269,ORG:conseil d administration de l hopital israelite,affiliation,vice_president,1,person_entry_statement,resolved,358,https://gallica.bnf.fr/ark:/12148/bpt6k5505300s/f382.item
L1912-02271,ORG:societe vaudoise des sciences naturelles,affiliation,member,1,person_entry_statement,resolved,359,https://gallica.bnf.fr/ark:/12148/bpt6k5505300s/f383.item
L1912-02273,ORG:societe hippique du sahel,affiliation,vice_president,1,person_entry_statement,resolved,359,https://gallica.bnf.fr/ark:/12148/bpt6k5505300s/f383.item
L1912-02279,ORG:institut de carthage et la societe de geographie commerciale de paris,affiliation,member,1,person_entry_statement,resolved,360,https://gallica.bnf.fr/ark:/12148/bpt6k5505300s/f384.item
L1912-02285,ORG:comite du cercle republicain,affiliation,member,1,person_entry_statement,resolved,361,https://gallica.bnf.fr/ark:/12148/bpt6k5505300s/f385.item
L1912-02288,ORG:conseil superieur de l assistance mutuelle tunisienne,affiliation,member,1,person_entry_statement,resolved,361,https://gallica.bnf.fr/ark:/12148/bpt6k5505300s/f385.item
L1912-02289,L1912-00721,affiliation,member,1,person_entry_statement,resolved,362,https://gallica.bnf.fr/ark:/12148/bpt6k5505300s/f386.item
L1912-02289,ORG:syndicat des entrepreneurs francais de tunisie,affiliation,vice_president,1,person_entry_statement,resolved,362,https://gallica.bnf.fr/ark:/12148/bpt6k5505300s/f386.item
L1912-02289,ORG:conseil d administration de l action republicaine,affiliation,member,1,person_entry_statement,resolved,362,https://gallica.bnf.fr/ark:/12148/bpt6k5505300s/f386.item
L1912-02291,ORG:societe tropicale de paris,affiliation,member,1,person_entry_statement,resolved,362,https://gallica.bnf.fr/ark:/12148/bpt6k5505300s/f386.item
L1912-02291,ORG:comite de la societe de secours mutuels et de la section esperantisle d,affiliation,member,1,person_entry_statement,resolved,362,https://gallica.bnf.fr/ark:/12148/bpt6k5505300s/f386.item
L1912-02292,ORG:conseil de l ordre a la conference des avocats stagiaires,affiliation,member,1,person_entry_statement,resolved,362,https://gallica.bnf.fr/ark:/12148/bpt6k5505300s/f386.item
L1912-02292,ORG:conseil de l ordre a la conference des avocats stagiaires,affiliation,delegate,1,person_entry_statement,resolved,362,https://gallica.bnf.fr/ark:/12148/bpt6k5505300s/f386.item
L1912-02292,ORG:conseil de surveillance cle l hopital israelite de tunis et de l associ,affiliation,president,1,person_entry_statement,resolved,362,https://gallica.bnf.fr/ark:/12148/bpt6k5505300s/f386.item
L1912-02323,L1912-01459,affiliation,president,1,person_entry_statement,resolved,365,https://gallica.bnf.fr/ark:/12148/bpt6k5505300s/f389.item
L1912-02332,ORG:conseil d administration des i labous,affiliation,president,1,person_entry_statement,resolved,366,https://gallica.bnf.fr/ark:/12148/bpt6k5505300s/f390.item
L1912-02332,L1912-01459,affiliation,member,1,person_entry_statement,resolved,366,https://gallica.bnf.fr/ark:/12148/bpt6k5505300s/f390.item
L1912-02338,ORG:controles civils de souk el arba et de bizerle,affiliation,secretary,1,person_entry_statement,resolved,369,https://gallica.bnf.fr/ark:/12148/bpt6k5505300s/f393.item
L1912-02339,ORG:chambre d agriculture de l ile de la reunion,affiliation,president,1,person_entry_statement,resolved,369,https://gallica.bnf.fr/ark:/12148/bpt6k5505300s/f393.item
L1912-02387,ORG:chambre cle commerce de tunis,affiliation,member,1,person_entry_statement,resolved,372,https://gallica.bnf.fr/ark:/12148/bpt6k5505300s/f396.item
L1912-02390,ORG:comite de defense republicaine aux colonies,affiliation,treasurer,1,person_entry_statement,resolved,372,https://gallica.bnf.fr/ark:/12148/bpt6k5505300s/f396.item
L1912-02391,ORG:libre pensee de tunis,affiliation,founder,1,person_entry_statement,resolved,372,https://gallica.bnf.fr/ark:/12148/bpt6k5505300s/f396.item
L1912-02391,ORG:societe de bienfaisance de tunis,affiliation,member,1,person_entry_statement,resolved,372,https://gallica.bnf.fr/ark:/12148/bpt6k5505300s/f396.item
L1912-02391,ORG:cercle republicain democratique cle chalons sur marne,affiliation,member,1,person_entry_statement,resolved,372,https://gallica.bnf.fr/ark:/12148/bpt6k5505300s/f396.item
L1912-02445,ORG:chambre d agriculture,affiliation,member,1,person_entry_statement,resolved,381,https://gallica.bnf.fr/ark:/12148/bpt6k5505300s/f405.item
L1912-02447,ORG:association des journalistes francais,affiliation,member,1,person_entry_statement,resolved,381,https://gallica.bnf.fr/ark:/12148/bpt6k5505300s/f405.item
L1912-02455,ORG:chambre d agriculture,affiliation,member,1,person_entry_statement,resolved,381,https://gallica.bnf.fr/ark:/12148/bpt6k5505300s/f405.item
L1912-02477,ORG:conseil de l ordre a la conference des avocats stagiaires,affiliation,member,1,person_entry_statement,resolved,385,https://gallica.bnf.fr/ark:/12148/bpt6k5505300s/f409.item
L1912-02483,ORG:commission municipale des logements insalubres,affiliation,member,1,person_entry_statement,resolved,386,https://gallica.bnf.fr/ark:/12148/bpt6k5505300s/f410.item
L1912-02485,ORG:institut de carthage et la societe de geographie commerciale de paris,affiliation,member,1,person_entry_statement,resolved,386,https://gallica.bnf.fr/ark:/12148/bpt6k5505300s/f410.item
L1912-02487,ORG:bibliotheque populaire de kairouan et,affiliation,founder,1,person_entry_statement,resolved,386,https://gallica.bnf.fr/ark:/12148/bpt6k5505300s/f410.item
L1912-02489,ORG:societe de bienfaisance,affiliation,member,1,person_entry_statement,resolved,387,https://gallica.bnf.fr/ark:/12148/bpt6k5505300s/f411.item
L1912-02490,ORG:service municipal des pompes funebres,affiliation,director,1,person_entry_statement,resolved,387,https://gallica.bnf.fr/ark:/12148/bpt6k5505300s/f411.item
L1912-02553,ORG:societe civile miniere de la mohammedia,affiliation,director,1,person_entry_statement,resolved,396,https://gallica.bnf.fr/ark:/12148/bpt6k5505300s/f420.item
L1912-02557,ORG:cercle tunisien de lu,affiliation,vice_president,1,person_entry_statement,resolved,396,https://gallica.bnf.fr/ark:/12148/bpt6k5505300s/f420.item
L1912-02557,ORG:conseil de perfectionnement de l ecole emile loubet el du conseil centr,affiliation,member,1,person_entry_statement,resolved,396,https://gallica.bnf.fr/ark:/12148/bpt6k5505300s/f420.item
L1912-02557,ORG:commission chargee d etudier,affiliation,member,1,person_entry_statement,resolved,396,https://gallica.bnf.fr/ark:/12148/bpt6k5505300s/f420.item
L1912-02560,ORG:comite de la societe francaise de bienfaisance,affiliation,member,1,person_entry_statement,resolved,400,https://gallica.bnf.fr/ark:/12148/bpt6k5505300s/f424.item
L1912-02566,ORG:monopoles a tunis,affiliation,director,1,person_entry_statement,resolved,402,https://gallica.bnf.fr/ark:/12148/bpt6k5505300s/f426.item
L1912-02570,ORG:cercle republicain de tunis,affiliation,member,1,person_entry_statement,resolved,402,https://gallica.bnf.fr/ark:/12148/bpt6k5505300s/f426.item
L1912-02576,ORG:syndicat de la presse periodique du sud ouest,affiliation,secretary,1,person_entry_statement,resolved,402,https://gallica.bnf.fr/ark:/12148/bpt6k5505300s/f426.item
L1912-02576,ORG:sauveteurs me tou tra dailles du gouvernement,affiliation,secretary_general,1,person_entry_statement,resolved,402,https://gallica.bnf.fr/ark:/12148/bpt6k5505300s/f426.item
L1912-02576,ORG:association des publicistes,affiliation,member,1,person_entry_statement,resolved,402,https://gallica.bnf.fr/ark:/12148/bpt6k5505300s/f426.item
L1912-02576,ORG:amicale de la presse a sousse,affiliation,founder,1,person_entry_statement,resolved,402,https://gallica.bnf.fr/ark:/12148/bpt6k5505300s/f426.item
L1912-02581,ORG:syndicat general obligatoire des viticulteurs de la regence de tunis,affiliation,treasurer,1,person_entry_statement,resolved,403,https://gallica.bnf.fr/ark:/12148/bpt6k5505300s/f427.item
L1912-02587,ORG:section de tunis de l alliance francaise,affiliation,vice_president,1,person_entry_statement,resolved,406,https://gallica.bnf.fr/ark:/12148/bpt6k5505300s/f430.item
L1912-02602,ORG:societe de bienfaisance et de la bibliotheque populaire,affiliation,president,1,person_entry_statement,resolved,408,https://gallica.bnf.fr/ark:/12148/bpt6k5505300s/f432.item
L1912-02604,ORG:abattoirs de tunis,affiliation,director,1,person_entry_statement,resolved,409,https://gallica.bnf.fr/ark:/12148/bpt6k5505300s/f433.item
L1912-02604,ORG:comite cle la ligue de l enseignement,affiliation,member,1,person_entry_statement,resolved,409,https://gallica.bnf.fr/ark:/12148/bpt6k5505300s/f433.item
L1912-02617,ORG:societe regionale,affiliation,vice_president,1,person_entry_statement,resolved,416,https://gallica.bnf.fr/ark:/12148/bpt6k5505300s/f440.item
L1912-02629,ORG:services administratifs de la municipajite de tunis dep,affiliation,director,1,person_entry_statement,resolved,419,https://gallica.bnf.fr/ark:/12148/bpt6k5505300s/f443.item
L1912-02632,ORG:conseil de l ordre,affiliation,member,1,person_entry_statement,resolved,420,https://gallica.bnf.fr/ark:/12148/bpt6k5505300s/f444.item
L1912-02634,ORG:institut de carthage et la societe de geographie commerciale de paris,affiliation,secretary,1,person_entry_statement,resolved,420,https://gallica.bnf.fr/ark:/12148/bpt6k5505300s/f444.item
L1912-02634,ORG:section tunisienne au congres de geographie de saint etienne,affiliation,delegate,1,person_entry_statement,resolved,420,https://gallica.bnf.fr/ark:/12148/bpt6k5505300s/f444.item
L1912-02635,ORG:association generale des etudiants de tunis,affiliation,founder,1,person_entry_statement,resolved,420,https://gallica.bnf.fr/ark:/12148/bpt6k5505300s/f444.item
L1912-02639,L1912-00139,affiliation,treasurer,1,person_entry_statement,resolved,421,https://gallica.bnf.fr/ark:/12148/bpt6k5505300s/f445.item
L1912-02644,ORG:tribunal mixte a tunis,affiliation,rapporteur,1,person_entry_statement,resolved,422,https://gallica.bnf.fr/ark:/12148/bpt6k5505300s/f446.item
L1912-02647,ORG:salon tunisien de 1,affiliation,vice_president,1,person_entry_statement,resolved,422,https://gallica.bnf.fr/ark:/12148/bpt6k5505300s/f446.item
L1912-02647,ORG:salon tunisien do 1,affiliation,president,1,person_entry_statement,resolved,422,https://gallica.bnf.fr/ark:/12148/bpt6k5505300s/f446.item
L1912-02647,L1912-02495,affiliation,member,1,person_entry_statement,resolved,422,https://gallica.bnf.fr/ark:/12148/bpt6k5505300s/f446.item
L1912-02649,ORG:societe d assistance mutuelle en cas cle deces outre les fonctionnaires,affiliation,president,1,person_entry_statement,resolved,423,https://gallica.bnf.fr/ark:/12148/bpt6k5505300s/f447.item
L1912-02649,ORG:comite local cle l orphelinat de l enseignement primaire,affiliation,vice_president,1,person_entry_statement,resolved,423,https://gallica.bnf.fr/ark:/12148/bpt6k5505300s/f447.item
L1912-02649,ORG:chambre alixte de commerce et d agriculture du centre,affiliation,member,1,person_entry_statement,resolved,423,https://gallica.bnf.fr/ark:/12148/bpt6k5505300s/f447.item
L1912-02649,L1912-00721,affiliation,member,1,person_entry_statement,resolved,423,https://gallica.bnf.fr/ark:/12148/bpt6k5505300s/f447.item
L1912-02651,ORG:syndicat pour la defense du comm,affiliation,president,1,person_entry_statement,resolved,423,https://gallica.bnf.fr/ark:/12148/bpt6k5505300s/f447.item
L1912-02657,L1912-01459,affiliation,member,1,person_entry_statement,resolved,424,https://gallica.bnf.fr/ark:/12148/bpt6k5505300s/f448.item
L1912-02659,ORG:comite local cle l orphelinat de l enseignement primaire,affiliation,treasurer,1,person_entry_statement,resolved,424,https://gallica.bnf.fr/ark:/12148/bpt6k5505300s/f448.item
L1912-02659,ORG:conseil d administration de la cooperative l epargne tunisienne,affiliation,member,1,person_entry_statement,resolved,424,https://gallica.bnf.fr/ark:/12148/bpt6k5505300s/f448.item
L1912-02661,ORG:ecole primaire super,affiliation,director,1,person_entry_statement,resolved,425,https://gallica.bnf.fr/ark:/12148/bpt6k5505300s/f449.item
L1912-02661,ORG:cercle de la ligue de l enseignement a sousse,affiliation,founder,1,person_entry_statement,resolved,425,https://gallica.bnf.fr/ark:/12148/bpt6k5505300s/f449.item
L1912-02666,ORG:societes suivantes gauloise,affiliation,member,1,person_entry_statement,resolved,426,https://gallica.bnf.fr/ark:/12148/bpt6k5505300s/f450.item
L1912-02675,ORG:societe de l asile garibaldi,affiliation,founder,1,person_entry_statement,resolved,428,https://gallica.bnf.fr/ark:/12148/bpt6k5505300s/f452.item
L1912-02675,ORG:circolo cattolico di mutuo soccorso,affiliation,president,1,person_entry_statement,resolved,428,https://gallica.bnf.fr/ark:/12148/bpt6k5505300s/f452.item
L1912-02675,ORG:societe typographique,affiliation,founder,1,person_entry_statement,resolved,428,https://gallica.bnf.fr/ark:/12148/bpt6k5505300s/f452.item
L1912-02682,ORG:caisse regionale de credit mutuel du nord de la regence,affiliation,vice_president,1,person_entry_statement,resolved,430,https://gallica.bnf.fr/ark:/12148/bpt6k5505300s/f454.item
L1912-02682,ORG:association des colons francais du mornag,affiliation,vice_president,1,person_entry_statement,resolved,430,https://gallica.bnf.fr/ark:/12148/bpt6k5505300s/f454.item
L1912-02687,L1912-00721,affiliation,member,1,person_entry_statement,resolved,430,https://gallica.bnf.fr/ark:/12148/bpt6k5505300s/f454.item
L1912-02688,ORG:societe,affiliation,vice_president,1,person_entry_statement,resolved,430,https://gallica.bnf.fr/ark:/12148/bpt6k5505300s/f454.item
L1912-02689,ORG:societe astronomique de france,affiliation,member,1,person_entry_statement,resolved,430,https://gallica.bnf.fr/ark:/12148/bpt6k5505300s/f454.item
L1912-02691,ORG:service de sante de la division d occupation cle tunisie,affiliation,director,1,person_entry_statement,resolved,431,https://gallica.bnf.fr/ark:/12148/bpt6k5505300s/f455.item
L1912-02702,ORG:comite de,affiliation,member,1,person_entry_statement,resolved,433,https://gallica.bnf.fr/ark:/12148/bpt6k5505300s/f457.item
L1912-02709,ORG:conseil d administration,affiliation,member,1,person_entry_statement,resolved,434,https://gallica.bnf.fr/ark:/12148/bpt6k5505300s/f458.item
L1912-02709,ORG:commission de renovation des arts indigenes,affiliation,member,1,person_entry_statement,resolved,434,https://gallica.bnf.fr/ark:/12148/bpt6k5505300s/f458.item
L1912-02710,L1912-00556,affiliation,founder,1,person_entry_statement,resolved,434,https://gallica.bnf.fr/ark:/12148/bpt6k5505300s/f458.item
L1912-02711,L1912-00556,affiliation,member,1,person_entry_statement,resolved,434,https://gallica.bnf.fr/ark:/12148/bpt6k5505300s/f458.item
L1912-02727,ORG:comite des courses,affiliation,member,1,person_entry_statement,resolved,435,https://gallica.bnf.fr/ark:/12148/bpt6k5505300s/f459.item
L1912-02743,ORG:societe des mines de guelma,affiliation,director,1,person_entry_statement,resolved,436,https://gallica.bnf.fr/ark:/12148/bpt6k5505300s/f460.item
L1912-02743,ORG:mines clu koudiatel i iamra,affiliation,director,1,person_entry_statement,resolved,436,https://gallica.bnf.fr/ark:/12148/bpt6k5505300s/f460.item
L1912-02743,ORG:comite de la bibliotheque populaire de ferryville,affiliation,president,1,person_entry_statement,resolved,436,https://gallica.bnf.fr/ark:/12148/bpt6k5505300s/f460.item
L1912-02743,ORG:ligue i ranco italienne,affiliation,member,1,person_entry_statement,resolved,436,https://gallica.bnf.fr/ark:/12148/bpt6k5505300s/f460.item
L1912-02743,ORG:conseil d administration uu l,affiliation,member,1,person_entry_statement,resolved,436,https://gallica.bnf.fr/ark:/12148/bpt6k5505300s/f460.item
L1912-02743,L1912-02495,affiliation,member,1,person_entry_statement,resolved,436,https://gallica.bnf.fr/ark:/12148/bpt6k5505300s/f460.item
L1912-02743,ORG:uessos pohoomull brothers,affiliation,director,1,person_entry_statement,resolved,436,https://gallica.bnf.fr/ark:/12148/bpt6k5505300s/f460.item
L1912-02743,ORG:union gene,affiliation,president,1,person_entry_statement,resolved,436,https://gallica.bnf.fr/ark:/12148/bpt6k5505300s/f460.item
L1912-02743,ORG:societe,affiliation,president,1,person_entry_statement,resolved,436,https://gallica.bnf.fr/ark:/12148/bpt6k5505300s/f460.item
L1912-02743,ORG:comite permanent,affiliation,president,1,person_entry_statement,resolved,436,https://gallica.bnf.fr/ark:/12148/bpt6k5505300s/f460.item
L1912-02743,ORG:association des comptables de tunisie,affiliation,president,1,person_entry_statement,resolved,436,https://gallica.bnf.fr/ark:/12148/bpt6k5505300s/f460.item
L1912-02743,ORG:societe britannique de bienfaisance,affiliation,president,1,person_entry_statement,resolved,436,https://gallica.bnf.fr/ark:/12148/bpt6k5505300s/f460.item
L1912-02743,L1912-00580,affiliation,president,1,person_entry_statement,resolved,436,https://gallica.bnf.fr/ark:/12148/bpt6k5505300s/f460.item
L1912-02743,ORG:chambre cle commerce britannique,affiliation,vice_president,1,person_entry_statement,resolved,436,https://gallica.bnf.fr/ark:/12148/bpt6k5505300s/f460.item
L1912-02743,ORG:conseil d administration de la societe anonyme des mines de sidi driss,affiliation,president,1,person_entry_statement,resolved,436,https://gallica.bnf.fr/ark:/12148/bpt6k5505300s/f460.item
L1912-02743,ORG:conseil d administration de la societe de bienfaisance italienne de m u,affiliation,councillor,1,person_entry_statement,resolved,436,https://gallica.bnf.fr/ark:/12148/bpt6k5505300s/f460.item
L1912-02743,ORG:societe dan le alighieri,affiliation,member,1,person_entry_statement,resolved,436,https://gallica.bnf.fr/ark:/12148/bpt6k5505300s/f460.item
L1912-02743,ORG:mines de guejma a ain imara,affiliation,director,1,person_entry_statement,resolved,436,https://gallica.bnf.fr/ark:/12148/bpt6k5505300s/f460.item
L1912-02743,ORG:societe des dragages cle l indo chine,affiliation,director,1,person_entry_statement,resolved,436,https://gallica.bnf.fr/ark:/12148/bpt6k5505300s/f460.item
L1912-02743,ORG:chambre de commerce i anglo maltaise,affiliation,member,1,person_entry_statement,resolved,436,https://gallica.bnf.fr/ark:/12148/bpt6k5505300s/f460.item
L1912-02743,ORG:club gullonberg,affiliation,member,1,person_entry_statement,resolved,436,https://gallica.bnf.fr/ark:/12148/bpt6k5505300s/f460.item
L1912-02743,ORG:institut de carthage et la societe de geographie commerciale de paris,affiliation,member,1,person_entry_statement,resolved,436,https://gallica.bnf.fr/ark:/12148/bpt6k5505300s/f460.item
L1912-02743,ORG:conseil d administration cle la mutuelle maternelle israelite,affiliation,vice_president,1,person_entry_statement,resolved,436,https://gallica.bnf.fr/ark:/12148/bpt6k5505300s/f460.item
L1912-02743,ORG:commission des honneurs et membre consultatif de la societe de secours,affiliation,president,1,person_entry_statement,resolved,436,https://gallica.bnf.fr/ark:/12148/bpt6k5505300s/f460.item
L1912-02743,ORG:conseil d administration cle,affiliation,member,1,person_entry_statement,resolved,436,https://gallica.bnf.fr/ark:/12148/bpt6k5505300s/f460.item
L1912-02743,ORG:conseil d administration,affiliation,member,1,person_entry_statement,resolved,436,https://gallica.bnf.fr/ark:/12148/bpt6k5505300s/f460.item
L1912-02743,ORG:comite cle la c,affiliation,member,1,person_entry_statement,resolved,436,https://gallica.bnf.fr/ark:/12148/bpt6k5505300s/f460.item
L1912-00192,L1912-00005,property_owner,property_owner,1,place_entry,resolved,1,https://gallica.bnf.fr/ark:/12148/bpt6k5505300s/f25.item
NAME:DELSOL,L1912-00005,property_owner,property_owner,1,place_entry,unmatched,1,https://gallica.bnf.fr/ark:/12148/bpt6k5505300s/f25.item
NAME:SOLANET,L1912-00005,property_owner,property_owner,1,place_entry,unmatched,1,https://gallica.bnf.fr/ark:/12148/bpt6k5505300s/f25.item
L1912-02687,L1912-00005,property_owner,property_owner,1,place_entry,resolved,1,https://gallica.bnf.fr/ark:/12148/bpt6k5505300s/f25.item
NAME:BOUYOU,L1912-00009,property_owner,property_owner,1,place_entry,unmatched,1,https://gallica.bnf.fr/ark:/12148/bpt6k5505300s/f25.item
NAME:JOUAFFRE,L1912-00009,property_owner,property_owner,1,place_entry,unmatched,1,https://gallica.bnf.fr/ark:/12148/bpt6k5505300s/f25.item
NAME:MONTGOLFIER,L1912-00009,property_owner,property_owner,1,place_entry,unmatched,1,https://gallica.bnf.fr/ark:/12148/bpt6k5505300s/f25.item
NAME:BAZIGNAN,L1912-00054,property_owner,property_owner,1,place_entry,unmatched,6,https://gallica.bnf.fr/ark:/12148/bpt6k5505300s/f30.item
NAME:BOISSONNAS,L1912-00054,property_owner,property_owner,1,place_entry,unmatched,6,https://gallica.bnf.fr/ark:/12148/bpt6k5505300s/f30.item
L1912-02684,L1912-00054,property_owner,property_owner,1,place_entry,resolved,6,https://gallica.bnf.fr/ark:/12148/bpt6k5505300s/f30.item
NAME:DULILLI,L1912-00203,property_owner,property_owner,1,place_entry,unmatched,45,https://gallica.bnf.fr/ark:/12148/bpt6k5505300s/f69.item
NAME:LUNARDELH,L1912-00203,property_owner,property_owner,1,place_entry,unmatched,45,https://gallica.bnf.fr/ark:/12148/bpt6k5505300s/f69.item
NAME:BOURNAT,L1912-00203,property_owner,property_owner,1,place_entry,unmatched,45,https://gallica.bnf.fr/ark:/12148/bpt6k5505300s/f69.item
L1912-01335,L1912-00284,property_owner,property_owner,1,place_entry,resolved_fuzzy,54,https://gallica.bnf.fr/ark:/12148/bpt6k5505300s/f78.item
NAME:A I,L1912-00289,property_owner,property_owner,1,place_entry,unmatched,54,https://gallica.bnf.fr/ark:/12148/bpt6k5505300s/f78.item
NAME:BOURKE,L1912-00303,property_owner,property_owner,1,place_entry,unmatched,55,https://gallica.bnf.fr/ark:/12148/bpt6k5505300s/f79.item
L1912-00170,L1912-00356,property_owner,property_owner,1,place_entry,resolved_fuzzy,63,https://gallica.bnf.fr/ark:/12148/bpt6k5505300s/f87.item
NAME:BAROS,L1912-00356,property_owner,property_owner,1,place_entry,ambiguous_fuzzy,63,https://gallica.bnf.fr/ark:/12148/bpt6k5505300s/f87.item
NAME:BLACHE,L1912-00356,property_owner,property_owner,1,place_entry,unmatched,63,https://gallica.bnf.fr/ark:/12148/bpt6k5505300s/f87.item
NAME:DEPERT,L1912-00356,property_owner,property_owner,1,place_entry,unmatched,63,https://gallica.bnf.fr/ark:/12148/bpt6k5505300s/f87.item
NAME:DOULRE,L1912-00356,property_owner,property_owner,1,place_entry,unmatched,63,https://gallica.bnf.fr/ark:/12148/bpt6k5505300s/f87.item
NAME:FAVART,L1912-00356,property_owner,property_owner,1,place_entry,unmatched,63,https://gallica.bnf.fr/ark:/12148/bpt6k5505300s/f87.item
NAME:FOREST DIVONNE,L1912-00356,property_owner,property_owner,1,place_entry,unmatched,63,https://gallica.bnf.fr/ark:/12148/bpt6k5505300s/f87.item
NAME:LHUIILIER,L1912-00356,property_owner,property_owner,1,place_entry,unmatched,63,https://gallica.bnf.fr/ark:/12148/bpt6k5505300s/f87.item
NAME:ALACBUEL,L1912-00356,property_owner,property_owner,1,place_entry,unmatched,63,https://gallica.bnf.fr/ark:/12148/bpt6k5505300s/f87.item
NAME:PRODEL,L1912-00356,property_owner,property_owner,1,place_entry,unmatched,63,https://gallica.bnf.fr/ark:/12148/bpt6k5505300s/f87.item
NAME:ROUET,L1912-00356,property_owner,property_owner,1,place_entry,unmatched,63,https://gallica.bnf.fr/ark:/12148/bpt6k5505300s/f87.item
NAME:SCBARLER,L1912-00356,property_owner,property_owner,1,place_entry,unmatched,63,https://gallica.bnf.fr/ark:/12148/bpt6k5505300s/f87.item
L1912-02549,L1912-00356,property_owner,property_owner,1,place_entry,resolved_fuzzy,63,https://gallica.bnf.fr/ark:/12148/bpt6k5505300s/f87.item
NAME:VASSEUR,L1912-00356,property_owner,property_owner,1,place_entry,unmatched,63,https://gallica.bnf.fr/ark:/12148/bpt6k5505300s/f87.item
L1912-01683,L1912-00356,property_owner,property_owner,1,place_entry,resolved_fuzzy,63,https://gallica.bnf.fr/ark:/12148/bpt6k5505300s/f87.item
NAME:CHENAVARD,L1912-00394,property_owner,property_owner,1,place_entry,unmatched,68,https://gallica.bnf.fr/ark:/12148/bpt6k5505300s/f92.item
NAME:DUMONT,L1912-00395,property_owner,property_owner,1,place_entry,ambiguous,69,https://gallica.bnf.fr/ark:/12148/bpt6k5505300s/f93.item
NAME:GERZ,L1912-00395,property_owner,property_owner,1,place_entry,unmatched,69,https://gallica.bnf.fr/ark:/12148/bpt6k5505300s/f93.item
NAME:GNECCO,L1912-00395,property_owner,property_owner,1,place_entry,unmatched,69,https://gallica.bnf.fr/ark:/12148/bpt6k5505300s/f93.item
NAME:REVEYRON,L1912-00396,property_owner,property_owner,1,place_entry,unmatched,69,https://gallica.bnf.fr/ark:/12148/bpt6k5505300s/f93.item
L1912-02602,L1912-00399,property_owner,property_owner,1,place_entry,resolved,69,https://gallica.bnf.fr/ark:/12148/bpt6k5505300s/f93.item
NAME:BOU REMACLA,L1912-00440,property_owner,property_owner,1,place_entry,unmatched,73,https://gallica.bnf.fr/ark:/12148/bpt6k5505300s/f97.item
NAME:LAGRENOE,L1912-00590,property_owner,property_owner,1,place_entry,unmatched,105,https://gallica.bnf.fr/ark:/12148/bpt6k5505300s/f129.item
NAME:DUCHAPT,L1912-00622,property_owner,property_owner,1,place_entry,unmatched,112,https://gallica.bnf.fr/ark:/12148/bpt6k5505300s/f136.item
NAME:TOREZ,L1912-00622,property_owner,property_owner,1,place_entry,unmatched,112,https://gallica.bnf.fr/ark:/12148/bpt6k5505300s/f136.item
NAME:TEMPACH,L1912-00622,property_owner,property_owner,1,place_entry,unmatched,112,https://gallica.bnf.fr/ark:/12148/bpt6k5505300s/f136.item
NAME:MUDRY,L1912-00622,property_owner,property_owner,1,place_entry,unmatched,112,https://gallica.bnf.fr/ark:/12148/bpt6k5505300s/f136.item
NAME:DUMONT,L1912-00649,property_owner,property_owner,1,place_entry,ambiguous,115,https://gallica.bnf.fr/ark:/12148/bpt6k5505300s/f139.item
NAME:TESI,L1912-00784,property_owner,property_owner,1,place_entry,unmatched,147,https://gallica.bnf.fr/ark:/12148/bpt6k5505300s/f171.item
L1912-01704,L1912-00805,property_owner,property_owner,1,place_entry,resolved,150,https://gallica.bnf.fr/ark:/12148/bpt6k5505300s/f174.item
NAME:LAGRENEE,L1912-00861,property_owner,property_owner,1,place_entry,unmatched,158,https://gallica.bnf.fr/ark:/12148/bpt6k5505300s/f182.item
L1912-00384,L1912-00872,property_owner,property_owner,1,place_entry,resolved_fuzzy,158,https://gallica.bnf.fr/ark:/12148/bpt6k5505300s/f182.item
NAME:LICARI,L1912-00872,property_owner,property_owner,1,place_entry,unmatched,158,https://gallica.bnf.fr/ark:/12148/bpt6k5505300s/f182.item
NAME:DONEGANI,L1912-00875,property_owner,property_owner,1,place_entry,unmatched,158,https://gallica.bnf.fr/ark:/12148/bpt6k5505300s/f182.item
NAME:ALCOOLS,L1912-00876,property_owner,property_owner,1,place_entry,unmatched,159,https://gallica.bnf.fr/ark:/12148/bpt6k5505300s/f183.item
NAME:DJEBEL CHARRA MINING COMPAGNY LIMITED,L1912-00877,property_owner,property_owner,1,place_entry,unmatched,159,https://gallica.bnf.fr/ark:/12148/bpt6k5505300s/f183.item
L1912-00130,L1912-00881,property_owner,property_owner,1,place_entry,resolved,159,https://gallica.bnf.fr/ark:/12148/bpt6k5505300s/f183.item
NAME:ASTIER,L1912-00881,property_owner,property_owner,1,place_entry,unmatched,159,https://gallica.bnf.fr/ark:/12148/bpt6k5505300s/f183.item
L1912-00957,L1912-00881,property_owner,property_owner,1,place_entry,resolved,159,https://gallica.bnf.fr/ark:/12148/bpt6k5505300s/f183.item
NAME:MONTGOLFIER,L1912-00883,property_owner,property_owner,1,place_entry,unmatched,159,https://gallica.bnf.fr/ark:/12148/bpt6k5505300s/f183.item
NAME:PARIS,L1912-00883,property_owner,property_owner,1,place_entry,unmatched,159,https://gallica.bnf.fr/ark:/12148/bpt6k5505300s/f183.item
NAME:BRUXELLES,L1912-00884,property_owner,property_owner,1,place_entry,unmatched,159,https://gallica.bnf.fr/ark:/12148/bpt6k5505300s/f183.item
NAME:REPR,L1912-00884,property_owner,property_owner,1,place_entry,unmatched,159,https://gallica.bnf.fr/ark:/12148/bpt6k5505300s/f183.item
NAME:SAINTETIENNE,L1912-00885,property_owner,property_owner,1,place_entry,unmatched,159,https://gallica.bnf.fr/ark:/12148/bpt6k5505300s/f183.item
NAME:ATTILO PES,L1912-00886,property_owner,property_owner,1,place_entry,unmatched,159,https://gallica.bnf.fr/ark:/12148/bpt6k5505300s/f183.item
L1912-00957,L1912-00894,property_owner,property_owner,1,place_entry,resolved_fuzzy,159,https://gallica.bnf.fr/ark:/12148/bpt6k5505300s/f183.item
NAME:BOUGIVAL,L1912-00894,property_owner,property_owner,1,place_entry,unmatched,159,https://gallica.bnf.fr/ark:/12148/bpt6k5505300s/f183.item
NAME:VWANAU D SONS,L1912-00899,property_owner,property_owner,1,place_entry,unmatched,160,https://gallica.bnf.fr/ark:/12148/bpt6k5505300s/f184.item
NAME:SWANSEA,L1912-00899,property_owner,property_owner,1,place_entry,unmatched,160,https://gallica.bnf.fr/ark:/12148/bpt6k5505300s/f184.item
NAME:JOUSSE,L1912-00901,property_owner,property_owner,1,place_entry,unmatched,160,https://gallica.bnf.fr/ark:/12148/bpt6k5505300s/f184.item
NAME:MARTIN,L1912-00901,property_owner,property_owner,1,place_entry,ambiguous,160,https://gallica.bnf.fr/ark:/12148/bpt6k5505300s/f184.item
L1912-01660,L1912-00935,property_owner,property_owner,1,place_entry,resolved,163,https://gallica.bnf.fr/ark:/12148/bpt6k5505300s/f187.item
NAME:COSTA,L1912-00935,property_owner,property_owner,1,place_entry,unmatched,163,https://gallica.bnf.fr/ark:/12148/bpt6k5505300s/f187.item
NAME:BOGO,L1912-00935,property_owner,property_owner,1,place_entry,unmatched,163,https://gallica.bnf.fr/ark:/12148/bpt6k5505300s/f187.item
NAME:BARCELONA,L1912-00958,property_owner,property_owner,1,place_entry,unmatched,166,https://gallica.bnf.fr/ark:/12148/bpt6k5505300s/f190.item
NAME:BUHAGIAR,L1912-00958,property_owner,property_owner,1,place_entry,unmatched,166,https://gallica.bnf.fr/ark:/12148/bpt6k5505300s/f190.item
NAME:JOUFFRAY,L1912-00958,property_owner,property_owner,1,place_entry,unmatched,166,https://gallica.bnf.fr/ark:/12148/bpt6k5505300s/f190.item
L1912-02647,L1912-00995,property_owner,property_owner,1,place_entry,resolved,171,https://gallica.bnf.fr/ark:/12148/bpt6k5505300s/f195.item
NAME:ROSENWEIG,L1912-01005,property_owner,property_owner,1,place_entry,unmatched,173,https://gallica.bnf.fr/ark:/12148/bpt6k5505300s/f197.item
NAME:LATIL,L1912-01005,property_owner,property_owner,1,place_entry,unmatched,173,https://gallica.bnf.fr/ark:/12148/bpt6k5505300s/f197.item
L1912-02652,L1912-01005,property_owner,property_owner,1,place_entry,resolved,173,https://gallica.bnf.fr/ark:/12148/bpt6k5505300s/f197.item
NAME:DELBOULBE,L1912-01005,property_owner,property_owner,1,place_entry,unmatched,173,https://gallica.bnf.fr/ark:/12148/bpt6k5505300s/f197.item
NAME:BONNEAU,L1912-01005,property_owner,property_owner,1,place_entry,unmatched,173,https://gallica.bnf.fr/ark:/12148/bpt6k5505300s/f197.item
NAME:TRACHAT,L1912-01005,property_owner,property_owner,1,place_entry,unmatched,173,https://gallica.bnf.fr/ark:/12148/bpt6k5505300s/f197.item
NAME:DECHOUDAN,L1912-01005,property_owner,property_owner,1,place_entry,unmatched,173,https://gallica.bnf.fr/ark:/12148/bpt6k5505300s/f197.item
NAME:DESPEROUX,L1912-01006,property_owner,property_owner,1,place_entry,unmatched,173,https://gallica.bnf.fr/ark:/12148/bpt6k5505300s/f197.item
NAME:BIDALI,L1912-01006,property_owner,property_owner,1,place_entry,unmatched,173,https://gallica.bnf.fr/ark:/12148/bpt6k5505300s/f197.item
NAME:GRAMONT,L1912-01017,property_owner,property_owner,1,place_entry,unmatched,174,https://gallica.bnf.fr/ark:/12148/bpt6k5505300s/f198.item
L1912-02193,L1912-01041,property_owner,property_owner,1,place_entry,resolved,176,https://gallica.bnf.fr/ark:/12148/bpt6k5505300s/f200.item
L1912-01483,L1912-01041,property_owner,property_owner,1,place_entry,resolved,176,https://gallica.bnf.fr/ark:/12148/bpt6k5505300s/f200.item
NAME:VERNAY,L1912-01041,property_owner,property_owner,1,place_entry,unmatched,176,https://gallica.bnf.fr/ark:/12148/bpt6k5505300s/f200.item
NAME:GONDOUN,L1912-01041,property_owner,property_owner,1,place_entry,unmatched,176,https://gallica.bnf.fr/ark:/12148/bpt6k5505300s/f200.item
NAME:RIVIERE,L1912-01041,property_owner,property_owner,1,place_entry,unmatched,176,https://gallica.bnf.fr/ark:/12148/bpt6k5505300s/f200.item
NAME:MENARD,L1912-01041,property_owner,property_owner,1,place_entry,unmatched,176,https://gallica.bnf.fr/ark:/12148/bpt6k5505300s/f200.item
L1912-01274,L1912-01041,property_owner,property_owner,1,place_entry,resolved,176,https://gallica.bnf.fr/ark:/12148/bpt6k5505300s/f200.item
NAME:GAISER,L1912-01047,property_owner,property_owner,1,place_entry,unmatched,176,https://gallica.bnf.fr/ark:/12148/bpt6k5505300s/f200.item
NAME:BORRION,L1912-01047,property_owner,property_owner,1,place_entry,unmatched,176,https://gallica.bnf.fr/ark:/12148/bpt6k5505300s/f200.item
NAME:JULLIEN,L1912-01047,property_owner,property_owner,1,place_entry,ambiguous_fuzzy,176,https://gallica.bnf.fr/ark:/12148/bpt6k5505300s/f200.item
NAME:VILLENEUVE,L1912-01048,property_owner,property_owner,1,place_entry,unmatched,176,https://gallica.bnf.fr/ark:/12148/bpt6k5505300s/f200.item
NAME:WALKER,L1912-01053,property_owner,property_owner,1,place_entry,unmatched,177,https://gallica.bnf.fr/ark:/12148/bpt6k5505300s/f201.item
L1912-00795,L1912-01053,property_owner,property_owner,1,place_entry,resolved_fuzzy,177,https://gallica.bnf.fr/ark:/12148/bpt6k5505300s/f201.item
NAME:AWOCATO,L1912-01053,property_owner,property_owner,1,place_entry,unmatched,177,https://gallica.bnf.fr/ark:/12148/bpt6k5505300s/f201.item
NAME:GILY,L1912-01053,property_owner,property_owner,1,place_entry,unmatched,177,https://gallica.bnf.fr/ark:/12148/bpt6k5505300s/f201.item
NAME:PESTOURI,L1912-01068,property_owner,property_owner,1,place_entry,unmatched,177,https://gallica.bnf.fr/ark:/12148/bpt6k5505300s/f201.item
NAME:GOUEYTTANT,L1912-01068,property_owner,property_owner,1,place_entry,unmatched,177,https://gallica.bnf.fr/ark:/12148/bpt6k5505300s/f201.item
L1912-00827,L1912-01069,property_owner,property_owner,1,place_entry,resolved,177,https://gallica.bnf.fr/ark:/12148/bpt6k5505300s/f201.item
NAME:GLONEUX,L1912-01069,property_owner,property_owner,1,place_entry,unmatched,177,https://gallica.bnf.fr/ark:/12148/bpt6k5505300s/f201.item
NAME:PICHAT,L1912-01069,property_owner,property_owner,1,place_entry,unmatched,177,https://gallica.bnf.fr/ark:/12148/bpt6k5505300s/f201.item
NAME:KRIEGER,L1912-01069,property_owner,property_owner,1,place_entry,unmatched,177,https://gallica.bnf.fr/ark:/12148/bpt6k5505300s/f201.item
NAME:GOUDOUIN,L1912-01071,property_owner,property_owner,1,place_entry,unmatched,177,https://gallica.bnf.fr/ark:/12148/bpt6k5505300s/f201.item
NAME:COUVREUX,L1912-01137,property_owner,property_owner,1,place_entry,unmatched,187,https://gallica.bnf.fr/ark:/12148/bpt6k5505300s/f211.item
NAME:MONTUREUX,L1912-01178,property_owner,property_owner,1,place_entry,unmatched,193,https://gallica.bnf.fr/ark:/12148/bpt6k5505300s/f217.item
L1912-01072,L1912-01206,property_owner,property_owner,1,place_entry,resolved,200,https://gallica.bnf.fr/ark:/12148/bpt6k5505300s/f224.item
NAME:HACKENBERGER,L1912-01206,property_owner,property_owner,1,place_entry,unmatched,200,https://gallica.bnf.fr/ark:/12148/bpt6k5505300s/f224.item
NAME:MORENO,L1912-01206,property_owner,property_owner,1,place_entry,ambiguous,200,https://gallica.bnf.fr/ark:/12148/bpt6k5505300s/f224.item
L1912-00529,L1912-01260,property_owner,property_owner,1,place_entry,resolved,208,https://gallica.bnf.fr/ark:/12148/bpt6k5505300s/f232.item
NAME:PELLICOT,L1912-01260,property_owner,property_owner,1,place_entry,unmatched,208,https://gallica.bnf.fr/ark:/12148/bpt6k5505300s/f232.item
NAME:STRAUB,L1912-01260,property_owner,property_owner,1,place_entry,unmatched,208,https://gallica.bnf.fr/ark:/12148/bpt6k5505300s/f232.item
NAME:CARDOSO,L1912-01260,property_owner,property_owner,1,place_entry,ambiguous,208,https://gallica.bnf.fr/ark:/12148/bpt6k5505300s/f232.item
NAME:POULAILLON,L1912-01260,property_owner,property_owner,1,place_entry,unmatched,208,https://gallica.bnf.fr/ark:/12148/bpt6k5505300s/f232.item
NAME:TORCY,L1912-01260,property_owner,property_owner,1,place_entry,unmatched,208,https://gallica.bnf.fr/ark:/12148/bpt6k5505300s/f232.item
NAME:MARTRAY,L1912-01260,property_owner,property_owner,1,place_entry,unmatched,208,https://gallica.bnf.fr/ark:/12148/bpt6k5505300s/f232.item
NAME:TURPU,L1912-01260,property_owner,property_owner,1,place_entry,unmatched,208,https://gallica.bnf.fr/ark:/12148/bpt6k5505300s/f232.item
NAME:MANUEL,L1912-01260,property_owner,property_owner,1,place_entry,unmatched,208,https://gallica.bnf.fr/ark:/12148/bpt6k5505300s/f232.item
NAME:MOURAUD,L1912-01289,property_owner,property_owner,1,place_entry,unmatched,211,https://gallica.bnf.fr/ark:/12148/bpt6k5505300s/f235.item
L1912-00930,L1912-01516,property_owner,property_owner,1,place_entry,resolved,249,https://gallica.bnf.fr/ark:/12148/bpt6k5505300s/f273.item
NAME:DEFRANCE,L1912-01516,property_owner,property_owner,1,place_entry,unmatched,249,https://gallica.bnf.fr/ark:/12148/bpt6k5505300s/f273.item
NAME:DONEGANI,L1912-01516,property_owner,property_owner,1,place_entry,unmatched,249,https://gallica.bnf.fr/ark:/12148/bpt6k5505300s/f273.item
L1912-01673,L1912-01516,property_owner,property_owner,1,place_entry,resolved,249,https://gallica.bnf.fr/ark:/12148/bpt6k5505300s/f273.item
NAME:GINNET,L1912-01516,property_owner,property_owner,1,place_entry,unmatched,249,https://gallica.bnf.fr/ark:/12148/bpt6k5505300s/f273.item
NAME:PERRIN,L1912-01516,property_owner,property_owner,1,place_entry,ambiguous,249,https://gallica.bnf.fr/ark:/12148/bpt6k5505300s/f273.item
NAME:DJEBELER RECAS,L1912-01524,property_owner,property_owner,1,place_entry,unmatched,250,https://gallica.bnf.fr/ark:/12148/bpt6k5505300s/f274.item
NAME:LEON ROY,L1912-01551,property_owner,property_owner,1,place_entry,unmatched,253,https://gallica.bnf.fr/ark:/12148/bpt6k5505300s/f277.item
L1912-02605,L1912-01682,property_owner,property_owner,1,place_entry,resolved,275,https://gallica.bnf.fr/ark:/12148/bpt6k5505300s/f299.item
NAME:GONDOUIN,L1912-02185,property_owner,property_owner,1,place_entry,unmatched,346,https://gallica.bnf.fr/ark:/12148/bpt6k5505300s/f370.item
L1912-00001,L1912-00526,residence,residence,1,person_entry,resolved,1,https://gallica.bnf.fr/ark:/12148/bpt6k5505300s/f25.item
L1912-00001,PLACE:blaye,birthplace,birthplace,1,person_entry,resolved,1,https://gallica.bnf.fr/ark:/12148/bpt6k5505300s/f25.item
L1912-00003,PLACE:tunis,residence,residence,1,person_entry,resolved,1,https://gallica.bnf.fr/ark:/12148/bpt6k5505300s/f25.item
L1912-00003,PLACE:tunis,birthplace,birthplace,1,person_entry,resolved,1,https://gallica.bnf.fr/ark:/12148/bpt6k5505300s/f25.item
L1912-00004,PLACE:tunis,residence,residence,1,person_entry,resolved,1,https://gallica.bnf.fr/ark:/12148/bpt6k5505300s/f25.item
L1912-00004,PLACE:oukil pres les iridunaux tunisiens,birthplace,birthplace,1,person_entry,resolved,1,https://gallica.bnf.fr/ark:/12148/bpt6k5505300s/f25.item
L1912-00006,PLACE:tunis,residence,residence,1,person_entry,resolved,1,https://gallica.bnf.fr/ark:/12148/bpt6k5505300s/f25.item
L1912-00006,PLACE:tunis,birthplace,birthplace,1,person_entry,resolved,1,https://gallica.bnf.fr/ark:/12148/bpt6k5505300s/f25.item
L1912-00007,PLACE:tunis,residence,residence,1,person_entry,resolved,1,https://gallica.bnf.fr/ark:/12148/bpt6k5505300s/f25.item
L1912-00007,PLACE:alexandrie,birthplace,birthplace,1,person_entry,resolved,1,https://gallica.bnf.fr/ark:/12148/bpt6k5505300s/f25.item
L1912-00008,PLACE:tunis,residence,residence,1,person_entry,resolved,1,https://gallica.bnf.fr/ark:/12148/bpt6k5505300s/f25.item
L1912-00008,PLACE:alexandrie,birthplace,birthplace,1,person_entry,resolved,1,https://gallica.bnf.fr/ark:/12148/bpt6k5505300s/f25.item
L1912-00010,PLACE:tunis,residence,residence,1,person_entry,resolved,1,https://gallica.bnf.fr/ark:/12148/bpt6k5505300s/f25.item
L1912-00010,PLACE:trapani,birthplace,birthplace,1,person_entry,resolved,1,https://gallica.bnf.fr/ark:/12148/bpt6k5505300s/f25.item
L1912-00011,PLACE:tunis,residence,residence,1,person_entry,resolved,2,https://gallica.bnf.fr/ark:/12148/bpt6k5505300s/f26.item
L1912-00011,PLACE:blida,birthplace,birthplace,1,person_entry,resolved,2,https://gallica.bnf.fr/ark:/12148/bpt6k5505300s/f26.item
L1912-00016,PLACE:tunis,residence,residence,1,person_entry,resolved,3,https://gallica.bnf.fr/ark:/12148/bpt6k5505300s/f27.item
L1912-00016,PLACE:seyde,birthplace,birthplace,1,person_entry,resolved,3,https://gallica.bnf.fr/ark:/12148/bpt6k5505300s/f27.item
L1912-00017,PLACE:tunis,residence,residence,1,person_entry,resolved,3,https://gallica.bnf.fr/ark:/12148/bpt6k5505300s/f27.item
L1912-00017,PLACE:constantine,birthplace,birthplace,1,person_entry,resolved,3,https://gallica.bnf.fr/ark:/12148/bpt6k5505300s/f27.item
L1912-00018,PLACE:tunis,residence,residence,1,person_entry,resolved,3,https://gallica.bnf.fr/ark:/12148/bpt6k5505300s/f27.item
L1912-00018,PLACE:constantine,birthplace,birthplace,1,person_entry,resolved,3,https://gallica.bnf.fr/ark:/12148/bpt6k5505300s/f27.item
L1912-00021,L1912-01489,residence,residence,1,person_entry,resolved,3,https://gallica.bnf.fr/ark:/12148/bpt6k5505300s/f27.item
L1912-00021,PLACE:alcamo,birthplace,birthplace,1,person_entry,resolved,3,https://gallica.bnf.fr/ark:/12148/bpt6k5505300s/f27.item
L1912-00022,PLACE:tunis,residence,residence,1,person_entry,resolved,3,https://gallica.bnf.fr/ark:/12148/bpt6k5505300s/f27.item
L1912-00028,PLACE:tunis,residence,residence,1,person_entry,resolved,4,https://gallica.bnf.fr/ark:/12148/bpt6k5505300s/f28.item
L1912-00031,L1912-01702,residence,residence,1,person_entry,resolved,4,https://gallica.bnf.fr/ark:/12148/bpt6k5505300s/f28.item
L1912-00034,L1912-02465,residence,residence,1,person_entry,resolved,5,https://gallica.bnf.fr/ark:/12148/bpt6k5505300s/f29.item
L1912-00034,L1912-02465,birthplace,birthplace,1,person_entry,resolved,5,https://gallica.bnf.fr/ark:/12148/bpt6k5505300s/f29.item
L1912-00035,L1912-01489,residence,residence,1,person_entry,resolved,5,https://gallica.bnf.fr/ark:/12148/bpt6k5505300s/f29.item
L1912-00035,PLACE:chamblay,birthplace,birthplace,1,person_entry,resolved,5,https://gallica.bnf.fr/ark:/12148/bpt6k5505300s/f29.item
L1912-00064,PLACE:tunis,residence,residence,1,person_entry,resolved,6,https://gallica.bnf.fr/ark:/12148/bpt6k5505300s/f30.item
L1912-00067,PLACE:gabes,residence,residence,1,person_entry,resolved,7,https://gallica.bnf.fr/ark:/12148/bpt6k5505300s/f31.item
L1912-00067,PLACE:alger,birthplace,birthplace,1,person_entry,resolved,7,https://gallica.bnf.fr/ark:/12148/bpt6k5505300s/f31.item
L1912-00068,L1912-02334,residence,residence,1,person_entry,resolved,7,https://gallica.bnf.fr/ark:/12148/bpt6k5505300s/f31.item
L1912-00068,PLACE:vescovato,birthplace,birthplace,1,person_entry,resolved,7,https://gallica.bnf.fr/ark:/12148/bpt6k5505300s/f31.item
L1912-00069,PLACE:tunis,residence,residence,1,person_entry,resolved,7,https://gallica.bnf.fr/ark:/12148/bpt6k5505300s/f31.item
L1912-00069,PLACE:casa,birthplace,birthplace,1,person_entry,resolved,7,https://gallica.bnf.fr/ark:/12148/bpt6k5505300s/f31.item
L1912-00070,PLACE:tunis,residence,residence,1,person_entry,resolved,7,https://gallica.bnf.fr/ark:/12148/bpt6k5505300s/f31.item
L1912-00071,L1912-01146,residence,residence,1,person_entry,resolved,7,https://gallica.bnf.fr/ark:/12148/bpt6k5505300s/f31.item
L1912-00071,PLACE:coggia,birthplace,birthplace,1,person_entry,resolved,7,https://gallica.bnf.fr/ark:/12148/bpt6k5505300s/f31.item
L1912-00074,PLACE:bizerte,residence,residence,1,person_entry,resolved,8,https://gallica.bnf.fr/ark:/12148/bpt6k5505300s/f32.item
L1912-00074,PLACE:but amical et mutuel,birthplace,birthplace,1,person_entry,resolved,8,https://gallica.bnf.fr/ark:/12148/bpt6k5505300s/f32.item
L1912-00075,PLACE:tunis,residence,residence,1,person_entry,resolved,8,https://gallica.bnf.fr/ark:/12148/bpt6k5505300s/f32.item
L1912-00075,PLACE:local a la brasserie maxeville,birthplace,birthplace,1,person_entry,resolved,8,https://gallica.bnf.fr/ark:/12148/bpt6k5505300s/f32.item
L1912-00076,PLACE:tunis,residence,residence,1,person_entry,resolved,8,https://gallica.bnf.fr/ark:/12148/bpt6k5505300s/f32.item
L1912-00077,PLACE:tunis,residence,residence,1,person_entry,resolved,8,https://gallica.bnf.fr/ark:/12148/bpt6k5505300s/f32.item
L1912-00080,PLACE:tunis,residence,residence,1,person_entry,resolved,9,https://gallica.bnf.fr/ark:/12148/bpt6k5505300s/f33.item
L1912-00080,PLACE:sigean,birthplace,birthplace,1,person_entry,resolved,9,https://gallica.bnf.fr/ark:/12148/bpt6k5505300s/f33.item
L1912-00081,PLACE:savigny en revermont,birthplace,birthplace,1,person_entry,resolved,9,https://gallica.bnf.fr/ark:/12148/bpt6k5505300s/f33.item
L1912-00082,PLACE:tunis,residence,residence,1,person_entry,resolved,9,https://gallica.bnf.fr/ark:/12148/bpt6k5505300s/f33.item
L1912-00082,PLACE:tervay,birthplace,birthplace,1,person_entry,resolved,9,https://gallica.bnf.fr/ark:/12148/bpt6k5505300s/f33.item
L1912-00083,L1912-02334,residence,residence,1,person_entry,resolved,9,https://gallica.bnf.fr/ark:/12148/bpt6k5505300s/f33.item
L1912-00083,PLACE:lyon,birthplace,birthplace,1,person_entry,resolved,9,https://gallica.bnf.fr/ark:/12148/bpt6k5505300s/f33.item
L1912-00089,PLACE:tunis,residence,residence,1,person_entry,resolved,11,https://gallica.bnf.fr/ark:/12148/bpt6k5505300s/f35.item
L1912-00092,PLACE:tunis,residence,residence,1,person_entry,resolved,11,https://gallica.bnf.fr/ark:/12148/bpt6k5505300s/f35.item
L1912-00093,PLACE:tunis,residence,residence,1,person_entry,resolved,11,https://gallica.bnf.fr/ark:/12148/bpt6k5505300s/f35.item
L1912-00093,PLACE:athenes,birthplace,birthplace,1,person_entry,resolved,11,https://gallica.bnf.fr/ark:/12148/bpt6k5505300s/f35.item
L1912-00094,PLACE:tunis,residence,residence,1,person_entry,resolved,11,https://gallica.bnf.fr/ark:/12148/bpt6k5505300s/f35.item
L1912-00094,PLACE:pa,birthplace,birthplace,1,person_entry,resolved,11,https://gallica.bnf.fr/ark:/12148/bpt6k5505300s/f35.item
L1912-00095,PLACE:tunis,residence,residence,1,person_entry,resolved,11,https://gallica.bnf.fr/ark:/12148/bpt6k5505300s/f35.item
L1912-00095,PLACE:toulouse,birthplace,birthplace,1,person_entry,resolved,11,https://gallica.bnf.fr/ark:/12148/bpt6k5505300s/f35.item
L1912-00096,PLACE:tunis,residence,residence,1,person_entry,resolved,11,https://gallica.bnf.fr/ark:/12148/bpt6k5505300s/f35.item
L1912-00096,PLACE:paris,birthplace,birthplace,1,person_entry,resolved,11,https://gallica.bnf.fr/ark:/12148/bpt6k5505300s/f35.item
L1912-00097,PLACE:tunis,residence,residence,1,person_entry,resolved,12,https://gallica.bnf.fr/ark:/12148/bpt6k5505300s/f36.item
L1912-00097,PLACE:vico,birthplace,birthplace,1,person_entry,resolved,12,https://gallica.bnf.fr/ark:/12148/bpt6k5505300s/f36.item
L1912-00098,PLACE:tunis,residence,residence,1,person_entry,resolved,12,https://gallica.bnf.fr/ark:/12148/bpt6k5505300s/f36.item
L1912-00099,PLACE:bizerte,residence,residence,1,person_entry,resolved,12,https://gallica.bnf.fr/ark:/12148/bpt6k5505300s/f36.item
L1912-00099,PLACE:rodez,birthplace,birthplace,1,person_entry,resolved,12,https://gallica.bnf.fr/ark:/12148/bpt6k5505300s/f36.item
L1912-00104,PLACE:tunis,residence,residence,1,person_entry,resolved,12,https://gallica.bnf.fr/ark:/12148/bpt6k5505300s/f36.item
L1912-00104,PLACE:voreppe,birthplace,birthplace,1,person_entry,resolved,12,https://gallica.bnf.fr/ark:/12148/bpt6k5505300s/f36.item
L1912-00105,PLACE:gigean,birthplace,birthplace,1,person_entry,resolved,14,https://gallica.bnf.fr/ark:/12148/bpt6k5505300s/f38.item
L1912-00106,PLACE:tunis,residence,residence,1,person_entry,resolved,14,https://gallica.bnf.fr/ark:/12148/bpt6k5505300s/f38.item
L1912-00107,PLACE:tunis,residence,residence,1,person_entry,resolved,14,https://gallica.bnf.fr/ark:/12148/bpt6k5505300s/f38.item
L1912-00107,PLACE:caggia,birthplace,birthplace,1,person_entry,resolved,14,https://gallica.bnf.fr/ark:/12148/bpt6k5505300s/f38.item
L1912-00120,PLACE:tunis,residence,residence,1,person_entry,resolved,26,https://gallica.bnf.fr/ark:/12148/bpt6k5505300s/f50.item
L1912-00120,PLACE:aix en provence,birthplace,birthplace,1,person_entry,resolved,26,https://gallica.bnf.fr/ark:/12148/bpt6k5505300s/f50.item
L1912-00121,PLACE:tunis,residence,residence,1,person_entry,resolved,26,https://gallica.bnf.fr/ark:/12148/bpt6k5505300s/f50.item
L1912-00121,PLACE:al ben c,birthplace,birthplace,1,person_entry,resolved,26,https://gallica.bnf.fr/ark:/12148/bpt6k5505300s/f50.item
L1912-00123,PLACE:bizerte,residence,residence,1,person_entry,resolved,26,https://gallica.bnf.fr/ark:/12148/bpt6k5505300s/f50.item
L1912-00123,PLACE:saint montant,birthplace,birthplace,1,person_entry,resolved,26,https://gallica.bnf.fr/ark:/12148/bpt6k5505300s/f50.item
L1912-00124,L1912-01313,residence,residence,1,person_entry,resolved,26,https://gallica.bnf.fr/ark:/12148/bpt6k5505300s/f50.item
L1912-00127,PLACE:tunis,residence,residence,1,person_entry,resolved,31,https://gallica.bnf.fr/ark:/12148/bpt6k5505300s/f55.item
L1912-00127,PLACE:domene,birthplace,birthplace,1,person_entry,resolved,31,https://gallica.bnf.fr/ark:/12148/bpt6k5505300s/f55.item
L1912-00128,PLACE:tunis,residence,residence,1,person_entry,resolved,31,https://gallica.bnf.fr/ark:/12148/bpt6k5505300s/f55.item
L1912-00128,PLACE:philippeville,birthplace,birthplace,1,person_entry,resolved,31,https://gallica.bnf.fr/ark:/12148/bpt6k5505300s/f55.item
L1912-00129,PLACE:bizerte,residence,residence,1,person_entry,resolved,31,https://gallica.bnf.fr/ark:/12148/bpt6k5505300s/f55.item
L1912-00130,PLACE:bizerte,residence,residence,1,person_entry,resolved,31,https://gallica.bnf.fr/ark:/12148/bpt6k5505300s/f55.item
L1912-00130,PLACE:paris,birthplace,birthplace,1,person_entry,resolved,31,https://gallica.bnf.fr/ark:/12148/bpt6k5505300s/f55.item
L1912-00134,L1912-00526,residence,residence,1,person_entry,resolved,32,https://gallica.bnf.fr/ark:/12148/bpt6k5505300s/f56.item
L1912-00134,PLACE:toulouse,birthplace,birthplace,1,person_entry,resolved,32,https://gallica.bnf.fr/ark:/12148/bpt6k5505300s/f56.item
L1912-00168,PLACE:tunis,residence,residence,1,person_entry,resolved,39,https://gallica.bnf.fr/ark:/12148/bpt6k5505300s/f63.item
L1912-00170,PLACE:saint jean du gard,birthplace,birthplace,1,person_entry,resolved,39,https://gallica.bnf.fr/ark:/12148/bpt6k5505300s/f63.item
L1912-00171,L1912-01489,residence,residence,1,person_entry,resolved,39,https://gallica.bnf.fr/ark:/12148/bpt6k5505300s/f63.item
L1912-00171,PLACE:cavaillon,birthplace,birthplace,1,person_entry,resolved,39,https://gallica.bnf.fr/ark:/12148/bpt6k5505300s/f63.item
L1912-00172,PLACE:tunis,residence,residence,1,person_entry,resolved,40,https://gallica.bnf.fr/ark:/12148/bpt6k5505300s/f64.item
L1912-00172,PLACE:tunis,birthplace,birthplace,1,person_entry,resolved,40,https://gallica.bnf.fr/ark:/12148/bpt6k5505300s/f64.item
L1912-00173,PLACE:tunis,residence,residence,1,person_entry,resolved,40,https://gallica.bnf.fr/ark:/12148/bpt6k5505300s/f64.item
L1912-00174,L1912-00526,residence,residence,1,person_entry,resolved,40,https://gallica.bnf.fr/ark:/12148/bpt6k5505300s/f64.item
L1912-00174,PLACE:presse,birthplace,birthplace,1,person_entry,resolved,40,https://gallica.bnf.fr/ark:/12148/bpt6k5505300s/f64.item
L1912-00175,PLACE:tunis,residence,residence,1,person_entry,resolved,40,https://gallica.bnf.fr/ark:/12148/bpt6k5505300s/f64.item
L1912-00176,PLACE:trans,birthplace,birthplace,1,person_entry,resolved,40,https://gallica.bnf.fr/ark:/12148/bpt6k5505300s/f64.item
L1912-00177,PLACE:tunis,residence,residence,1,person_entry,resolved,40,https://gallica.bnf.fr/ark:/12148/bpt6k5505300s/f64.item
L1912-00177,PLACE:bordeaux,birthplace,birthplace,1,person_entry,resolved,40,https://gallica.bnf.fr/ark:/12148/bpt6k5505300s/f64.item
L1912-00178,PLACE:alilan,birthplace,birthplace,1,person_entry,resolved,40,https://gallica.bnf.fr/ark:/12148/bpt6k5505300s/f64.item
L1912-00181,PLACE:tunis,residence,residence,1,person_entry,resolved,41,https://gallica.bnf.fr/ark:/12148/bpt6k5505300s/f65.item
L1912-00182,PLACE:tunis,residence,residence,1,person_entry,resolved,41,https://gallica.bnf.fr/ark:/12148/bpt6k5505300s/f65.item
L1912-00183,PLACE:tunis,residence,residence,1,person_entry,resolved,41,https://gallica.bnf.fr/ark:/12148/bpt6k5505300s/f65.item
L1912-00183,PLACE:valleranges,birthplace,birthplace,1,person_entry,resolved,41,https://gallica.bnf.fr/ark:/12148/bpt6k5505300s/f65.item
L1912-00184,L1912-02465,residence,residence,1,person_entry,resolved,41,https://gallica.bnf.fr/ark:/12148/bpt6k5505300s/f65.item
L1912-00186,PLACE:ruffec,birthplace,birthplace,1,person_entry,resolved,41,https://gallica.bnf.fr/ark:/12148/bpt6k5505300s/f65.item
L1912-00188,L1912-02465,residence,residence,1,person_entry,resolved,41,https://gallica.bnf.fr/ark:/12148/bpt6k5505300s/f65.item
L1912-00188,PLACE:sa,birthplace,birthplace,1,person_entry,resolved,41,https://gallica.bnf.fr/ark:/12148/bpt6k5505300s/f65.item
L1912-00189,PLACE:tunis,residence,residence,1,person_entry,resolved,42,https://gallica.bnf.fr/ark:/12148/bpt6k5505300s/f66.item
L1912-00189,PLACE:bur,birthplace,birthplace,1,person_entry,resolved,42,https://gallica.bnf.fr/ark:/12148/bpt6k5505300s/f66.item
L1912-00190,PLACE:tunis,residence,residence,1,person_entry,resolved,42,https://gallica.bnf.fr/ark:/12148/bpt6k5505300s/f66.item
L1912-00190,PLACE:siege social a paris,birthplace,birthplace,1,person_entry,resolved,42,https://gallica.bnf.fr/ark:/12148/bpt6k5505300s/f66.item
L1912-00191,PLACE:bizerte,residence,residence,1,person_entry,resolved,42,https://gallica.bnf.fr/ark:/12148/bpt6k5505300s/f66.item
L1912-00192,PLACE:tunis,residence,residence,1,person_entry,resolved,42,https://gallica.bnf.fr/ark:/12148/bpt6k5505300s/f66.item
L1912-00192,PLACE:tunis,birthplace,birthplace,1,person_entry,resolved,42,https://gallica.bnf.fr/ark:/12148/bpt6k5505300s/f66.item
L1912-00193,PLACE:andrinople,birthplace,birthplace,1,person_entry,resolved,43,https://gallica.bnf.fr/ark:/12148/bpt6k5505300s/f67.item
L1912-00200,PLACE:tunis,residence,residence,1,person_entry,resolved,44,https://gallica.bnf.fr/ark:/12148/bpt6k5505300s/f68.item
L1912-00200,PLACE:carcasonne,birthplace,birthplace,1,person_entry,resolved,44,https://gallica.bnf.fr/ark:/12148/bpt6k5505300s/f68.item
L1912-00201,L1912-02531,residence,residence,1,person_entry,resolved,44,https://gallica.bnf.fr/ark:/12148/bpt6k5505300s/f68.item
L1912-00201,L1912-02531,birthplace,birthplace,1,person_entry,resolved,44,https://gallica.bnf.fr/ark:/12148/bpt6k5505300s/f68.item
L1912-00204,PLACE:tunis,residence,residence,1,person_entry,resolved,45,https://gallica.bnf.fr/ark:/12148/bpt6k5505300s/f69.item
L1912-00204,PLACE:tunis,birthplace,birthplace,1,person_entry,resolved,45,https://gallica.bnf.fr/ark:/12148/bpt6k5505300s/f69.item
L1912-00207,PLACE:tunis,residence,residence,1,person_entry,resolved,45,https://gallica.bnf.fr/ark:/12148/bpt6k5505300s/f69.item
L1912-00207,PLACE:tunis,birthplace,birthplace,1,person_entry,resolved,45,https://gallica.bnf.fr/ark:/12148/bpt6k5505300s/f69.item
L1912-00210,PLACE:bizerte,residence,residence,1,person_entry,resolved,46,https://gallica.bnf.fr/ark:/12148/bpt6k5505300s/f70.item
L1912-00211,PLACE:reitwiller,birthplace,birthplace,1,person_entry,resolved,46,https://gallica.bnf.fr/ark:/12148/bpt6k5505300s/f70.item
L1912-00217,PLACE:tunis,residence,residence,1,person_entry,resolved,46,https://gallica.bnf.fr/ark:/12148/bpt6k5505300s/f70.item
L1912-00217,PLACE:manduel,birthplace,birthplace,1,person_entry,resolved,46,https://gallica.bnf.fr/ark:/12148/bpt6k5505300s/f70.item
L1912-00218,PLACE:paris,birthplace,birthplace,1,person_entry,resolved,47,https://gallica.bnf.fr/ark:/12148/bpt6k5505300s/f71.item
L1912-00219,L1912-01489,residence,residence,1,person_entry,resolved,47,https://gallica.bnf.fr/ark:/12148/bpt6k5505300s/f71.item
L1912-00219,PLACE:dole,birthplace,birthplace,1,person_entry,resolved,47,https://gallica.bnf.fr/ark:/12148/bpt6k5505300s/f71.item
L1912-00220,PLACE:tunis,residence,residence,1,person_entry,resolved,47,https://gallica.bnf.fr/ark:/12148/bpt6k5505300s/f71.item
L1912-00221,L1912-02465,residence,residence,1,person_entry,resolved,47,https://gallica.bnf.fr/ark:/12148/bpt6k5505300s/f71.item
L1912-00221,PLACE:saintpaul,birthplace,birthplace,1,person_entry,resolved,47,https://gallica.bnf.fr/ark:/12148/bpt6k5505300s/f71.item
L1912-00228,PLACE:tunis,residence,residence,1,person_entry,resolved,48,https://gallica.bnf.fr/ark:/12148/bpt6k5505300s/f72.item
L1912-00228,PLACE:paris,birthplace,birthplace,1,person_entry,resolved,48,https://gallica.bnf.fr/ark:/12148/bpt6k5505300s/f72.item
L1912-00229,PLACE:tunis,residence,residence,1,person_entry,resolved,48,https://gallica.bnf.fr/ark:/12148/bpt6k5505300s/f72.item
L1912-00229,PLACE:voussac,birthplace,birthplace,1,person_entry,resolved,48,https://gallica.bnf.fr/ark:/12148/bpt6k5505300s/f72.item
L1912-00230,L1912-02334,residence,residence,1,person_entry,resolved,48,https://gallica.bnf.fr/ark:/12148/bpt6k5505300s/f72.item
L1912-00230,PLACE:talissieu,birthplace,birthplace,1,person_entry,resolved,48,https://gallica.bnf.fr/ark:/12148/bpt6k5505300s/f72.item
L1912-00231,L1912-02334,residence,residence,1,person_entry,resolved,48,https://gallica.bnf.fr/ark:/12148/bpt6k5505300s/f72.item
L1912-00231,PLACE:faverolles sur cher,birthplace,birthplace,1,person_entry,resolved,48,https://gallica.bnf.fr/ark:/12148/bpt6k5505300s/f72.item
L1912-00234,L1912-02465,residence,residence,1,person_entry,resolved,49,https://gallica.bnf.fr/ark:/12148/bpt6k5505300s/f73.item
L1912-00234,PLACE:piau,birthplace,birthplace,1,person_entry,resolved,49,https://gallica.bnf.fr/ark:/12148/bpt6k5505300s/f73.item
L1912-00235,PLACE:marseillan,birthplace,birthplace,1,person_entry,resolved,49,https://gallica.bnf.fr/ark:/12148/bpt6k5505300s/f73.item
L1912-00237,PLACE:tunis,residence,residence,1,person_entry,resolved,49,https://gallica.bnf.fr/ark:/12148/bpt6k5505300s/f73.item
L1912-00237,PLACE:oran,birthplace,birthplace,1,person_entry,resolved,49,https://gallica.bnf.fr/ark:/12148/bpt6k5505300s/f73.item
L1912-00238,PLACE:tunis,residence,residence,1,person_entry,resolved,49,https://gallica.bnf.fr/ark:/12148/bpt6k5505300s/f73.item
L1912-00238,PLACE:tunis,birthplace,birthplace,1,person_entry,resolved,49,https://gallica.bnf.fr/ark:/12148/bpt6k5505300s/f73.item
L1912-00239,PLACE:tunis,residence,residence,1,person_entry,resolved,49,https://gallica.bnf.fr/ark:/12148/bpt6k5505300s/f73.item
L1912-00239,PLACE:arnay le duc,birthplace,birthplace,1,person_entry,resolved,49,https://gallica.bnf.fr/ark:/12148/bpt6k5505300s/f73.item
L1912-00240,PLACE:tunis,residence,residence,1,person_entry,resolved,49,https://gallica.bnf.fr/ark:/12148/bpt6k5505300s/f73.item
L1912-00240,PLACE:lyon,birthplace,birthplace,1,person_entry,resolved,49,https://gallica.bnf.fr/ark:/12148/bpt6k5505300s/f73.item
L1912-00243,PLACE:tunis,residence,residence,1,person_entry,resolved,49,https://gallica.bnf.fr/ark:/12148/bpt6k5505300s/f73.item
L1912-00243,PLACE:toulouse,birthplace,birthplace,1,person_entry,resolved,49,https://gallica.bnf.fr/ark:/12148/bpt6k5505300s/f73.item
L1912-00244,PLACE:tunis,residence,residence,1,person_entry,resolved,49,https://gallica.bnf.fr/ark:/12148/bpt6k5505300s/f73.item
L1912-00244,PLACE:tunis,birthplace,birthplace,1,person_entry,resolved,49,https://gallica.bnf.fr/ark:/12148/bpt6k5505300s/f73.item
L1912-00245,PLACE:saclas,birthplace,birthplace,1,person_entry,resolved,50,https://gallica.bnf.fr/ark:/12148/bpt6k5505300s/f74.item
L1912-00246,PLACE:tunis,residence,residence,1,person_entry,resolved,50,https://gallica.bnf.fr/ark:/12148/bpt6k5505300s/f74.item
L1912-00246,PLACE:brest,birthplace,birthplace,1,person_entry,resolved,50,https://gallica.bnf.fr/ark:/12148/bpt6k5505300s/f74.item
L1912-00247,PLACE:tunis,residence,residence,1,person_entry,resolved,50,https://gallica.bnf.fr/ark:/12148/bpt6k5505300s/f74.item
L1912-00247,PLACE:cahors,birthplace,birthplace,1,person_entry,resolved,50,https://gallica.bnf.fr/ark:/12148/bpt6k5505300s/f74.item
L1912-00248,PLACE:tunis,residence,residence,1,person_entry,resolved,50,https://gallica.bnf.fr/ark:/12148/bpt6k5505300s/f74.item
L1912-00250,PLACE:tunis,residence,residence,1,person_entry,resolved,51,https://gallica.bnf.fr/ark:/12148/bpt6k5505300s/f75.item
L1912-00250,PLACE:flekkefjord,birthplace,birthplace,1,person_entry,resolved,51,https://gallica.bnf.fr/ark:/12148/bpt6k5505300s/f75.item
L1912-00252,L1912-00919,residence,residence,1,person_entry,resolved,51,https://gallica.bnf.fr/ark:/12148/bpt6k5505300s/f75.item
L1912-00252,PLACE:bevenge,birthplace,birthplace,1,person_entry,resolved,51,https://gallica.bnf.fr/ark:/12148/bpt6k5505300s/f75.item
L1912-00253,PLACE:tunis,residence,residence,1,person_entry,resolved,51,https://gallica.bnf.fr/ark:/12148/bpt6k5505300s/f75.item
L1912-00253,PLACE:annonay,birthplace,birthplace,1,person_entry,resolved,51,https://gallica.bnf.fr/ark:/12148/bpt6k5505300s/f75.item
L1912-00254,PLACE:tunis,residence,residence,1,person_entry,resolved,51,https://gallica.bnf.fr/ark:/12148/bpt6k5505300s/f75.item
L1912-00256,PLACE:tunis,residence,residence,1,person_entry,resolved,51,https://gallica.bnf.fr/ark:/12148/bpt6k5505300s/f75.item
L1912-00256,PLACE:bonny sur loire,birthplace,birthplace,1,person_entry,resolved,51,https://gallica.bnf.fr/ark:/12148/bpt6k5505300s/f75.item
L1912-00257,PLACE:tunis,residence,residence,1,person_entry,resolved,51,https://gallica.bnf.fr/ark:/12148/bpt6k5505300s/f75.item
L1912-00257,PLACE:saint bazille de alontmel,birthplace,birthplace,1,person_entry,resolved,51,https://gallica.bnf.fr/ark:/12148/bpt6k5505300s/f75.item
L1912-00258,PLACE:tunis,residence,residence,1,person_entry,resolved,51,https://gallica.bnf.fr/ark:/12148/bpt6k5505300s/f75.item
L1912-00259,PLACE:tunis,residence,residence,1,person_entry,resolved,51,https://gallica.bnf.fr/ark:/12148/bpt6k5505300s/f75.item
L1912-00259,PLACE:urau,birthplace,birthplace,1,person_entry,resolved,51,https://gallica.bnf.fr/ark:/12148/bpt6k5505300s/f75.item
L1912-00260,PLACE:tunis,residence,residence,1,person_entry,resolved,51,https://gallica.bnf.fr/ark:/12148/bpt6k5505300s/f75.item
L1912-00262,PLACE:tunis,residence,residence,1,person_entry,resolved,52,https://gallica.bnf.fr/ark:/12148/bpt6k5505300s/f76.item
L1912-00262,PLACE:alarsa,birthplace,birthplace,1,person_entry,resolved,52,https://gallica.bnf.fr/ark:/12148/bpt6k5505300s/f76.item
L1912-00265,PLACE:tunis,residence,residence,1,person_entry,resolved,52,https://gallica.bnf.fr/ark:/12148/bpt6k5505300s/f76.item
L1912-00265,PLACE:tunis,birthplace,birthplace,1,person_entry,resolved,52,https://gallica.bnf.fr/ark:/12148/bpt6k5505300s/f76.item
L1912-00266,PLACE:tunis,residence,residence,1,person_entry,resolved,52,https://gallica.bnf.fr/ark:/12148/bpt6k5505300s/f76.item
L1912-00266,PLACE:tunis,birthplace,birthplace,1,person_entry,resolved,52,https://gallica.bnf.fr/ark:/12148/bpt6k5505300s/f76.item
L1912-00267,PLACE:tunis,residence,residence,1,person_entry,resolved,52,https://gallica.bnf.fr/ark:/12148/bpt6k5505300s/f76.item
L1912-00267,PLACE:tunis,birthplace,birthplace,1,person_entry,resolved,52,https://gallica.bnf.fr/ark:/12148/bpt6k5505300s/f76.item
L1912-00268,L1912-02465,residence,residence,1,person_entry,resolved,52,https://gallica.bnf.fr/ark:/12148/bpt6k5505300s/f76.item
L1912-00268,L1912-02465,birthplace,birthplace,1,person_entry,resolved,52,https://gallica.bnf.fr/ark:/12148/bpt6k5505300s/f76.item
L1912-00270,PLACE:tunis,residence,residence,1,person_entry,resolved,52,https://gallica.bnf.fr/ark:/12148/bpt6k5505300s/f76.item
L1912-00270,PLACE:tunis,birthplace,birthplace,1,person_entry,resolved,52,https://gallica.bnf.fr/ark:/12148/bpt6k5505300s/f76.item
L1912-00271,PLACE:tunis,residence,residence,1,person_entry,resolved,53,https://gallica.bnf.fr/ark:/12148/bpt6k5505300s/f77.item
L1912-00271,PLACE:tunis,birthplace,birthplace,1,person_entry,resolved,53,https://gallica.bnf.fr/ark:/12148/bpt6k5505300s/f77.item
L1912-00273,PLACE:tunis,residence,residence,1,person_entry,resolved,53,https://gallica.bnf.fr/ark:/12148/bpt6k5505300s/f77.item
L1912-00273,PLACE:alarseille,birthplace,birthplace,1,person_entry,resolved,53,https://gallica.bnf.fr/ark:/12148/bpt6k5505300s/f77.item
L1912-00274,PLACE:tunis,residence,residence,1,person_entry,resolved,53,https://gallica.bnf.fr/ark:/12148/bpt6k5505300s/f77.item
L1912-00274,PLACE:argentiere,birthplace,birthplace,1,person_entry,resolved,53,https://gallica.bnf.fr/ark:/12148/bpt6k5505300s/f77.item
L1912-00275,L1912-02465,residence,residence,1,person_entry,resolved,53,https://gallica.bnf.fr/ark:/12148/bpt6k5505300s/f77.item
L1912-00276,PLACE:tunis,residence,residence,1,person_entry,resolved,53,https://gallica.bnf.fr/ark:/12148/bpt6k5505300s/f77.item
L1912-00276,PLACE:tunis,birthplace,birthplace,1,person_entry,resolved,53,https://gallica.bnf.fr/ark:/12148/bpt6k5505300s/f77.item
L1912-00281,PLACE:tunis,residence,residence,1,person_entry,resolved,53,https://gallica.bnf.fr/ark:/12148/bpt6k5505300s/f77.item
L1912-00281,PLACE:villasavary,birthplace,birthplace,1,person_entry,resolved,53,https://gallica.bnf.fr/ark:/12148/bpt6k5505300s/f77.item
L1912-00283,L1912-02334,residence,residence,1,person_entry,resolved,54,https://gallica.bnf.fr/ark:/12148/bpt6k5505300s/f78.item
L1912-00283,L1912-02334,birthplace,birthplace,1,person_entry,resolved,54,https://gallica.bnf.fr/ark:/12148/bpt6k5505300s/f78.item
L1912-00286,PLACE:tunis,residence,residence,1,person_entry,resolved,54,https://gallica.bnf.fr/ark:/12148/bpt6k5505300s/f78.item
L1912-00286,PLACE:turin,birthplace,birthplace,1,person_entry,resolved,54,https://gallica.bnf.fr/ark:/12148/bpt6k5505300s/f78.item
L1912-00287,L1912-01146,residence,residence,1,person_entry,resolved,54,https://gallica.bnf.fr/ark:/12148/bpt6k5505300s/f78.item
L1912-00287,PLACE:viggianella,birthplace,birthplace,1,person_entry,resolved,54,https://gallica.bnf.fr/ark:/12148/bpt6k5505300s/f78.item
L1912-00301,PLACE:gabes,residence,residence,1,person_entry,resolved,55,https://gallica.bnf.fr/ark:/12148/bpt6k5505300s/f79.item
L1912-00301,PLACE:gabes,birthplace,birthplace,1,person_entry,resolved,55,https://gallica.bnf.fr/ark:/12148/bpt6k5505300s/f79.item
L1912-00304,PLACE:tunis,residence,residence,1,person_entry,resolved,55,https://gallica.bnf.fr/ark:/12148/bpt6k5505300s/f79.item
L1912-00304,PLACE:a iaurat,birthplace,birthplace,1,person_entry,resolved,55,https://gallica.bnf.fr/ark:/12148/bpt6k5505300s/f79.item
L1912-00305,L1912-01672,residence,residence,1,person_entry,resolved,55,https://gallica.bnf.fr/ark:/12148/bpt6k5505300s/f79.item
L1912-00306,PLACE:tunis,residence,residence,1,person_entry,resolved,55,https://gallica.bnf.fr/ark:/12148/bpt6k5505300s/f79.item
L1912-00306,PLACE:tunis,birthplace,birthplace,1,person_entry,resolved,55,https://gallica.bnf.fr/ark:/12148/bpt6k5505300s/f79.item
L1912-00307,PLACE:tunis,residence,residence,1,person_entry,resolved,55,https://gallica.bnf.fr/ark:/12148/bpt6k5505300s/f79.item
L1912-00309,PLACE:romorantin,birthplace,birthplace,1,person_entry,resolved,56,https://gallica.bnf.fr/ark:/12148/bpt6k5505300s/f80.item
L1912-00310,PLACE:tunis,residence,residence,1,person_entry,resolved,56,https://gallica.bnf.fr/ark:/12148/bpt6k5505300s/f80.item
L1912-00310,PLACE:alger,birthplace,birthplace,1,person_entry,resolved,56,https://gallica.bnf.fr/ark:/12148/bpt6k5505300s/f80.item
L1912-00311,PLACE:tunis,residence,residence,1,person_entry,resolved,56,https://gallica.bnf.fr/ark:/12148/bpt6k5505300s/f80.item
L1912-00311,PLACE:saintalalo,birthplace,birthplace,1,person_entry,resolved,56,https://gallica.bnf.fr/ark:/12148/bpt6k5505300s/f80.item
L1912-00312,PLACE:tunis,residence,residence,1,person_entry,resolved,56,https://gallica.bnf.fr/ark:/12148/bpt6k5505300s/f80.item
L1912-00312,PLACE:lyon,birthplace,birthplace,1,person_entry,resolved,56,https://gallica.bnf.fr/ark:/12148/bpt6k5505300s/f80.item
L1912-00314,PLACE:tunis,residence,residence,1,person_entry,resolved,57,https://gallica.bnf.fr/ark:/12148/bpt6k5505300s/f81.item
L1912-00316,PLACE:pe rouges,birthplace,birthplace,1,person_entry,resolved,57,https://gallica.bnf.fr/ark:/12148/bpt6k5505300s/f81.item
L1912-00317,PLACE:livourne,birthplace,birthplace,1,person_entry,resolved,57,https://gallica.bnf.fr/ark:/12148/bpt6k5505300s/f81.item
L1912-00318,L1912-02465,residence,residence,1,person_entry,resolved,57,https://gallica.bnf.fr/ark:/12148/bpt6k5505300s/f81.item
L1912-00318,PLACE:direcl,birthplace,birthplace,1,person_entry,resolved,57,https://gallica.bnf.fr/ark:/12148/bpt6k5505300s/f81.item
L1912-00319,PLACE:tunis,residence,residence,1,person_entry,resolved,57,https://gallica.bnf.fr/ark:/12148/bpt6k5505300s/f81.item
L1912-00319,PLACE:saint armand les eaux,birthplace,birthplace,1,person_entry,resolved,57,https://gallica.bnf.fr/ark:/12148/bpt6k5505300s/f81.item
L1912-00320,PLACE:entremont le vieux,birthplace,birthplace,1,person_entry,resolved,58,https://gallica.bnf.fr/ark:/12148/bpt6k5505300s/f82.item
L1912-00321,PLACE:lavaveix les mines,birthplace,birthplace,1,person_entry,resolved,58,https://gallica.bnf.fr/ark:/12148/bpt6k5505300s/f82.item
L1912-00322,PLACE:entremont le vieux,birthplace,birthplace,1,person_entry,resolved,58,https://gallica.bnf.fr/ark:/12148/bpt6k5505300s/f82.item
L1912-00323,L1912-02334,residence,residence,1,person_entry,resolved,59,https://gallica.bnf.fr/ark:/12148/bpt6k5505300s/f83.item
L1912-00323,PLACE:paris,birthplace,birthplace,1,person_entry,resolved,59,https://gallica.bnf.fr/ark:/12148/bpt6k5505300s/f83.item
L1912-00324,PLACE:tunis,residence,residence,1,person_entry,resolved,59,https://gallica.bnf.fr/ark:/12148/bpt6k5505300s/f83.item
L1912-00324,PLACE:tunis,birthplace,birthplace,1,person_entry,resolved,59,https://gallica.bnf.fr/ark:/12148/bpt6k5505300s/f83.item
L1912-00326,PLACE:tunis,residence,residence,1,person_entry,resolved,59,https://gallica.bnf.fr/ark:/12148/bpt6k5505300s/f83.item
L1912-00327,PLACE:tunis,residence,residence,1,person_entry,resolved,59,https://gallica.bnf.fr/ark:/12148/bpt6k5505300s/f83.item
L1912-00328,L1912-02465,residence,residence,1,person_entry,resolved,59,https://gallica.bnf.fr/ark:/12148/bpt6k5505300s/f83.item
L1912-00328,L1912-02465,birthplace,birthplace,1,person_entry,resolved,59,https://gallica.bnf.fr/ark:/12148/bpt6k5505300s/f83.item
L1912-00334,PLACE:tunis,residence,residence,1,person_entry,resolved,60,https://gallica.bnf.fr/ark:/12148/bpt6k5505300s/f84.item
L1912-00334,PLACE:metz,birthplace,birthplace,1,person_entry,resolved,60,https://gallica.bnf.fr/ark:/12148/bpt6k5505300s/f84.item
L1912-00336,L1912-02465,residence,residence,1,person_entry,resolved,60,https://gallica.bnf.fr/ark:/12148/bpt6k5505300s/f84.item
L1912-00336,L1912-02465,birthplace,birthplace,1,person_entry,resolved,60,https://gallica.bnf.fr/ark:/12148/bpt6k5505300s/f84.item
L1912-00340,PLACE:tunis,residence,residence,1,person_entry,resolved,61,https://gallica.bnf.fr/ark:/12148/bpt6k5505300s/f85.item
L1912-00340,PLACE:versailles,birthplace,birthplace,1,person_entry,resolved,61,https://gallica.bnf.fr/ark:/12148/bpt6k5505300s/f85.item
L1912-00342,PLACE:vaulion,birthplace,birthplace,1,person_entry,resolved,61,https://gallica.bnf.fr/ark:/12148/bpt6k5505300s/f85.item
L1912-00343,L1912-01672,residence,residence,1,person_entry,resolved,61,https://gallica.bnf.fr/ark:/12148/bpt6k5505300s/f85.item
L1912-00343,PLACE:toulouse,birthplace,birthplace,1,person_entry,resolved,61,https://gallica.bnf.fr/ark:/12148/bpt6k5505300s/f85.item
L1912-00344,PLACE:brienon,birthplace,birthplace,1,person_entry,resolved,62,https://gallica.bnf.fr/ark:/12148/bpt6k5505300s/f86.item
L1912-00346,PLACE:tunis,residence,residence,1,person_entry,resolved,62,https://gallica.bnf.fr/ark:/12148/bpt6k5505300s/f86.item
L1912-00347,PLACE:fontaines fourche,birthplace,birthplace,1,person_entry,resolved,62,https://gallica.bnf.fr/ark:/12148/bpt6k5505300s/f86.item
L1912-00360,PLACE:tunis,residence,residence,1,person_entry,resolved,63,https://gallica.bnf.fr/ark:/12148/bpt6k5505300s/f87.item
L1912-00360,PLACE:strasbourg,birthplace,birthplace,1,person_entry,resolved,63,https://gallica.bnf.fr/ark:/12148/bpt6k5505300s/f87.item
L1912-00361,PLACE:tunis,residence,residence,1,person_entry,resolved,63,https://gallica.bnf.fr/ark:/12148/bpt6k5505300s/f87.item
L1912-00361,PLACE:tunis,birthplace,birthplace,1,person_entry,resolved,63,https://gallica.bnf.fr/ark:/12148/bpt6k5505300s/f87.item
L1912-00366,PLACE:tunis,residence,residence,1,person_entry,resolved,65,https://gallica.bnf.fr/ark:/12148/bpt6k5505300s/f89.item
L1912-00368,PLACE:douai,birthplace,birthplace,1,person_entry,resolved,65,https://gallica.bnf.fr/ark:/12148/bpt6k5505300s/f89.item
L1912-00374,PLACE:tunis,residence,residence,1,person_entry,resolved,66,https://gallica.bnf.fr/ark:/12148/bpt6k5505300s/f90.item
L1912-00374,PLACE:strasbourg,birthplace,birthplace,1,person_entry,resolved,66,https://gallica.bnf.fr/ark:/12148/bpt6k5505300s/f90.item
L1912-00376,PLACE:tunis,residence,residence,1,person_entry,resolved,66,https://gallica.bnf.fr/ark:/12148/bpt6k5505300s/f90.item
L1912-00377,PLACE:tunis,residence,residence,1,person_entry,resolved,66,https://gallica.bnf.fr/ark:/12148/bpt6k5505300s/f90.item
L1912-00377,PLACE:tunis,birthplace,birthplace,1,person_entry,resolved,66,https://gallica.bnf.fr/ark:/12148/bpt6k5505300s/f90.item
L1912-00378,PLACE:berlin,birthplace,birthplace,1,person_entry,resolved,66,https://gallica.bnf.fr/ark:/12148/bpt6k5505300s/f90.item
L1912-00379,L1912-02334,residence,residence,1,person_entry,resolved,67,https://gallica.bnf.fr/ark:/12148/bpt6k5505300s/f91.item
L1912-00379,PLACE:epernay,birthplace,birthplace,1,person_entry,resolved,67,https://gallica.bnf.fr/ark:/12148/bpt6k5505300s/f91.item
L1912-00380,PLACE:tunis,residence,residence,1,person_entry,resolved,67,https://gallica.bnf.fr/ark:/12148/bpt6k5505300s/f91.item
L1912-00380,PLACE:tunis,birthplace,birthplace,1,person_entry,resolved,67,https://gallica.bnf.fr/ark:/12148/bpt6k5505300s/f91.item
L1912-00381,PLACE:tunis,residence,residence,1,person_entry,resolved,67,https://gallica.bnf.fr/ark:/12148/bpt6k5505300s/f91.item
L1912-00384,PLACE:tunis,residence,residence,1,person_entry,resolved,68,https://gallica.bnf.fr/ark:/12148/bpt6k5505300s/f92.item
L1912-00384,PLACE:saint didier sur riverie,birthplace,birthplace,1,person_entry,resolved,68,https://gallica.bnf.fr/ark:/12148/bpt6k5505300s/f92.item
L1912-00385,L1912-02465,residence,residence,1,person_entry,resolved,68,https://gallica.bnf.fr/ark:/12148/bpt6k5505300s/f92.item
L1912-00385,PLACE:saulzais le poslier,birthplace,birthplace,1,person_entry,resolved,68,https://gallica.bnf.fr/ark:/12148/bpt6k5505300s/f92.item
L1912-00387,L1912-02531,residence,residence,1,person_entry,resolved,68,https://gallica.bnf.fr/ark:/12148/bpt6k5505300s/f92.item
L1912-00387,PLACE:tarascon,birthplace,birthplace,1,person_entry,resolved,68,https://gallica.bnf.fr/ark:/12148/bpt6k5505300s/f92.item
L1912-00388,PLACE:tunis,residence,residence,1,person_entry,resolved,68,https://gallica.bnf.fr/ark:/12148/bpt6k5505300s/f92.item
L1912-00388,PLACE:tenay,birthplace,birthplace,1,person_entry,resolved,68,https://gallica.bnf.fr/ark:/12148/bpt6k5505300s/f92.item
L1912-00389,PLACE:tunis,residence,residence,1,person_entry,resolved,68,https://gallica.bnf.fr/ark:/12148/bpt6k5505300s/f92.item
L1912-00389,PLACE:lacasse,birthplace,birthplace,1,person_entry,resolved,68,https://gallica.bnf.fr/ark:/12148/bpt6k5505300s/f92.item
L1912-00401,PLACE:tunis,residence,residence,1,person_entry,resolved,69,https://gallica.bnf.fr/ark:/12148/bpt6k5505300s/f93.item
L1912-00401,PLACE:tunis ingenieur civil,birthplace,birthplace,1,person_entry,resolved,69,https://gallica.bnf.fr/ark:/12148/bpt6k5505300s/f93.item
L1912-00403,PLACE:tunis,residence,residence,1,person_entry,resolved,69,https://gallica.bnf.fr/ark:/12148/bpt6k5505300s/f93.item
L1912-00403,PLACE:novale,birthplace,birthplace,1,person_entry,resolved,69,https://gallica.bnf.fr/ark:/12148/bpt6k5505300s/f93.item
L1912-00404,L1912-02465,residence,residence,1,person_entry,resolved,69,https://gallica.bnf.fr/ark:/12148/bpt6k5505300s/f93.item
L1912-00405,PLACE:tunis,residence,residence,1,person_entry,resolved,70,https://gallica.bnf.fr/ark:/12148/bpt6k5505300s/f94.item
L1912-00405,PLACE:sainl nazaire,birthplace,birthplace,1,person_entry,resolved,70,https://gallica.bnf.fr/ark:/12148/bpt6k5505300s/f94.item
L1912-00406,PLACE:tunis,residence,residence,1,person_entry,resolved,70,https://gallica.bnf.fr/ark:/12148/bpt6k5505300s/f94.item
L1912-00410,PLACE:ctignaux,birthplace,birthplace,1,person_entry,resolved,70,https://gallica.bnf.fr/ark:/12148/bpt6k5505300s/f94.item
L1912-00411,PLACE:tunis,residence,residence,1,person_entry,resolved,70,https://gallica.bnf.fr/ark:/12148/bpt6k5505300s/f94.item
L1912-00415,PLACE:bizerte,residence,residence,1,person_entry,resolved,71,https://gallica.bnf.fr/ark:/12148/bpt6k5505300s/f95.item
L1912-00415,PLACE:marseille,birthplace,birthplace,1,person_entry,resolved,71,https://gallica.bnf.fr/ark:/12148/bpt6k5505300s/f95.item
L1912-00416,PLACE:tunis,residence,residence,1,person_entry,resolved,71,https://gallica.bnf.fr/ark:/12148/bpt6k5505300s/f95.item
L1912-00416,PLACE:caslelmoron surlol,birthplace,birthplace,1,person_entry,resolved,71,https://gallica.bnf.fr/ark:/12148/bpt6k5505300s/f95.item
L1912-00423,PLACE:tunis,residence,residence,1,person_entry,resolved,72,https://gallica.bnf.fr/ark:/12148/bpt6k5505300s/f96.item
L1912-00423,PLACE:tunis,birthplace,birthplace,1,person_entry,resolved,72,https://gallica.bnf.fr/ark:/12148/bpt6k5505300s/f96.item
L1912-00424,PLACE:tunis,residence,residence,1,person_entry,resolved,72,https://gallica.bnf.fr/ark:/12148/bpt6k5505300s/f96.item
L1912-00424,PLACE:tunis,birthplace,birthplace,1,person_entry,resolved,72,https://gallica.bnf.fr/ark:/12148/bpt6k5505300s/f96.item
L1912-00428,PLACE:tunis,residence,residence,1,person_entry,resolved,72,https://gallica.bnf.fr/ark:/12148/bpt6k5505300s/f96.item
L1912-00428,PLACE:tunis,birthplace,birthplace,1,person_entry,resolved,72,https://gallica.bnf.fr/ark:/12148/bpt6k5505300s/f96.item
L1912-00430,PLACE:tunis,residence,residence,1,person_entry,resolved,72,https://gallica.bnf.fr/ark:/12148/bpt6k5505300s/f96.item
L1912-00430,PLACE:lyon,birthplace,birthplace,1,person_entry,resolved,72,https://gallica.bnf.fr/ark:/12148/bpt6k5505300s/f96.item
L1912-00432,PLACE:tunis,residence,residence,1,person_entry,resolved,73,https://gallica.bnf.fr/ark:/12148/bpt6k5505300s/f97.item
L1912-00432,PLACE:bone,birthplace,birthplace,1,person_entry,resolved,73,https://gallica.bnf.fr/ark:/12148/bpt6k5505300s/f97.item
L1912-00437,PLACE:tunis,residence,residence,1,person_entry,resolved,73,https://gallica.bnf.fr/ark:/12148/bpt6k5505300s/f97.item
L1912-00441,PLACE:tunis,residence,residence,1,person_entry,resolved,73,https://gallica.bnf.fr/ark:/12148/bpt6k5505300s/f97.item
L1912-00441,PLACE:ordonne pretre en 1832,birthplace,birthplace,1,person_entry,resolved,73,https://gallica.bnf.fr/ark:/12148/bpt6k5505300s/f97.item
L1912-00442,PLACE:tunis,residence,residence,1,person_entry,resolved,74,https://gallica.bnf.fr/ark:/12148/bpt6k5505300s/f98.item
L1912-00442,PLACE:saintjean sur veyle,birthplace,birthplace,1,person_entry,resolved,74,https://gallica.bnf.fr/ark:/12148/bpt6k5505300s/f98.item
L1912-00443,PLACE:dijon,birthplace,birthplace,1,person_entry,resolved,74,https://gallica.bnf.fr/ark:/12148/bpt6k5505300s/f98.item
L1912-00448,PLACE:tunis,residence,residence,1,person_entry,resolved,75,https://gallica.bnf.fr/ark:/12148/bpt6k5505300s/f99.item
L1912-00448,PLACE:tunis,birthplace,birthplace,1,person_entry,resolved,75,https://gallica.bnf.fr/ark:/12148/bpt6k5505300s/f99.item
L1912-00449,PLACE:oran,birthplace,birthplace,1,person_entry,resolved,75,https://gallica.bnf.fr/ark:/12148/bpt6k5505300s/f99.item
L1912-00452,PLACE:tunis,residence,residence,1,person_entry,resolved,75,https://gallica.bnf.fr/ark:/12148/bpt6k5505300s/f99.item
L1912-00452,PLACE:la,birthplace,birthplace,1,person_entry,resolved,75,https://gallica.bnf.fr/ark:/12148/bpt6k5505300s/f99.item
L1912-00453,PLACE:tunis,residence,residence,1,person_entry,resolved,75,https://gallica.bnf.fr/ark:/12148/bpt6k5505300s/f99.item
L1912-00453,PLACE:thiais,birthplace,birthplace,1,person_entry,resolved,75,https://gallica.bnf.fr/ark:/12148/bpt6k5505300s/f99.item
L1912-00454,PLACE:grenoble,birthplace,birthplace,1,person_entry,resolved,76,https://gallica.bnf.fr/ark:/12148/bpt6k5505300s/f100.item
L1912-00455,PLACE:tunis,residence,residence,1,person_entry,resolved,76,https://gallica.bnf.fr/ark:/12148/bpt6k5505300s/f100.item
L1912-00456,PLACE:paris,birthplace,birthplace,1,person_entry,resolved,76,https://gallica.bnf.fr/ark:/12148/bpt6k5505300s/f100.item
L1912-00457,L1912-00526,residence,residence,1,person_entry,resolved,76,https://gallica.bnf.fr/ark:/12148/bpt6k5505300s/f100.item
L1912-00458,L1912-01489,residence,residence,1,person_entry,resolved,76,https://gallica.bnf.fr/ark:/12148/bpt6k5505300s/f100.item
L1912-00458,PLACE:chartres,birthplace,birthplace,1,person_entry,resolved,76,https://gallica.bnf.fr/ark:/12148/bpt6k5505300s/f100.item
L1912-00460,PLACE:tunis,residence,residence,1,person_entry,resolved,77,https://gallica.bnf.fr/ark:/12148/bpt6k5505300s/f101.item
L1912-00460,PLACE:pantellaria,birthplace,birthplace,1,person_entry,resolved,77,https://gallica.bnf.fr/ark:/12148/bpt6k5505300s/f101.item
L1912-00461,PLACE:amanty,birthplace,birthplace,1,person_entry,resolved,77,https://gallica.bnf.fr/ark:/12148/bpt6k5505300s/f101.item
L1912-00462,PLACE:tunis,residence,residence,1,person_entry,resolved,77,https://gallica.bnf.fr/ark:/12148/bpt6k5505300s/f101.item
L1912-00463,PLACE:russie,birthplace,birthplace,1,person_entry,resolved,77,https://gallica.bnf.fr/ark:/12148/bpt6k5505300s/f101.item
L1912-00465,PLACE:paris,birthplace,birthplace,1,person_entry,resolved,77,https://gallica.bnf.fr/ark:/12148/bpt6k5505300s/f101.item
L1912-00466,PLACE:tunis,residence,residence,1,person_entry,resolved,77,https://gallica.bnf.fr/ark:/12148/bpt6k5505300s/f101.item
L1912-00466,PLACE:alger,birthplace,birthplace,1,person_entry,resolved,77,https://gallica.bnf.fr/ark:/12148/bpt6k5505300s/f101.item
L1912-00467,PLACE:tunis,residence,residence,1,person_entry,resolved,78,https://gallica.bnf.fr/ark:/12148/bpt6k5505300s/f102.item
L1912-00470,PLACE:philippevile,birthplace,birthplace,1,person_entry,resolved,78,https://gallica.bnf.fr/ark:/12148/bpt6k5505300s/f102.item
L1912-00471,PLACE:tunis,residence,residence,1,person_entry,resolved,78,https://gallica.bnf.fr/ark:/12148/bpt6k5505300s/f102.item
L1912-00471,PLACE:tunis,birthplace,birthplace,1,person_entry,resolved,78,https://gallica.bnf.fr/ark:/12148/bpt6k5505300s/f102.item
L1912-00472,PLACE:tunis,residence,residence,1,person_entry,resolved,78,https://gallica.bnf.fr/ark:/12148/bpt6k5505300s/f102.item
L1912-00472,PLACE:paris,birthplace,birthplace,1,person_entry,resolved,78,https://gallica.bnf.fr/ark:/12148/bpt6k5505300s/f102.item
L1912-00473,L1912-02334,residence,residence,1,person_entry,resolved,79,https://gallica.bnf.fr/ark:/12148/bpt6k5505300s/f103.item
L1912-00477,PLACE:tunis,residence,residence,1,person_entry,resolved,80,https://gallica.bnf.fr/ark:/12148/bpt6k5505300s/f104.item
L1912-00477,PLACE:sanpietro patti,birthplace,birthplace,1,person_entry,resolved,80,https://gallica.bnf.fr/ark:/12148/bpt6k5505300s/f104.item
L1912-00478,PLACE:tunis,residence,residence,1,person_entry,resolved,80,https://gallica.bnf.fr/ark:/12148/bpt6k5505300s/f104.item
L1912-00478,PLACE:tunis,birthplace,birthplace,1,person_entry,resolved,80,https://gallica.bnf.fr/ark:/12148/bpt6k5505300s/f104.item
L1912-00479,PLACE:tunis,residence,residence,1,person_entry,resolved,81,https://gallica.bnf.fr/ark:/12148/bpt6k5505300s/f105.item
L1912-00479,PLACE:millau,birthplace,birthplace,1,person_entry,resolved,81,https://gallica.bnf.fr/ark:/12148/bpt6k5505300s/f105.item
L1912-00481,L1912-02465,residence,residence,1,person_entry,resolved,81,https://gallica.bnf.fr/ark:/12148/bpt6k5505300s/f105.item
L1912-00487,PLACE:tunis,residence,residence,1,person_entry,resolved,84,https://gallica.bnf.fr/ark:/12148/bpt6k5505300s/f108.item
L1912-00487,PLACE:sainte hlppolyte du fort,birthplace,birthplace,1,person_entry,resolved,84,https://gallica.bnf.fr/ark:/12148/bpt6k5505300s/f108.item
L1912-00488,PLACE:tunis,residence,residence,1,person_entry,resolved,84,https://gallica.bnf.fr/ark:/12148/bpt6k5505300s/f108.item
L1912-00488,PLACE:grenoble,birthplace,birthplace,1,person_entry,resolved,84,https://gallica.bnf.fr/ark:/12148/bpt6k5505300s/f108.item
L1912-00489,PLACE:orthez,birthplace,birthplace,1,person_entry,resolved,84,https://gallica.bnf.fr/ark:/12148/bpt6k5505300s/f108.item
L1912-00492,PLACE:tunis,residence,residence,1,person_entry,resolved,86,https://gallica.bnf.fr/ark:/12148/bpt6k5505300s/f110.item
L1912-00492,PLACE:cagliari,birthplace,birthplace,1,person_entry,resolved,86,https://gallica.bnf.fr/ark:/12148/bpt6k5505300s/f110.item
L1912-00493,L1912-02465,residence,residence,1,person_entry,resolved,86,https://gallica.bnf.fr/ark:/12148/bpt6k5505300s/f110.item
L1912-00494,PLACE:tunis,residence,residence,1,person_entry,resolved,86,https://gallica.bnf.fr/ark:/12148/bpt6k5505300s/f110.item
L1912-00494,PLACE:tunis,birthplace,birthplace,1,person_entry,resolved,86,https://gallica.bnf.fr/ark:/12148/bpt6k5505300s/f110.item
L1912-00495,PLACE:tunis,residence,residence,1,person_entry,resolved,86,https://gallica.bnf.fr/ark:/12148/bpt6k5505300s/f110.item
L1912-00497,PLACE:tunis,residence,residence,1,person_entry,resolved,86,https://gallica.bnf.fr/ark:/12148/bpt6k5505300s/f110.item
L1912-00497,PLACE:tunis,birthplace,birthplace,1,person_entry,resolved,86,https://gallica.bnf.fr/ark:/12148/bpt6k5505300s/f110.item
L1912-00501,PLACE:tunis,residence,residence,1,person_entry,resolved,86,https://gallica.bnf.fr/ark:/12148/bpt6k5505300s/f110.item
L1912-00502,PLACE:tunis,residence,residence,1,person_entry,resolved,87,https://gallica.bnf.fr/ark:/12148/bpt6k5505300s/f111.item
L1912-00502,PLACE:riberac,birthplace,birthplace,1,person_entry,resolved,87,https://gallica.bnf.fr/ark:/12148/bpt6k5505300s/f111.item
L1912-00503,PLACE:tunis,residence,residence,1,person_entry,resolved,87,https://gallica.bnf.fr/ark:/12148/bpt6k5505300s/f111.item
L1912-00503,PLACE:aloslaganem,birthplace,birthplace,1,person_entry,resolved,87,https://gallica.bnf.fr/ark:/12148/bpt6k5505300s/f111.item
L1912-00504,PLACE:tunis,residence,residence,1,person_entry,resolved,87,https://gallica.bnf.fr/ark:/12148/bpt6k5505300s/f111.item
L1912-00505,PLACE:oam,birthplace,birthplace,1,person_entry,resolved,87,https://gallica.bnf.fr/ark:/12148/bpt6k5505300s/f111.item
L1912-00507,L1912-02465,residence,residence,1,person_entry,resolved,87,https://gallica.bnf.fr/ark:/12148/bpt6k5505300s/f111.item
L1912-00507,PLACE:phillppeville,birthplace,birthplace,1,person_entry,resolved,87,https://gallica.bnf.fr/ark:/12148/bpt6k5505300s/f111.item
L1912-00511,PLACE:bizerte,residence,residence,1,person_entry,resolved,89,https://gallica.bnf.fr/ark:/12148/bpt6k5505300s/f113.item
L1912-00512,L1912-02334,residence,residence,1,person_entry,resolved,89,https://gallica.bnf.fr/ark:/12148/bpt6k5505300s/f113.item
L1912-00512,PLACE:marseille,birthplace,birthplace,1,person_entry,resolved,89,https://gallica.bnf.fr/ark:/12148/bpt6k5505300s/f113.item
L1912-00516,PLACE:alger,birthplace,birthplace,1,person_entry,resolved,89,https://gallica.bnf.fr/ark:/12148/bpt6k5505300s/f113.item
L1912-00517,L1912-01489,residence,residence,1,person_entry,resolved,89,https://gallica.bnf.fr/ark:/12148/bpt6k5505300s/f113.item
L1912-00518,PLACE:tunis,residence,residence,1,person_entry,resolved,89,https://gallica.bnf.fr/ark:/12148/bpt6k5505300s/f113.item
L1912-00518,PLACE:tunis,birthplace,birthplace,1,person_entry,resolved,89,https://gallica.bnf.fr/ark:/12148/bpt6k5505300s/f113.item
L1912-00519,L1912-02465,residence,residence,1,person_entry,resolved,90,https://gallica.bnf.fr/ark:/12148/bpt6k5505300s/f114.item
L1912-00519,L1912-02465,birthplace,birthplace,1,person_entry,resolved,90,https://gallica.bnf.fr/ark:/12148/bpt6k5505300s/f114.item
L1912-00521,PLACE:alaubeuge,birthplace,birthplace,1,person_entry,resolved,90,https://gallica.bnf.fr/ark:/12148/bpt6k5505300s/f114.item
L1912-00524,PLACE:beja,residence,residence,1,person_entry,resolved,91,https://gallica.bnf.fr/ark:/12148/bpt6k5505300s/f115.item
L1912-00529,PLACE:saintomer,birthplace,birthplace,1,person_entry,resolved,96,https://gallica.bnf.fr/ark:/12148/bpt6k5505300s/f120.item
L1912-00531,PLACE:livourne,birthplace,birthplace,1,person_entry,resolved,97,https://gallica.bnf.fr/ark:/12148/bpt6k5505300s/f121.item
L1912-00533,PLACE:tunis,residence,residence,1,person_entry,resolved,97,https://gallica.bnf.fr/ark:/12148/bpt6k5505300s/f121.item
L1912-00533,PLACE:tunis,birthplace,birthplace,1,person_entry,resolved,97,https://gallica.bnf.fr/ark:/12148/bpt6k5505300s/f121.item
L1912-00534,PLACE:tunis,residence,residence,1,person_entry,resolved,97,https://gallica.bnf.fr/ark:/12148/bpt6k5505300s/f121.item
L1912-00534,PLACE:tunis,birthplace,birthplace,1,person_entry,resolved,97,https://gallica.bnf.fr/ark:/12148/bpt6k5505300s/f121.item
L1912-00535,L1912-02465,residence,residence,1,person_entry,resolved,97,https://gallica.bnf.fr/ark:/12148/bpt6k5505300s/f121.item
L1912-00536,PLACE:tunis,residence,residence,1,person_entry,resolved,97,https://gallica.bnf.fr/ark:/12148/bpt6k5505300s/f121.item
L1912-00536,PLACE:tunis,birthplace,birthplace,1,person_entry,resolved,97,https://gallica.bnf.fr/ark:/12148/bpt6k5505300s/f121.item
L1912-00537,L1912-02465,residence,residence,1,person_entry,resolved,98,https://gallica.bnf.fr/ark:/12148/bpt6k5505300s/f122.item
L1912-00538,PLACE:tunis,residence,residence,1,person_entry,resolved,98,https://gallica.bnf.fr/ark:/12148/bpt6k5505300s/f122.item
L1912-00538,PLACE:tunis,birthplace,birthplace,1,person_entry,resolved,98,https://gallica.bnf.fr/ark:/12148/bpt6k5505300s/f122.item
L1912-00539,PLACE:tunis,residence,residence,1,person_entry,resolved,98,https://gallica.bnf.fr/ark:/12148/bpt6k5505300s/f122.item
L1912-00539,PLACE:tunis,birthplace,birthplace,1,person_entry,resolved,98,https://gallica.bnf.fr/ark:/12148/bpt6k5505300s/f122.item
L1912-00540,PLACE:tunis,residence,residence,1,person_entry,resolved,99,https://gallica.bnf.fr/ark:/12148/bpt6k5505300s/f123.item
L1912-00540,PLACE:batz,birthplace,birthplace,1,person_entry,resolved,99,https://gallica.bnf.fr/ark:/12148/bpt6k5505300s/f123.item
L1912-00542,PLACE:tunis,residence,residence,1,person_entry,resolved,99,https://gallica.bnf.fr/ark:/12148/bpt6k5505300s/f123.item
L1912-00542,PLACE:vint a tunis en fevrier 1878,birthplace,birthplace,1,person_entry,resolved,99,https://gallica.bnf.fr/ark:/12148/bpt6k5505300s/f123.item
L1912-00555,PLACE:tunis,residence,residence,1,person_entry,resolved,100,https://gallica.bnf.fr/ark:/12148/bpt6k5505300s/f124.item
L1912-00555,PLACE:tunis,birthplace,birthplace,1,person_entry,resolved,100,https://gallica.bnf.fr/ark:/12148/bpt6k5505300s/f124.item
L1912-00561,PLACE:tunis,residence,residence,1,person_entry,resolved,101,https://gallica.bnf.fr/ark:/12148/bpt6k5505300s/f125.item
L1912-00562,L1912-01672,residence,residence,1,person_entry,resolved,101,https://gallica.bnf.fr/ark:/12148/bpt6k5505300s/f125.item
L1912-00562,PLACE:isle jourdain,birthplace,birthplace,1,person_entry,resolved,101,https://gallica.bnf.fr/ark:/12148/bpt6k5505300s/f125.item
L1912-00565,PLACE:tunis,residence,residence,1,person_entry,resolved,101,https://gallica.bnf.fr/ark:/12148/bpt6k5505300s/f125.item
L1912-00570,PLACE:tunis,residence,residence,1,person_entry,resolved,101,https://gallica.bnf.fr/ark:/12148/bpt6k5505300s/f125.item
L1912-00570,PLACE:villefranche,birthplace,birthplace,1,person_entry,resolved,101,https://gallica.bnf.fr/ark:/12148/bpt6k5505300s/f125.item
L1912-00572,PLACE:tunis,residence,residence,1,person_entry,resolved,102,https://gallica.bnf.fr/ark:/12148/bpt6k5505300s/f126.item
L1912-00572,PLACE:avocat au barreau de tunis,birthplace,birthplace,1,person_entry,resolved,102,https://gallica.bnf.fr/ark:/12148/bpt6k5505300s/f126.item
L1912-00573,PLACE:tunis,residence,residence,1,person_entry,resolved,102,https://gallica.bnf.fr/ark:/12148/bpt6k5505300s/f126.item
L1912-00573,PLACE:pouzin,birthplace,birthplace,1,person_entry,resolved,102,https://gallica.bnf.fr/ark:/12148/bpt6k5505300s/f126.item
L1912-00574,PLACE:beja,residence,residence,1,person_entry,resolved,102,https://gallica.bnf.fr/ark:/12148/bpt6k5505300s/f126.item
L1912-00574,PLACE:saint romain d ay,birthplace,birthplace,1,person_entry,resolved,102,https://gallica.bnf.fr/ark:/12148/bpt6k5505300s/f126.item
L1912-00575,PLACE:tunis,residence,residence,1,person_entry,resolved,102,https://gallica.bnf.fr/ark:/12148/bpt6k5505300s/f126.item
L1912-00575,PLACE:tunis,birthplace,birthplace,1,person_entry,resolved,102,https://gallica.bnf.fr/ark:/12148/bpt6k5505300s/f126.item
L1912-00576,PLACE:tunis,residence,residence,1,person_entry,resolved,102,https://gallica.bnf.fr/ark:/12148/bpt6k5505300s/f126.item
L1912-00576,PLACE:saulce sur rlione,birthplace,birthplace,1,person_entry,resolved,102,https://gallica.bnf.fr/ark:/12148/bpt6k5505300s/f126.item
L1912-00586,PLACE:bizerte,residence,residence,1,person_entry,resolved,105,https://gallica.bnf.fr/ark:/12148/bpt6k5505300s/f129.item
L1912-00586,PLACE:lyon,birthplace,birthplace,1,person_entry,resolved,105,https://gallica.bnf.fr/ark:/12148/bpt6k5505300s/f129.item
L1912-00592,PLACE:tunis,residence,residence,1,person_entry,resolved,106,https://gallica.bnf.fr/ark:/12148/bpt6k5505300s/f130.item
L1912-00592,PLACE:tunis,birthplace,birthplace,1,person_entry,resolved,106,https://gallica.bnf.fr/ark:/12148/bpt6k5505300s/f130.item
L1912-00595,PLACE:saint jean de ceyrargues,birthplace,birthplace,1,person_entry,resolved,107,https://gallica.bnf.fr/ark:/12148/bpt6k5505300s/f131.item
L1912-00599,PLACE:tunis,residence,residence,1,person_entry,resolved,108,https://gallica.bnf.fr/ark:/12148/bpt6k5505300s/f132.item
L1912-00599,PLACE:nancy,birthplace,birthplace,1,person_entry,resolved,108,https://gallica.bnf.fr/ark:/12148/bpt6k5505300s/f132.item
L1912-00600,PLACE:tunis,residence,residence,1,person_entry,resolved,108,https://gallica.bnf.fr/ark:/12148/bpt6k5505300s/f132.item
L1912-00600,PLACE:seiif,birthplace,birthplace,1,person_entry,resolved,108,https://gallica.bnf.fr/ark:/12148/bpt6k5505300s/f132.item
L1912-00603,PLACE:souillac,birthplace,birthplace,1,person_entry,resolved,109,https://gallica.bnf.fr/ark:/12148/bpt6k5505300s/f133.item
L1912-00605,L1912-00919,residence,residence,1,person_entry,resolved,109,https://gallica.bnf.fr/ark:/12148/bpt6k5505300s/f133.item
L1912-00605,PLACE:chambonnus,birthplace,birthplace,1,person_entry,resolved,109,https://gallica.bnf.fr/ark:/12148/bpt6k5505300s/f133.item
L1912-00606,PLACE:tunis,residence,residence,1,person_entry,resolved,109,https://gallica.bnf.fr/ark:/12148/bpt6k5505300s/f133.item
L1912-00606,PLACE:montrevel,birthplace,birthplace,1,person_entry,resolved,109,https://gallica.bnf.fr/ark:/12148/bpt6k5505300s/f133.item
L1912-00608,PLACE:tunis,residence,residence,1,person_entry,resolved,110,https://gallica.bnf.fr/ark:/12148/bpt6k5505300s/f134.item
L1912-00608,PLACE:cha,birthplace,birthplace,1,person_entry,resolved,110,https://gallica.bnf.fr/ark:/12148/bpt6k5505300s/f134.item
L1912-00618,PLACE:tunis,residence,residence,1,person_entry,resolved,111,https://gallica.bnf.fr/ark:/12148/bpt6k5505300s/f135.item
L1912-00619,PLACE:tunis,residence,residence,1,person_entry,resolved,111,https://gallica.bnf.fr/ark:/12148/bpt6k5505300s/f135.item
L1912-00619,PLACE:tunis,birthplace,birthplace,1,person_entry,resolved,111,https://gallica.bnf.fr/ark:/12148/bpt6k5505300s/f135.item
L1912-00621,L1912-02465,residence,residence,1,person_entry,resolved,112,https://gallica.bnf.fr/ark:/12148/bpt6k5505300s/f136.item
L1912-00621,PLACE:mona,birthplace,birthplace,1,person_entry,resolved,112,https://gallica.bnf.fr/ark:/12148/bpt6k5505300s/f136.item
L1912-00623,PLACE:paris,birthplace,birthplace,1,person_entry,resolved,112,https://gallica.bnf.fr/ark:/12148/bpt6k5505300s/f136.item
L1912-00632,PLACE:tunis,residence,residence,1,person_entry,resolved,113,https://gallica.bnf.fr/ark:/12148/bpt6k5505300s/f137.item
L1912-00632,PLACE:tunis,birthplace,birthplace,1,person_entry,resolved,113,https://gallica.bnf.fr/ark:/12148/bpt6k5505300s/f137.item
L1912-00633,PLACE:tunis,residence,residence,1,person_entry,resolved,113,https://gallica.bnf.fr/ark:/12148/bpt6k5505300s/f137.item
L1912-00633,PLACE:chatellus,birthplace,birthplace,1,person_entry,resolved,113,https://gallica.bnf.fr/ark:/12148/bpt6k5505300s/f137.item
L1912-00636,L1912-01672,residence,residence,1,person_entry,resolved,114,https://gallica.bnf.fr/ark:/12148/bpt6k5505300s/f138.item
L1912-00636,PLACE:arrou,birthplace,birthplace,1,person_entry,resolved,114,https://gallica.bnf.fr/ark:/12148/bpt6k5505300s/f138.item
L1912-00637,PLACE:tunis,residence,residence,1,person_entry,resolved,114,https://gallica.bnf.fr/ark:/12148/bpt6k5505300s/f138.item
L1912-00637,PLACE:algesiras,birthplace,birthplace,1,person_entry,resolved,114,https://gallica.bnf.fr/ark:/12148/bpt6k5505300s/f138.item
L1912-00638,PLACE:tunis,residence,residence,1,person_entry,resolved,114,https://gallica.bnf.fr/ark:/12148/bpt6k5505300s/f138.item
L1912-00638,PLACE:paris,birthplace,birthplace,1,person_entry,resolved,114,https://gallica.bnf.fr/ark:/12148/bpt6k5505300s/f138.item
L1912-00640,L1912-02465,residence,residence,1,person_entry,resolved,114,https://gallica.bnf.fr/ark:/12148/bpt6k5505300s/f138.item
L1912-00640,PLACE:paienne,birthplace,birthplace,1,person_entry,resolved,114,https://gallica.bnf.fr/ark:/12148/bpt6k5505300s/f138.item
L1912-00641,PLACE:tunis,residence,residence,1,person_entry,resolved,114,https://gallica.bnf.fr/ark:/12148/bpt6k5505300s/f138.item
L1912-00641,PLACE:montliban,birthplace,birthplace,1,person_entry,resolved,114,https://gallica.bnf.fr/ark:/12148/bpt6k5505300s/f138.item
L1912-00644,PLACE:charron,birthplace,birthplace,1,person_entry,resolved,115,https://gallica.bnf.fr/ark:/12148/bpt6k5505300s/f139.item
L1912-00650,PLACE:tunis,residence,residence,1,person_entry,resolved,115,https://gallica.bnf.fr/ark:/12148/bpt6k5505300s/f139.item
L1912-00650,PLACE:londres,birthplace,birthplace,1,person_entry,resolved,115,https://gallica.bnf.fr/ark:/12148/bpt6k5505300s/f139.item
L1912-00652,PLACE:tunis,residence,residence,1,person_entry,resolved,116,https://gallica.bnf.fr/ark:/12148/bpt6k5505300s/f140.item
L1912-00652,PLACE:cambrai,birthplace,birthplace,1,person_entry,resolved,116,https://gallica.bnf.fr/ark:/12148/bpt6k5505300s/f140.item
L1912-00653,L1912-02465,residence,residence,1,person_entry,resolved,116,https://gallica.bnf.fr/ark:/12148/bpt6k5505300s/f140.item
L1912-00653,L1912-02465,birthplace,birthplace,1,person_entry,resolved,116,https://gallica.bnf.fr/ark:/12148/bpt6k5505300s/f140.item
L1912-00654,L1912-02465,residence,residence,1,person_entry,resolved,116,https://gallica.bnf.fr/ark:/12148/bpt6k5505300s/f140.item
L1912-00654,L1912-02465,birthplace,birthplace,1,person_entry,resolved,116,https://gallica.bnf.fr/ark:/12148/bpt6k5505300s/f140.item
L1912-00655,PLACE:tunis,residence,residence,1,person_entry,resolved,116,https://gallica.bnf.fr/ark:/12148/bpt6k5505300s/f140.item
L1912-00655,PLACE:tu,birthplace,birthplace,1,person_entry,resolved,116,https://gallica.bnf.fr/ark:/12148/bpt6k5505300s/f140.item
L1912-00656,PLACE:tunis,residence,residence,1,person_entry,resolved,116,https://gallica.bnf.fr/ark:/12148/bpt6k5505300s/f140.item
L1912-00656,PLACE:valence,birthplace,birthplace,1,person_entry,resolved,116,https://gallica.bnf.fr/ark:/12148/bpt6k5505300s/f140.item
L1912-00657,L1912-02465,residence,residence,1,person_entry,resolved,117,https://gallica.bnf.fr/ark:/12148/bpt6k5505300s/f141.item
L1912-00657,PLACE:lyon,birthplace,birthplace,1,person_entry,resolved,117,https://gallica.bnf.fr/ark:/12148/bpt6k5505300s/f141.item
L1912-00658,PLACE:tunis,residence,residence,1,person_entry,resolved,117,https://gallica.bnf.fr/ark:/12148/bpt6k5505300s/f141.item
L1912-00658,PLACE:akbou,birthplace,birthplace,1,person_entry,resolved,117,https://gallica.bnf.fr/ark:/12148/bpt6k5505300s/f141.item
L1912-00659,PLACE:tunis,residence,residence,1,person_entry,resolved,118,https://gallica.bnf.fr/ark:/12148/bpt6k5505300s/f142.item
L1912-00659,PLACE:caire,birthplace,birthplace,1,person_entry,resolved,118,https://gallica.bnf.fr/ark:/12148/bpt6k5505300s/f142.item
L1912-00660,PLACE:tunis,residence,residence,1,person_entry,resolved,118,https://gallica.bnf.fr/ark:/12148/bpt6k5505300s/f142.item
L1912-00660,PLACE:pressins,birthplace,birthplace,1,person_entry,resolved,118,https://gallica.bnf.fr/ark:/12148/bpt6k5505300s/f142.item
L1912-00661,PLACE:tunis,residence,residence,1,person_entry,resolved,118,https://gallica.bnf.fr/ark:/12148/bpt6k5505300s/f142.item
L1912-00661,PLACE:bordeaux,birthplace,birthplace,1,person_entry,resolved,118,https://gallica.bnf.fr/ark:/12148/bpt6k5505300s/f142.item
L1912-00665,PLACE:tunis,residence,residence,1,person_entry,resolved,119,https://gallica.bnf.fr/ark:/12148/bpt6k5505300s/f143.item
L1912-00665,PLACE:nancy,birthplace,birthplace,1,person_entry,resolved,119,https://gallica.bnf.fr/ark:/12148/bpt6k5505300s/f143.item
L1912-00666,PLACE:tunis,residence,residence,1,person_entry,resolved,119,https://gallica.bnf.fr/ark:/12148/bpt6k5505300s/f143.item
L1912-00666,PLACE:ota,birthplace,birthplace,1,person_entry,resolved,119,https://gallica.bnf.fr/ark:/12148/bpt6k5505300s/f143.item
L1912-00667,PLACE:coligny,birthplace,birthplace,1,person_entry,resolved,119,https://gallica.bnf.fr/ark:/12148/bpt6k5505300s/f143.item
L1912-00668,L1912-00919,residence,residence,1,person_entry,resolved,119,https://gallica.bnf.fr/ark:/12148/bpt6k5505300s/f143.item
L1912-00668,L1912-00919,birthplace,birthplace,1,person_entry,resolved,119,https://gallica.bnf.fr/ark:/12148/bpt6k5505300s/f143.item
L1912-00669,PLACE:tunis,residence,residence,1,person_entry,resolved,119,https://gallica.bnf.fr/ark:/12148/bpt6k5505300s/f143.item
L1912-00669,PLACE:tunis,birthplace,birthplace,1,person_entry,resolved,119,https://gallica.bnf.fr/ark:/12148/bpt6k5505300s/f143.item
L1912-00670,PLACE:tunis,residence,residence,1,person_entry,resolved,119,https://gallica.bnf.fr/ark:/12148/bpt6k5505300s/f143.item
L1912-00670,PLACE:tunis,birthplace,birthplace,1,person_entry,resolved,119,https://gallica.bnf.fr/ark:/12148/bpt6k5505300s/f143.item
L1912-00671,PLACE:tunis,residence,residence,1,person_entry,resolved,119,https://gallica.bnf.fr/ark:/12148/bpt6k5505300s/f143.item
L1912-00671,PLACE:tunis,birthplace,birthplace,1,person_entry,resolved,119,https://gallica.bnf.fr/ark:/12148/bpt6k5505300s/f143.item
L1912-00672,L1912-02334,residence,residence,1,person_entry,resolved,120,https://gallica.bnf.fr/ark:/12148/bpt6k5505300s/f144.item
L1912-00672,L1912-02334,birthplace,birthplace,1,person_entry,resolved,120,https://gallica.bnf.fr/ark:/12148/bpt6k5505300s/f144.item
L1912-00673,PLACE:tunis,residence,residence,1,person_entry,resolved,120,https://gallica.bnf.fr/ark:/12148/bpt6k5505300s/f144.item
L1912-00676,L1912-01672,residence,residence,1,person_entry,resolved,120,https://gallica.bnf.fr/ark:/12148/bpt6k5505300s/f144.item
L1912-00676,PLACE:chateaulin,birthplace,birthplace,1,person_entry,resolved,120,https://gallica.bnf.fr/ark:/12148/bpt6k5505300s/f144.item
L1912-00677,PLACE:tunis,residence,residence,1,person_entry,resolved,120,https://gallica.bnf.fr/ark:/12148/bpt6k5505300s/f144.item
L1912-00677,PLACE:racheoourl s marne,birthplace,birthplace,1,person_entry,resolved,120,https://gallica.bnf.fr/ark:/12148/bpt6k5505300s/f144.item
L1912-00678,PLACE:tunis,residence,residence,1,person_entry,resolved,120,https://gallica.bnf.fr/ark:/12148/bpt6k5505300s/f144.item
L1912-00679,PLACE:tunis,residence,residence,1,person_entry,resolved,121,https://gallica.bnf.fr/ark:/12148/bpt6k5505300s/f145.item
L1912-00679,PLACE:tunis,birthplace,birthplace,1,person_entry,resolved,121,https://gallica.bnf.fr/ark:/12148/bpt6k5505300s/f145.item
L1912-00680,PLACE:quenza,birthplace,birthplace,1,person_entry,resolved,121,https://gallica.bnf.fr/ark:/12148/bpt6k5505300s/f145.item
L1912-00681,PLACE:muzac,birthplace,birthplace,1,person_entry,resolved,121,https://gallica.bnf.fr/ark:/12148/bpt6k5505300s/f145.item
L1912-00682,PLACE:pressins,birthplace,birthplace,1,person_entry,resolved,121,https://gallica.bnf.fr/ark:/12148/bpt6k5505300s/f145.item
L1912-00683,PLACE:marseillette,birthplace,birthplace,1,person_entry,resolved,121,https://gallica.bnf.fr/ark:/12148/bpt6k5505300s/f145.item
L1912-00684,PLACE:tunis,residence,residence,1,person_entry,resolved,121,https://gallica.bnf.fr/ark:/12148/bpt6k5505300s/f145.item
L1912-00685,PLACE:tunis,residence,residence,1,person_entry,resolved,121,https://gallica.bnf.fr/ark:/12148/bpt6k5505300s/f145.item
L1912-00694,PLACE:serra,birthplace,birthplace,1,person_entry,resolved,124,https://gallica.bnf.fr/ark:/12148/bpt6k5505300s/f148.item
L1912-00699,PLACE:tunis,residence,residence,1,person_entry,resolved,125,https://gallica.bnf.fr/ark:/12148/bpt6k5505300s/f149.item
L1912-00699,PLACE:arnay le duc,birthplace,birthplace,1,person_entry,resolved,125,https://gallica.bnf.fr/ark:/12148/bpt6k5505300s/f149.item
L1912-00718,PLACE:tunis,residence,residence,1,person_entry,resolved,129,https://gallica.bnf.fr/ark:/12148/bpt6k5505300s/f153.item
L1912-00718,PLACE:courcelles,birthplace,birthplace,1,person_entry,resolved,129,https://gallica.bnf.fr/ark:/12148/bpt6k5505300s/f153.item
L1912-00719,PLACE:tunis,residence,residence,1,person_entry,resolved,129,https://gallica.bnf.fr/ark:/12148/bpt6k5505300s/f153.item
L1912-00719,PLACE:sus,birthplace,birthplace,1,person_entry,resolved,129,https://gallica.bnf.fr/ark:/12148/bpt6k5505300s/f153.item
L1912-00720,PLACE:avignon,birthplace,birthplace,1,person_entry,resolved,129,https://gallica.bnf.fr/ark:/12148/bpt6k5505300s/f153.item
L1912-00731,PLACE:roselo,birthplace,birthplace,1,person_entry,resolved,134,https://gallica.bnf.fr/ark:/12148/bpt6k5505300s/f158.item
L1912-00736,L1912-02465,residence,residence,1,person_entry,resolved,135,https://gallica.bnf.fr/ark:/12148/bpt6k5505300s/f159.item
L1912-00737,PLACE:tunis,residence,residence,1,person_entry,resolved,136,https://gallica.bnf.fr/ark:/12148/bpt6k5505300s/f160.item
L1912-00737,PLACE:cnalancon,birthplace,birthplace,1,person_entry,resolved,136,https://gallica.bnf.fr/ark:/12148/bpt6k5505300s/f160.item
L1912-00739,PLACE:tunis,residence,residence,1,person_entry,resolved,136,https://gallica.bnf.fr/ark:/12148/bpt6k5505300s/f160.item
L1912-00739,PLACE:lyon,birthplace,birthplace,1,person_entry,resolved,136,https://gallica.bnf.fr/ark:/12148/bpt6k5505300s/f160.item
L1912-00740,PLACE:firminy,birthplace,birthplace,1,person_entry,resolved,136,https://gallica.bnf.fr/ark:/12148/bpt6k5505300s/f160.item
L1912-00741,PLACE:tunis,residence,residence,1,person_entry,resolved,136,https://gallica.bnf.fr/ark:/12148/bpt6k5505300s/f160.item
L1912-00741,PLACE:paris,birthplace,birthplace,1,person_entry,resolved,136,https://gallica.bnf.fr/ark:/12148/bpt6k5505300s/f160.item
L1912-00743,PLACE:tunis,residence,residence,1,person_entry,resolved,138,https://gallica.bnf.fr/ark:/12148/bpt6k5505300s/f162.item
L1912-00743,PLACE:philippeville,birthplace,birthplace,1,person_entry,resolved,138,https://gallica.bnf.fr/ark:/12148/bpt6k5505300s/f162.item
L1912-00744,PLACE:tunis,residence,residence,1,person_entry,resolved,138,https://gallica.bnf.fr/ark:/12148/bpt6k5505300s/f162.item
L1912-00744,PLACE:cajarc,birthplace,birthplace,1,person_entry,resolved,138,https://gallica.bnf.fr/ark:/12148/bpt6k5505300s/f162.item
L1912-00745,PLACE:tunis,residence,residence,1,person_entry,resolved,138,https://gallica.bnf.fr/ark:/12148/bpt6k5505300s/f162.item
L1912-00745,PLACE:aix en provence,birthplace,birthplace,1,person_entry,resolved,138,https://gallica.bnf.fr/ark:/12148/bpt6k5505300s/f162.item
L1912-00747,PLACE:tunis,residence,residence,1,person_entry,resolved,139,https://gallica.bnf.fr/ark:/12148/bpt6k5505300s/f163.item
L1912-00747,PLACE:aubenas,birthplace,birthplace,1,person_entry,resolved,139,https://gallica.bnf.fr/ark:/12148/bpt6k5505300s/f163.item
L1912-00748,PLACE:tunis,residence,residence,1,person_entry,resolved,139,https://gallica.bnf.fr/ark:/12148/bpt6k5505300s/f163.item
L1912-00748,PLACE:corps,birthplace,birthplace,1,person_entry,resolved,139,https://gallica.bnf.fr/ark:/12148/bpt6k5505300s/f163.item
L1912-00749,L1912-02465,residence,residence,1,person_entry,resolved,139,https://gallica.bnf.fr/ark:/12148/bpt6k5505300s/f163.item
L1912-00749,PLACE:marseille,birthplace,birthplace,1,person_entry,resolved,139,https://gallica.bnf.fr/ark:/12148/bpt6k5505300s/f163.item
L1912-00750,PLACE:tunis,residence,residence,1,person_entry,resolved,139,https://gallica.bnf.fr/ark:/12148/bpt6k5505300s/f163.item
L1912-00750,PLACE:melisey,birthplace,birthplace,1,person_entry,resolved,139,https://gallica.bnf.fr/ark:/12148/bpt6k5505300s/f163.item
L1912-00752,PLACE:zaulzy,birthplace,birthplace,1,person_entry,resolved,140,https://gallica.bnf.fr/ark:/12148/bpt6k5505300s/f164.item
L1912-00755,PLACE:rospigliani,birthplace,birthplace,1,person_entry,resolved,140,https://gallica.bnf.fr/ark:/12148/bpt6k5505300s/f164.item
L1912-00758,PLACE:tunis,residence,residence,1,person_entry,resolved,141,https://gallica.bnf.fr/ark:/12148/bpt6k5505300s/f165.item
L1912-00758,PLACE:beziers,birthplace,birthplace,1,person_entry,resolved,141,https://gallica.bnf.fr/ark:/12148/bpt6k5505300s/f165.item
L1912-00760,L1912-01291,residence,residence,1,person_entry,resolved,141,https://gallica.bnf.fr/ark:/12148/bpt6k5505300s/f165.item
L1912-00760,L1912-01291,birthplace,birthplace,1,person_entry,resolved,141,https://gallica.bnf.fr/ark:/12148/bpt6k5505300s/f165.item
L1912-00761,L1912-01291,residence,residence,1,person_entry,resolved,141,https://gallica.bnf.fr/ark:/12148/bpt6k5505300s/f165.item
L1912-00762,PLACE:tunis,residence,residence,1,person_entry,resolved,142,https://gallica.bnf.fr/ark:/12148/bpt6k5505300s/f166.item
L1912-00762,PLACE:saintlegier sur vevey,birthplace,birthplace,1,person_entry,resolved,142,https://gallica.bnf.fr/ark:/12148/bpt6k5505300s/f166.item
L1912-00765,PLACE:tunis,residence,residence,1,person_entry,resolved,143,https://gallica.bnf.fr/ark:/12148/bpt6k5505300s/f167.item
L1912-00765,PLACE:chambery,birthplace,birthplace,1,person_entry,resolved,143,https://gallica.bnf.fr/ark:/12148/bpt6k5505300s/f167.item
L1912-00767,PLACE:gabes,residence,residence,1,person_entry,resolved,145,https://gallica.bnf.fr/ark:/12148/bpt6k5505300s/f169.item
L1912-00767,PLACE:mayres,birthplace,birthplace,1,person_entry,resolved,145,https://gallica.bnf.fr/ark:/12148/bpt6k5505300s/f169.item
L1912-00768,PLACE:tunis,residence,residence,1,person_entry,resolved,145,https://gallica.bnf.fr/ark:/12148/bpt6k5505300s/f169.item
L1912-00768,PLACE:alger,birthplace,birthplace,1,person_entry,resolved,145,https://gallica.bnf.fr/ark:/12148/bpt6k5505300s/f169.item
L1912-00770,PLACE:aiguilhe,birthplace,birthplace,1,person_entry,resolved,145,https://gallica.bnf.fr/ark:/12148/bpt6k5505300s/f169.item
L1912-00771,PLACE:tunis,residence,residence,1,person_entry,resolved,145,https://gallica.bnf.fr/ark:/12148/bpt6k5505300s/f169.item
L1912-00771,PLACE:saint claude,birthplace,birthplace,1,person_entry,resolved,145,https://gallica.bnf.fr/ark:/12148/bpt6k5505300s/f169.item
L1912-00773,PLACE:paris,birthplace,birthplace,1,person_entry,resolved,146,https://gallica.bnf.fr/ark:/12148/bpt6k5505300s/f170.item
L1912-00774,PLACE:tunis,residence,residence,1,person_entry,resolved,146,https://gallica.bnf.fr/ark:/12148/bpt6k5505300s/f170.item
L1912-00774,PLACE:andlau,birthplace,birthplace,1,person_entry,resolved,146,https://gallica.bnf.fr/ark:/12148/bpt6k5505300s/f170.item
L1912-00775,PLACE:tunis,residence,residence,1,person_entry,resolved,146,https://gallica.bnf.fr/ark:/12148/bpt6k5505300s/f170.item
L1912-00775,PLACE:lyon,birthplace,birthplace,1,person_entry,resolved,146,https://gallica.bnf.fr/ark:/12148/bpt6k5505300s/f170.item
L1912-00776,PLACE:tunis,residence,residence,1,person_entry,resolved,146,https://gallica.bnf.fr/ark:/12148/bpt6k5505300s/f170.item
L1912-00776,PLACE:bone,birthplace,birthplace,1,person_entry,resolved,146,https://gallica.bnf.fr/ark:/12148/bpt6k5505300s/f170.item
L1912-00777,PLACE:tunis,residence,residence,1,person_entry,resolved,146,https://gallica.bnf.fr/ark:/12148/bpt6k5505300s/f170.item
L1912-00777,PLACE:auterive,birthplace,birthplace,1,person_entry,resolved,146,https://gallica.bnf.fr/ark:/12148/bpt6k5505300s/f170.item
L1912-00778,PLACE:sezanne,birthplace,birthplace,1,person_entry,resolved,146,https://gallica.bnf.fr/ark:/12148/bpt6k5505300s/f170.item
L1912-00785,PLACE:tunis,residence,residence,1,person_entry,resolved,147,https://gallica.bnf.fr/ark:/12148/bpt6k5505300s/f171.item
L1912-00785,PLACE:tunis,birthplace,birthplace,1,person_entry,resolved,147,https://gallica.bnf.fr/ark:/12148/bpt6k5505300s/f171.item
L1912-00786,PLACE:tunis,residence,residence,1,person_entry,resolved,147,https://gallica.bnf.fr/ark:/12148/bpt6k5505300s/f171.item
L1912-00786,PLACE:goulelte,birthplace,birthplace,1,person_entry,resolved,147,https://gallica.bnf.fr/ark:/12148/bpt6k5505300s/f171.item
L1912-00787,PLACE:tunis,residence,residence,1,person_entry,resolved,147,https://gallica.bnf.fr/ark:/12148/bpt6k5505300s/f171.item
L1912-00787,PLACE:tunis,birthplace,birthplace,1,person_entry,resolved,147,https://gallica.bnf.fr/ark:/12148/bpt6k5505300s/f171.item
L1912-00788,PLACE:tunis,residence,residence,1,person_entry,resolved,147,https://gallica.bnf.fr/ark:/12148/bpt6k5505300s/f171.item
L1912-00790,PLACE:tunis,residence,residence,1,person_entry,resolved,148,https://gallica.bnf.fr/ark:/12148/bpt6k5505300s/f172.item
L1912-00790,PLACE:toulon sur mer,birthplace,birthplace,1,person_entry,resolved,148,https://gallica.bnf.fr/ark:/12148/bpt6k5505300s/f172.item
L1912-00792,PLACE:louvigne du desert,birthplace,birthplace,1,person_entry,resolved,148,https://gallica.bnf.fr/ark:/12148/bpt6k5505300s/f172.item
L1912-00801,PLACE:tunis,residence,residence,1,person_entry,resolved,149,https://gallica.bnf.fr/ark:/12148/bpt6k5505300s/f173.item
L1912-00804,PLACE:soccia,birthplace,birthplace,1,person_entry,resolved,150,https://gallica.bnf.fr/ark:/12148/bpt6k5505300s/f174.item
L1912-00807,PLACE:tunis,residence,residence,1,person_entry,resolved,150,https://gallica.bnf.fr/ark:/12148/bpt6k5505300s/f174.item
L1912-00807,PLACE:lardy,birthplace,birthplace,1,person_entry,resolved,150,https://gallica.bnf.fr/ark:/12148/bpt6k5505300s/f174.item
L1912-00808,PLACE:toulon,birthplace,birthplace,1,person_entry,resolved,150,https://gallica.bnf.fr/ark:/12148/bpt6k5505300s/f174.item
L1912-00809,L1912-02465,residence,residence,1,person_entry,resolved,150,https://gallica.bnf.fr/ark:/12148/bpt6k5505300s/f174.item
L1912-00809,PLACE:marseille,birthplace,birthplace,1,person_entry,resolved,150,https://gallica.bnf.fr/ark:/12148/bpt6k5505300s/f174.item
L1912-00810,L1912-02701,residence,residence,1,person_entry,resolved,150,https://gallica.bnf.fr/ark:/12148/bpt6k5505300s/f174.item
L1912-00810,PLACE:douai,birthplace,birthplace,1,person_entry,resolved,150,https://gallica.bnf.fr/ark:/12148/bpt6k5505300s/f174.item
L1912-00812,PLACE:tunis,residence,residence,1,person_entry,resolved,150,https://gallica.bnf.fr/ark:/12148/bpt6k5505300s/f174.item
L1912-00812,PLACE:asie,birthplace,birthplace,1,person_entry,resolved,150,https://gallica.bnf.fr/ark:/12148/bpt6k5505300s/f174.item
L1912-00813,PLACE:tunis,residence,residence,1,person_entry,resolved,151,https://gallica.bnf.fr/ark:/12148/bpt6k5505300s/f175.item
L1912-00814,PLACE:pontoise,birthplace,birthplace,1,person_entry,resolved,151,https://gallica.bnf.fr/ark:/12148/bpt6k5505300s/f175.item
L1912-00816,PLACE:douai,birthplace,birthplace,1,person_entry,resolved,151,https://gallica.bnf.fr/ark:/12148/bpt6k5505300s/f175.item
L1912-00817,PLACE:tunis,residence,residence,1,person_entry,resolved,151,https://gallica.bnf.fr/ark:/12148/bpt6k5505300s/f175.item
L1912-00818,PLACE:tunis,residence,residence,1,person_entry,resolved,151,https://gallica.bnf.fr/ark:/12148/bpt6k5505300s/f175.item
L1912-00818,PLACE:toulouse,birthplace,birthplace,1,person_entry,resolved,151,https://gallica.bnf.fr/ark:/12148/bpt6k5505300s/f175.item
L1912-00819,PLACE:tunis,residence,residence,1,person_entry,resolved,151,https://gallica.bnf.fr/ark:/12148/bpt6k5505300s/f175.item
L1912-00819,PLACE:montereau,birthplace,birthplace,1,person_entry,resolved,151,https://gallica.bnf.fr/ark:/12148/bpt6k5505300s/f175.item
L1912-00820,PLACE:tunis,residence,residence,1,person_entry,resolved,151,https://gallica.bnf.fr/ark:/12148/bpt6k5505300s/f175.item
L1912-00821,PLACE:tunis,residence,residence,1,person_entry,resolved,151,https://gallica.bnf.fr/ark:/12148/bpt6k5505300s/f175.item
L1912-00821,PLACE:roy an,birthplace,birthplace,1,person_entry,resolved,151,https://gallica.bnf.fr/ark:/12148/bpt6k5505300s/f175.item
L1912-00822,PLACE:tunis,residence,residence,1,person_entry,resolved,151,https://gallica.bnf.fr/ark:/12148/bpt6k5505300s/f175.item
L1912-00822,PLACE:castillon sur dordogne,birthplace,birthplace,1,person_entry,resolved,151,https://gallica.bnf.fr/ark:/12148/bpt6k5505300s/f175.item
L1912-00823,PLACE:tunis,residence,residence,1,person_entry,resolved,152,https://gallica.bnf.fr/ark:/12148/bpt6k5505300s/f176.item
L1912-00823,PLACE:montagnac lacrempse,birthplace,birthplace,1,person_entry,resolved,152,https://gallica.bnf.fr/ark:/12148/bpt6k5505300s/f176.item
L1912-00824,PLACE:tunis,residence,residence,1,person_entry,resolved,152,https://gallica.bnf.fr/ark:/12148/bpt6k5505300s/f176.item
L1912-00825,PLACE:philippeville,birthplace,birthplace,1,person_entry,resolved,152,https://gallica.bnf.fr/ark:/12148/bpt6k5505300s/f176.item
L1912-00827,PLACE:paris,birthplace,birthplace,1,person_entry,resolved,152,https://gallica.bnf.fr/ark:/12148/bpt6k5505300s/f176.item
L1912-00828,PLACE:bizerte,residence,residence,1,person_entry,resolved,152,https://gallica.bnf.fr/ark:/12148/bpt6k5505300s/f176.item
L1912-00828,PLACE:soueich,birthplace,birthplace,1,person_entry,resolved,152,https://gallica.bnf.fr/ark:/12148/bpt6k5505300s/f176.item
L1912-00829,L1912-02465,residence,residence,1,person_entry,resolved,152,https://gallica.bnf.fr/ark:/12148/bpt6k5505300s/f176.item
L1912-00829,PLACE:espondeilhan,birthplace,birthplace,1,person_entry,resolved,152,https://gallica.bnf.fr/ark:/12148/bpt6k5505300s/f176.item
L1912-00830,PLACE:tunis,residence,residence,1,person_entry,resolved,153,https://gallica.bnf.fr/ark:/12148/bpt6k5505300s/f177.item
L1912-00832,PLACE:tunis,residence,residence,1,person_entry,resolved,154,https://gallica.bnf.fr/ark:/12148/bpt6k5505300s/f178.item
L1912-00832,PLACE:secaux,birthplace,birthplace,1,person_entry,resolved,154,https://gallica.bnf.fr/ark:/12148/bpt6k5505300s/f178.item
L1912-00834,PLACE:tunis,residence,residence,1,person_entry,resolved,155,https://gallica.bnf.fr/ark:/12148/bpt6k5505300s/f179.item
L1912-00834,PLACE:kaltenhausen,birthplace,birthplace,1,person_entry,resolved,155,https://gallica.bnf.fr/ark:/12148/bpt6k5505300s/f179.item
L1912-00835,L1912-01489,residence,residence,1,person_entry,resolved,155,https://gallica.bnf.fr/ark:/12148/bpt6k5505300s/f179.item
L1912-00835,PLACE:crislinacce,birthplace,birthplace,1,person_entry,resolved,155,https://gallica.bnf.fr/ark:/12148/bpt6k5505300s/f179.item
L1912-00836,PLACE:tunis,residence,residence,1,person_entry,resolved,155,https://gallica.bnf.fr/ark:/12148/bpt6k5505300s/f179.item
L1912-00837,PLACE:tunis,residence,residence,1,person_entry,resolved,155,https://gallica.bnf.fr/ark:/12148/bpt6k5505300s/f179.item
L1912-00837,PLACE:oran,birthplace,birthplace,1,person_entry,resolved,155,https://gallica.bnf.fr/ark:/12148/bpt6k5505300s/f179.item
L1912-00838,PLACE:tunis,residence,residence,1,person_entry,resolved,155,https://gallica.bnf.fr/ark:/12148/bpt6k5505300s/f179.item
L1912-00838,PLACE:moslaganem,birthplace,birthplace,1,person_entry,resolved,155,https://gallica.bnf.fr/ark:/12148/bpt6k5505300s/f179.item
L1912-00839,L1912-02334,residence,residence,1,person_entry,resolved,156,https://gallica.bnf.fr/ark:/12148/bpt6k5505300s/f180.item
L1912-00840,PLACE:tunis,residence,residence,1,person_entry,resolved,156,https://gallica.bnf.fr/ark:/12148/bpt6k5505300s/f180.item
L1912-00841,PLACE:tunis,residence,residence,1,person_entry,resolved,156,https://gallica.bnf.fr/ark:/12148/bpt6k5505300s/f180.item
L1912-00841,PLACE:paris ix arr,birthplace,birthplace,1,person_entry,resolved,156,https://gallica.bnf.fr/ark:/12148/bpt6k5505300s/f180.item
L1912-00842,PLACE:tunis,residence,residence,1,person_entry,resolved,156,https://gallica.bnf.fr/ark:/12148/bpt6k5505300s/f180.item
L1912-00842,PLACE:monastier,birthplace,birthplace,1,person_entry,resolved,156,https://gallica.bnf.fr/ark:/12148/bpt6k5505300s/f180.item
L1912-00843,PLACE:monaslier,birthplace,birthplace,1,person_entry,resolved,157,https://gallica.bnf.fr/ark:/12148/bpt6k5505300s/f181.item
L1912-00844,PLACE:malle,birthplace,birthplace,1,person_entry,resolved,157,https://gallica.bnf.fr/ark:/12148/bpt6k5505300s/f181.item
L1912-00845,PLACE:cospiecca,birthplace,birthplace,1,person_entry,resolved,157,https://gallica.bnf.fr/ark:/12148/bpt6k5505300s/f181.item
L1912-00846,PLACE:paris,birthplace,birthplace,1,person_entry,resolved,157,https://gallica.bnf.fr/ark:/12148/bpt6k5505300s/f181.item
L1912-00847,PLACE:tunis,residence,residence,1,person_entry,resolved,157,https://gallica.bnf.fr/ark:/12148/bpt6k5505300s/f181.item
L1912-00847,PLACE:tunis,birthplace,birthplace,1,person_entry,resolved,157,https://gallica.bnf.fr/ark:/12148/bpt6k5505300s/f181.item
L1912-00856,PLACE:tunis,residence,residence,1,person_entry,resolved,158,https://gallica.bnf.fr/ark:/12148/bpt6k5505300s/f182.item
L1912-00857,PLACE:tunis,residence,residence,1,person_entry,resolved,158,https://gallica.bnf.fr/ark:/12148/bpt6k5505300s/f182.item
L1912-00857,PLACE:tunis,birthplace,birthplace,1,person_entry,resolved,158,https://gallica.bnf.fr/ark:/12148/bpt6k5505300s/f182.item
L1912-00862,PLACE:tunis,residence,residence,1,person_entry,resolved,158,https://gallica.bnf.fr/ark:/12148/bpt6k5505300s/f182.item
L1912-00862,PLACE:tunis,birthplace,birthplace,1,person_entry,resolved,158,https://gallica.bnf.fr/ark:/12148/bpt6k5505300s/f182.item
L1912-00865,PLACE:tunis,residence,residence,1,person_entry,resolved,158,https://gallica.bnf.fr/ark:/12148/bpt6k5505300s/f182.item
L1912-00865,PLACE:tunis,birthplace,birthplace,1,person_entry,resolved,158,https://gallica.bnf.fr/ark:/12148/bpt6k5505300s/f182.item
L1912-00866,PLACE:tunis,residence,residence,1,person_entry,resolved,158,https://gallica.bnf.fr/ark:/12148/bpt6k5505300s/f182.item
L1912-00866,PLACE:tunis,birthplace,birthplace,1,person_entry,resolved,158,https://gallica.bnf.fr/ark:/12148/bpt6k5505300s/f182.item
L1912-00902,PLACE:tunis,residence,residence,1,person_entry,resolved,160,https://gallica.bnf.fr/ark:/12148/bpt6k5505300s/f184.item
L1912-00902,PLACE:tunis,birthplace,birthplace,1,person_entry,resolved,160,https://gallica.bnf.fr/ark:/12148/bpt6k5505300s/f184.item
L1912-00907,PLACE:tunis,residence,residence,1,person_entry,resolved,160,https://gallica.bnf.fr/ark:/12148/bpt6k5505300s/f184.item
L1912-00908,PLACE:tunis,residence,residence,1,person_entry,resolved,160,https://gallica.bnf.fr/ark:/12148/bpt6k5505300s/f184.item
L1912-00925,PLACE:bizerte,residence,residence,1,person_entry,resolved,162,https://gallica.bnf.fr/ark:/12148/bpt6k5505300s/f186.item
L1912-00928,PLACE:palerme,birthplace,birthplace,1,person_entry,resolved,162,https://gallica.bnf.fr/ark:/12148/bpt6k5505300s/f186.item
L1912-00929,PLACE:tunis,residence,residence,1,person_entry,resolved,162,https://gallica.bnf.fr/ark:/12148/bpt6k5505300s/f186.item
L1912-00929,PLACE:ixelles,birthplace,birthplace,1,person_entry,resolved,162,https://gallica.bnf.fr/ark:/12148/bpt6k5505300s/f186.item
L1912-00930,PLACE:premery,birthplace,birthplace,1,person_entry,resolved,162,https://gallica.bnf.fr/ark:/12148/bpt6k5505300s/f186.item
L1912-00931,PLACE:tunis,residence,residence,1,person_entry,resolved,163,https://gallica.bnf.fr/ark:/12148/bpt6k5505300s/f187.item
L1912-00936,PLACE:tunis,residence,residence,1,person_entry,resolved,163,https://gallica.bnf.fr/ark:/12148/bpt6k5505300s/f187.item
L1912-00936,PLACE:paris,birthplace,birthplace,1,person_entry,resolved,163,https://gallica.bnf.fr/ark:/12148/bpt6k5505300s/f187.item
L1912-00940,PLACE:tunis,residence,residence,1,person_entry,resolved,164,https://gallica.bnf.fr/ark:/12148/bpt6k5505300s/f188.item
L1912-00940,PLACE:saint vincent de pertignes,birthplace,birthplace,1,person_entry,resolved,164,https://gallica.bnf.fr/ark:/12148/bpt6k5505300s/f188.item
L1912-00945,L1912-02465,residence,residence,1,person_entry,resolved,165,https://gallica.bnf.fr/ark:/12148/bpt6k5505300s/f189.item
L1912-00945,PLACE:carneille,birthplace,birthplace,1,person_entry,resolved,165,https://gallica.bnf.fr/ark:/12148/bpt6k5505300s/f189.item
L1912-00946,L1912-00919,residence,residence,1,person_entry,resolved,165,https://gallica.bnf.fr/ark:/12148/bpt6k5505300s/f189.item
L1912-00947,PLACE:tunis,residence,residence,1,person_entry,resolved,165,https://gallica.bnf.fr/ark:/12148/bpt6k5505300s/f189.item
L1912-00947,PLACE:evreux,birthplace,birthplace,1,person_entry,resolved,165,https://gallica.bnf.fr/ark:/12148/bpt6k5505300s/f189.item
L1912-00951,PLACE:tunis,residence,residence,1,person_entry,resolved,165,https://gallica.bnf.fr/ark:/12148/bpt6k5505300s/f189.item
L1912-00956,PLACE:venerand,birthplace,birthplace,1,person_entry,resolved,165,https://gallica.bnf.fr/ark:/12148/bpt6k5505300s/f189.item
L1912-00957,PLACE:tunis,residence,residence,1,person_entry,resolved,166,https://gallica.bnf.fr/ark:/12148/bpt6k5505300s/f190.item
L1912-00959,PLACE:tunis,residence,residence,1,person_entry,resolved,166,https://gallica.bnf.fr/ark:/12148/bpt6k5505300s/f190.item
L1912-00960,PLACE:tunis,residence,residence,1,person_entry,resolved,166,https://gallica.bnf.fr/ark:/12148/bpt6k5505300s/f190.item
L1912-00960,PLACE:mostaganem,birthplace,birthplace,1,person_entry,resolved,166,https://gallica.bnf.fr/ark:/12148/bpt6k5505300s/f190.item
L1912-00961,L1912-00526,residence,residence,1,person_entry,resolved,166,https://gallica.bnf.fr/ark:/12148/bpt6k5505300s/f190.item
L1912-00961,PLACE:bresil,birthplace,birthplace,1,person_entry,resolved,166,https://gallica.bnf.fr/ark:/12148/bpt6k5505300s/f190.item
L1912-00962,L1912-02701,residence,residence,1,person_entry,resolved,166,https://gallica.bnf.fr/ark:/12148/bpt6k5505300s/f190.item
L1912-00963,L1912-02334,residence,residence,1,person_entry,resolved,166,https://gallica.bnf.fr/ark:/12148/bpt6k5505300s/f190.item
L1912-00963,PLACE:corbic,birthplace,birthplace,1,person_entry,resolved,166,https://gallica.bnf.fr/ark:/12148/bpt6k5505300s/f190.item
L1912-00964,PLACE:tunis,residence,residence,1,person_entry,resolved,166,https://gallica.bnf.fr/ark:/12148/bpt6k5505300s/f190.item
L1912-00964,PLACE:montde marsan,birthplace,birthplace,1,person_entry,resolved,166,https://gallica.bnf.fr/ark:/12148/bpt6k5505300s/f190.item
L1912-00965,PLACE:tunis,residence,residence,1,person_entry,resolved,166,https://gallica.bnf.fr/ark:/12148/bpt6k5505300s/f190.item
L1912-00966,PLACE:puget sur argens,birthplace,birthplace,1,person_entry,resolved,167,https://gallica.bnf.fr/ark:/12148/bpt6k5505300s/f191.item
L1912-00967,PLACE:tunis,residence,residence,1,person_entry,resolved,167,https://gallica.bnf.fr/ark:/12148/bpt6k5505300s/f191.item
L1912-00967,PLACE:montoise sur loire,birthplace,birthplace,1,person_entry,resolved,167,https://gallica.bnf.fr/ark:/12148/bpt6k5505300s/f191.item
L1912-00968,PLACE:tunis,residence,residence,1,person_entry,resolved,167,https://gallica.bnf.fr/ark:/12148/bpt6k5505300s/f191.item
L1912-00968,PLACE:amiens,birthplace,birthplace,1,person_entry,resolved,167,https://gallica.bnf.fr/ark:/12148/bpt6k5505300s/f191.item
L1912-00969,PLACE:tunis,residence,residence,1,person_entry,resolved,167,https://gallica.bnf.fr/ark:/12148/bpt6k5505300s/f191.item
L1912-00970,PLACE:tunis,residence,residence,1,person_entry,resolved,167,https://gallica.bnf.fr/ark:/12148/bpt6k5505300s/f191.item
L1912-00970,PLACE:aix enprovence,birthplace,birthplace,1,person_entry,resolved,167,https://gallica.bnf.fr/ark:/12148/bpt6k5505300s/f191.item
L1912-00971,L1912-01313,residence,residence,1,person_entry,resolved,167,https://gallica.bnf.fr/ark:/12148/bpt6k5505300s/f191.item
L1912-00971,PLACE:chablis,birthplace,birthplace,1,person_entry,resolved,167,https://gallica.bnf.fr/ark:/12148/bpt6k5505300s/f191.item
L1912-00972,PLACE:tunis,residence,residence,1,person_entry,resolved,167,https://gallica.bnf.fr/ark:/12148/bpt6k5505300s/f191.item
L1912-00972,PLACE:lyon villeurbanne,birthplace,birthplace,1,person_entry,resolved,167,https://gallica.bnf.fr/ark:/12148/bpt6k5505300s/f191.item
L1912-00973,L1912-02465,residence,residence,1,person_entry,resolved,167,https://gallica.bnf.fr/ark:/12148/bpt6k5505300s/f191.item
L1912-00973,PLACE:alais,birthplace,birthplace,1,person_entry,resolved,167,https://gallica.bnf.fr/ark:/12148/bpt6k5505300s/f191.item
L1912-00974,PLACE:tunis,residence,residence,1,person_entry,resolved,168,https://gallica.bnf.fr/ark:/12148/bpt6k5505300s/f192.item
L1912-00974,PLACE:saint etienne,birthplace,birthplace,1,person_entry,resolved,168,https://gallica.bnf.fr/ark:/12148/bpt6k5505300s/f192.item
L1912-00975,PLACE:velines,birthplace,birthplace,1,person_entry,resolved,168,https://gallica.bnf.fr/ark:/12148/bpt6k5505300s/f192.item
L1912-00976,L1912-02465,residence,residence,1,person_entry,resolved,168,https://gallica.bnf.fr/ark:/12148/bpt6k5505300s/f192.item
L1912-00976,PLACE:djeba,birthplace,birthplace,1,person_entry,resolved,168,https://gallica.bnf.fr/ark:/12148/bpt6k5505300s/f192.item
L1912-00977,PLACE:tunis,residence,residence,1,person_entry,resolved,168,https://gallica.bnf.fr/ark:/12148/bpt6k5505300s/f192.item
L1912-00977,PLACE:meaux,birthplace,birthplace,1,person_entry,resolved,168,https://gallica.bnf.fr/ark:/12148/bpt6k5505300s/f192.item
L1912-00978,PLACE:tunis,residence,residence,1,person_entry,resolved,168,https://gallica.bnf.fr/ark:/12148/bpt6k5505300s/f192.item
L1912-00978,PLACE:valence,birthplace,birthplace,1,person_entry,resolved,168,https://gallica.bnf.fr/ark:/12148/bpt6k5505300s/f192.item
L1912-00979,L1912-02465,residence,residence,1,person_entry,resolved,168,https://gallica.bnf.fr/ark:/12148/bpt6k5505300s/f192.item
L1912-00979,PLACE:fa vignana,birthplace,birthplace,1,person_entry,resolved,168,https://gallica.bnf.fr/ark:/12148/bpt6k5505300s/f192.item
L1912-00981,PLACE:tunis,residence,residence,1,person_entry,resolved,169,https://gallica.bnf.fr/ark:/12148/bpt6k5505300s/f193.item
L1912-00982,PLACE:tunis,residence,residence,1,person_entry,resolved,169,https://gallica.bnf.fr/ark:/12148/bpt6k5505300s/f193.item
L1912-00982,PLACE:toulouse,birthplace,birthplace,1,person_entry,resolved,169,https://gallica.bnf.fr/ark:/12148/bpt6k5505300s/f193.item
L1912-00983,PLACE:tunis,residence,residence,1,person_entry,resolved,169,https://gallica.bnf.fr/ark:/12148/bpt6k5505300s/f193.item
L1912-00983,PLACE:verteillac,birthplace,birthplace,1,person_entry,resolved,169,https://gallica.bnf.fr/ark:/12148/bpt6k5505300s/f193.item
L1912-00984,PLACE:tunis,residence,residence,1,person_entry,resolved,169,https://gallica.bnf.fr/ark:/12148/bpt6k5505300s/f193.item
L1912-00984,PLACE:mulhouse,birthplace,birthplace,1,person_entry,resolved,169,https://gallica.bnf.fr/ark:/12148/bpt6k5505300s/f193.item
L1912-00985,PLACE:nolre dame de coiiimier,birthplace,birthplace,1,person_entry,resolved,169,https://gallica.bnf.fr/ark:/12148/bpt6k5505300s/f193.item
L1912-00986,PLACE:tunis,residence,residence,1,person_entry,resolved,169,https://gallica.bnf.fr/ark:/12148/bpt6k5505300s/f193.item
L1912-00986,PLACE:lyon,birthplace,birthplace,1,person_entry,resolved,169,https://gallica.bnf.fr/ark:/12148/bpt6k5505300s/f193.item
L1912-00987,PLACE:tunis,residence,residence,1,person_entry,resolved,169,https://gallica.bnf.fr/ark:/12148/bpt6k5505300s/f193.item
L1912-00987,PLACE:paris,birthplace,birthplace,1,person_entry,resolved,169,https://gallica.bnf.fr/ark:/12148/bpt6k5505300s/f193.item
L1912-00988,PLACE:tunis,residence,residence,1,person_entry,resolved,169,https://gallica.bnf.fr/ark:/12148/bpt6k5505300s/f193.item
L1912-00988,PLACE:montpellier,birthplace,birthplace,1,person_entry,resolved,169,https://gallica.bnf.fr/ark:/12148/bpt6k5505300s/f193.item
L1912-00989,PLACE:tunis,residence,residence,1,person_entry,resolved,169,https://gallica.bnf.fr/ark:/12148/bpt6k5505300s/f193.item
L1912-00989,PLACE:soignolles,birthplace,birthplace,1,person_entry,resolved,169,https://gallica.bnf.fr/ark:/12148/bpt6k5505300s/f193.item
L1912-00999,PLACE:tunis,residence,residence,1,person_entry,resolved,173,https://gallica.bnf.fr/ark:/12148/bpt6k5505300s/f197.item
L1912-00999,PLACE:vienne,birthplace,birthplace,1,person_entry,resolved,173,https://gallica.bnf.fr/ark:/12148/bpt6k5505300s/f197.item
L1912-01000,PLACE:monlargis,birthplace,birthplace,1,person_entry,resolved,173,https://gallica.bnf.fr/ark:/12148/bpt6k5505300s/f197.item
L1912-01001,PLACE:tunis,residence,residence,1,person_entry,resolved,173,https://gallica.bnf.fr/ark:/12148/bpt6k5505300s/f197.item
L1912-01013,PLACE:tunis,residence,residence,1,person_entry,resolved,174,https://gallica.bnf.fr/ark:/12148/bpt6k5505300s/f198.item
L1912-01013,PLACE:tunis,birthplace,birthplace,1,person_entry,resolved,174,https://gallica.bnf.fr/ark:/12148/bpt6k5505300s/f198.item
L1912-01029,PLACE:bizerte,residence,residence,1,person_entry,resolved,175,https://gallica.bnf.fr/ark:/12148/bpt6k5505300s/f199.item
L1912-01029,PLACE:sinigaglia,birthplace,birthplace,1,person_entry,resolved,175,https://gallica.bnf.fr/ark:/12148/bpt6k5505300s/f199.item
L1912-01031,PLACE:tunis,residence,residence,1,person_entry,resolved,175,https://gallica.bnf.fr/ark:/12148/bpt6k5505300s/f199.item
L1912-01032,PLACE:tunis,residence,residence,1,person_entry,resolved,175,https://gallica.bnf.fr/ark:/12148/bpt6k5505300s/f199.item
L1912-01032,PLACE:tunis,birthplace,birthplace,1,person_entry,resolved,175,https://gallica.bnf.fr/ark:/12148/bpt6k5505300s/f199.item
L1912-01046,PLACE:tunis,residence,residence,1,person_entry,resolved,176,https://gallica.bnf.fr/ark:/12148/bpt6k5505300s/f200.item
L1912-01046,PLACE:tunis,birthplace,birthplace,1,person_entry,resolved,176,https://gallica.bnf.fr/ark:/12148/bpt6k5505300s/f200.item
L1912-01049,PLACE:tunis,residence,residence,1,person_entry,resolved,176,https://gallica.bnf.fr/ark:/12148/bpt6k5505300s/f200.item
L1912-01049,PLACE:tunis,birthplace,birthplace,1,person_entry,resolved,176,https://gallica.bnf.fr/ark:/12148/bpt6k5505300s/f200.item
L1912-01052,PLACE:bizerte,residence,residence,1,person_entry,resolved,177,https://gallica.bnf.fr/ark:/12148/bpt6k5505300s/f201.item
L1912-01065,PLACE:tunis,residence,residence,1,person_entry,resolved,177,https://gallica.bnf.fr/ark:/12148/bpt6k5505300s/f201.item
L1912-01066,PLACE:paris,birthplace,birthplace,1,person_entry,resolved,177,https://gallica.bnf.fr/ark:/12148/bpt6k5505300s/f201.item
L1912-01072,PLACE:rome,birthplace,birthplace,1,person_entry,resolved,177,https://gallica.bnf.fr/ark:/12148/bpt6k5505300s/f201.item
L1912-01078,L1912-02465,residence,residence,1,person_entry,resolved,178,https://gallica.bnf.fr/ark:/12148/bpt6k5505300s/f202.item
L1912-01078,PLACE:malte,birthplace,birthplace,1,person_entry,resolved,178,https://gallica.bnf.fr/ark:/12148/bpt6k5505300s/f202.item
L1912-01079,PLACE:bone,birthplace,birthplace,1,person_entry,resolved,178,https://gallica.bnf.fr/ark:/12148/bpt6k5505300s/f202.item
L1912-01081,PLACE:tunis,residence,residence,1,person_entry,resolved,179,https://gallica.bnf.fr/ark:/12148/bpt6k5505300s/f203.item
L1912-01081,PLACE:tunis,birthplace,birthplace,1,person_entry,resolved,179,https://gallica.bnf.fr/ark:/12148/bpt6k5505300s/f203.item
L1912-01082,PLACE:tunis,residence,residence,1,person_entry,resolved,179,https://gallica.bnf.fr/ark:/12148/bpt6k5505300s/f203.item
L1912-01082,PLACE:tunis,birthplace,birthplace,1,person_entry,resolved,179,https://gallica.bnf.fr/ark:/12148/bpt6k5505300s/f203.item
L1912-01091,PLACE:tunis,residence,residence,1,person_entry,resolved,181,https://gallica.bnf.fr/ark:/12148/bpt6k5505300s/f205.item
L1912-01093,L1912-01672,residence,residence,1,person_entry,resolved,181,https://gallica.bnf.fr/ark:/12148/bpt6k5505300s/f205.item
L1912-01093,PLACE:paris,birthplace,birthplace,1,person_entry,resolved,181,https://gallica.bnf.fr/ark:/12148/bpt6k5505300s/f205.item
L1912-01094,L1912-01672,residence,residence,1,person_entry,resolved,181,https://gallica.bnf.fr/ark:/12148/bpt6k5505300s/f205.item
L1912-01094,L1912-01672,birthplace,birthplace,1,person_entry,resolved,181,https://gallica.bnf.fr/ark:/12148/bpt6k5505300s/f205.item
L1912-01097,PLACE:tunis,residence,residence,1,person_entry,resolved,183,https://gallica.bnf.fr/ark:/12148/bpt6k5505300s/f207.item
L1912-01098,L1912-00526,residence,residence,1,person_entry,resolved,183,https://gallica.bnf.fr/ark:/12148/bpt6k5505300s/f207.item
L1912-01098,PLACE:pantolleria,birthplace,birthplace,1,person_entry,resolved,183,https://gallica.bnf.fr/ark:/12148/bpt6k5505300s/f207.item
L1912-01099,PLACE:tunis,residence,residence,1,person_entry,resolved,183,https://gallica.bnf.fr/ark:/12148/bpt6k5505300s/f207.item
L1912-01099,PLACE:tunis,birthplace,birthplace,1,person_entry,resolved,183,https://gallica.bnf.fr/ark:/12148/bpt6k5505300s/f207.item
L1912-01101,PLACE:tunis,residence,residence,1,person_entry,resolved,183,https://gallica.bnf.fr/ark:/12148/bpt6k5505300s/f207.item
L1912-01101,PLACE:nerac,birthplace,birthplace,1,person_entry,resolved,183,https://gallica.bnf.fr/ark:/12148/bpt6k5505300s/f207.item
L1912-01102,PLACE:tunis,residence,residence,1,person_entry,resolved,183,https://gallica.bnf.fr/ark:/12148/bpt6k5505300s/f207.item
L1912-01102,PLACE:marseille,birthplace,birthplace,1,person_entry,resolved,183,https://gallica.bnf.fr/ark:/12148/bpt6k5505300s/f207.item
L1912-01104,L1912-02532,residence,residence,1,person_entry,resolved,183,https://gallica.bnf.fr/ark:/12148/bpt6k5505300s/f207.item
L1912-01105,PLACE:tunis,residence,residence,1,person_entry,resolved,183,https://gallica.bnf.fr/ark:/12148/bpt6k5505300s/f207.item
L1912-01106,PLACE:tunis,residence,residence,1,person_entry,resolved,183,https://gallica.bnf.fr/ark:/12148/bpt6k5505300s/f207.item
L1912-01106,PLACE:agen,birthplace,birthplace,1,person_entry,resolved,183,https://gallica.bnf.fr/ark:/12148/bpt6k5505300s/f207.item
L1912-01108,PLACE:tunis,residence,residence,1,person_entry,resolved,184,https://gallica.bnf.fr/ark:/12148/bpt6k5505300s/f208.item
L1912-01108,PLACE:publicisle et proprietaire,birthplace,birthplace,1,person_entry,resolved,184,https://gallica.bnf.fr/ark:/12148/bpt6k5505300s/f208.item
L1912-01110,PLACE:tunis,residence,residence,1,person_entry,resolved,184,https://gallica.bnf.fr/ark:/12148/bpt6k5505300s/f208.item
L1912-01110,PLACE:jemmapes,birthplace,birthplace,1,person_entry,resolved,184,https://gallica.bnf.fr/ark:/12148/bpt6k5505300s/f208.item
L1912-01111,PLACE:tunis,residence,residence,1,person_entry,resolved,184,https://gallica.bnf.fr/ark:/12148/bpt6k5505300s/f208.item
L1912-01112,PLACE:marseille,birthplace,birthplace,1,person_entry,resolved,185,https://gallica.bnf.fr/ark:/12148/bpt6k5505300s/f209.item
L1912-01113,PLACE:tunis,residence,residence,1,person_entry,resolved,185,https://gallica.bnf.fr/ark:/12148/bpt6k5505300s/f209.item
L1912-01113,PLACE:coutras,birthplace,birthplace,1,person_entry,resolved,185,https://gallica.bnf.fr/ark:/12148/bpt6k5505300s/f209.item
L1912-01114,PLACE:tunis,residence,residence,1,person_entry,resolved,185,https://gallica.bnf.fr/ark:/12148/bpt6k5505300s/f209.item
L1912-01114,PLACE:vertus,birthplace,birthplace,1,person_entry,resolved,185,https://gallica.bnf.fr/ark:/12148/bpt6k5505300s/f209.item
L1912-01116,PLACE:tunis,residence,residence,1,person_entry,resolved,186,https://gallica.bnf.fr/ark:/12148/bpt6k5505300s/f210.item
L1912-01116,PLACE:tunis,birthplace,birthplace,1,person_entry,resolved,186,https://gallica.bnf.fr/ark:/12148/bpt6k5505300s/f210.item
L1912-01117,PLACE:tunis,residence,residence,1,person_entry,resolved,186,https://gallica.bnf.fr/ark:/12148/bpt6k5505300s/f210.item
L1912-01121,PLACE:tunis,residence,residence,1,person_entry,resolved,186,https://gallica.bnf.fr/ark:/12148/bpt6k5505300s/f210.item
L1912-01121,PLACE:baslelica,birthplace,birthplace,1,person_entry,resolved,186,https://gallica.bnf.fr/ark:/12148/bpt6k5505300s/f210.item
L1912-01122,L1912-02465,residence,residence,1,person_entry,resolved,186,https://gallica.bnf.fr/ark:/12148/bpt6k5505300s/f210.item
L1912-01122,PLACE:grenoble,birthplace,birthplace,1,person_entry,resolved,186,https://gallica.bnf.fr/ark:/12148/bpt6k5505300s/f210.item
L1912-01124,PLACE:beja,residence,residence,1,person_entry,resolved,186,https://gallica.bnf.fr/ark:/12148/bpt6k5505300s/f210.item
L1912-01124,PLACE:ba,birthplace,birthplace,1,person_entry,resolved,186,https://gallica.bnf.fr/ark:/12148/bpt6k5505300s/f210.item
L1912-01131,PLACE:ajaccio,birthplace,birthplace,1,person_entry,resolved,187,https://gallica.bnf.fr/ark:/12148/bpt6k5505300s/f211.item
L1912-01133,PLACE:tunis,residence,residence,1,person_entry,resolved,187,https://gallica.bnf.fr/ark:/12148/bpt6k5505300s/f211.item
L1912-01133,PLACE:malte,birthplace,birthplace,1,person_entry,resolved,187,https://gallica.bnf.fr/ark:/12148/bpt6k5505300s/f211.item
L1912-01143,PLACE:tunis,residence,residence,1,person_entry,resolved,188,https://gallica.bnf.fr/ark:/12148/bpt6k5505300s/f212.item
L1912-01143,PLACE:clairvanx,birthplace,birthplace,1,person_entry,resolved,188,https://gallica.bnf.fr/ark:/12148/bpt6k5505300s/f212.item
L1912-01144,L1912-01146,residence,residence,1,person_entry,resolved,188,https://gallica.bnf.fr/ark:/12148/bpt6k5505300s/f212.item
L1912-01147,PLACE:tunis,residence,residence,1,person_entry,resolved,188,https://gallica.bnf.fr/ark:/12148/bpt6k5505300s/f212.item
L1912-01147,PLACE:tunis,birthplace,birthplace,1,person_entry,resolved,188,https://gallica.bnf.fr/ark:/12148/bpt6k5505300s/f212.item
L1912-01148,PLACE:tunis,residence,residence,1,person_entry,resolved,189,https://gallica.bnf.fr/ark:/12148/bpt6k5505300s/f213.item
L1912-01148,PLACE:croi,birthplace,birthplace,1,person_entry,resolved,189,https://gallica.bnf.fr/ark:/12148/bpt6k5505300s/f213.item
L1912-01149,PLACE:tunis,residence,residence,1,person_entry,resolved,189,https://gallica.bnf.fr/ark:/12148/bpt6k5505300s/f213.item
L1912-01149,PLACE:pantin,birthplace,birthplace,1,person_entry,resolved,189,https://gallica.bnf.fr/ark:/12148/bpt6k5505300s/f213.item
L1912-01151,PLACE:tunis,residence,residence,1,person_entry,resolved,189,https://gallica.bnf.fr/ark:/12148/bpt6k5505300s/f213.item
L1912-01154,PLACE:tunis,residence,residence,1,person_entry,resolved,190,https://gallica.bnf.fr/ark:/12148/bpt6k5505300s/f214.item
L1912-01154,PLACE:peheto bichisano,birthplace,birthplace,1,person_entry,resolved,190,https://gallica.bnf.fr/ark:/12148/bpt6k5505300s/f214.item
L1912-01155,L1912-02465,residence,residence,1,person_entry,resolved,190,https://gallica.bnf.fr/ark:/12148/bpt6k5505300s/f214.item
L1912-01155,PLACE:margny,birthplace,birthplace,1,person_entry,resolved,190,https://gallica.bnf.fr/ark:/12148/bpt6k5505300s/f214.item
L1912-01157,PLACE:tunis,residence,residence,1,person_entry,resolved,190,https://gallica.bnf.fr/ark:/12148/bpt6k5505300s/f214.item
L1912-01157,PLACE:baslia,birthplace,birthplace,1,person_entry,resolved,190,https://gallica.bnf.fr/ark:/12148/bpt6k5505300s/f214.item
L1912-01160,PLACE:tunis,residence,residence,1,person_entry,resolved,191,https://gallica.bnf.fr/ark:/12148/bpt6k5505300s/f215.item
L1912-01160,PLACE:patriomonio,birthplace,birthplace,1,person_entry,resolved,191,https://gallica.bnf.fr/ark:/12148/bpt6k5505300s/f215.item
L1912-01161,PLACE:tunis,residence,residence,1,person_entry,resolved,191,https://gallica.bnf.fr/ark:/12148/bpt6k5505300s/f215.item
L1912-01161,PLACE:patrimonio,birthplace,birthplace,1,person_entry,resolved,191,https://gallica.bnf.fr/ark:/12148/bpt6k5505300s/f215.item
L1912-01162,L1912-02465,residence,residence,1,person_entry,resolved,191,https://gallica.bnf.fr/ark:/12148/bpt6k5505300s/f215.item
L1912-01163,PLACE:tunis,residence,residence,1,person_entry,resolved,191,https://gallica.bnf.fr/ark:/12148/bpt6k5505300s/f215.item
L1912-01163,PLACE:alger,birthplace,birthplace,1,person_entry,resolved,191,https://gallica.bnf.fr/ark:/12148/bpt6k5505300s/f215.item
L1912-01164,PLACE:tunis,residence,residence,1,person_entry,resolved,192,https://gallica.bnf.fr/ark:/12148/bpt6k5505300s/f216.item
L1912-01164,PLACE:alger,birthplace,birthplace,1,person_entry,resolved,192,https://gallica.bnf.fr/ark:/12148/bpt6k5505300s/f216.item
L1912-01165,PLACE:tunis,residence,residence,1,person_entry,resolved,192,https://gallica.bnf.fr/ark:/12148/bpt6k5505300s/f216.item
L1912-01166,PLACE:tunis,residence,residence,1,person_entry,resolved,192,https://gallica.bnf.fr/ark:/12148/bpt6k5505300s/f216.item
L1912-01168,PLACE:tunis,residence,residence,1,person_entry,resolved,192,https://gallica.bnf.fr/ark:/12148/bpt6k5505300s/f216.item
L1912-01168,PLACE:pinligorski,birthplace,birthplace,1,person_entry,resolved,192,https://gallica.bnf.fr/ark:/12148/bpt6k5505300s/f216.item
L1912-01169,PLACE:tunis,residence,residence,1,person_entry,resolved,192,https://gallica.bnf.fr/ark:/12148/bpt6k5505300s/f216.item
L1912-01171,PLACE:tunis,residence,residence,1,person_entry,resolved,193,https://gallica.bnf.fr/ark:/12148/bpt6k5505300s/f217.item
L1912-01172,L1912-00526,residence,residence,1,person_entry,resolved,193,https://gallica.bnf.fr/ark:/12148/bpt6k5505300s/f217.item
L1912-01172,PLACE:gerclies,birthplace,birthplace,1,person_entry,resolved,193,https://gallica.bnf.fr/ark:/12148/bpt6k5505300s/f217.item
L1912-01173,PLACE:tunis,residence,residence,1,person_entry,resolved,193,https://gallica.bnf.fr/ark:/12148/bpt6k5505300s/f217.item
L1912-01173,PLACE:epinal,birthplace,birthplace,1,person_entry,resolved,193,https://gallica.bnf.fr/ark:/12148/bpt6k5505300s/f217.item
L1912-01182,PLACE:tunis,residence,residence,1,person_entry,resolved,194,https://gallica.bnf.fr/ark:/12148/bpt6k5505300s/f218.item
L1912-01183,PLACE:bordeaux,birthplace,birthplace,1,person_entry,resolved,194,https://gallica.bnf.fr/ark:/12148/bpt6k5505300s/f218.item
L1912-01185,L1912-01489,residence,residence,1,person_entry,resolved,194,https://gallica.bnf.fr/ark:/12148/bpt6k5505300s/f218.item
L1912-01186,PLACE:tunis,residence,residence,1,person_entry,resolved,196,https://gallica.bnf.fr/ark:/12148/bpt6k5505300s/f220.item
L1912-01186,PLACE:mans,birthplace,birthplace,1,person_entry,resolved,196,https://gallica.bnf.fr/ark:/12148/bpt6k5505300s/f220.item
L1912-01187,PLACE:limoges,birthplace,birthplace,1,person_entry,resolved,196,https://gallica.bnf.fr/ark:/12148/bpt6k5505300s/f220.item
L1912-01188,PLACE:orleans,birthplace,birthplace,1,person_entry,resolved,196,https://gallica.bnf.fr/ark:/12148/bpt6k5505300s/f220.item
L1912-01189,PLACE:allaire,birthplace,birthplace,1,person_entry,resolved,196,https://gallica.bnf.fr/ark:/12148/bpt6k5505300s/f220.item
L1912-01190,PLACE:saint marcel,birthplace,birthplace,1,person_entry,resolved,196,https://gallica.bnf.fr/ark:/12148/bpt6k5505300s/f220.item
L1912-01192,PLACE:peyrieux,birthplace,birthplace,1,person_entry,resolved,196,https://gallica.bnf.fr/ark:/12148/bpt6k5505300s/f220.item
L1912-01193,L1912-00526,residence,residence,1,person_entry,resolved,196,https://gallica.bnf.fr/ark:/12148/bpt6k5505300s/f220.item
L1912-01193,PLACE:monsac,birthplace,birthplace,1,person_entry,resolved,196,https://gallica.bnf.fr/ark:/12148/bpt6k5505300s/f220.item
L1912-01197,PLACE:tunis,residence,residence,1,person_entry,resolved,197,https://gallica.bnf.fr/ark:/12148/bpt6k5505300s/f221.item
L1912-01198,PLACE:virieu,birthplace,birthplace,1,person_entry,resolved,197,https://gallica.bnf.fr/ark:/12148/bpt6k5505300s/f221.item
L1912-01199,PLACE:tunis,residence,residence,1,person_entry,resolved,197,https://gallica.bnf.fr/ark:/12148/bpt6k5505300s/f221.item
L1912-01199,PLACE:marseille,birthplace,birthplace,1,person_entry,resolved,197,https://gallica.bnf.fr/ark:/12148/bpt6k5505300s/f221.item
L1912-01200,PLACE:beja,residence,residence,1,person_entry,resolved,197,https://gallica.bnf.fr/ark:/12148/bpt6k5505300s/f221.item
L1912-01200,PLACE:alencon,birthplace,birthplace,1,person_entry,resolved,197,https://gallica.bnf.fr/ark:/12148/bpt6k5505300s/f221.item
L1912-01202,PLACE:tunis,residence,residence,1,person_entry,resolved,198,https://gallica.bnf.fr/ark:/12148/bpt6k5505300s/f222.item
L1912-01202,PLACE:pitiglia,birthplace,birthplace,1,person_entry,resolved,198,https://gallica.bnf.fr/ark:/12148/bpt6k5505300s/f222.item
L1912-01204,PLACE:gabes,residence,residence,1,person_entry,resolved,199,https://gallica.bnf.fr/ark:/12148/bpt6k5505300s/f223.item
L1912-01205,PLACE:tunis,residence,residence,1,person_entry,resolved,200,https://gallica.bnf.fr/ark:/12148/bpt6k5505300s/f224.item
L1912-01205,PLACE:foix,birthplace,birthplace,1,person_entry,resolved,200,https://gallica.bnf.fr/ark:/12148/bpt6k5505300s/f224.item
L1912-01209,PLACE:tunis,residence,residence,1,person_entry,resolved,200,https://gallica.bnf.fr/ark:/12148/bpt6k5505300s/f224.item
L1912-01209,PLACE:londres,birthplace,birthplace,1,person_entry,resolved,200,https://gallica.bnf.fr/ark:/12148/bpt6k5505300s/f224.item
L1912-01210,PLACE:tunis,residence,residence,1,person_entry,resolved,200,https://gallica.bnf.fr/ark:/12148/bpt6k5505300s/f224.item
L1912-01210,L1912-00233,birthplace,birthplace,1,person_entry,resolved,200,https://gallica.bnf.fr/ark:/12148/bpt6k5505300s/f224.item
L1912-01211,PLACE:tunis,residence,residence,1,person_entry,resolved,200,https://gallica.bnf.fr/ark:/12148/bpt6k5505300s/f224.item
L1912-01214,PLACE:tunis,residence,residence,1,person_entry,resolved,201,https://gallica.bnf.fr/ark:/12148/bpt6k5505300s/f225.item
L1912-01216,PLACE:tunis,residence,residence,1,person_entry,resolved,201,https://gallica.bnf.fr/ark:/12148/bpt6k5505300s/f225.item
L1912-01216,PLACE:florence,birthplace,birthplace,1,person_entry,resolved,201,https://gallica.bnf.fr/ark:/12148/bpt6k5505300s/f225.item
L1912-01217,L1912-02465,residence,residence,1,person_entry,resolved,201,https://gallica.bnf.fr/ark:/12148/bpt6k5505300s/f225.item
L1912-01217,PLACE:ajaccio,birthplace,birthplace,1,person_entry,resolved,201,https://gallica.bnf.fr/ark:/12148/bpt6k5505300s/f225.item
L1912-01218,PLACE:bizerte,residence,residence,1,person_entry,resolved,201,https://gallica.bnf.fr/ark:/12148/bpt6k5505300s/f225.item
L1912-01218,PLACE:auch,birthplace,birthplace,1,person_entry,resolved,201,https://gallica.bnf.fr/ark:/12148/bpt6k5505300s/f225.item
L1912-01220,L1912-00526,residence,residence,1,person_entry,resolved,202,https://gallica.bnf.fr/ark:/12148/bpt6k5505300s/f226.item
L1912-01220,PLACE:givors,birthplace,birthplace,1,person_entry,resolved,202,https://gallica.bnf.fr/ark:/12148/bpt6k5505300s/f226.item
L1912-01222,PLACE:tunis,residence,residence,1,person_entry,resolved,202,https://gallica.bnf.fr/ark:/12148/bpt6k5505300s/f226.item
L1912-01222,PLACE:tunis,birthplace,birthplace,1,person_entry,resolved,202,https://gallica.bnf.fr/ark:/12148/bpt6k5505300s/f226.item
L1912-01224,L1912-02465,residence,residence,1,person_entry,resolved,203,https://gallica.bnf.fr/ark:/12148/bpt6k5505300s/f227.item
L1912-01224,PLACE:tunie,birthplace,birthplace,1,person_entry,resolved,203,https://gallica.bnf.fr/ark:/12148/bpt6k5505300s/f227.item
L1912-01225,PLACE:tunis,residence,residence,1,person_entry,resolved,203,https://gallica.bnf.fr/ark:/12148/bpt6k5505300s/f227.item
L1912-01225,PLACE:tunis,birthplace,birthplace,1,person_entry,resolved,203,https://gallica.bnf.fr/ark:/12148/bpt6k5505300s/f227.item
L1912-01226,PLACE:tunis,residence,residence,1,person_entry,resolved,203,https://gallica.bnf.fr/ark:/12148/bpt6k5505300s/f227.item
L1912-01226,PLACE:tunis,birthplace,birthplace,1,person_entry,resolved,203,https://gallica.bnf.fr/ark:/12148/bpt6k5505300s/f227.item
L1912-01227,PLACE:tunis,residence,residence,1,person_entry,resolved,203,https://gallica.bnf.fr/ark:/12148/bpt6k5505300s/f227.item
L1912-01228,PLACE:tunis,residence,residence,1,person_entry,resolved,203,https://gallica.bnf.fr/ark:/12148/bpt6k5505300s/f227.item
L1912-01228,PLACE:negociant,birthplace,birthplace,1,person_entry,resolved,203,https://gallica.bnf.fr/ark:/12148/bpt6k5505300s/f227.item
L1912-01229,PLACE:tunis,residence,residence,1,person_entry,resolved,203,https://gallica.bnf.fr/ark:/12148/bpt6k5505300s/f227.item
L1912-01229,PLACE:tunis,birthplace,birthplace,1,person_entry,resolved,203,https://gallica.bnf.fr/ark:/12148/bpt6k5505300s/f227.item
L1912-01230,L1912-02465,residence,residence,1,person_entry,resolved,203,https://gallica.bnf.fr/ark:/12148/bpt6k5505300s/f227.item
L1912-01230,L1912-02465,birthplace,birthplace,1,person_entry,resolved,203,https://gallica.bnf.fr/ark:/12148/bpt6k5505300s/f227.item
L1912-01233,L1912-02465,residence,residence,1,person_entry,resolved,204,https://gallica.bnf.fr/ark:/12148/bpt6k5505300s/f228.item
L1912-01234,PLACE:fort napoleon,birthplace,birthplace,1,person_entry,resolved,204,https://gallica.bnf.fr/ark:/12148/bpt6k5505300s/f228.item
L1912-01235,PLACE:tunis,residence,residence,1,person_entry,resolved,204,https://gallica.bnf.fr/ark:/12148/bpt6k5505300s/f228.item
L1912-01235,PLACE:labrnguiere,birthplace,birthplace,1,person_entry,resolved,204,https://gallica.bnf.fr/ark:/12148/bpt6k5505300s/f228.item
L1912-01236,PLACE:tunis,residence,residence,1,person_entry,resolved,205,https://gallica.bnf.fr/ark:/12148/bpt6k5505300s/f229.item
L1912-01237,PLACE:tunis,residence,residence,1,person_entry,resolved,206,https://gallica.bnf.fr/ark:/12148/bpt6k5505300s/f230.item
L1912-01237,PLACE:ajaccio,birthplace,birthplace,1,person_entry,resolved,206,https://gallica.bnf.fr/ark:/12148/bpt6k5505300s/f230.item
L1912-01238,L1912-01489,residence,residence,1,person_entry,resolved,206,https://gallica.bnf.fr/ark:/12148/bpt6k5505300s/f230.item
L1912-01241,PLACE:tunis,residence,residence,1,person_entry,resolved,206,https://gallica.bnf.fr/ark:/12148/bpt6k5505300s/f230.item
L1912-01241,PLACE:villebon,birthplace,birthplace,1,person_entry,resolved,206,https://gallica.bnf.fr/ark:/12148/bpt6k5505300s/f230.item
L1912-01242,L1912-02465,residence,residence,1,person_entry,resolved,206,https://gallica.bnf.fr/ark:/12148/bpt6k5505300s/f230.item
L1912-01242,PLACE:marseille,birthplace,birthplace,1,person_entry,resolved,206,https://gallica.bnf.fr/ark:/12148/bpt6k5505300s/f230.item
L1912-01243,PLACE:tunis,residence,residence,1,person_entry,resolved,206,https://gallica.bnf.fr/ark:/12148/bpt6k5505300s/f230.item
L1912-01243,PLACE:marseille,birthplace,birthplace,1,person_entry,resolved,206,https://gallica.bnf.fr/ark:/12148/bpt6k5505300s/f230.item
L1912-01244,PLACE:tunis,residence,residence,1,person_entry,resolved,206,https://gallica.bnf.fr/ark:/12148/bpt6k5505300s/f230.item
L1912-01245,L1912-02531,residence,residence,1,person_entry,resolved,207,https://gallica.bnf.fr/ark:/12148/bpt6k5505300s/f231.item
L1912-01245,PLACE:toulouse,birthplace,birthplace,1,person_entry,resolved,207,https://gallica.bnf.fr/ark:/12148/bpt6k5505300s/f231.item
L1912-01246,PLACE:tunis,residence,residence,1,person_entry,resolved,207,https://gallica.bnf.fr/ark:/12148/bpt6k5505300s/f231.item
L1912-01246,PLACE:villeseneux,birthplace,birthplace,1,person_entry,resolved,207,https://gallica.bnf.fr/ark:/12148/bpt6k5505300s/f231.item
L1912-01247,PLACE:tunis,residence,residence,1,person_entry,resolved,207,https://gallica.bnf.fr/ark:/12148/bpt6k5505300s/f231.item
L1912-01248,PLACE:tunis,residence,residence,1,person_entry,resolved,207,https://gallica.bnf.fr/ark:/12148/bpt6k5505300s/f231.item
L1912-01248,PLACE:lyon guillotiore,birthplace,birthplace,1,person_entry,resolved,207,https://gallica.bnf.fr/ark:/12148/bpt6k5505300s/f231.item
L1912-01249,PLACE:sainte thocle,birthplace,birthplace,1,person_entry,resolved,207,https://gallica.bnf.fr/ark:/12148/bpt6k5505300s/f231.item
L1912-01250,PLACE:tunis,residence,residence,1,person_entry,resolved,207,https://gallica.bnf.fr/ark:/12148/bpt6k5505300s/f231.item
L1912-01250,PLACE:genissieux,birthplace,birthplace,1,person_entry,resolved,207,https://gallica.bnf.fr/ark:/12148/bpt6k5505300s/f231.item
L1912-01251,PLACE:tunis,residence,residence,1,person_entry,resolved,207,https://gallica.bnf.fr/ark:/12148/bpt6k5505300s/f231.item
L1912-01251,PLACE:paris,birthplace,birthplace,1,person_entry,resolved,207,https://gallica.bnf.fr/ark:/12148/bpt6k5505300s/f231.item
L1912-01252,PLACE:tunis,residence,residence,1,person_entry,resolved,207,https://gallica.bnf.fr/ark:/12148/bpt6k5505300s/f231.item
L1912-01253,PLACE:tunis,residence,residence,1,person_entry,resolved,207,https://gallica.bnf.fr/ark:/12148/bpt6k5505300s/f231.item
L1912-01253,PLACE:paris,birthplace,birthplace,1,person_entry,resolved,207,https://gallica.bnf.fr/ark:/12148/bpt6k5505300s/f231.item
L1912-01254,PLACE:tunis,residence,residence,1,person_entry,resolved,207,https://gallica.bnf.fr/ark:/12148/bpt6k5505300s/f231.item
L1912-01254,PLACE:canx,birthplace,birthplace,1,person_entry,resolved,207,https://gallica.bnf.fr/ark:/12148/bpt6k5505300s/f231.item
L1912-01256,PLACE:delouze,birthplace,birthplace,1,person_entry,resolved,208,https://gallica.bnf.fr/ark:/12148/bpt6k5505300s/f232.item
L1912-01257,L1912-02334,residence,residence,1,person_entry,resolved,208,https://gallica.bnf.fr/ark:/12148/bpt6k5505300s/f232.item
L1912-01257,PLACE:marseille,birthplace,birthplace,1,person_entry,resolved,208,https://gallica.bnf.fr/ark:/12148/bpt6k5505300s/f232.item
L1912-01258,PLACE:tunis,residence,residence,1,person_entry,resolved,208,https://gallica.bnf.fr/ark:/12148/bpt6k5505300s/f232.item
L1912-01258,PLACE:gonnesa,birthplace,birthplace,1,person_entry,resolved,208,https://gallica.bnf.fr/ark:/12148/bpt6k5505300s/f232.item
L1912-01259,PLACE:tunis,residence,residence,1,person_entry,resolved,208,https://gallica.bnf.fr/ark:/12148/bpt6k5505300s/f232.item
L1912-01259,PLACE:la,birthplace,birthplace,1,person_entry,resolved,208,https://gallica.bnf.fr/ark:/12148/bpt6k5505300s/f232.item
L1912-01263,PLACE:tunis,residence,residence,1,person_entry,resolved,209,https://gallica.bnf.fr/ark:/12148/bpt6k5505300s/f233.item
L1912-01263,PLACE:tunis,birthplace,birthplace,1,person_entry,resolved,209,https://gallica.bnf.fr/ark:/12148/bpt6k5505300s/f233.item
L1912-01267,PLACE:portes,birthplace,birthplace,1,person_entry,resolved,209,https://gallica.bnf.fr/ark:/12148/bpt6k5505300s/f233.item
L1912-01269,PLACE:moiitiiurail,birthplace,birthplace,1,person_entry,resolved,209,https://gallica.bnf.fr/ark:/12148/bpt6k5505300s/f233.item
L1912-01270,PLACE:tunis,residence,residence,1,person_entry,resolved,209,https://gallica.bnf.fr/ark:/12148/bpt6k5505300s/f233.item
L1912-01270,PLACE:montpellier,birthplace,birthplace,1,person_entry,resolved,209,https://gallica.bnf.fr/ark:/12148/bpt6k5505300s/f233.item
L1912-01272,PLACE:tunis,residence,residence,1,person_entry,resolved,209,https://gallica.bnf.fr/ark:/12148/bpt6k5505300s/f233.item
L1912-01272,PLACE:tasso,birthplace,birthplace,1,person_entry,resolved,209,https://gallica.bnf.fr/ark:/12148/bpt6k5505300s/f233.item
L1912-01273,PLACE:tunis,residence,residence,1,person_entry,resolved,210,https://gallica.bnf.fr/ark:/12148/bpt6k5505300s/f234.item
L1912-01274,L1912-02334,residence,residence,1,person_entry,resolved,210,https://gallica.bnf.fr/ark:/12148/bpt6k5505300s/f234.item
L1912-01274,PLACE:tire sur la lys,birthplace,birthplace,1,person_entry,resolved,210,https://gallica.bnf.fr/ark:/12148/bpt6k5505300s/f234.item
L1912-01275,L1912-00526,residence,residence,1,person_entry,resolved,210,https://gallica.bnf.fr/ark:/12148/bpt6k5505300s/f234.item
L1912-01275,PLACE:paris,birthplace,birthplace,1,person_entry,resolved,210,https://gallica.bnf.fr/ark:/12148/bpt6k5505300s/f234.item
L1912-01276,PLACE:paris,birthplace,birthplace,1,person_entry,resolved,210,https://gallica.bnf.fr/ark:/12148/bpt6k5505300s/f234.item
L1912-01277,PLACE:tunis,residence,residence,1,person_entry,resolved,210,https://gallica.bnf.fr/ark:/12148/bpt6k5505300s/f234.item
L1912-01277,PLACE:lyon,birthplace,birthplace,1,person_entry,resolved,210,https://gallica.bnf.fr/ark:/12148/bpt6k5505300s/f234.item
L1912-01278,PLACE:ronchamp,birthplace,birthplace,1,person_entry,resolved,210,https://gallica.bnf.fr/ark:/12148/bpt6k5505300s/f234.item
L1912-01279,L1912-02465,residence,residence,1,person_entry,resolved,210,https://gallica.bnf.fr/ark:/12148/bpt6k5505300s/f234.item
L1912-01279,PLACE:bastilica,birthplace,birthplace,1,person_entry,resolved,210,https://gallica.bnf.fr/ark:/12148/bpt6k5505300s/f234.item
L1912-01280,L1912-02334,residence,residence,1,person_entry,resolved,211,https://gallica.bnf.fr/ark:/12148/bpt6k5505300s/f235.item
L1912-01280,PLACE:theys,birthplace,birthplace,1,person_entry,resolved,211,https://gallica.bnf.fr/ark:/12148/bpt6k5505300s/f235.item
L1912-01282,PLACE:paris,birthplace,birthplace,1,person_entry,resolved,211,https://gallica.bnf.fr/ark:/12148/bpt6k5505300s/f235.item
L1912-01283,PLACE:tunis,residence,residence,1,person_entry,resolved,211,https://gallica.bnf.fr/ark:/12148/bpt6k5505300s/f235.item
L1912-01284,PLACE:tunis,residence,residence,1,person_entry,resolved,211,https://gallica.bnf.fr/ark:/12148/bpt6k5505300s/f235.item
L1912-01285,PLACE:vitryen charolais s,birthplace,birthplace,1,person_entry,resolved,211,https://gallica.bnf.fr/ark:/12148/bpt6k5505300s/f235.item
L1912-01286,PLACE:tunis,residence,residence,1,person_entry,resolved,211,https://gallica.bnf.fr/ark:/12148/bpt6k5505300s/f235.item
L1912-01288,PLACE:tunis,residence,residence,1,person_entry,resolved,211,https://gallica.bnf.fr/ark:/12148/bpt6k5505300s/f235.item
L1912-01288,PLACE:cordes,birthplace,birthplace,1,person_entry,resolved,211,https://gallica.bnf.fr/ark:/12148/bpt6k5505300s/f235.item
L1912-01292,PLACE:tunis,residence,residence,1,person_entry,resolved,212,https://gallica.bnf.fr/ark:/12148/bpt6k5505300s/f236.item
L1912-01292,PLACE:palerme,birthplace,birthplace,1,person_entry,resolved,212,https://gallica.bnf.fr/ark:/12148/bpt6k5505300s/f236.item
L1912-01295,L1912-02465,residence,residence,1,person_entry,resolved,212,https://gallica.bnf.fr/ark:/12148/bpt6k5505300s/f236.item
L1912-01297,L1912-02465,residence,residence,1,person_entry,resolved,212,https://gallica.bnf.fr/ark:/12148/bpt6k5505300s/f236.item
L1912-01297,PLACE:constantine,birthplace,birthplace,1,person_entry,resolved,212,https://gallica.bnf.fr/ark:/12148/bpt6k5505300s/f236.item
L1912-01298,PLACE:tunis,residence,residence,1,person_entry,resolved,212,https://gallica.bnf.fr/ark:/12148/bpt6k5505300s/f236.item
L1912-01298,PLACE:nimes,birthplace,birthplace,1,person_entry,resolved,212,https://gallica.bnf.fr/ark:/12148/bpt6k5505300s/f236.item
L1912-01299,PLACE:industriel,birthplace,birthplace,1,person_entry,resolved,212,https://gallica.bnf.fr/ark:/12148/bpt6k5505300s/f236.item
L1912-01302,PLACE:tunis,residence,residence,1,person_entry,resolved,213,https://gallica.bnf.fr/ark:/12148/bpt6k5505300s/f237.item
L1912-01302,PLACE:perigueux,birthplace,birthplace,1,person_entry,resolved,213,https://gallica.bnf.fr/ark:/12148/bpt6k5505300s/f237.item
L1912-01303,PLACE:tunis,residence,residence,1,person_entry,resolved,213,https://gallica.bnf.fr/ark:/12148/bpt6k5505300s/f237.item
L1912-01303,PLACE:baillolet,birthplace,birthplace,1,person_entry,resolved,213,https://gallica.bnf.fr/ark:/12148/bpt6k5505300s/f237.item
L1912-01307,L1912-02334,residence,residence,1,person_entry,resolved,213,https://gallica.bnf.fr/ark:/12148/bpt6k5505300s/f237.item
L1912-01307,PLACE:loches,birthplace,birthplace,1,person_entry,resolved,213,https://gallica.bnf.fr/ark:/12148/bpt6k5505300s/f237.item
L1912-01308,PLACE:tunis,residence,residence,1,person_entry,resolved,213,https://gallica.bnf.fr/ark:/12148/bpt6k5505300s/f237.item
L1912-01308,PLACE:limoges,birthplace,birthplace,1,person_entry,resolved,213,https://gallica.bnf.fr/ark:/12148/bpt6k5505300s/f237.item
L1912-01309,PLACE:tunis,residence,residence,1,person_entry,resolved,213,https://gallica.bnf.fr/ark:/12148/bpt6k5505300s/f237.item
L1912-01309,PLACE:essonnes,birthplace,birthplace,1,person_entry,resolved,213,https://gallica.bnf.fr/ark:/12148/bpt6k5505300s/f237.item
L1912-01310,PLACE:tunis,residence,residence,1,person_entry,resolved,214,https://gallica.bnf.fr/ark:/12148/bpt6k5505300s/f238.item
L1912-01310,PLACE:cha,birthplace,birthplace,1,person_entry,resolved,214,https://gallica.bnf.fr/ark:/12148/bpt6k5505300s/f238.item
L1912-01311,PLACE:tunis,residence,residence,1,person_entry,resolved,214,https://gallica.bnf.fr/ark:/12148/bpt6k5505300s/f238.item
L1912-01314,PLACE:tunis,residence,residence,1,person_entry,resolved,214,https://gallica.bnf.fr/ark:/12148/bpt6k5505300s/f238.item
L1912-01314,PLACE:seloncourt,birthplace,birthplace,1,person_entry,resolved,214,https://gallica.bnf.fr/ark:/12148/bpt6k5505300s/f238.item
L1912-01315,L1912-00919,residence,residence,1,person_entry,resolved,214,https://gallica.bnf.fr/ark:/12148/bpt6k5505300s/f238.item
L1912-01315,PLACE:ernolsheim,birthplace,birthplace,1,person_entry,resolved,214,https://gallica.bnf.fr/ark:/12148/bpt6k5505300s/f238.item
L1912-01316,PLACE:tunis,residence,residence,1,person_entry,resolved,214,https://gallica.bnf.fr/ark:/12148/bpt6k5505300s/f238.item
L1912-01316,PLACE:sainte marie aux mines,birthplace,birthplace,1,person_entry,resolved,214,https://gallica.bnf.fr/ark:/12148/bpt6k5505300s/f238.item
L1912-01319,L1912-02465,residence,residence,1,person_entry,resolved,214,https://gallica.bnf.fr/ark:/12148/bpt6k5505300s/f238.item
L1912-01319,L1912-02465,birthplace,birthplace,1,person_entry,resolved,214,https://gallica.bnf.fr/ark:/12148/bpt6k5505300s/f238.item
L1912-01320,PLACE:tunis,residence,residence,1,person_entry,resolved,214,https://gallica.bnf.fr/ark:/12148/bpt6k5505300s/f238.item
L1912-01320,PLACE:sainl germam en layc,birthplace,birthplace,1,person_entry,resolved,214,https://gallica.bnf.fr/ark:/12148/bpt6k5505300s/f238.item
L1912-01321,PLACE:tunis,residence,residence,1,person_entry,resolved,215,https://gallica.bnf.fr/ark:/12148/bpt6k5505300s/f239.item
L1912-01321,PLACE:boghari,birthplace,birthplace,1,person_entry,resolved,215,https://gallica.bnf.fr/ark:/12148/bpt6k5505300s/f239.item
L1912-01322,PLACE:alger,birthplace,birthplace,1,person_entry,resolved,215,https://gallica.bnf.fr/ark:/12148/bpt6k5505300s/f239.item
L1912-01324,PLACE:bizerte,residence,residence,1,person_entry,resolved,215,https://gallica.bnf.fr/ark:/12148/bpt6k5505300s/f239.item
L1912-01324,PLACE:oran,birthplace,birthplace,1,person_entry,resolved,215,https://gallica.bnf.fr/ark:/12148/bpt6k5505300s/f239.item
L1912-01325,PLACE:bizerte,residence,residence,1,person_entry,resolved,216,https://gallica.bnf.fr/ark:/12148/bpt6k5505300s/f240.item
L1912-01326,PLACE:tunis,residence,residence,1,person_entry,resolved,216,https://gallica.bnf.fr/ark:/12148/bpt6k5505300s/f240.item
L1912-01326,PLACE:tunis,birthplace,birthplace,1,person_entry,resolved,216,https://gallica.bnf.fr/ark:/12148/bpt6k5505300s/f240.item
L1912-01327,PLACE:tunis,residence,residence,1,person_entry,resolved,216,https://gallica.bnf.fr/ark:/12148/bpt6k5505300s/f240.item
L1912-01327,PLACE:fay le froid,birthplace,birthplace,1,person_entry,resolved,216,https://gallica.bnf.fr/ark:/12148/bpt6k5505300s/f240.item
L1912-01328,PLACE:ajacio,birthplace,birthplace,1,person_entry,resolved,216,https://gallica.bnf.fr/ark:/12148/bpt6k5505300s/f240.item
L1912-01332,PLACE:tunis,residence,residence,1,person_entry,resolved,217,https://gallica.bnf.fr/ark:/12148/bpt6k5505300s/f241.item
L1912-01332,PLACE:corps,birthplace,birthplace,1,person_entry,resolved,217,https://gallica.bnf.fr/ark:/12148/bpt6k5505300s/f241.item
L1912-01333,L1912-02334,residence,residence,1,person_entry,resolved,217,https://gallica.bnf.fr/ark:/12148/bpt6k5505300s/f241.item
L1912-01333,PLACE:sta,birthplace,birthplace,1,person_entry,resolved,217,https://gallica.bnf.fr/ark:/12148/bpt6k5505300s/f241.item
L1912-01334,PLACE:tunis,residence,residence,1,person_entry,resolved,217,https://gallica.bnf.fr/ark:/12148/bpt6k5505300s/f241.item
L1912-01335,L1912-02465,residence,residence,1,person_entry,resolved,217,https://gallica.bnf.fr/ark:/12148/bpt6k5505300s/f241.item
L1912-01336,PLACE:tunis,residence,residence,1,person_entry,resolved,217,https://gallica.bnf.fr/ark:/12148/bpt6k5505300s/f241.item
L1912-01336,PLACE:paris,birthplace,birthplace,1,person_entry,resolved,217,https://gallica.bnf.fr/ark:/12148/bpt6k5505300s/f241.item
L1912-01337,L1912-00919,residence,residence,1,person_entry,resolved,217,https://gallica.bnf.fr/ark:/12148/bpt6k5505300s/f241.item
L1912-01337,PLACE:senseii leharl,birthplace,birthplace,1,person_entry,resolved,217,https://gallica.bnf.fr/ark:/12148/bpt6k5505300s/f241.item
L1912-01339,PLACE:halle,birthplace,birthplace,1,person_entry,resolved,217,https://gallica.bnf.fr/ark:/12148/bpt6k5505300s/f241.item
L1912-01340,L1912-00526,residence,residence,1,person_entry,resolved,217,https://gallica.bnf.fr/ark:/12148/bpt6k5505300s/f241.item
L1912-01340,PLACE:bone,birthplace,birthplace,1,person_entry,resolved,217,https://gallica.bnf.fr/ark:/12148/bpt6k5505300s/f241.item
L1912-01341,PLACE:tunis,residence,residence,1,person_entry,resolved,217,https://gallica.bnf.fr/ark:/12148/bpt6k5505300s/f241.item
L1912-01341,PLACE:versailles,birthplace,birthplace,1,person_entry,resolved,217,https://gallica.bnf.fr/ark:/12148/bpt6k5505300s/f241.item
L1912-01342,PLACE:tunis,residence,residence,1,person_entry,resolved,218,https://gallica.bnf.fr/ark:/12148/bpt6k5505300s/f242.item
L1912-01343,PLACE:tunis,residence,residence,1,person_entry,resolved,218,https://gallica.bnf.fr/ark:/12148/bpt6k5505300s/f242.item
L1912-01343,PLACE:tunis,birthplace,birthplace,1,person_entry,resolved,218,https://gallica.bnf.fr/ark:/12148/bpt6k5505300s/f242.item
L1912-01344,PLACE:tunis,residence,residence,1,person_entry,resolved,218,https://gallica.bnf.fr/ark:/12148/bpt6k5505300s/f242.item
L1912-01344,PLACE:rennes,birthplace,birthplace,1,person_entry,resolved,218,https://gallica.bnf.fr/ark:/12148/bpt6k5505300s/f242.item
L1912-01345,PLACE:saint nazaire,birthplace,birthplace,1,person_entry,resolved,218,https://gallica.bnf.fr/ark:/12148/bpt6k5505300s/f242.item
L1912-01346,PLACE:tunis,residence,residence,1,person_entry,resolved,218,https://gallica.bnf.fr/ark:/12148/bpt6k5505300s/f242.item
L1912-01347,PLACE:harlem,birthplace,birthplace,1,person_entry,resolved,219,https://gallica.bnf.fr/ark:/12148/bpt6k5505300s/f243.item
L1912-01350,L1912-01489,residence,residence,1,person_entry,resolved,219,https://gallica.bnf.fr/ark:/12148/bpt6k5505300s/f243.item
L1912-01350,PLACE:aumale,birthplace,birthplace,1,person_entry,resolved,219,https://gallica.bnf.fr/ark:/12148/bpt6k5505300s/f243.item
L1912-01351,PLACE:tunis,residence,residence,1,person_entry,resolved,219,https://gallica.bnf.fr/ark:/12148/bpt6k5505300s/f243.item
L1912-01351,PLACE:tunis,birthplace,birthplace,1,person_entry,resolved,219,https://gallica.bnf.fr/ark:/12148/bpt6k5505300s/f243.item
L1912-01355,PLACE:tunis,residence,residence,1,person_entry,resolved,220,https://gallica.bnf.fr/ark:/12148/bpt6k5505300s/f244.item
L1912-01355,PLACE:tunis,birthplace,birthplace,1,person_entry,resolved,220,https://gallica.bnf.fr/ark:/12148/bpt6k5505300s/f244.item
L1912-01361,PLACE:tunis,residence,residence,1,person_entry,resolved,220,https://gallica.bnf.fr/ark:/12148/bpt6k5505300s/f244.item
L1912-01362,PLACE:tunis,residence,residence,1,person_entry,resolved,220,https://gallica.bnf.fr/ark:/12148/bpt6k5505300s/f244.item
L1912-01362,PLACE:tunis,birthplace,birthplace,1,person_entry,resolved,220,https://gallica.bnf.fr/ark:/12148/bpt6k5505300s/f244.item
L1912-01363,PLACE:tunis,residence,residence,1,person_entry,resolved,220,https://gallica.bnf.fr/ark:/12148/bpt6k5505300s/f244.item
L1912-01363,PLACE:monaslir,birthplace,birthplace,1,person_entry,resolved,220,https://gallica.bnf.fr/ark:/12148/bpt6k5505300s/f244.item
L1912-01384,L1912-02459,residence,residence,1,person_entry,resolved,222,https://gallica.bnf.fr/ark:/12148/bpt6k5505300s/f246.item
L1912-01384,PLACE:alger,birthplace,birthplace,1,person_entry,resolved,222,https://gallica.bnf.fr/ark:/12148/bpt6k5505300s/f246.item
L1912-01385,PLACE:tunis,residence,residence,1,person_entry,resolved,222,https://gallica.bnf.fr/ark:/12148/bpt6k5505300s/f246.item
L1912-01385,PLACE:corny,birthplace,birthplace,1,person_entry,resolved,222,https://gallica.bnf.fr/ark:/12148/bpt6k5505300s/f246.item
L1912-01391,L1912-00919,residence,residence,1,person_entry,resolved,224,https://gallica.bnf.fr/ark:/12148/bpt6k5505300s/f248.item
L1912-01392,PLACE:tunis,residence,residence,1,person_entry,resolved,224,https://gallica.bnf.fr/ark:/12148/bpt6k5505300s/f248.item
L1912-01393,PLACE:tunis,residence,residence,1,person_entry,resolved,224,https://gallica.bnf.fr/ark:/12148/bpt6k5505300s/f248.item
L1912-01394,PLACE:tunis,residence,residence,1,person_entry,resolved,224,https://gallica.bnf.fr/ark:/12148/bpt6k5505300s/f248.item
L1912-01396,PLACE:paris,birthplace,birthplace,1,person_entry,resolved,225,https://gallica.bnf.fr/ark:/12148/bpt6k5505300s/f249.item
L1912-01397,PLACE:tunis,residence,residence,1,person_entry,resolved,225,https://gallica.bnf.fr/ark:/12148/bpt6k5505300s/f249.item
L1912-01397,PLACE:tunis,birthplace,birthplace,1,person_entry,resolved,225,https://gallica.bnf.fr/ark:/12148/bpt6k5505300s/f249.item
L1912-01398,L1912-01702,residence,residence,1,person_entry,resolved,225,https://gallica.bnf.fr/ark:/12148/bpt6k5505300s/f249.item
L1912-01398,L1912-01702,birthplace,birthplace,1,person_entry,resolved,225,https://gallica.bnf.fr/ark:/12148/bpt6k5505300s/f249.item
L1912-01400,PLACE:tunis,residence,residence,1,person_entry,resolved,225,https://gallica.bnf.fr/ark:/12148/bpt6k5505300s/f249.item
L1912-01400,PLACE:agen,birthplace,birthplace,1,person_entry,resolved,225,https://gallica.bnf.fr/ark:/12148/bpt6k5505300s/f249.item
L1912-01405,PLACE:charmois l orgueilleux,birthplace,birthplace,1,person_entry,resolved,225,https://gallica.bnf.fr/ark:/12148/bpt6k5505300s/f249.item
L1912-01406,PLACE:tunis,residence,residence,1,person_entry,resolved,225,https://gallica.bnf.fr/ark:/12148/bpt6k5505300s/f249.item
L1912-01406,PLACE:nancy,birthplace,birthplace,1,person_entry,resolved,225,https://gallica.bnf.fr/ark:/12148/bpt6k5505300s/f249.item
L1912-01408,PLACE:tunis,residence,residence,1,person_entry,resolved,226,https://gallica.bnf.fr/ark:/12148/bpt6k5505300s/f250.item
L1912-01408,PLACE:arzew,birthplace,birthplace,1,person_entry,resolved,226,https://gallica.bnf.fr/ark:/12148/bpt6k5505300s/f250.item
L1912-01409,PLACE:grenoble,birthplace,birthplace,1,person_entry,resolved,226,https://gallica.bnf.fr/ark:/12148/bpt6k5505300s/f250.item
L1912-01411,PLACE:alger,birthplace,birthplace,1,person_entry,resolved,226,https://gallica.bnf.fr/ark:/12148/bpt6k5505300s/f250.item
L1912-01413,L1912-01489,residence,residence,1,person_entry,resolved,227,https://gallica.bnf.fr/ark:/12148/bpt6k5505300s/f251.item
L1912-01413,PLACE:olmitz,birthplace,birthplace,1,person_entry,resolved,227,https://gallica.bnf.fr/ark:/12148/bpt6k5505300s/f251.item
L1912-01415,PLACE:tunis,residence,residence,1,person_entry,resolved,228,https://gallica.bnf.fr/ark:/12148/bpt6k5505300s/f252.item
L1912-01415,PLACE:christiania,birthplace,birthplace,1,person_entry,resolved,228,https://gallica.bnf.fr/ark:/12148/bpt6k5505300s/f252.item
L1912-01422,PLACE:tunis,residence,residence,1,person_entry,resolved,229,https://gallica.bnf.fr/ark:/12148/bpt6k5505300s/f253.item
L1912-01422,PLACE:mazeres,birthplace,birthplace,1,person_entry,resolved,229,https://gallica.bnf.fr/ark:/12148/bpt6k5505300s/f253.item
L1912-01425,PLACE:tunis,residence,residence,1,person_entry,resolved,229,https://gallica.bnf.fr/ark:/12148/bpt6k5505300s/f253.item
L1912-01425,PLACE:jestieux,birthplace,birthplace,1,person_entry,resolved,229,https://gallica.bnf.fr/ark:/12148/bpt6k5505300s/f253.item
L1912-01428,PLACE:tunis,residence,residence,1,person_entry,resolved,230,https://gallica.bnf.fr/ark:/12148/bpt6k5505300s/f254.item
L1912-01428,PLACE:lyon,birthplace,birthplace,1,person_entry,resolved,230,https://gallica.bnf.fr/ark:/12148/bpt6k5505300s/f254.item
L1912-01429,PLACE:kerkennah,birthplace,birthplace,1,person_entry,resolved,230,https://gallica.bnf.fr/ark:/12148/bpt6k5505300s/f254.item
L1912-01430,PLACE:landes,birthplace,birthplace,1,person_entry,resolved,230,https://gallica.bnf.fr/ark:/12148/bpt6k5505300s/f254.item
L1912-01431,PLACE:tunis,residence,residence,1,person_entry,resolved,230,https://gallica.bnf.fr/ark:/12148/bpt6k5505300s/f254.item
L1912-01431,PLACE:tunis,birthplace,birthplace,1,person_entry,resolved,230,https://gallica.bnf.fr/ark:/12148/bpt6k5505300s/f254.item
L1912-01433,PLACE:tunis,residence,residence,1,person_entry,resolved,231,https://gallica.bnf.fr/ark:/12148/bpt6k5505300s/f255.item
L1912-01433,PLACE:paris,birthplace,birthplace,1,person_entry,resolved,231,https://gallica.bnf.fr/ark:/12148/bpt6k5505300s/f255.item
L1912-01437,PLACE:tunis,residence,residence,1,person_entry,resolved,232,https://gallica.bnf.fr/ark:/12148/bpt6k5505300s/f256.item
L1912-01438,PLACE:strasbourg,birthplace,birthplace,1,person_entry,resolved,232,https://gallica.bnf.fr/ark:/12148/bpt6k5505300s/f256.item
L1912-01441,PLACE:pernes,birthplace,birthplace,1,person_entry,resolved,233,https://gallica.bnf.fr/ark:/12148/bpt6k5505300s/f257.item
L1912-01445,PLACE:tunis,residence,residence,1,person_entry,resolved,235,https://gallica.bnf.fr/ark:/12148/bpt6k5505300s/f259.item
L1912-01453,PLACE:tunis,residence,residence,1,person_entry,resolved,236,https://gallica.bnf.fr/ark:/12148/bpt6k5505300s/f260.item
L1912-01458,PLACE:tunis,residence,residence,1,person_entry,resolved,237,https://gallica.bnf.fr/ark:/12148/bpt6k5505300s/f261.item
L1912-01458,PLACE:asques,birthplace,birthplace,1,person_entry,resolved,237,https://gallica.bnf.fr/ark:/12148/bpt6k5505300s/f261.item
L1912-01465,L1912-00526,residence,residence,1,person_entry,resolved,242,https://gallica.bnf.fr/ark:/12148/bpt6k5505300s/f266.item
L1912-01465,PLACE:annecy,birthplace,birthplace,1,person_entry,resolved,242,https://gallica.bnf.fr/ark:/12148/bpt6k5505300s/f266.item
L1912-01466,PLACE:tunis,residence,residence,1,person_entry,resolved,242,https://gallica.bnf.fr/ark:/12148/bpt6k5505300s/f266.item
L1912-01468,PLACE:vaucouleurs,birthplace,birthplace,1,person_entry,resolved,242,https://gallica.bnf.fr/ark:/12148/bpt6k5505300s/f266.item
L1912-01472,PLACE:lons le saulnier,birthplace,birthplace,1,person_entry,resolved,244,https://gallica.bnf.fr/ark:/12148/bpt6k5505300s/f268.item
L1912-01473,PLACE:tunis,residence,residence,1,person_entry,resolved,244,https://gallica.bnf.fr/ark:/12148/bpt6k5505300s/f268.item
L1912-01473,PLACE:grenoble,birthplace,birthplace,1,person_entry,resolved,244,https://gallica.bnf.fr/ark:/12148/bpt6k5505300s/f268.item
L1912-01474,PLACE:tunis,residence,residence,1,person_entry,resolved,244,https://gallica.bnf.fr/ark:/12148/bpt6k5505300s/f268.item
L1912-01474,PLACE:soleure,birthplace,birthplace,1,person_entry,resolved,244,https://gallica.bnf.fr/ark:/12148/bpt6k5505300s/f268.item
L1912-01477,PLACE:tunis,residence,residence,1,person_entry,resolved,244,https://gallica.bnf.fr/ark:/12148/bpt6k5505300s/f268.item
L1912-01477,PLACE:paris,birthplace,birthplace,1,person_entry,resolved,244,https://gallica.bnf.fr/ark:/12148/bpt6k5505300s/f268.item
L1912-01478,PLACE:tunis,residence,residence,1,person_entry,resolved,244,https://gallica.bnf.fr/ark:/12148/bpt6k5505300s/f268.item
L1912-01478,PLACE:saint cloud,birthplace,birthplace,1,person_entry,resolved,244,https://gallica.bnf.fr/ark:/12148/bpt6k5505300s/f268.item
L1912-01479,PLACE:tunis,residence,residence,1,person_entry,resolved,244,https://gallica.bnf.fr/ark:/12148/bpt6k5505300s/f268.item
L1912-01479,PLACE:gap,birthplace,birthplace,1,person_entry,resolved,244,https://gallica.bnf.fr/ark:/12148/bpt6k5505300s/f268.item
L1912-01482,PLACE:voulon,birthplace,birthplace,1,person_entry,resolved,245,https://gallica.bnf.fr/ark:/12148/bpt6k5505300s/f269.item
L1912-01483,PLACE:tunis,residence,residence,1,person_entry,resolved,245,https://gallica.bnf.fr/ark:/12148/bpt6k5505300s/f269.item
L1912-01483,PLACE:moes,birthplace,birthplace,1,person_entry,resolved,245,https://gallica.bnf.fr/ark:/12148/bpt6k5505300s/f269.item
L1912-01484,L1912-02465,residence,residence,1,person_entry,resolved,245,https://gallica.bnf.fr/ark:/12148/bpt6k5505300s/f269.item
L1912-01484,L1912-02465,birthplace,birthplace,1,person_entry,resolved,245,https://gallica.bnf.fr/ark:/12148/bpt6k5505300s/f269.item
L1912-01487,L1912-02334,residence,residence,1,person_entry,resolved,247,https://gallica.bnf.fr/ark:/12148/bpt6k5505300s/f271.item
L1912-01487,L1912-02334,birthplace,birthplace,1,person_entry,resolved,247,https://gallica.bnf.fr/ark:/12148/bpt6k5505300s/f271.item
L1912-01504,PLACE:tunis,residence,residence,1,person_entry,resolved,248,https://gallica.bnf.fr/ark:/12148/bpt6k5505300s/f272.item
L1912-01504,PLACE:paris,birthplace,birthplace,1,person_entry,resolved,248,https://gallica.bnf.fr/ark:/12148/bpt6k5505300s/f272.item
L1912-01508,PLACE:tunis,residence,residence,1,person_entry,resolved,249,https://gallica.bnf.fr/ark:/12148/bpt6k5505300s/f273.item
L1912-01508,PLACE:tunis,birthplace,birthplace,1,person_entry,resolved,249,https://gallica.bnf.fr/ark:/12148/bpt6k5505300s/f273.item
L1912-01517,PLACE:tunis,residence,residence,1,person_entry,resolved,249,https://gallica.bnf.fr/ark:/12148/bpt6k5505300s/f273.item
L1912-01519,PLACE:tunis,residence,residence,1,person_entry,resolved,250,https://gallica.bnf.fr/ark:/12148/bpt6k5505300s/f274.item
L1912-01519,PLACE:tunis,birthplace,birthplace,1,person_entry,resolved,250,https://gallica.bnf.fr/ark:/12148/bpt6k5505300s/f274.item
L1912-01520,PLACE:tunis,residence,residence,1,person_entry,resolved,250,https://gallica.bnf.fr/ark:/12148/bpt6k5505300s/f274.item
L1912-01520,PLACE:tunis,birthplace,birthplace,1,person_entry,resolved,250,https://gallica.bnf.fr/ark:/12148/bpt6k5505300s/f274.item
L1912-01521,PLACE:tunis,residence,residence,1,person_entry,resolved,250,https://gallica.bnf.fr/ark:/12148/bpt6k5505300s/f274.item
L1912-01521,PLACE:tunis,birthplace,birthplace,1,person_entry,resolved,250,https://gallica.bnf.fr/ark:/12148/bpt6k5505300s/f274.item
L1912-01528,PLACE:beja,residence,residence,1,person_entry,resolved,250,https://gallica.bnf.fr/ark:/12148/bpt6k5505300s/f274.item
L1912-01528,PLACE:bordeaux,birthplace,birthplace,1,person_entry,resolved,250,https://gallica.bnf.fr/ark:/12148/bpt6k5505300s/f274.item
L1912-01529,PLACE:tunis,residence,residence,1,person_entry,resolved,251,https://gallica.bnf.fr/ark:/12148/bpt6k5505300s/f275.item
L1912-01542,PLACE:lausanne,birthplace,birthplace,1,person_entry,resolved,253,https://gallica.bnf.fr/ark:/12148/bpt6k5505300s/f277.item
L1912-01545,PLACE:tunis,residence,residence,1,person_entry,resolved,253,https://gallica.bnf.fr/ark:/12148/bpt6k5505300s/f277.item
L1912-01545,PLACE:alger,birthplace,birthplace,1,person_entry,resolved,253,https://gallica.bnf.fr/ark:/12148/bpt6k5505300s/f277.item
L1912-01558,PLACE:tunis,residence,residence,1,person_entry,resolved,254,https://gallica.bnf.fr/ark:/12148/bpt6k5505300s/f278.item
L1912-01558,PLACE:tunis,birthplace,birthplace,1,person_entry,resolved,254,https://gallica.bnf.fr/ark:/12148/bpt6k5505300s/f278.item
L1912-01559,PLACE:tunis,residence,residence,1,person_entry,resolved,254,https://gallica.bnf.fr/ark:/12148/bpt6k5505300s/f278.item
L1912-01559,PLACE:lille,birthplace,birthplace,1,person_entry,resolved,254,https://gallica.bnf.fr/ark:/12148/bpt6k5505300s/f278.item
L1912-01560,PLACE:capdenac,birthplace,birthplace,1,person_entry,resolved,254,https://gallica.bnf.fr/ark:/12148/bpt6k5505300s/f278.item
L1912-01561,PLACE:bizerte,residence,residence,1,person_entry,resolved,254,https://gallica.bnf.fr/ark:/12148/bpt6k5505300s/f278.item
L1912-01561,PLACE:saint pierre de nogaret,birthplace,birthplace,1,person_entry,resolved,254,https://gallica.bnf.fr/ark:/12148/bpt6k5505300s/f278.item
L1912-01562,PLACE:bizerte,residence,residence,1,person_entry,resolved,254,https://gallica.bnf.fr/ark:/12148/bpt6k5505300s/f278.item
L1912-01562,PLACE:gontaud,birthplace,birthplace,1,person_entry,resolved,254,https://gallica.bnf.fr/ark:/12148/bpt6k5505300s/f278.item
L1912-01563,PLACE:mar 1 seille,birthplace,birthplace,1,person_entry,resolved,255,https://gallica.bnf.fr/ark:/12148/bpt6k5505300s/f279.item
L1912-01564,PLACE:tunis,residence,residence,1,person_entry,resolved,255,https://gallica.bnf.fr/ark:/12148/bpt6k5505300s/f279.item
L1912-01564,PLACE:marseille,birthplace,birthplace,1,person_entry,resolved,255,https://gallica.bnf.fr/ark:/12148/bpt6k5505300s/f279.item
L1912-01567,PLACE:tunis,residence,residence,1,person_entry,resolved,255,https://gallica.bnf.fr/ark:/12148/bpt6k5505300s/f279.item
L1912-01567,PLACE:alger,birthplace,birthplace,1,person_entry,resolved,255,https://gallica.bnf.fr/ark:/12148/bpt6k5505300s/f279.item
L1912-01568,PLACE:tunis,residence,residence,1,person_entry,resolved,255,https://gallica.bnf.fr/ark:/12148/bpt6k5505300s/f279.item
L1912-01568,PLACE:bagneres de bigorre,birthplace,birthplace,1,person_entry,resolved,255,https://gallica.bnf.fr/ark:/12148/bpt6k5505300s/f279.item
L1912-01569,PLACE:catus,birthplace,birthplace,1,person_entry,resolved,256,https://gallica.bnf.fr/ark:/12148/bpt6k5505300s/f280.item
L1912-01570,PLACE:bone,birthplace,birthplace,1,person_entry,resolved,256,https://gallica.bnf.fr/ark:/12148/bpt6k5505300s/f280.item
L1912-01572,PLACE:tunis,residence,residence,1,person_entry,resolved,256,https://gallica.bnf.fr/ark:/12148/bpt6k5505300s/f280.item
L1912-01574,PLACE:saint pierre,birthplace,birthplace,1,person_entry,resolved,256,https://gallica.bnf.fr/ark:/12148/bpt6k5505300s/f280.item
L1912-01575,PLACE:tunis,residence,residence,1,person_entry,resolved,256,https://gallica.bnf.fr/ark:/12148/bpt6k5505300s/f280.item
L1912-01575,PLACE:tunis,birthplace,birthplace,1,person_entry,resolved,256,https://gallica.bnf.fr/ark:/12148/bpt6k5505300s/f280.item
L1912-01576,PLACE:tunis,residence,residence,1,person_entry,resolved,256,https://gallica.bnf.fr/ark:/12148/bpt6k5505300s/f280.item
L1912-01576,PLACE:tunis,birthplace,birthplace,1,person_entry,resolved,256,https://gallica.bnf.fr/ark:/12148/bpt6k5505300s/f280.item
L1912-01577,PLACE:tunis,residence,residence,1,person_entry,resolved,257,https://gallica.bnf.fr/ark:/12148/bpt6k5505300s/f281.item
L1912-01577,PLACE:tunis,birthplace,birthplace,1,person_entry,resolved,257,https://gallica.bnf.fr/ark:/12148/bpt6k5505300s/f281.item
L1912-01579,PLACE:tunis,residence,residence,1,person_entry,resolved,257,https://gallica.bnf.fr/ark:/12148/bpt6k5505300s/f281.item
L1912-01579,PLACE:ajaccio,birthplace,birthplace,1,person_entry,resolved,257,https://gallica.bnf.fr/ark:/12148/bpt6k5505300s/f281.item
L1912-01581,L1912-02465,residence,residence,1,person_entry,resolved,258,https://gallica.bnf.fr/ark:/12148/bpt6k5505300s/f282.item
L1912-01581,PLACE:laquarte,birthplace,birthplace,1,person_entry,resolved,258,https://gallica.bnf.fr/ark:/12148/bpt6k5505300s/f282.item
L1912-01582,PLACE:tunis,residence,residence,1,person_entry,resolved,258,https://gallica.bnf.fr/ark:/12148/bpt6k5505300s/f282.item
L1912-01582,PLACE:tala,birthplace,birthplace,1,person_entry,resolved,258,https://gallica.bnf.fr/ark:/12148/bpt6k5505300s/f282.item
L1912-01584,PLACE:tunis,residence,residence,1,person_entry,resolved,258,https://gallica.bnf.fr/ark:/12148/bpt6k5505300s/f282.item
L1912-01584,PLACE:lt lonor de cas,birthplace,birthplace,1,person_entry,resolved,258,https://gallica.bnf.fr/ark:/12148/bpt6k5505300s/f282.item
L1912-01585,PLACE:tunis,residence,residence,1,person_entry,resolved,258,https://gallica.bnf.fr/ark:/12148/bpt6k5505300s/f282.item
L1912-01585,PLACE:villeneuve sur lot,birthplace,birthplace,1,person_entry,resolved,258,https://gallica.bnf.fr/ark:/12148/bpt6k5505300s/f282.item
L1912-01586,PLACE:tunis,residence,residence,1,person_entry,resolved,259,https://gallica.bnf.fr/ark:/12148/bpt6k5505300s/f283.item
L1912-01586,PLACE:lyon,birthplace,birthplace,1,person_entry,resolved,259,https://gallica.bnf.fr/ark:/12148/bpt6k5505300s/f283.item
L1912-01587,PLACE:bizerte,residence,residence,1,person_entry,resolved,259,https://gallica.bnf.fr/ark:/12148/bpt6k5505300s/f283.item
L1912-01587,PLACE:pou ille,birthplace,birthplace,1,person_entry,resolved,259,https://gallica.bnf.fr/ark:/12148/bpt6k5505300s/f283.item
L1912-01588,PLACE:calle,birthplace,birthplace,1,person_entry,resolved,259,https://gallica.bnf.fr/ark:/12148/bpt6k5505300s/f283.item
L1912-01589,PLACE:tunis,residence,residence,1,person_entry,resolved,259,https://gallica.bnf.fr/ark:/12148/bpt6k5505300s/f283.item
L1912-01589,PLACE:heippes,birthplace,birthplace,1,person_entry,resolved,259,https://gallica.bnf.fr/ark:/12148/bpt6k5505300s/f283.item
L1912-01590,PLACE:auxerre,birthplace,birthplace,1,person_entry,resolved,259,https://gallica.bnf.fr/ark:/12148/bpt6k5505300s/f283.item
L1912-01592,L1912-02459,residence,residence,1,person_entry,resolved,259,https://gallica.bnf.fr/ark:/12148/bpt6k5505300s/f283.item
L1912-01592,PLACE:cornac,birthplace,birthplace,1,person_entry,resolved,259,https://gallica.bnf.fr/ark:/12148/bpt6k5505300s/f283.item
L1912-01593,PLACE:tunis,residence,residence,1,person_entry,resolved,259,https://gallica.bnf.fr/ark:/12148/bpt6k5505300s/f283.item
L1912-01594,PLACE:larreule,birthplace,birthplace,1,person_entry,resolved,260,https://gallica.bnf.fr/ark:/12148/bpt6k5505300s/f284.item
L1912-01595,L1912-00919,residence,residence,1,person_entry,resolved,260,https://gallica.bnf.fr/ark:/12148/bpt6k5505300s/f284.item
L1912-01595,PLACE:alger,birthplace,birthplace,1,person_entry,resolved,260,https://gallica.bnf.fr/ark:/12148/bpt6k5505300s/f284.item
L1912-01596,PLACE:tunis,residence,residence,1,person_entry,resolved,260,https://gallica.bnf.fr/ark:/12148/bpt6k5505300s/f284.item
L1912-01596,PLACE:dun sur auron,birthplace,birthplace,1,person_entry,resolved,260,https://gallica.bnf.fr/ark:/12148/bpt6k5505300s/f284.item
L1912-01599,PLACE:tunis,residence,residence,1,person_entry,resolved,261,https://gallica.bnf.fr/ark:/12148/bpt6k5505300s/f285.item
L1912-01599,PLACE:mulzerville,birthplace,birthplace,1,person_entry,resolved,261,https://gallica.bnf.fr/ark:/12148/bpt6k5505300s/f285.item
L1912-01600,PLACE:tunis,residence,residence,1,person_entry,resolved,261,https://gallica.bnf.fr/ark:/12148/bpt6k5505300s/f285.item
L1912-01600,PLACE:philippeville,birthplace,birthplace,1,person_entry,resolved,261,https://gallica.bnf.fr/ark:/12148/bpt6k5505300s/f285.item
L1912-01601,L1912-01489,residence,residence,1,person_entry,resolved,262,https://gallica.bnf.fr/ark:/12148/bpt6k5505300s/f286.item
L1912-01601,PLACE:marignana,birthplace,birthplace,1,person_entry,resolved,262,https://gallica.bnf.fr/ark:/12148/bpt6k5505300s/f286.item
L1912-01602,PLACE:tunis,residence,residence,1,person_entry,resolved,262,https://gallica.bnf.fr/ark:/12148/bpt6k5505300s/f286.item
L1912-01602,PLACE:paris,birthplace,birthplace,1,person_entry,resolved,262,https://gallica.bnf.fr/ark:/12148/bpt6k5505300s/f286.item
L1912-01603,PLACE:tunis,residence,residence,1,person_entry,resolved,262,https://gallica.bnf.fr/ark:/12148/bpt6k5505300s/f286.item
L1912-01606,PLACE:fleurbaix,birthplace,birthplace,1,person_entry,resolved,263,https://gallica.bnf.fr/ark:/12148/bpt6k5505300s/f287.item
L1912-01607,PLACE:tunis,residence,residence,1,person_entry,resolved,263,https://gallica.bnf.fr/ark:/12148/bpt6k5505300s/f287.item
L1912-01607,PLACE:samois,birthplace,birthplace,1,person_entry,resolved,263,https://gallica.bnf.fr/ark:/12148/bpt6k5505300s/f287.item
L1912-01608,PLACE:beja,residence,residence,1,person_entry,resolved,263,https://gallica.bnf.fr/ark:/12148/bpt6k5505300s/f287.item
L1912-01609,PLACE:tunis,residence,residence,1,person_entry,resolved,263,https://gallica.bnf.fr/ark:/12148/bpt6k5505300s/f287.item
L1912-01609,PLACE:rive de gier,birthplace,birthplace,1,person_entry,resolved,263,https://gallica.bnf.fr/ark:/12148/bpt6k5505300s/f287.item
L1912-01611,L1912-02465,residence,residence,1,person_entry,resolved,264,https://gallica.bnf.fr/ark:/12148/bpt6k5505300s/f288.item
L1912-01611,PLACE:azilone,birthplace,birthplace,1,person_entry,resolved,264,https://gallica.bnf.fr/ark:/12148/bpt6k5505300s/f288.item
L1912-01612,PLACE:tunis,residence,residence,1,person_entry,resolved,264,https://gallica.bnf.fr/ark:/12148/bpt6k5505300s/f288.item
L1912-01612,PLACE:alger,birthplace,birthplace,1,person_entry,resolved,264,https://gallica.bnf.fr/ark:/12148/bpt6k5505300s/f288.item
L1912-01613,L1912-02465,residence,residence,1,person_entry,resolved,264,https://gallica.bnf.fr/ark:/12148/bpt6k5505300s/f288.item
L1912-01614,L1912-02465,residence,residence,1,person_entry,resolved,264,https://gallica.bnf.fr/ark:/12148/bpt6k5505300s/f288.item
L1912-01615,PLACE:tunis,residence,residence,1,person_entry,resolved,265,https://gallica.bnf.fr/ark:/12148/bpt6k5505300s/f289.item
L1912-01615,PLACE:bohoin,birthplace,birthplace,1,person_entry,resolved,265,https://gallica.bnf.fr/ark:/12148/bpt6k5505300s/f289.item
L1912-01616,PLACE:mauriac,birthplace,birthplace,1,person_entry,resolved,265,https://gallica.bnf.fr/ark:/12148/bpt6k5505300s/f289.item
L1912-01617,PLACE:tunis,residence,residence,1,person_entry,resolved,265,https://gallica.bnf.fr/ark:/12148/bpt6k5505300s/f289.item
L1912-01618,PLACE:lille,birthplace,birthplace,1,person_entry,resolved,265,https://gallica.bnf.fr/ark:/12148/bpt6k5505300s/f289.item
L1912-01619,PLACE:tunis,residence,residence,1,person_entry,resolved,266,https://gallica.bnf.fr/ark:/12148/bpt6k5505300s/f290.item
L1912-01619,PLACE:livourne,birthplace,birthplace,1,person_entry,resolved,266,https://gallica.bnf.fr/ark:/12148/bpt6k5505300s/f290.item
L1912-01620,PLACE:tunis,residence,residence,1,person_entry,resolved,266,https://gallica.bnf.fr/ark:/12148/bpt6k5505300s/f290.item
L1912-01621,PLACE:tunis,residence,residence,1,person_entry,resolved,266,https://gallica.bnf.fr/ark:/12148/bpt6k5505300s/f290.item
L1912-01622,PLACE:tunis,residence,residence,1,person_entry,resolved,266,https://gallica.bnf.fr/ark:/12148/bpt6k5505300s/f290.item
L1912-01622,PLACE:mausac,birthplace,birthplace,1,person_entry,resolved,266,https://gallica.bnf.fr/ark:/12148/bpt6k5505300s/f290.item
L1912-01623,L1912-02334,residence,residence,1,person_entry,resolved,267,https://gallica.bnf.fr/ark:/12148/bpt6k5505300s/f291.item
L1912-01623,PLACE:montmedy,birthplace,birthplace,1,person_entry,resolved,267,https://gallica.bnf.fr/ark:/12148/bpt6k5505300s/f291.item
L1912-01625,PLACE:tunis,residence,residence,1,person_entry,resolved,267,https://gallica.bnf.fr/ark:/12148/bpt6k5505300s/f291.item
L1912-01628,L1912-02465,residence,residence,1,person_entry,resolved,268,https://gallica.bnf.fr/ark:/12148/bpt6k5505300s/f292.item
L1912-01628,PLACE:avignon,birthplace,birthplace,1,person_entry,resolved,268,https://gallica.bnf.fr/ark:/12148/bpt6k5505300s/f292.item
L1912-01630,PLACE:lyon,birthplace,birthplace,1,person_entry,resolved,268,https://gallica.bnf.fr/ark:/12148/bpt6k5505300s/f292.item
L1912-01631,PLACE:meylan,birthplace,birthplace,1,person_entry,resolved,268,https://gallica.bnf.fr/ark:/12148/bpt6k5505300s/f292.item
L1912-01632,L1912-02465,residence,residence,1,person_entry,resolved,268,https://gallica.bnf.fr/ark:/12148/bpt6k5505300s/f292.item
L1912-01632,PLACE:perols,birthplace,birthplace,1,person_entry,resolved,268,https://gallica.bnf.fr/ark:/12148/bpt6k5505300s/f292.item
L1912-01633,PLACE:tunis,residence,residence,1,person_entry,resolved,269,https://gallica.bnf.fr/ark:/12148/bpt6k5505300s/f293.item
L1912-01633,PLACE:fouilly sur loire,birthplace,birthplace,1,person_entry,resolved,269,https://gallica.bnf.fr/ark:/12148/bpt6k5505300s/f293.item
L1912-01634,L1912-01702,residence,residence,1,person_entry,resolved,269,https://gallica.bnf.fr/ark:/12148/bpt6k5505300s/f293.item
L1912-01634,PLACE:hericourl,birthplace,birthplace,1,person_entry,resolved,269,https://gallica.bnf.fr/ark:/12148/bpt6k5505300s/f293.item
L1912-01635,PLACE:tunis,residence,residence,1,person_entry,resolved,269,https://gallica.bnf.fr/ark:/12148/bpt6k5505300s/f293.item
L1912-01635,PLACE:aibre,birthplace,birthplace,1,person_entry,resolved,269,https://gallica.bnf.fr/ark:/12148/bpt6k5505300s/f293.item
L1912-01636,PLACE:noyers,birthplace,birthplace,1,person_entry,resolved,269,https://gallica.bnf.fr/ark:/12148/bpt6k5505300s/f293.item
L1912-01637,PLACE:tunis,residence,residence,1,person_entry,resolved,269,https://gallica.bnf.fr/ark:/12148/bpt6k5505300s/f293.item
L1912-01637,PLACE:klansenburg,birthplace,birthplace,1,person_entry,resolved,269,https://gallica.bnf.fr/ark:/12148/bpt6k5505300s/f293.item
L1912-01639,PLACE:paris,birthplace,birthplace,1,person_entry,resolved,269,https://gallica.bnf.fr/ark:/12148/bpt6k5505300s/f293.item
L1912-01640,PLACE:tunis,residence,residence,1,person_entry,resolved,269,https://gallica.bnf.fr/ark:/12148/bpt6k5505300s/f293.item
L1912-01640,PLACE:jaulnay,birthplace,birthplace,1,person_entry,resolved,269,https://gallica.bnf.fr/ark:/12148/bpt6k5505300s/f293.item
L1912-01641,PLACE:tunis,residence,residence,1,person_entry,resolved,269,https://gallica.bnf.fr/ark:/12148/bpt6k5505300s/f293.item
L1912-01641,PLACE:bayonne,birthplace,birthplace,1,person_entry,resolved,269,https://gallica.bnf.fr/ark:/12148/bpt6k5505300s/f293.item
L1912-01642,PLACE:tunis,residence,residence,1,person_entry,resolved,270,https://gallica.bnf.fr/ark:/12148/bpt6k5505300s/f294.item
L1912-01642,PLACE:quimperle,birthplace,birthplace,1,person_entry,resolved,270,https://gallica.bnf.fr/ark:/12148/bpt6k5505300s/f294.item
L1912-01646,PLACE:sainte marie,birthplace,birthplace,1,person_entry,resolved,270,https://gallica.bnf.fr/ark:/12148/bpt6k5505300s/f294.item
L1912-01647,L1912-00526,residence,residence,1,person_entry,resolved,270,https://gallica.bnf.fr/ark:/12148/bpt6k5505300s/f294.item
L1912-01647,PLACE:parlinello,birthplace,birthplace,1,person_entry,resolved,270,https://gallica.bnf.fr/ark:/12148/bpt6k5505300s/f294.item
L1912-01648,L1912-01672,residence,residence,1,person_entry,resolved,271,https://gallica.bnf.fr/ark:/12148/bpt6k5505300s/f295.item
L1912-01648,L1912-01672,birthplace,birthplace,1,person_entry,resolved,271,https://gallica.bnf.fr/ark:/12148/bpt6k5505300s/f295.item
L1912-01649,L1912-01672,residence,residence,1,person_entry,resolved,271,https://gallica.bnf.fr/ark:/12148/bpt6k5505300s/f295.item
L1912-01649,L1912-01672,birthplace,birthplace,1,person_entry,resolved,271,https://gallica.bnf.fr/ark:/12148/bpt6k5505300s/f295.item
L1912-01650,PLACE:tunis,residence,residence,1,person_entry,resolved,271,https://gallica.bnf.fr/ark:/12148/bpt6k5505300s/f295.item
L1912-01650,PLACE:tunis,birthplace,birthplace,1,person_entry,resolved,271,https://gallica.bnf.fr/ark:/12148/bpt6k5505300s/f295.item
L1912-01651,L1912-01672,residence,residence,1,person_entry,resolved,271,https://gallica.bnf.fr/ark:/12148/bpt6k5505300s/f295.item
L1912-01651,L1912-01672,birthplace,birthplace,1,person_entry,resolved,271,https://gallica.bnf.fr/ark:/12148/bpt6k5505300s/f295.item
L1912-01652,L1912-01672,residence,residence,1,person_entry,resolved,271,https://gallica.bnf.fr/ark:/12148/bpt6k5505300s/f295.item
L1912-01652,L1912-01672,birthplace,birthplace,1,person_entry,resolved,271,https://gallica.bnf.fr/ark:/12148/bpt6k5505300s/f295.item
L1912-01653,L1912-02532,residence,residence,1,person_entry,resolved,271,https://gallica.bnf.fr/ark:/12148/bpt6k5505300s/f295.item
L1912-01653,PLACE:joncquieres,birthplace,birthplace,1,person_entry,resolved,271,https://gallica.bnf.fr/ark:/12148/bpt6k5505300s/f295.item
L1912-01658,PLACE:tunis,residence,residence,1,person_entry,resolved,272,https://gallica.bnf.fr/ark:/12148/bpt6k5505300s/f296.item
L1912-01658,PLACE:pantelleria,birthplace,birthplace,1,person_entry,resolved,272,https://gallica.bnf.fr/ark:/12148/bpt6k5505300s/f296.item
L1912-01659,PLACE:alger,birthplace,birthplace,1,person_entry,resolved,272,https://gallica.bnf.fr/ark:/12148/bpt6k5505300s/f296.item
L1912-01660,PLACE:tunis,residence,residence,1,person_entry,resolved,272,https://gallica.bnf.fr/ark:/12148/bpt6k5505300s/f296.item
L1912-01661,PLACE:tunis,residence,residence,1,person_entry,resolved,272,https://gallica.bnf.fr/ark:/12148/bpt6k5505300s/f296.item
L1912-01661,PLACE:bone,birthplace,birthplace,1,person_entry,resolved,272,https://gallica.bnf.fr/ark:/12148/bpt6k5505300s/f296.item
L1912-01667,PLACE:tunis,residence,residence,1,person_entry,resolved,273,https://gallica.bnf.fr/ark:/12148/bpt6k5505300s/f297.item
L1912-01667,PLACE:longiano,birthplace,birthplace,1,person_entry,resolved,273,https://gallica.bnf.fr/ark:/12148/bpt6k5505300s/f297.item
L1912-01668,PLACE:tunis,residence,residence,1,person_entry,resolved,273,https://gallica.bnf.fr/ark:/12148/bpt6k5505300s/f297.item
L1912-01669,L1912-02334,residence,residence,1,person_entry,resolved,273,https://gallica.bnf.fr/ark:/12148/bpt6k5505300s/f297.item
L1912-01669,PLACE:vy leslure,birthplace,birthplace,1,person_entry,resolved,273,https://gallica.bnf.fr/ark:/12148/bpt6k5505300s/f297.item
L1912-01673,PLACE:tunis,residence,residence,1,person_entry,resolved,274,https://gallica.bnf.fr/ark:/12148/bpt6k5505300s/f298.item
L1912-01676,PLACE:tunis,residence,residence,1,person_entry,resolved,274,https://gallica.bnf.fr/ark:/12148/bpt6k5505300s/f298.item
L1912-01677,PLACE:tunis,residence,residence,1,person_entry,resolved,274,https://gallica.bnf.fr/ark:/12148/bpt6k5505300s/f298.item
L1912-01677,PLACE:lalergemenl sainte marie,birthplace,birthplace,1,person_entry,resolved,274,https://gallica.bnf.fr/ark:/12148/bpt6k5505300s/f298.item
L1912-01683,PLACE:tunis,residence,residence,1,person_entry,resolved,275,https://gallica.bnf.fr/ark:/12148/bpt6k5505300s/f299.item
L1912-01683,PLACE:graulhet,birthplace,birthplace,1,person_entry,resolved,275,https://gallica.bnf.fr/ark:/12148/bpt6k5505300s/f299.item
L1912-01684,PLACE:gabes,residence,residence,1,person_entry,resolved,275,https://gallica.bnf.fr/ark:/12148/bpt6k5505300s/f299.item
L1912-01686,PLACE:tunis,residence,residence,1,person_entry,resolved,275,https://gallica.bnf.fr/ark:/12148/bpt6k5505300s/f299.item
L1912-01686,PLACE:lunel,birthplace,birthplace,1,person_entry,resolved,275,https://gallica.bnf.fr/ark:/12148/bpt6k5505300s/f299.item
L1912-01689,PLACE:tunis,residence,residence,1,person_entry,resolved,276,https://gallica.bnf.fr/ark:/12148/bpt6k5505300s/f300.item
L1912-01689,PLACE:liculn,birthplace,birthplace,1,person_entry,resolved,276,https://gallica.bnf.fr/ark:/12148/bpt6k5505300s/f300.item
L1912-01692,PLACE:tunis,residence,residence,1,person_entry,resolved,277,https://gallica.bnf.fr/ark:/12148/bpt6k5505300s/f301.item
L1912-01694,L1912-01672,residence,residence,1,person_entry,resolved,277,https://gallica.bnf.fr/ark:/12148/bpt6k5505300s/f301.item
L1912-01697,L1912-02465,residence,residence,1,person_entry,resolved,277,https://gallica.bnf.fr/ark:/12148/bpt6k5505300s/f301.item
L1912-01698,L1912-01672,residence,residence,1,person_entry,resolved,277,https://gallica.bnf.fr/ark:/12148/bpt6k5505300s/f301.item
L1912-01698,PLACE:colomieu lasplanes,birthplace,birthplace,1,person_entry,resolved,277,https://gallica.bnf.fr/ark:/12148/bpt6k5505300s/f301.item
L1912-01700,PLACE:tunis,residence,residence,1,person_entry,resolved,278,https://gallica.bnf.fr/ark:/12148/bpt6k5505300s/f302.item
L1912-01700,PLACE:casleljaloux,birthplace,birthplace,1,person_entry,resolved,278,https://gallica.bnf.fr/ark:/12148/bpt6k5505300s/f302.item
L1912-01701,L1912-02465,residence,residence,1,person_entry,resolved,278,https://gallica.bnf.fr/ark:/12148/bpt6k5505300s/f302.item
L1912-01701,PLACE:saint martin d eslreaux,birthplace,birthplace,1,person_entry,resolved,278,https://gallica.bnf.fr/ark:/12148/bpt6k5505300s/f302.item
L1912-01703,PLACE:paris,birthplace,birthplace,1,person_entry,resolved,278,https://gallica.bnf.fr/ark:/12148/bpt6k5505300s/f302.item
L1912-01704,PLACE:tunis,residence,residence,1,person_entry,resolved,278,https://gallica.bnf.fr/ark:/12148/bpt6k5505300s/f302.item
L1912-01704,PLACE:monlbrison,birthplace,birthplace,1,person_entry,resolved,278,https://gallica.bnf.fr/ark:/12148/bpt6k5505300s/f302.item
L1912-01705,PLACE:bizerte,residence,residence,1,person_entry,resolved,278,https://gallica.bnf.fr/ark:/12148/bpt6k5505300s/f302.item
L1912-01705,PLACE:sauvelerre la lemance,birthplace,birthplace,1,person_entry,resolved,278,https://gallica.bnf.fr/ark:/12148/bpt6k5505300s/f302.item
L1912-01706,PLACE:beauvoir sur niorl,birthplace,birthplace,1,person_entry,resolved,279,https://gallica.bnf.fr/ark:/12148/bpt6k5505300s/f303.item
L1912-01707,PLACE:mans,birthplace,birthplace,1,person_entry,resolved,279,https://gallica.bnf.fr/ark:/12148/bpt6k5505300s/f303.item
L1912-01708,PLACE:tunis,residence,residence,1,person_entry,resolved,279,https://gallica.bnf.fr/ark:/12148/bpt6k5505300s/f303.item
L1912-01709,PLACE:tunis,residence,residence,1,person_entry,resolved,279,https://gallica.bnf.fr/ark:/12148/bpt6k5505300s/f303.item
L1912-01709,PLACE:bordeaux,birthplace,birthplace,1,person_entry,resolved,279,https://gallica.bnf.fr/ark:/12148/bpt6k5505300s/f303.item
L1912-01711,PLACE:tunis,residence,residence,1,person_entry,resolved,280,https://gallica.bnf.fr/ark:/12148/bpt6k5505300s/f304.item
L1912-01711,PLACE:pontremoli,birthplace,birthplace,1,person_entry,resolved,280,https://gallica.bnf.fr/ark:/12148/bpt6k5505300s/f304.item
L1912-01712,PLACE:bordeaux,birthplace,birthplace,1,person_entry,resolved,280,https://gallica.bnf.fr/ark:/12148/bpt6k5505300s/f304.item
L1912-01713,PLACE:tunis,residence,residence,1,person_entry,resolved,280,https://gallica.bnf.fr/ark:/12148/bpt6k5505300s/f304.item
L1912-01713,PLACE:bedarieux,birthplace,birthplace,1,person_entry,resolved,280,https://gallica.bnf.fr/ark:/12148/bpt6k5505300s/f304.item
L1912-01714,PLACE:bougie,birthplace,birthplace,1,person_entry,resolved,280,https://gallica.bnf.fr/ark:/12148/bpt6k5505300s/f304.item
L1912-01715,PLACE:tunis,residence,residence,1,person_entry,resolved,280,https://gallica.bnf.fr/ark:/12148/bpt6k5505300s/f304.item
L1912-01719,PLACE:bizerte,residence,residence,1,person_entry,resolved,281,https://gallica.bnf.fr/ark:/12148/bpt6k5505300s/f305.item
L1912-01719,PLACE:i ladov,birthplace,birthplace,1,person_entry,resolved,281,https://gallica.bnf.fr/ark:/12148/bpt6k5505300s/f305.item
L1912-01720,L1912-02465,residence,residence,1,person_entry,resolved,282,https://gallica.bnf.fr/ark:/12148/bpt6k5505300s/f306.item
L1912-01720,PLACE:puy,birthplace,birthplace,1,person_entry,resolved,282,https://gallica.bnf.fr/ark:/12148/bpt6k5505300s/f306.item
L1912-01722,L1912-02334,residence,residence,1,person_entry,resolved,282,https://gallica.bnf.fr/ark:/12148/bpt6k5505300s/f306.item
L1912-01722,PLACE:sfax tunisie,birthplace,birthplace,1,person_entry,resolved,282,https://gallica.bnf.fr/ark:/12148/bpt6k5505300s/f306.item
L1912-01723,L1912-01672,residence,residence,1,person_entry,resolved,282,https://gallica.bnf.fr/ark:/12148/bpt6k5505300s/f306.item
L1912-01724,PLACE:coggin,birthplace,birthplace,1,person_entry,resolved,282,https://gallica.bnf.fr/ark:/12148/bpt6k5505300s/f306.item
L1912-01725,PLACE:tunis,residence,residence,1,person_entry,resolved,282,https://gallica.bnf.fr/ark:/12148/bpt6k5505300s/f306.item
L1912-01725,PLACE:tunis,birthplace,birthplace,1,person_entry,resolved,282,https://gallica.bnf.fr/ark:/12148/bpt6k5505300s/f306.item
L1912-01726,PLACE:tunis,residence,residence,1,person_entry,resolved,282,https://gallica.bnf.fr/ark:/12148/bpt6k5505300s/f306.item
L1912-01726,PLACE:peronne,birthplace,birthplace,1,person_entry,resolved,282,https://gallica.bnf.fr/ark:/12148/bpt6k5505300s/f306.item
L1912-01727,L1912-01672,residence,residence,1,person_entry,resolved,283,https://gallica.bnf.fr/ark:/12148/bpt6k5505300s/f307.item
L1912-01727,PLACE:doudeauville,birthplace,birthplace,1,person_entry,resolved,283,https://gallica.bnf.fr/ark:/12148/bpt6k5505300s/f307.item
L1912-01728,L1912-01489,residence,residence,1,person_entry,resolved,283,https://gallica.bnf.fr/ark:/12148/bpt6k5505300s/f307.item
L1912-01728,PLACE:marseille,birthplace,birthplace,1,person_entry,resolved,283,https://gallica.bnf.fr/ark:/12148/bpt6k5505300s/f307.item
L1912-01730,PLACE:grenoble,birthplace,birthplace,1,person_entry,resolved,283,https://gallica.bnf.fr/ark:/12148/bpt6k5505300s/f307.item
L1912-01731,PLACE:tunis,residence,residence,1,person_entry,resolved,283,https://gallica.bnf.fr/ark:/12148/bpt6k5505300s/f307.item
L1912-01731,PLACE:louznc,birthplace,birthplace,1,person_entry,resolved,283,https://gallica.bnf.fr/ark:/12148/bpt6k5505300s/f307.item
L1912-01733,PLACE:tunis,residence,residence,1,person_entry,resolved,283,https://gallica.bnf.fr/ark:/12148/bpt6k5505300s/f307.item
L1912-01733,PLACE:saint hilaire,birthplace,birthplace,1,person_entry,resolved,283,https://gallica.bnf.fr/ark:/12148/bpt6k5505300s/f307.item
L1912-01734,L1912-01207,residence,residence,1,person_entry,resolved,283,https://gallica.bnf.fr/ark:/12148/bpt6k5505300s/f307.item
L1912-01734,PLACE:sainthilaire,birthplace,birthplace,1,person_entry,resolved,283,https://gallica.bnf.fr/ark:/12148/bpt6k5505300s/f307.item
L1912-01735,PLACE:s eugone,birthplace,birthplace,1,person_entry,resolved,284,https://gallica.bnf.fr/ark:/12148/bpt6k5505300s/f308.item
L1912-01736,PLACE:savjgny en revcr,birthplace,birthplace,1,person_entry,resolved,284,https://gallica.bnf.fr/ark:/12148/bpt6k5505300s/f308.item
L1912-01738,PLACE:saint gooirs,birthplace,birthplace,1,person_entry,resolved,284,https://gallica.bnf.fr/ark:/12148/bpt6k5505300s/f308.item
L1912-01740,PLACE:m unis,birthplace,birthplace,1,person_entry,resolved,284,https://gallica.bnf.fr/ark:/12148/bpt6k5505300s/f308.item
L1912-01745,L1912-01826,residence,residence,1,person_entry,resolved,286,https://gallica.bnf.fr/ark:/12148/bpt6k5505300s/f310.item
L1912-01745,L1912-01826,birthplace,birthplace,1,person_entry,resolved,286,https://gallica.bnf.fr/ark:/12148/bpt6k5505300s/f310.item
L1912-01752,L1912-01291,residence,residence,1,person_entry,resolved,286,https://gallica.bnf.fr/ark:/12148/bpt6k5505300s/f310.item
L1912-01752,L1912-01291,birthplace,birthplace,1,person_entry,resolved,286,https://gallica.bnf.fr/ark:/12148/bpt6k5505300s/f310.item
L1912-01759,L1912-01291,residence,residence,1,person_entry,resolved,287,https://gallica.bnf.fr/ark:/12148/bpt6k5505300s/f311.item
L1912-01759,PLACE:boce,birthplace,birthplace,1,person_entry,resolved,287,https://gallica.bnf.fr/ark:/12148/bpt6k5505300s/f311.item
L1912-01760,L1912-02465,residence,residence,1,person_entry,resolved,287,https://gallica.bnf.fr/ark:/12148/bpt6k5505300s/f311.item
L1912-01761,L1912-01672,residence,residence,1,person_entry,resolved,287,https://gallica.bnf.fr/ark:/12148/bpt6k5505300s/f311.item
L1912-01761,PLACE:fresirio,birthplace,birthplace,1,person_entry,resolved,287,https://gallica.bnf.fr/ark:/12148/bpt6k5505300s/f311.item
L1912-01764,L1912-02465,residence,residence,1,person_entry,resolved,287,https://gallica.bnf.fr/ark:/12148/bpt6k5505300s/f311.item
L1912-01765,PLACE:tunis,residence,residence,1,person_entry,resolved,287,https://gallica.bnf.fr/ark:/12148/bpt6k5505300s/f311.item
L1912-01765,PLACE:tunis,birthplace,birthplace,1,person_entry,resolved,287,https://gallica.bnf.fr/ark:/12148/bpt6k5505300s/f311.item
L1912-01766,PLACE:tunis,residence,residence,1,person_entry,resolved,287,https://gallica.bnf.fr/ark:/12148/bpt6k5505300s/f311.item
L1912-01766,PLACE:tunis,birthplace,birthplace,1,person_entry,resolved,287,https://gallica.bnf.fr/ark:/12148/bpt6k5505300s/f311.item
L1912-01767,L1912-01881,residence,residence,1,person_entry,resolved,287,https://gallica.bnf.fr/ark:/12148/bpt6k5505300s/f311.item
L1912-01767,PLACE:bagneres de bigorre,birthplace,birthplace,1,person_entry,resolved,287,https://gallica.bnf.fr/ark:/12148/bpt6k5505300s/f311.item
L1912-01775,L1912-00919,residence,residence,1,person_entry,resolved,288,https://gallica.bnf.fr/ark:/12148/bpt6k5505300s/f312.item
L1912-01775,PLACE:sotir,birthplace,birthplace,1,person_entry,resolved,288,https://gallica.bnf.fr/ark:/12148/bpt6k5505300s/f312.item
L1912-01776,PLACE:tunis,residence,residence,1,person_entry,resolved,288,https://gallica.bnf.fr/ark:/12148/bpt6k5505300s/f312.item
L1912-01777,PLACE:tunis,residence,residence,1,person_entry,resolved,288,https://gallica.bnf.fr/ark:/12148/bpt6k5505300s/f312.item
L1912-01777,PLACE:orleans,birthplace,birthplace,1,person_entry,resolved,288,https://gallica.bnf.fr/ark:/12148/bpt6k5505300s/f312.item
L1912-01786,PLACE:tunis,residence,residence,1,person_entry,resolved,288,https://gallica.bnf.fr/ark:/12148/bpt6k5505300s/f312.item
L1912-01790,PLACE:tunis,residence,residence,1,person_entry,resolved,289,https://gallica.bnf.fr/ark:/12148/bpt6k5505300s/f313.item
L1912-01792,PLACE:tunis,residence,residence,1,person_entry,resolved,289,https://gallica.bnf.fr/ark:/12148/bpt6k5505300s/f313.item
L1912-01792,PLACE:paris,birthplace,birthplace,1,person_entry,resolved,289,https://gallica.bnf.fr/ark:/12148/bpt6k5505300s/f313.item
L1912-01793,PLACE:saintquentin,birthplace,birthplace,1,person_entry,resolved,289,https://gallica.bnf.fr/ark:/12148/bpt6k5505300s/f313.item
L1912-01794,PLACE:bayeux,birthplace,birthplace,1,person_entry,resolved,289,https://gallica.bnf.fr/ark:/12148/bpt6k5505300s/f313.item
L1912-01797,PLACE:tunis,residence,residence,1,person_entry,resolved,290,https://gallica.bnf.fr/ark:/12148/bpt6k5505300s/f314.item
L1912-01797,PLACE:tunis,birthplace,birthplace,1,person_entry,resolved,290,https://gallica.bnf.fr/ark:/12148/bpt6k5505300s/f314.item
L1912-01799,L1912-02465,residence,residence,1,person_entry,resolved,290,https://gallica.bnf.fr/ark:/12148/bpt6k5505300s/f314.item
L1912-01800,PLACE:tunis,residence,residence,1,person_entry,resolved,290,https://gallica.bnf.fr/ark:/12148/bpt6k5505300s/f314.item
L1912-01800,PLACE:m elle y,birthplace,birthplace,1,person_entry,resolved,290,https://gallica.bnf.fr/ark:/12148/bpt6k5505300s/f314.item
L1912-01801,PLACE:tunis,residence,residence,1,person_entry,resolved,291,https://gallica.bnf.fr/ark:/12148/bpt6k5505300s/f315.item
L1912-01801,PLACE:rodez,birthplace,birthplace,1,person_entry,resolved,291,https://gallica.bnf.fr/ark:/12148/bpt6k5505300s/f315.item
L1912-01802,PLACE:stockholm,birthplace,birthplace,1,person_entry,resolved,291,https://gallica.bnf.fr/ark:/12148/bpt6k5505300s/f315.item
L1912-01804,L1912-02465,residence,residence,1,person_entry,resolved,292,https://gallica.bnf.fr/ark:/12148/bpt6k5505300s/f316.item
L1912-01804,PLACE:ajaccio,birthplace,birthplace,1,person_entry,resolved,292,https://gallica.bnf.fr/ark:/12148/bpt6k5505300s/f316.item
L1912-01808,PLACE:tunis,residence,residence,1,person_entry,resolved,292,https://gallica.bnf.fr/ark:/12148/bpt6k5505300s/f316.item
L1912-01808,PLACE:giielma,birthplace,birthplace,1,person_entry,resolved,292,https://gallica.bnf.fr/ark:/12148/bpt6k5505300s/f316.item
L1912-01810,L1912-02465,residence,residence,1,person_entry,resolved,292,https://gallica.bnf.fr/ark:/12148/bpt6k5505300s/f316.item
L1912-01810,L1912-02465,birthplace,birthplace,1,person_entry,resolved,292,https://gallica.bnf.fr/ark:/12148/bpt6k5505300s/f316.item
L1912-01811,L1912-02465,residence,residence,1,person_entry,resolved,292,https://gallica.bnf.fr/ark:/12148/bpt6k5505300s/f316.item
L1912-01811,L1912-02465,birthplace,birthplace,1,person_entry,resolved,292,https://gallica.bnf.fr/ark:/12148/bpt6k5505300s/f316.item
L1912-01812,PLACE:paris,birthplace,birthplace,1,person_entry,resolved,292,https://gallica.bnf.fr/ark:/12148/bpt6k5505300s/f316.item
L1912-01813,PLACE:evreux,birthplace,birthplace,1,person_entry,resolved,292,https://gallica.bnf.fr/ark:/12148/bpt6k5505300s/f316.item
L1912-01814,PLACE:tunis,residence,residence,1,person_entry,resolved,293,https://gallica.bnf.fr/ark:/12148/bpt6k5505300s/f317.item
L1912-01816,PLACE:tunis,residence,residence,1,person_entry,resolved,293,https://gallica.bnf.fr/ark:/12148/bpt6k5505300s/f317.item
L1912-01817,PLACE:tunis,residence,residence,1,person_entry,resolved,293,https://gallica.bnf.fr/ark:/12148/bpt6k5505300s/f317.item
L1912-01822,PLACE:tunis,residence,residence,1,person_entry,resolved,293,https://gallica.bnf.fr/ark:/12148/bpt6k5505300s/f317.item
L1912-01824,PLACE:sarlone,birthplace,birthplace,1,person_entry,resolved,293,https://gallica.bnf.fr/ark:/12148/bpt6k5505300s/f317.item
L1912-01825,PLACE:ta,birthplace,birthplace,1,person_entry,resolved,293,https://gallica.bnf.fr/ark:/12148/bpt6k5505300s/f317.item
L1912-01827,L1912-01489,residence,residence,1,person_entry,resolved,294,https://gallica.bnf.fr/ark:/12148/bpt6k5505300s/f318.item
L1912-01827,PLACE:paris,birthplace,birthplace,1,person_entry,resolved,294,https://gallica.bnf.fr/ark:/12148/bpt6k5505300s/f318.item
L1912-01830,PLACE:tunis,residence,residence,1,person_entry,resolved,294,https://gallica.bnf.fr/ark:/12148/bpt6k5505300s/f318.item
L1912-01830,PLACE:tunis,birthplace,birthplace,1,person_entry,resolved,294,https://gallica.bnf.fr/ark:/12148/bpt6k5505300s/f318.item
L1912-01832,L1912-00526,residence,residence,1,person_entry,resolved,295,https://gallica.bnf.fr/ark:/12148/bpt6k5505300s/f319.item
L1912-01832,PLACE:paris,birthplace,birthplace,1,person_entry,resolved,295,https://gallica.bnf.fr/ark:/12148/bpt6k5505300s/f319.item
L1912-01835,PLACE:tunis,residence,residence,1,person_entry,resolved,295,https://gallica.bnf.fr/ark:/12148/bpt6k5505300s/f319.item
L1912-01835,PLACE:tunis,birthplace,birthplace,1,person_entry,resolved,295,https://gallica.bnf.fr/ark:/12148/bpt6k5505300s/f319.item
L1912-01836,PLACE:certilleux,birthplace,birthplace,1,person_entry,resolved,295,https://gallica.bnf.fr/ark:/12148/bpt6k5505300s/f319.item
L1912-01837,L1912-01146,residence,residence,1,person_entry,resolved,295,https://gallica.bnf.fr/ark:/12148/bpt6k5505300s/f319.item
L1912-01837,PLACE:propriano,birthplace,birthplace,1,person_entry,resolved,295,https://gallica.bnf.fr/ark:/12148/bpt6k5505300s/f319.item
L1912-01838,L1912-01291,residence,residence,1,person_entry,resolved,295,https://gallica.bnf.fr/ark:/12148/bpt6k5505300s/f319.item
L1912-01839,PLACE:tunis,residence,residence,1,person_entry,resolved,296,https://gallica.bnf.fr/ark:/12148/bpt6k5505300s/f320.item
L1912-01839,PLACE:tunis,birthplace,birthplace,1,person_entry,resolved,296,https://gallica.bnf.fr/ark:/12148/bpt6k5505300s/f320.item
L1912-01840,PLACE:tunis,residence,residence,1,person_entry,resolved,296,https://gallica.bnf.fr/ark:/12148/bpt6k5505300s/f320.item
L1912-01841,L1912-02465,residence,residence,1,person_entry,resolved,296,https://gallica.bnf.fr/ark:/12148/bpt6k5505300s/f320.item
L1912-01841,PLACE:chambory,birthplace,birthplace,1,person_entry,resolved,296,https://gallica.bnf.fr/ark:/12148/bpt6k5505300s/f320.item
L1912-01842,PLACE:romorantin,birthplace,birthplace,1,person_entry,resolved,296,https://gallica.bnf.fr/ark:/12148/bpt6k5505300s/f320.item
L1912-01843,L1912-00919,residence,residence,1,person_entry,resolved,296,https://gallica.bnf.fr/ark:/12148/bpt6k5505300s/f320.item
L1912-01843,PLACE:chateaurenard,birthplace,birthplace,1,person_entry,resolved,296,https://gallica.bnf.fr/ark:/12148/bpt6k5505300s/f320.item
L1912-01844,PLACE:tunis,residence,residence,1,person_entry,resolved,296,https://gallica.bnf.fr/ark:/12148/bpt6k5505300s/f320.item
L1912-01846,PLACE:livourne,birthplace,birthplace,1,person_entry,resolved,296,https://gallica.bnf.fr/ark:/12148/bpt6k5505300s/f320.item
L1912-01848,PLACE:tunis,residence,residence,1,person_entry,resolved,297,https://gallica.bnf.fr/ark:/12148/bpt6k5505300s/f321.item
L1912-01848,PLACE:tunis,birthplace,birthplace,1,person_entry,resolved,297,https://gallica.bnf.fr/ark:/12148/bpt6k5505300s/f321.item
L1912-01851,PLACE:tunis,residence,residence,1,person_entry,resolved,297,https://gallica.bnf.fr/ark:/12148/bpt6k5505300s/f321.item
L1912-01851,PLACE:elbeul,birthplace,birthplace,1,person_entry,resolved,297,https://gallica.bnf.fr/ark:/12148/bpt6k5505300s/f321.item
L1912-01853,L1912-02465,residence,residence,1,person_entry,resolved,297,https://gallica.bnf.fr/ark:/12148/bpt6k5505300s/f321.item
L1912-01853,PLACE:cliazelles sur lyon,birthplace,birthplace,1,person_entry,resolved,297,https://gallica.bnf.fr/ark:/12148/bpt6k5505300s/f321.item
L1912-01856,PLACE:monlaslruc,birthplace,birthplace,1,person_entry,resolved,297,https://gallica.bnf.fr/ark:/12148/bpt6k5505300s/f321.item
L1912-01857,PLACE:tunis,residence,residence,1,person_entry,resolved,297,https://gallica.bnf.fr/ark:/12148/bpt6k5505300s/f321.item
L1912-01857,PLACE:bone,birthplace,birthplace,1,person_entry,resolved,297,https://gallica.bnf.fr/ark:/12148/bpt6k5505300s/f321.item
L1912-01859,L1912-01291,residence,residence,1,person_entry,resolved,298,https://gallica.bnf.fr/ark:/12148/bpt6k5505300s/f322.item
L1912-01859,PLACE:lusignan,birthplace,birthplace,1,person_entry,resolved,298,https://gallica.bnf.fr/ark:/12148/bpt6k5505300s/f322.item
L1912-01864,PLACE:ghisoni,birthplace,birthplace,1,person_entry,resolved,299,https://gallica.bnf.fr/ark:/12148/bpt6k5505300s/f323.item
L1912-01867,PLACE:tunis,residence,residence,1,person_entry,resolved,299,https://gallica.bnf.fr/ark:/12148/bpt6k5505300s/f323.item
L1912-01867,PLACE:chissy les macon,birthplace,birthplace,1,person_entry,resolved,299,https://gallica.bnf.fr/ark:/12148/bpt6k5505300s/f323.item
L1912-01870,L1912-01826,residence,residence,1,person_entry,resolved,299,https://gallica.bnf.fr/ark:/12148/bpt6k5505300s/f323.item
L1912-01870,PLACE:m ox,birthplace,birthplace,1,person_entry,resolved,299,https://gallica.bnf.fr/ark:/12148/bpt6k5505300s/f323.item
L1912-01871,PLACE:oscana,birthplace,birthplace,1,person_entry,resolved,299,https://gallica.bnf.fr/ark:/12148/bpt6k5505300s/f323.item
L1912-01872,PLACE:tunis,residence,residence,1,person_entry,resolved,299,https://gallica.bnf.fr/ark:/12148/bpt6k5505300s/f323.item
L1912-01872,PLACE:tunis,birthplace,birthplace,1,person_entry,resolved,299,https://gallica.bnf.fr/ark:/12148/bpt6k5505300s/f323.item
L1912-01877,PLACE:cbn,birthplace,birthplace,1,person_entry,resolved,300,https://gallica.bnf.fr/ark:/12148/bpt6k5505300s/f324.item
L1912-01880,L1912-02465,residence,residence,1,person_entry,resolved,301,https://gallica.bnf.fr/ark:/12148/bpt6k5505300s/f325.item
L1912-01880,PLACE:guelma,birthplace,birthplace,1,person_entry,resolved,301,https://gallica.bnf.fr/ark:/12148/bpt6k5505300s/f325.item
L1912-01882,PLACE:tunis,residence,residence,1,person_entry,resolved,301,https://gallica.bnf.fr/ark:/12148/bpt6k5505300s/f325.item
L1912-01882,PLACE:paris,birthplace,birthplace,1,person_entry,resolved,301,https://gallica.bnf.fr/ark:/12148/bpt6k5505300s/f325.item
L1912-01884,PLACE:albi,birthplace,birthplace,1,person_entry,resolved,301,https://gallica.bnf.fr/ark:/12148/bpt6k5505300s/f325.item
L1912-01887,PLACE:tunis,residence,residence,1,person_entry,resolved,301,https://gallica.bnf.fr/ark:/12148/bpt6k5505300s/f325.item
L1912-01887,PLACE:tunis,birthplace,birthplace,1,person_entry,resolved,301,https://gallica.bnf.fr/ark:/12148/bpt6k5505300s/f325.item
L1912-01894,PLACE:beja,residence,residence,1,person_entry,resolved,302,https://gallica.bnf.fr/ark:/12148/bpt6k5505300s/f326.item
L1912-01895,L1912-01489,residence,residence,1,person_entry,resolved,302,https://gallica.bnf.fr/ark:/12148/bpt6k5505300s/f326.item
L1912-01895,PLACE:calacuccia,birthplace,birthplace,1,person_entry,resolved,302,https://gallica.bnf.fr/ark:/12148/bpt6k5505300s/f326.item
L1912-01898,L1912-02465,residence,residence,1,person_entry,resolved,303,https://gallica.bnf.fr/ark:/12148/bpt6k5505300s/f327.item
L1912-01898,PLACE:bonn,birthplace,birthplace,1,person_entry,resolved,303,https://gallica.bnf.fr/ark:/12148/bpt6k5505300s/f327.item
L1912-01902,PLACE:tunis,residence,residence,1,person_entry,resolved,304,https://gallica.bnf.fr/ark:/12148/bpt6k5505300s/f328.item
L1912-01902,PLACE:tunis,birthplace,birthplace,1,person_entry,resolved,304,https://gallica.bnf.fr/ark:/12148/bpt6k5505300s/f328.item
L1912-01903,PLACE:lussae,birthplace,birthplace,1,person_entry,resolved,304,https://gallica.bnf.fr/ark:/12148/bpt6k5505300s/f328.item
L1912-01904,PLACE:paris,birthplace,birthplace,1,person_entry,resolved,304,https://gallica.bnf.fr/ark:/12148/bpt6k5505300s/f328.item
L1912-01905,PLACE:tunis,residence,residence,1,person_entry,resolved,305,https://gallica.bnf.fr/ark:/12148/bpt6k5505300s/f329.item
L1912-01905,PLACE:havre,birthplace,birthplace,1,person_entry,resolved,305,https://gallica.bnf.fr/ark:/12148/bpt6k5505300s/f329.item
L1912-01906,PLACE:tunis,residence,residence,1,person_entry,resolved,306,https://gallica.bnf.fr/ark:/12148/bpt6k5505300s/f330.item
L1912-01907,PLACE:tunis,residence,residence,1,person_entry,resolved,306,https://gallica.bnf.fr/ark:/12148/bpt6k5505300s/f330.item
L1912-01907,PLACE:paris,birthplace,birthplace,1,person_entry,resolved,306,https://gallica.bnf.fr/ark:/12148/bpt6k5505300s/f330.item
L1912-01908,PLACE:mont de marsan,birthplace,birthplace,1,person_entry,resolved,306,https://gallica.bnf.fr/ark:/12148/bpt6k5505300s/f330.item
L1912-01909,PLACE:m unis,birthplace,birthplace,1,person_entry,resolved,306,https://gallica.bnf.fr/ark:/12148/bpt6k5505300s/f330.item
L1912-01911,PLACE:tunis,residence,residence,1,person_entry,resolved,307,https://gallica.bnf.fr/ark:/12148/bpt6k5505300s/f331.item
L1912-01914,L1912-01672,residence,residence,1,person_entry,resolved,307,https://gallica.bnf.fr/ark:/12148/bpt6k5505300s/f331.item
L1912-01914,PLACE:lesina,birthplace,birthplace,1,person_entry,resolved,307,https://gallica.bnf.fr/ark:/12148/bpt6k5505300s/f331.item
L1912-01923,PLACE:rouen,birthplace,birthplace,1,person_entry,resolved,311,https://gallica.bnf.fr/ark:/12148/bpt6k5505300s/f335.item
L1912-01925,PLACE:tunis,residence,residence,1,person_entry,resolved,312,https://gallica.bnf.fr/ark:/12148/bpt6k5505300s/f336.item
L1912-01925,PLACE:corse,birthplace,birthplace,1,person_entry,resolved,312,https://gallica.bnf.fr/ark:/12148/bpt6k5505300s/f336.item
L1912-01929,PLACE:saint quentin,birthplace,birthplace,1,person_entry,resolved,313,https://gallica.bnf.fr/ark:/12148/bpt6k5505300s/f337.item
L1912-01932,PLACE:tunis,residence,residence,1,person_entry,resolved,314,https://gallica.bnf.fr/ark:/12148/bpt6k5505300s/f338.item
L1912-01934,L1912-02532,residence,residence,1,person_entry,resolved,314,https://gallica.bnf.fr/ark:/12148/bpt6k5505300s/f338.item
L1912-01934,PLACE:m unis,birthplace,birthplace,1,person_entry,resolved,314,https://gallica.bnf.fr/ark:/12148/bpt6k5505300s/f338.item
L1912-01935,PLACE:varsovie,birthplace,birthplace,1,person_entry,resolved,314,https://gallica.bnf.fr/ark:/12148/bpt6k5505300s/f338.item
L1912-01936,L1912-01146,residence,residence,1,person_entry,resolved,314,https://gallica.bnf.fr/ark:/12148/bpt6k5505300s/f338.item
L1912-01936,PLACE:soccia,birthplace,birthplace,1,person_entry,resolved,314,https://gallica.bnf.fr/ark:/12148/bpt6k5505300s/f338.item
L1912-01985,PLACE:tunis,residence,residence,1,person_entry,resolved,317,https://gallica.bnf.fr/ark:/12148/bpt6k5505300s/f341.item
L1912-01985,PLACE:sofia,birthplace,birthplace,1,person_entry,resolved,317,https://gallica.bnf.fr/ark:/12148/bpt6k5505300s/f341.item
L1912-01987,L1912-02465,residence,residence,1,person_entry,resolved,318,https://gallica.bnf.fr/ark:/12148/bpt6k5505300s/f342.item
L1912-01987,PLACE:livourne,birthplace,birthplace,1,person_entry,resolved,318,https://gallica.bnf.fr/ark:/12148/bpt6k5505300s/f342.item
L1912-01989,L1912-02334,residence,residence,1,person_entry,resolved,318,https://gallica.bnf.fr/ark:/12148/bpt6k5505300s/f342.item
L1912-01989,PLACE:halki,birthplace,birthplace,1,person_entry,resolved,318,https://gallica.bnf.fr/ark:/12148/bpt6k5505300s/f342.item
L1912-01991,PLACE:ortale,birthplace,birthplace,1,person_entry,resolved,318,https://gallica.bnf.fr/ark:/12148/bpt6k5505300s/f342.item
L1912-01992,L1912-02465,residence,residence,1,person_entry,resolved,318,https://gallica.bnf.fr/ark:/12148/bpt6k5505300s/f342.item
L1912-01992,PLACE:lourdes,birthplace,birthplace,1,person_entry,resolved,318,https://gallica.bnf.fr/ark:/12148/bpt6k5505300s/f342.item
L1912-01995,PLACE:tunis,residence,residence,1,person_entry,resolved,319,https://gallica.bnf.fr/ark:/12148/bpt6k5505300s/f343.item
L1912-01995,PLACE:orto,birthplace,birthplace,1,person_entry,resolved,319,https://gallica.bnf.fr/ark:/12148/bpt6k5505300s/f343.item
L1912-01996,PLACE:pariente,birthplace,birthplace,1,person_entry,resolved,319,https://gallica.bnf.fr/ark:/12148/bpt6k5505300s/f343.item
L1912-01997,PLACE:tunis,residence,residence,1,person_entry,resolved,319,https://gallica.bnf.fr/ark:/12148/bpt6k5505300s/f343.item
L1912-01998,PLACE:tunis,residence,residence,1,person_entry,resolved,319,https://gallica.bnf.fr/ark:/12148/bpt6k5505300s/f343.item
L1912-01998,PLACE:benl eld,birthplace,birthplace,1,person_entry,resolved,319,https://gallica.bnf.fr/ark:/12148/bpt6k5505300s/f343.item
L1912-01999,PLACE:tunis,residence,residence,1,person_entry,resolved,319,https://gallica.bnf.fr/ark:/12148/bpt6k5505300s/f343.item
L1912-01999,PLACE:argancon,birthplace,birthplace,1,person_entry,resolved,319,https://gallica.bnf.fr/ark:/12148/bpt6k5505300s/f343.item
L1912-02001,L1912-01826,residence,residence,1,person_entry,resolved,319,https://gallica.bnf.fr/ark:/12148/bpt6k5505300s/f343.item
L1912-02002,PLACE:quingey,birthplace,birthplace,1,person_entry,resolved,319,https://gallica.bnf.fr/ark:/12148/bpt6k5505300s/f343.item
L1912-02004,PLACE:tunis,residence,residence,1,person_entry,resolved,319,https://gallica.bnf.fr/ark:/12148/bpt6k5505300s/f343.item
L1912-02004,PLACE:pouzin,birthplace,birthplace,1,person_entry,resolved,319,https://gallica.bnf.fr/ark:/12148/bpt6k5505300s/f343.item
L1912-02006,PLACE:tunis,residence,residence,1,person_entry,resolved,320,https://gallica.bnf.fr/ark:/12148/bpt6k5505300s/f344.item
L1912-02009,PLACE:tunis,residence,residence,1,person_entry,resolved,320,https://gallica.bnf.fr/ark:/12148/bpt6k5505300s/f344.item
L1912-02009,PLACE:etrichy,birthplace,birthplace,1,person_entry,resolved,320,https://gallica.bnf.fr/ark:/12148/bpt6k5505300s/f344.item
L1912-02010,PLACE:bolundoz,birthplace,birthplace,1,person_entry,resolved,321,https://gallica.bnf.fr/ark:/12148/bpt6k5505300s/f345.item
L1912-02011,PLACE:alger,birthplace,birthplace,1,person_entry,resolved,321,https://gallica.bnf.fr/ark:/12148/bpt6k5505300s/f345.item
L1912-02015,PLACE:aulaines,birthplace,birthplace,1,person_entry,resolved,321,https://gallica.bnf.fr/ark:/12148/bpt6k5505300s/f345.item
L1912-02018,PLACE:tunis,residence,residence,1,person_entry,resolved,322,https://gallica.bnf.fr/ark:/12148/bpt6k5505300s/f346.item
L1912-02018,PLACE:lyon,birthplace,birthplace,1,person_entry,resolved,322,https://gallica.bnf.fr/ark:/12148/bpt6k5505300s/f346.item
L1912-02021,PLACE:aux,birthplace,birthplace,1,person_entry,resolved,322,https://gallica.bnf.fr/ark:/12148/bpt6k5505300s/f346.item
L1912-02022,PLACE:pans,birthplace,birthplace,1,person_entry,resolved,322,https://gallica.bnf.fr/ark:/12148/bpt6k5505300s/f346.item
L1912-02024,PLACE:baslilica,birthplace,birthplace,1,person_entry,resolved,323,https://gallica.bnf.fr/ark:/12148/bpt6k5505300s/f347.item
L1912-02026,PLACE:messevsnr grosne,birthplace,birthplace,1,person_entry,resolved,323,https://gallica.bnf.fr/ark:/12148/bpt6k5505300s/f347.item
L1912-02027,PLACE:annonay,birthplace,birthplace,1,person_entry,resolved,323,https://gallica.bnf.fr/ark:/12148/bpt6k5505300s/f347.item
L1912-02028,L1912-00919,residence,residence,1,person_entry,resolved,323,https://gallica.bnf.fr/ark:/12148/bpt6k5505300s/f347.item
L1912-02028,L1912-00919,birthplace,birthplace,1,person_entry,resolved,323,https://gallica.bnf.fr/ark:/12148/bpt6k5505300s/f347.item
L1912-02029,L1912-02465,residence,residence,1,person_entry,resolved,323,https://gallica.bnf.fr/ark:/12148/bpt6k5505300s/f347.item
L1912-02029,PLACE:constantine,birthplace,birthplace,1,person_entry,resolved,323,https://gallica.bnf.fr/ark:/12148/bpt6k5505300s/f347.item
L1912-02030,L1912-02465,residence,residence,1,person_entry,resolved,323,https://gallica.bnf.fr/ark:/12148/bpt6k5505300s/f347.item
L1912-02031,PLACE:livourne,birthplace,birthplace,1,person_entry,resolved,323,https://gallica.bnf.fr/ark:/12148/bpt6k5505300s/f347.item
L1912-02032,PLACE:paris,birthplace,birthplace,1,person_entry,resolved,324,https://gallica.bnf.fr/ark:/12148/bpt6k5505300s/f348.item
L1912-02033,L1912-01489,residence,residence,1,person_entry,resolved,324,https://gallica.bnf.fr/ark:/12148/bpt6k5505300s/f348.item
L1912-02033,PLACE:chalonsur saone,birthplace,birthplace,1,person_entry,resolved,324,https://gallica.bnf.fr/ark:/12148/bpt6k5505300s/f348.item
L1912-02034,PLACE:ancenls,birthplace,birthplace,1,person_entry,resolved,324,https://gallica.bnf.fr/ark:/12148/bpt6k5505300s/f348.item
L1912-02035,L1912-02465,residence,residence,1,person_entry,resolved,324,https://gallica.bnf.fr/ark:/12148/bpt6k5505300s/f348.item
L1912-02035,PLACE:ouilins,birthplace,birthplace,1,person_entry,resolved,324,https://gallica.bnf.fr/ark:/12148/bpt6k5505300s/f348.item
L1912-02036,PLACE:tunis,residence,residence,1,person_entry,resolved,324,https://gallica.bnf.fr/ark:/12148/bpt6k5505300s/f348.item
L1912-02036,PLACE:montmirey ta ville,birthplace,birthplace,1,person_entry,resolved,324,https://gallica.bnf.fr/ark:/12148/bpt6k5505300s/f348.item
L1912-02037,PLACE:beja,residence,residence,1,person_entry,resolved,324,https://gallica.bnf.fr/ark:/12148/bpt6k5505300s/f348.item
L1912-02037,PLACE:buzancais,birthplace,birthplace,1,person_entry,resolved,324,https://gallica.bnf.fr/ark:/12148/bpt6k5505300s/f348.item
L1912-02038,PLACE:tunis,residence,residence,1,person_entry,resolved,324,https://gallica.bnf.fr/ark:/12148/bpt6k5505300s/f348.item
L1912-02038,PLACE:allinges,birthplace,birthplace,1,person_entry,resolved,324,https://gallica.bnf.fr/ark:/12148/bpt6k5505300s/f348.item
L1912-02039,L1912-02465,residence,residence,1,person_entry,resolved,324,https://gallica.bnf.fr/ark:/12148/bpt6k5505300s/f348.item
L1912-02039,PLACE:metz,birthplace,birthplace,1,person_entry,resolved,324,https://gallica.bnf.fr/ark:/12148/bpt6k5505300s/f348.item
L1912-02040,PLACE:tunis,residence,residence,1,person_entry,resolved,324,https://gallica.bnf.fr/ark:/12148/bpt6k5505300s/f348.item
L1912-02040,PLACE:lyon,birthplace,birthplace,1,person_entry,resolved,324,https://gallica.bnf.fr/ark:/12148/bpt6k5505300s/f348.item
L1912-02041,PLACE:tunis,residence,residence,1,person_entry,resolved,325,https://gallica.bnf.fr/ark:/12148/bpt6k5505300s/f349.item
L1912-02041,PLACE:chalons sur marne,birthplace,birthplace,1,person_entry,resolved,325,https://gallica.bnf.fr/ark:/12148/bpt6k5505300s/f349.item
L1912-02043,PLACE:ceysey,birthplace,birthplace,1,person_entry,resolved,325,https://gallica.bnf.fr/ark:/12148/bpt6k5505300s/f349.item
L1912-02045,PLACE:tunis,residence,residence,1,person_entry,resolved,325,https://gallica.bnf.fr/ark:/12148/bpt6k5505300s/f349.item
L1912-02045,PLACE:caubeyres,birthplace,birthplace,1,person_entry,resolved,325,https://gallica.bnf.fr/ark:/12148/bpt6k5505300s/f349.item
L1912-02049,L1912-02465,residence,residence,1,person_entry,resolved,326,https://gallica.bnf.fr/ark:/12148/bpt6k5505300s/f350.item
L1912-02049,PLACE:couhe verac,birthplace,birthplace,1,person_entry,resolved,326,https://gallica.bnf.fr/ark:/12148/bpt6k5505300s/f350.item
L1912-02051,L1912-01207,residence,residence,1,person_entry,resolved,326,https://gallica.bnf.fr/ark:/12148/bpt6k5505300s/f350.item
L1912-02055,PLACE:poggio d olella,birthplace,birthplace,1,person_entry,resolved,327,https://gallica.bnf.fr/ark:/12148/bpt6k5505300s/f351.item
L1912-02056,PLACE:paris,birthplace,birthplace,1,person_entry,resolved,327,https://gallica.bnf.fr/ark:/12148/bpt6k5505300s/f351.item
L1912-02058,PLACE:thonon lesbains,birthplace,birthplace,1,person_entry,resolved,328,https://gallica.bnf.fr/ark:/12148/bpt6k5505300s/f352.item
L1912-02059,PLACE:putali,birthplace,birthplace,1,person_entry,resolved,328,https://gallica.bnf.fr/ark:/12148/bpt6k5505300s/f352.item
L1912-02060,PLACE:tunis,residence,residence,1,person_entry,resolved,328,https://gallica.bnf.fr/ark:/12148/bpt6k5505300s/f352.item
L1912-02060,PLACE:toulon,birthplace,birthplace,1,person_entry,resolved,328,https://gallica.bnf.fr/ark:/12148/bpt6k5505300s/f352.item
L1912-02061,PLACE:tunis,residence,residence,1,person_entry,resolved,328,https://gallica.bnf.fr/ark:/12148/bpt6k5505300s/f352.item
L1912-02061,PLACE:m oulon,birthplace,birthplace,1,person_entry,resolved,328,https://gallica.bnf.fr/ark:/12148/bpt6k5505300s/f352.item
L1912-02062,L1912-02465,residence,residence,1,person_entry,resolved,328,https://gallica.bnf.fr/ark:/12148/bpt6k5505300s/f352.item
L1912-02062,L1912-02465,birthplace,birthplace,1,person_entry,resolved,328,https://gallica.bnf.fr/ark:/12148/bpt6k5505300s/f352.item
L1912-02064,PLACE:besan con,birthplace,birthplace,1,person_entry,resolved,328,https://gallica.bnf.fr/ark:/12148/bpt6k5505300s/f352.item
L1912-02065,PLACE:rennes,birthplace,birthplace,1,person_entry,resolved,329,https://gallica.bnf.fr/ark:/12148/bpt6k5505300s/f353.item
L1912-02066,PLACE:rouvres,birthplace,birthplace,1,person_entry,resolved,329,https://gallica.bnf.fr/ark:/12148/bpt6k5505300s/f353.item
L1912-02067,PLACE:toulouse,birthplace,birthplace,1,person_entry,resolved,329,https://gallica.bnf.fr/ark:/12148/bpt6k5505300s/f353.item
L1912-02068,PLACE:tunis,residence,residence,1,person_entry,resolved,329,https://gallica.bnf.fr/ark:/12148/bpt6k5505300s/f353.item
L1912-02068,PLACE:tunis,birthplace,birthplace,1,person_entry,resolved,329,https://gallica.bnf.fr/ark:/12148/bpt6k5505300s/f353.item
L1912-02070,L1912-02465,residence,residence,1,person_entry,resolved,330,https://gallica.bnf.fr/ark:/12148/bpt6k5505300s/f354.item
L1912-02070,PLACE:livourne,birthplace,birthplace,1,person_entry,resolved,330,https://gallica.bnf.fr/ark:/12148/bpt6k5505300s/f354.item
L1912-02074,L1912-02334,residence,residence,1,person_entry,resolved,330,https://gallica.bnf.fr/ark:/12148/bpt6k5505300s/f354.item
L1912-02074,PLACE:boyaval,birthplace,birthplace,1,person_entry,resolved,330,https://gallica.bnf.fr/ark:/12148/bpt6k5505300s/f354.item
L1912-02075,PLACE:versailles,birthplace,birthplace,1,person_entry,resolved,330,https://gallica.bnf.fr/ark:/12148/bpt6k5505300s/f354.item
L1912-02077,PLACE:caudrv,birthplace,birthplace,1,person_entry,resolved,330,https://gallica.bnf.fr/ark:/12148/bpt6k5505300s/f354.item
L1912-02080,PLACE:paris,birthplace,birthplace,1,person_entry,resolved,331,https://gallica.bnf.fr/ark:/12148/bpt6k5505300s/f355.item
L1912-02081,PLACE:feurs,birthplace,birthplace,1,person_entry,resolved,331,https://gallica.bnf.fr/ark:/12148/bpt6k5505300s/f355.item
L1912-02084,PLACE:bizerte,residence,residence,1,person_entry,resolved,332,https://gallica.bnf.fr/ark:/12148/bpt6k5505300s/f356.item
L1912-02084,PLACE:ouroux,birthplace,birthplace,1,person_entry,resolved,332,https://gallica.bnf.fr/ark:/12148/bpt6k5505300s/f356.item
L1912-02086,L1912-00526,residence,residence,1,person_entry,resolved,332,https://gallica.bnf.fr/ark:/12148/bpt6k5505300s/f356.item
L1912-02086,PLACE:zanle,birthplace,birthplace,1,person_entry,resolved,332,https://gallica.bnf.fr/ark:/12148/bpt6k5505300s/f356.item
L1912-02094,PLACE:chalon sur saone,birthplace,birthplace,1,person_entry,resolved,333,https://gallica.bnf.fr/ark:/12148/bpt6k5505300s/f357.item
L1912-02095,L1912-01826,residence,residence,1,person_entry,resolved,333,https://gallica.bnf.fr/ark:/12148/bpt6k5505300s/f357.item
L1912-02095,PLACE:ajaccio,birthplace,birthplace,1,person_entry,resolved,333,https://gallica.bnf.fr/ark:/12148/bpt6k5505300s/f357.item
L1912-02096,L1912-02334,residence,residence,1,person_entry,resolved,333,https://gallica.bnf.fr/ark:/12148/bpt6k5505300s/f357.item
L1912-02097,L1912-02334,residence,residence,1,person_entry,resolved,333,https://gallica.bnf.fr/ark:/12148/bpt6k5505300s/f357.item
L1912-02097,PLACE:stax,birthplace,birthplace,1,person_entry,resolved,333,https://gallica.bnf.fr/ark:/12148/bpt6k5505300s/f357.item
L1912-02098,L1912-00526,residence,residence,1,person_entry,resolved,333,https://gallica.bnf.fr/ark:/12148/bpt6k5505300s/f357.item
L1912-02098,PLACE:bonrepos,birthplace,birthplace,1,person_entry,resolved,333,https://gallica.bnf.fr/ark:/12148/bpt6k5505300s/f357.item
L1912-02103,PLACE:raincy,birthplace,birthplace,1,person_entry,resolved,334,https://gallica.bnf.fr/ark:/12148/bpt6k5505300s/f358.item
L1912-02104,L1912-01313,residence,residence,1,person_entry,resolved,334,https://gallica.bnf.fr/ark:/12148/bpt6k5505300s/f358.item
L1912-02104,PLACE:sainl culats,birthplace,birthplace,1,person_entry,resolved,334,https://gallica.bnf.fr/ark:/12148/bpt6k5505300s/f358.item
L1912-02105,L1912-02465,residence,residence,1,person_entry,resolved,334,https://gallica.bnf.fr/ark:/12148/bpt6k5505300s/f358.item
L1912-02105,PLACE:evisa,birthplace,birthplace,1,person_entry,resolved,334,https://gallica.bnf.fr/ark:/12148/bpt6k5505300s/f358.item
L1912-02106,PLACE:gennolles,birthplace,birthplace,1,person_entry,resolved,334,https://gallica.bnf.fr/ark:/12148/bpt6k5505300s/f358.item
L1912-02107,L1912-02465,residence,residence,1,person_entry,resolved,334,https://gallica.bnf.fr/ark:/12148/bpt6k5505300s/f358.item
L1912-02107,PLACE:sainljusl en bus,birthplace,birthplace,1,person_entry,resolved,334,https://gallica.bnf.fr/ark:/12148/bpt6k5505300s/f358.item
L1912-02109,PLACE:lorient,birthplace,birthplace,1,person_entry,resolved,334,https://gallica.bnf.fr/ark:/12148/bpt6k5505300s/f358.item
L1912-02114,PLACE:monlataire,birthplace,birthplace,1,person_entry,resolved,335,https://gallica.bnf.fr/ark:/12148/bpt6k5505300s/f359.item
L1912-02118,L1912-01826,residence,residence,1,person_entry,resolved,335,https://gallica.bnf.fr/ark:/12148/bpt6k5505300s/f359.item
L1912-02118,PLACE:chauffa,birthplace,birthplace,1,person_entry,resolved,335,https://gallica.bnf.fr/ark:/12148/bpt6k5505300s/f359.item
L1912-02123,PLACE:paris,birthplace,birthplace,1,person_entry,resolved,336,https://gallica.bnf.fr/ark:/12148/bpt6k5505300s/f360.item
L1912-02124,PLACE:marseille,birthplace,birthplace,1,person_entry,resolved,336,https://gallica.bnf.fr/ark:/12148/bpt6k5505300s/f360.item
L1912-02125,PLACE:tunis,residence,residence,1,person_entry,resolved,336,https://gallica.bnf.fr/ark:/12148/bpt6k5505300s/f360.item
L1912-02125,PLACE:paris,birthplace,birthplace,1,person_entry,resolved,336,https://gallica.bnf.fr/ark:/12148/bpt6k5505300s/f360.item
L1912-02127,PLACE:gabes,residence,residence,1,person_entry,resolved,337,https://gallica.bnf.fr/ark:/12148/bpt6k5505300s/f361.item
L1912-02127,PLACE:grenoble,birthplace,birthplace,1,person_entry,resolved,337,https://gallica.bnf.fr/ark:/12148/bpt6k5505300s/f361.item
L1912-02129,L1912-02465,residence,residence,1,person_entry,resolved,338,https://gallica.bnf.fr/ark:/12148/bpt6k5505300s/f362.item
L1912-02130,PLACE:clermont vherault,birthplace,birthplace,1,person_entry,resolved,338,https://gallica.bnf.fr/ark:/12148/bpt6k5505300s/f362.item
L1912-02131,PLACE:beja,residence,residence,1,person_entry,resolved,338,https://gallica.bnf.fr/ark:/12148/bpt6k5505300s/f362.item
L1912-02132,PLACE:tunis,residence,residence,1,person_entry,resolved,338,https://gallica.bnf.fr/ark:/12148/bpt6k5505300s/f362.item
L1912-02132,PLACE:paris,birthplace,birthplace,1,person_entry,resolved,338,https://gallica.bnf.fr/ark:/12148/bpt6k5505300s/f362.item
L1912-02133,PLACE:marseille,birthplace,birthplace,1,person_entry,resolved,339,https://gallica.bnf.fr/ark:/12148/bpt6k5505300s/f363.item
L1912-02134,PLACE:ingenieur civil,birthplace,birthplace,1,person_entry,resolved,339,https://gallica.bnf.fr/ark:/12148/bpt6k5505300s/f363.item
L1912-02137,PLACE:geneve,birthplace,birthplace,1,person_entry,resolved,339,https://gallica.bnf.fr/ark:/12148/bpt6k5505300s/f363.item
L1912-02138,PLACE:chelle spou,birthplace,birthplace,1,person_entry,resolved,340,https://gallica.bnf.fr/ark:/12148/bpt6k5505300s/f364.item
L1912-02139,PLACE:bourg saint andeo,birthplace,birthplace,1,person_entry,resolved,340,https://gallica.bnf.fr/ark:/12148/bpt6k5505300s/f364.item
L1912-02141,PLACE:anduze,birthplace,birthplace,1,person_entry,resolved,340,https://gallica.bnf.fr/ark:/12148/bpt6k5505300s/f364.item
L1912-02148,PLACE:tunis,residence,residence,1,person_entry,resolved,340,https://gallica.bnf.fr/ark:/12148/bpt6k5505300s/f364.item
L1912-02148,PLACE:richebourg,birthplace,birthplace,1,person_entry,resolved,340,https://gallica.bnf.fr/ark:/12148/bpt6k5505300s/f364.item
L1912-02149,PLACE:tunis,residence,residence,1,person_entry,resolved,341,https://gallica.bnf.fr/ark:/12148/bpt6k5505300s/f365.item
L1912-02149,PLACE:tunis,birthplace,birthplace,1,person_entry,resolved,341,https://gallica.bnf.fr/ark:/12148/bpt6k5505300s/f365.item
L1912-02153,L1912-01207,residence,residence,1,person_entry,resolved,341,https://gallica.bnf.fr/ark:/12148/bpt6k5505300s/f365.item
L1912-02153,PLACE:regusse,birthplace,birthplace,1,person_entry,resolved,341,https://gallica.bnf.fr/ark:/12148/bpt6k5505300s/f365.item
L1912-02155,PLACE:tunis,residence,residence,1,person_entry,resolved,341,https://gallica.bnf.fr/ark:/12148/bpt6k5505300s/f365.item
L1912-02155,PLACE:paris,birthplace,birthplace,1,person_entry,resolved,341,https://gallica.bnf.fr/ark:/12148/bpt6k5505300s/f365.item
L1912-02157,PLACE:tunis,residence,residence,1,person_entry,resolved,341,https://gallica.bnf.fr/ark:/12148/bpt6k5505300s/f365.item
L1912-02157,PLACE:tunis,birthplace,birthplace,1,person_entry,resolved,341,https://gallica.bnf.fr/ark:/12148/bpt6k5505300s/f365.item
L1912-02159,PLACE:bizerte,residence,residence,1,person_entry,resolved,341,https://gallica.bnf.fr/ark:/12148/bpt6k5505300s/f365.item
L1912-02159,PLACE:strasbourg,birthplace,birthplace,1,person_entry,resolved,341,https://gallica.bnf.fr/ark:/12148/bpt6k5505300s/f365.item
L1912-02160,PLACE:beja,residence,residence,1,person_entry,resolved,342,https://gallica.bnf.fr/ark:/12148/bpt6k5505300s/f366.item
L1912-02160,PLACE:jumilhac legrand,birthplace,birthplace,1,person_entry,resolved,342,https://gallica.bnf.fr/ark:/12148/bpt6k5505300s/f366.item
L1912-02161,PLACE:bizerte,residence,residence,1,person_entry,resolved,342,https://gallica.bnf.fr/ark:/12148/bpt6k5505300s/f366.item
L1912-02162,PLACE:tunis,residence,residence,1,person_entry,resolved,342,https://gallica.bnf.fr/ark:/12148/bpt6k5505300s/f366.item
L1912-02163,PLACE:perpignan,birthplace,birthplace,1,person_entry,resolved,343,https://gallica.bnf.fr/ark:/12148/bpt6k5505300s/f367.item
L1912-02164,PLACE:fere,birthplace,birthplace,1,person_entry,resolved,343,https://gallica.bnf.fr/ark:/12148/bpt6k5505300s/f367.item
L1912-02165,PLACE:marseille,birthplace,birthplace,1,person_entry,resolved,344,https://gallica.bnf.fr/ark:/12148/bpt6k5505300s/f368.item
L1912-02166,PLACE:beausset,birthplace,birthplace,1,person_entry,resolved,344,https://gallica.bnf.fr/ark:/12148/bpt6k5505300s/f368.item
L1912-02167,PLACE:tunis,residence,residence,1,person_entry,resolved,344,https://gallica.bnf.fr/ark:/12148/bpt6k5505300s/f368.item
L1912-02167,PLACE:bordeaux,birthplace,birthplace,1,person_entry,resolved,344,https://gallica.bnf.fr/ark:/12148/bpt6k5505300s/f368.item
L1912-02168,L1912-02334,residence,residence,1,person_entry,resolved,344,https://gallica.bnf.fr/ark:/12148/bpt6k5505300s/f368.item
L1912-02168,PLACE:lyon,birthplace,birthplace,1,person_entry,resolved,344,https://gallica.bnf.fr/ark:/12148/bpt6k5505300s/f368.item
L1912-02169,PLACE:tunis,residence,residence,1,person_entry,resolved,344,https://gallica.bnf.fr/ark:/12148/bpt6k5505300s/f368.item
L1912-02169,PLACE:pelussin,birthplace,birthplace,1,person_entry,resolved,344,https://gallica.bnf.fr/ark:/12148/bpt6k5505300s/f368.item
L1912-02170,PLACE:pelussin,birthplace,birthplace,1,person_entry,resolved,344,https://gallica.bnf.fr/ark:/12148/bpt6k5505300s/f368.item
L1912-02171,PLACE:m unis,birthplace,birthplace,1,person_entry,resolved,344,https://gallica.bnf.fr/ark:/12148/bpt6k5505300s/f368.item
L1912-02172,L1912-01207,residence,residence,1,person_entry,resolved,345,https://gallica.bnf.fr/ark:/12148/bpt6k5505300s/f369.item
L1912-02172,PLACE:constantine,birthplace,birthplace,1,person_entry,resolved,345,https://gallica.bnf.fr/ark:/12148/bpt6k5505300s/f369.item
L1912-02173,PLACE:saintilienne,birthplace,birthplace,1,person_entry,resolved,345,https://gallica.bnf.fr/ark:/12148/bpt6k5505300s/f369.item
L1912-02174,L1912-02334,residence,residence,1,person_entry,resolved,345,https://gallica.bnf.fr/ark:/12148/bpt6k5505300s/f369.item
L1912-02174,PLACE:digne,birthplace,birthplace,1,person_entry,resolved,345,https://gallica.bnf.fr/ark:/12148/bpt6k5505300s/f369.item
L1912-02177,PLACE:tunis,residence,residence,1,person_entry,resolved,345,https://gallica.bnf.fr/ark:/12148/bpt6k5505300s/f369.item
L1912-02177,PLACE:pomarel,birthplace,birthplace,1,person_entry,resolved,345,https://gallica.bnf.fr/ark:/12148/bpt6k5505300s/f369.item
L1912-02178,L1912-01146,residence,residence,1,person_entry,resolved,345,https://gallica.bnf.fr/ark:/12148/bpt6k5505300s/f369.item
L1912-02178,PLACE:saint denis,birthplace,birthplace,1,person_entry,resolved,345,https://gallica.bnf.fr/ark:/12148/bpt6k5505300s/f369.item
L1912-02179,PLACE:tunis,residence,residence,1,person_entry,resolved,345,https://gallica.bnf.fr/ark:/12148/bpt6k5505300s/f369.item
L1912-02179,PLACE:metz,birthplace,birthplace,1,person_entry,resolved,345,https://gallica.bnf.fr/ark:/12148/bpt6k5505300s/f369.item
L1912-02180,PLACE:tunis,residence,residence,1,person_entry,resolved,345,https://gallica.bnf.fr/ark:/12148/bpt6k5505300s/f369.item
L1912-02182,PLACE:marseille,birthplace,birthplace,1,person_entry,resolved,346,https://gallica.bnf.fr/ark:/12148/bpt6k5505300s/f370.item
L1912-02183,L1912-01826,residence,residence,1,person_entry,resolved,346,https://gallica.bnf.fr/ark:/12148/bpt6k5505300s/f370.item
L1912-02183,PLACE:guebwiller,birthplace,birthplace,1,person_entry,resolved,346,https://gallica.bnf.fr/ark:/12148/bpt6k5505300s/f370.item
L1912-02184,L1912-02465,residence,residence,1,person_entry,resolved,346,https://gallica.bnf.fr/ark:/12148/bpt6k5505300s/f370.item
L1912-02184,PLACE:bordeaux,birthplace,birthplace,1,person_entry,resolved,346,https://gallica.bnf.fr/ark:/12148/bpt6k5505300s/f370.item
L1912-02187,PLACE:tunis,residence,residence,1,person_entry,resolved,346,https://gallica.bnf.fr/ark:/12148/bpt6k5505300s/f370.item
L1912-02187,PLACE:bousquet d orl,birthplace,birthplace,1,person_entry,resolved,346,https://gallica.bnf.fr/ark:/12148/bpt6k5505300s/f370.item
L1912-02188,PLACE:tunis,residence,residence,1,person_entry,resolved,346,https://gallica.bnf.fr/ark:/12148/bpt6k5505300s/f370.item
L1912-02188,PLACE:loudiac,birthplace,birthplace,1,person_entry,resolved,346,https://gallica.bnf.fr/ark:/12148/bpt6k5505300s/f370.item
L1912-02192,L1912-01291,residence,residence,1,person_entry,resolved,347,https://gallica.bnf.fr/ark:/12148/bpt6k5505300s/f371.item
L1912-02192,PLACE:bonifacio,birthplace,birthplace,1,person_entry,resolved,347,https://gallica.bnf.fr/ark:/12148/bpt6k5505300s/f371.item
L1912-02193,PLACE:nieclerbroun,birthplace,birthplace,1,person_entry,resolved,347,https://gallica.bnf.fr/ark:/12148/bpt6k5505300s/f371.item
L1912-02194,L1912-00919,residence,residence,1,person_entry,resolved,347,https://gallica.bnf.fr/ark:/12148/bpt6k5505300s/f371.item
L1912-02195,PLACE:binges,birthplace,birthplace,1,person_entry,resolved,347,https://gallica.bnf.fr/ark:/12148/bpt6k5505300s/f371.item
L1912-02196,PLACE:tunis,residence,residence,1,person_entry,resolved,347,https://gallica.bnf.fr/ark:/12148/bpt6k5505300s/f371.item
L1912-02197,PLACE:busserolles,birthplace,birthplace,1,person_entry,resolved,348,https://gallica.bnf.fr/ark:/12148/bpt6k5505300s/f372.item
L1912-02198,PLACE:mulhouse,birthplace,birthplace,1,person_entry,resolved,348,https://gallica.bnf.fr/ark:/12148/bpt6k5505300s/f372.item
L1912-02199,PLACE:tunis,residence,residence,1,person_entry,resolved,348,https://gallica.bnf.fr/ark:/12148/bpt6k5505300s/f372.item
L1912-02199,PLACE:chalanlre la grande,birthplace,birthplace,1,person_entry,resolved,348,https://gallica.bnf.fr/ark:/12148/bpt6k5505300s/f372.item
L1912-02201,PLACE:paris,birthplace,birthplace,1,person_entry,resolved,349,https://gallica.bnf.fr/ark:/12148/bpt6k5505300s/f373.item
L1912-02202,PLACE:tunis,residence,residence,1,person_entry,resolved,349,https://gallica.bnf.fr/ark:/12148/bpt6k5505300s/f373.item
L1912-02202,PLACE:mens,birthplace,birthplace,1,person_entry,resolved,349,https://gallica.bnf.fr/ark:/12148/bpt6k5505300s/f373.item
L1912-02205,L1912-01672,residence,residence,1,person_entry,resolved,349,https://gallica.bnf.fr/ark:/12148/bpt6k5505300s/f373.item
L1912-02205,L1912-01672,birthplace,birthplace,1,person_entry,resolved,349,https://gallica.bnf.fr/ark:/12148/bpt6k5505300s/f373.item
L1912-02206,PLACE:nantes,birthplace,birthplace,1,person_entry,resolved,350,https://gallica.bnf.fr/ark:/12148/bpt6k5505300s/f374.item
L1912-02207,L1912-01489,residence,residence,1,person_entry,resolved,350,https://gallica.bnf.fr/ark:/12148/bpt6k5505300s/f374.item
L1912-02208,L1912-02334,residence,residence,1,person_entry,resolved,350,https://gallica.bnf.fr/ark:/12148/bpt6k5505300s/f374.item
L1912-02208,PLACE:millau,birthplace,birthplace,1,person_entry,resolved,350,https://gallica.bnf.fr/ark:/12148/bpt6k5505300s/f374.item
L1912-02209,PLACE:tunis,residence,residence,1,person_entry,resolved,350,https://gallica.bnf.fr/ark:/12148/bpt6k5505300s/f374.item
L1912-02209,PLACE:publiciste,birthplace,birthplace,1,person_entry,resolved,350,https://gallica.bnf.fr/ark:/12148/bpt6k5505300s/f374.item
L1912-02210,PLACE:tunis,residence,residence,1,person_entry,resolved,350,https://gallica.bnf.fr/ark:/12148/bpt6k5505300s/f374.item
L1912-02211,PLACE:besancon,birthplace,birthplace,1,person_entry,resolved,350,https://gallica.bnf.fr/ark:/12148/bpt6k5505300s/f374.item
L1912-02213,PLACE:tunis,residence,residence,1,person_entry,resolved,350,https://gallica.bnf.fr/ark:/12148/bpt6k5505300s/f374.item
L1912-02213,PLACE:angouleme,birthplace,birthplace,1,person_entry,resolved,350,https://gallica.bnf.fr/ark:/12148/bpt6k5505300s/f374.item
L1912-02215,PLACE:tunis,residence,residence,1,person_entry,resolved,351,https://gallica.bnf.fr/ark:/12148/bpt6k5505300s/f375.item
L1912-02215,PLACE:toulouse,birthplace,birthplace,1,person_entry,resolved,351,https://gallica.bnf.fr/ark:/12148/bpt6k5505300s/f375.item
L1912-02216,PLACE:tunis,residence,residence,1,person_entry,resolved,351,https://gallica.bnf.fr/ark:/12148/bpt6k5505300s/f375.item
L1912-02216,PLACE:beauzac,birthplace,birthplace,1,person_entry,resolved,351,https://gallica.bnf.fr/ark:/12148/bpt6k5505300s/f375.item
L1912-02217,PLACE:tunis,residence,residence,1,person_entry,resolved,351,https://gallica.bnf.fr/ark:/12148/bpt6k5505300s/f375.item
L1912-02219,PLACE:tunis,residence,residence,1,person_entry,resolved,352,https://gallica.bnf.fr/ark:/12148/bpt6k5505300s/f376.item
L1912-02220,PLACE:compiogne,birthplace,birthplace,1,person_entry,resolved,352,https://gallica.bnf.fr/ark:/12148/bpt6k5505300s/f376.item
L1912-02221,L1912-01672,residence,residence,1,person_entry,resolved,353,https://gallica.bnf.fr/ark:/12148/bpt6k5505300s/f377.item
L1912-02221,PLACE:sainttirons,birthplace,birthplace,1,person_entry,resolved,353,https://gallica.bnf.fr/ark:/12148/bpt6k5505300s/f377.item
L1912-02223,PLACE:tunis,residence,residence,1,person_entry,resolved,353,https://gallica.bnf.fr/ark:/12148/bpt6k5505300s/f377.item
L1912-02223,PLACE:paris,birthplace,birthplace,1,person_entry,resolved,353,https://gallica.bnf.fr/ark:/12148/bpt6k5505300s/f377.item
L1912-02224,PLACE:tunis,residence,residence,1,person_entry,resolved,353,https://gallica.bnf.fr/ark:/12148/bpt6k5505300s/f377.item
L1912-02224,PLACE:conslanline,birthplace,birthplace,1,person_entry,resolved,353,https://gallica.bnf.fr/ark:/12148/bpt6k5505300s/f377.item
L1912-02225,PLACE:tunis,residence,residence,1,person_entry,resolved,353,https://gallica.bnf.fr/ark:/12148/bpt6k5505300s/f377.item
L1912-02225,PLACE:soccia,birthplace,birthplace,1,person_entry,resolved,353,https://gallica.bnf.fr/ark:/12148/bpt6k5505300s/f377.item
L1912-02226,L1912-02465,residence,residence,1,person_entry,resolved,354,https://gallica.bnf.fr/ark:/12148/bpt6k5505300s/f378.item
L1912-02226,L1912-02465,birthplace,birthplace,1,person_entry,resolved,354,https://gallica.bnf.fr/ark:/12148/bpt6k5505300s/f378.item
L1912-02227,L1912-02465,residence,residence,1,person_entry,resolved,354,https://gallica.bnf.fr/ark:/12148/bpt6k5505300s/f378.item
L1912-02227,L1912-02465,birthplace,birthplace,1,person_entry,resolved,354,https://gallica.bnf.fr/ark:/12148/bpt6k5505300s/f378.item
L1912-02228,PLACE:tunis,residence,residence,1,person_entry,resolved,354,https://gallica.bnf.fr/ark:/12148/bpt6k5505300s/f378.item
L1912-02228,PLACE:tunis,birthplace,birthplace,1,person_entry,resolved,354,https://gallica.bnf.fr/ark:/12148/bpt6k5505300s/f378.item
L1912-02229,L1912-02465,residence,residence,1,person_entry,resolved,354,https://gallica.bnf.fr/ark:/12148/bpt6k5505300s/f378.item
L1912-02229,L1912-02465,birthplace,birthplace,1,person_entry,resolved,354,https://gallica.bnf.fr/ark:/12148/bpt6k5505300s/f378.item
L1912-02233,PLACE:tunis,residence,residence,1,person_entry,resolved,354,https://gallica.bnf.fr/ark:/12148/bpt6k5505300s/f378.item
L1912-02233,PLACE:tunis,birthplace,birthplace,1,person_entry,resolved,354,https://gallica.bnf.fr/ark:/12148/bpt6k5505300s/f378.item
L1912-02248,PLACE:tunis,residence,residence,1,person_entry,resolved,356,https://gallica.bnf.fr/ark:/12148/bpt6k5505300s/f380.item
L1912-02248,PLACE:paris,birthplace,birthplace,1,person_entry,resolved,356,https://gallica.bnf.fr/ark:/12148/bpt6k5505300s/f380.item
L1912-02250,PLACE:tunis,residence,residence,1,person_entry,resolved,356,https://gallica.bnf.fr/ark:/12148/bpt6k5505300s/f380.item
L1912-02253,L1912-01826,residence,residence,1,person_entry,resolved,356,https://gallica.bnf.fr/ark:/12148/bpt6k5505300s/f380.item
L1912-02254,L1912-01826,residence,residence,1,person_entry,resolved,356,https://gallica.bnf.fr/ark:/12148/bpt6k5505300s/f380.item
L1912-02255,L1912-01826,residence,residence,1,person_entry,resolved,357,https://gallica.bnf.fr/ark:/12148/bpt6k5505300s/f381.item
L1912-02255,L1912-01826,birthplace,birthplace,1,person_entry,resolved,357,https://gallica.bnf.fr/ark:/12148/bpt6k5505300s/f381.item
L1912-02257,PLACE:tunis,residence,residence,1,person_entry,resolved,357,https://gallica.bnf.fr/ark:/12148/bpt6k5505300s/f381.item
L1912-02257,PLACE:tunis,birthplace,birthplace,1,person_entry,resolved,357,https://gallica.bnf.fr/ark:/12148/bpt6k5505300s/f381.item
L1912-02259,PLACE:tunis,residence,residence,1,person_entry,resolved,358,https://gallica.bnf.fr/ark:/12148/bpt6k5505300s/f382.item
L1912-02259,PLACE:festieux,birthplace,birthplace,1,person_entry,resolved,358,https://gallica.bnf.fr/ark:/12148/bpt6k5505300s/f382.item
L1912-02260,PLACE:tunis,residence,residence,1,person_entry,resolved,358,https://gallica.bnf.fr/ark:/12148/bpt6k5505300s/f382.item
L1912-02260,PLACE:tunis,birthplace,birthplace,1,person_entry,resolved,358,https://gallica.bnf.fr/ark:/12148/bpt6k5505300s/f382.item
L1912-02261,PLACE:tunis,residence,residence,1,person_entry,resolved,358,https://gallica.bnf.fr/ark:/12148/bpt6k5505300s/f382.item
L1912-02261,PLACE:puy,birthplace,birthplace,1,person_entry,resolved,358,https://gallica.bnf.fr/ark:/12148/bpt6k5505300s/f382.item
L1912-02262,PLACE:tunis,residence,residence,1,person_entry,resolved,358,https://gallica.bnf.fr/ark:/12148/bpt6k5505300s/f382.item
L1912-02265,PLACE:tunis,residence,residence,1,person_entry,resolved,358,https://gallica.bnf.fr/ark:/12148/bpt6k5505300s/f382.item
L1912-02265,PLACE:tunis,birthplace,birthplace,1,person_entry,resolved,358,https://gallica.bnf.fr/ark:/12148/bpt6k5505300s/f382.item
L1912-02266,PLACE:tunis,residence,residence,1,person_entry,resolved,358,https://gallica.bnf.fr/ark:/12148/bpt6k5505300s/f382.item
L1912-02266,PLACE:troina,birthplace,birthplace,1,person_entry,resolved,358,https://gallica.bnf.fr/ark:/12148/bpt6k5505300s/f382.item
L1912-02267,PLACE:tunis,residence,residence,1,person_entry,resolved,358,https://gallica.bnf.fr/ark:/12148/bpt6k5505300s/f382.item
L1912-02267,PLACE:tunis,birthplace,birthplace,1,person_entry,resolved,358,https://gallica.bnf.fr/ark:/12148/bpt6k5505300s/f382.item
L1912-02268,PLACE:termini,birthplace,birthplace,1,person_entry,resolved,358,https://gallica.bnf.fr/ark:/12148/bpt6k5505300s/f382.item
L1912-02269,PLACE:tunis,residence,residence,1,person_entry,resolved,358,https://gallica.bnf.fr/ark:/12148/bpt6k5505300s/f382.item
L1912-02269,PLACE:tunis,birthplace,birthplace,1,person_entry,resolved,358,https://gallica.bnf.fr/ark:/12148/bpt6k5505300s/f382.item
L1912-02270,PLACE:ajaccio,birthplace,birthplace,1,person_entry,resolved,359,https://gallica.bnf.fr/ark:/12148/bpt6k5505300s/f383.item
L1912-02271,L1912-01489,residence,residence,1,person_entry,resolved,359,https://gallica.bnf.fr/ark:/12148/bpt6k5505300s/f383.item
L1912-02271,PLACE:bex,birthplace,birthplace,1,person_entry,resolved,359,https://gallica.bnf.fr/ark:/12148/bpt6k5505300s/f383.item
L1912-02272,PLACE:tunis,residence,residence,1,person_entry,resolved,359,https://gallica.bnf.fr/ark:/12148/bpt6k5505300s/f383.item
L1912-02273,PLACE:tunis,residence,residence,1,person_entry,resolved,359,https://gallica.bnf.fr/ark:/12148/bpt6k5505300s/f383.item
L1912-02273,PLACE:alger,birthplace,birthplace,1,person_entry,resolved,359,https://gallica.bnf.fr/ark:/12148/bpt6k5505300s/f383.item
L1912-02274,PLACE:cuen,birthplace,birthplace,1,person_entry,resolved,359,https://gallica.bnf.fr/ark:/12148/bpt6k5505300s/f383.item
L1912-02275,PLACE:tunis,residence,residence,1,person_entry,resolved,360,https://gallica.bnf.fr/ark:/12148/bpt6k5505300s/f384.item
L1912-02275,PLACE:ni en,birthplace,birthplace,1,person_entry,resolved,360,https://gallica.bnf.fr/ark:/12148/bpt6k5505300s/f384.item
L1912-02277,PLACE:tunis,residence,residence,1,person_entry,resolved,360,https://gallica.bnf.fr/ark:/12148/bpt6k5505300s/f384.item
L1912-02277,PLACE:limouziniere,birthplace,birthplace,1,person_entry,resolved,360,https://gallica.bnf.fr/ark:/12148/bpt6k5505300s/f384.item
L1912-02283,L1912-01826,residence,residence,1,person_entry,resolved,360,https://gallica.bnf.fr/ark:/12148/bpt6k5505300s/f384.item
L1912-02283,PLACE:pise,birthplace,birthplace,1,person_entry,resolved,360,https://gallica.bnf.fr/ark:/12148/bpt6k5505300s/f384.item
L1912-02284,PLACE:piso,birthplace,birthplace,1,person_entry,resolved,360,https://gallica.bnf.fr/ark:/12148/bpt6k5505300s/f384.item
L1912-02285,L1912-02465,residence,residence,1,person_entry,resolved,361,https://gallica.bnf.fr/ark:/12148/bpt6k5505300s/f385.item
L1912-02286,L1912-02465,residence,residence,1,person_entry,resolved,361,https://gallica.bnf.fr/ark:/12148/bpt6k5505300s/f385.item
L1912-02286,PLACE:palma de majorque,birthplace,birthplace,1,person_entry,resolved,361,https://gallica.bnf.fr/ark:/12148/bpt6k5505300s/f385.item
L1912-02287,PLACE:tunis,residence,residence,1,person_entry,resolved,361,https://gallica.bnf.fr/ark:/12148/bpt6k5505300s/f385.item
L1912-02287,PLACE:alger,birthplace,birthplace,1,person_entry,resolved,361,https://gallica.bnf.fr/ark:/12148/bpt6k5505300s/f385.item
L1912-02288,PLACE:thann,birthplace,birthplace,1,person_entry,resolved,361,https://gallica.bnf.fr/ark:/12148/bpt6k5505300s/f385.item
L1912-02289,PLACE:bizerte,residence,residence,1,person_entry,resolved,362,https://gallica.bnf.fr/ark:/12148/bpt6k5505300s/f386.item
L1912-02289,PLACE:alger,birthplace,birthplace,1,person_entry,resolved,362,https://gallica.bnf.fr/ark:/12148/bpt6k5505300s/f386.item
L1912-02291,PLACE:tunis,residence,residence,1,person_entry,resolved,362,https://gallica.bnf.fr/ark:/12148/bpt6k5505300s/f386.item
L1912-02291,PLACE:tunis,birthplace,birthplace,1,person_entry,resolved,362,https://gallica.bnf.fr/ark:/12148/bpt6k5505300s/f386.item
L1912-02292,PLACE:tunis,residence,residence,1,person_entry,resolved,362,https://gallica.bnf.fr/ark:/12148/bpt6k5505300s/f386.item
L1912-02292,PLACE:tunis,birthplace,birthplace,1,person_entry,resolved,362,https://gallica.bnf.fr/ark:/12148/bpt6k5505300s/f386.item
L1912-02294,L1912-02459,residence,residence,1,person_entry,resolved,362,https://gallica.bnf.fr/ark:/12148/bpt6k5505300s/f386.item
L1912-02295,L1912-00526,residence,residence,1,person_entry,resolved,362,https://gallica.bnf.fr/ark:/12148/bpt6k5505300s/f386.item
L1912-02297,PLACE:tunis,residence,residence,1,person_entry,resolved,363,https://gallica.bnf.fr/ark:/12148/bpt6k5505300s/f387.item
L1912-02297,PLACE:tunis,birthplace,birthplace,1,person_entry,resolved,363,https://gallica.bnf.fr/ark:/12148/bpt6k5505300s/f387.item
L1912-02299,PLACE:tunis,residence,residence,1,person_entry,resolved,363,https://gallica.bnf.fr/ark:/12148/bpt6k5505300s/f387.item
L1912-02299,PLACE:tunis,birthplace,birthplace,1,person_entry,resolved,363,https://gallica.bnf.fr/ark:/12148/bpt6k5505300s/f387.item
L1912-02301,PLACE:tunis,residence,residence,1,person_entry,resolved,363,https://gallica.bnf.fr/ark:/12148/bpt6k5505300s/f387.item
L1912-02301,PLACE:brizambourg,birthplace,birthplace,1,person_entry,resolved,363,https://gallica.bnf.fr/ark:/12148/bpt6k5505300s/f387.item
L1912-02311,PLACE:tunis,residence,residence,1,person_entry,resolved,364,https://gallica.bnf.fr/ark:/12148/bpt6k5505300s/f388.item
L1912-02311,PLACE:metz,birthplace,birthplace,1,person_entry,resolved,364,https://gallica.bnf.fr/ark:/12148/bpt6k5505300s/f388.item
L1912-02313,L1912-01207,residence,residence,1,person_entry,resolved,364,https://gallica.bnf.fr/ark:/12148/bpt6k5505300s/f388.item
L1912-02320,PLACE:tunis,residence,residence,1,person_entry,resolved,364,https://gallica.bnf.fr/ark:/12148/bpt6k5505300s/f388.item
L1912-02321,PLACE:tunis,residence,residence,1,person_entry,resolved,365,https://gallica.bnf.fr/ark:/12148/bpt6k5505300s/f389.item
L1912-02323,PLACE:tunis,residence,residence,1,person_entry,resolved,365,https://gallica.bnf.fr/ark:/12148/bpt6k5505300s/f389.item
L1912-02323,PLACE:paris,birthplace,birthplace,1,person_entry,resolved,365,https://gallica.bnf.fr/ark:/12148/bpt6k5505300s/f389.item
L1912-02324,PLACE:tunis,residence,residence,1,person_entry,resolved,365,https://gallica.bnf.fr/ark:/12148/bpt6k5505300s/f389.item
L1912-02324,PLACE:gradignan,birthplace,birthplace,1,person_entry,resolved,365,https://gallica.bnf.fr/ark:/12148/bpt6k5505300s/f389.item
L1912-02329,PLACE:tunis,residence,residence,1,person_entry,resolved,366,https://gallica.bnf.fr/ark:/12148/bpt6k5505300s/f390.item
L1912-02329,PLACE:cagliari,birthplace,birthplace,1,person_entry,resolved,366,https://gallica.bnf.fr/ark:/12148/bpt6k5505300s/f390.item
L1912-02330,L1912-01826,residence,residence,1,person_entry,resolved,366,https://gallica.bnf.fr/ark:/12148/bpt6k5505300s/f390.item
L1912-02330,L1912-01826,birthplace,birthplace,1,person_entry,resolved,366,https://gallica.bnf.fr/ark:/12148/bpt6k5505300s/f390.item
L1912-02332,PLACE:tunis,residence,residence,1,person_entry,resolved,366,https://gallica.bnf.fr/ark:/12148/bpt6k5505300s/f390.item
L1912-02332,PLACE:tunis,birthplace,birthplace,1,person_entry,resolved,366,https://gallica.bnf.fr/ark:/12148/bpt6k5505300s/f390.item
L1912-02333,L1912-01672,residence,residence,1,person_entry,resolved,366,https://gallica.bnf.fr/ark:/12148/bpt6k5505300s/f390.item
L1912-02333,L1912-01672,birthplace,birthplace,1,person_entry,resolved,366,https://gallica.bnf.fr/ark:/12148/bpt6k5505300s/f390.item
L1912-02336,L1912-02465,residence,residence,1,person_entry,resolved,369,https://gallica.bnf.fr/ark:/12148/bpt6k5505300s/f393.item
L1912-02336,PLACE:palerme,birthplace,birthplace,1,person_entry,resolved,369,https://gallica.bnf.fr/ark:/12148/bpt6k5505300s/f393.item
L1912-02337,L1912-02465,residence,residence,1,person_entry,resolved,369,https://gallica.bnf.fr/ark:/12148/bpt6k5505300s/f393.item
L1912-02337,L1912-02465,birthplace,birthplace,1,person_entry,resolved,369,https://gallica.bnf.fr/ark:/12148/bpt6k5505300s/f393.item
L1912-02338,PLACE:tunis,residence,residence,1,person_entry,resolved,369,https://gallica.bnf.fr/ark:/12148/bpt6k5505300s/f393.item
L1912-02338,PLACE:lezay,birthplace,birthplace,1,person_entry,resolved,369,https://gallica.bnf.fr/ark:/12148/bpt6k5505300s/f393.item
L1912-02339,PLACE:tunis,residence,residence,1,person_entry,resolved,369,https://gallica.bnf.fr/ark:/12148/bpt6k5505300s/f393.item
L1912-02339,PLACE:brest,birthplace,birthplace,1,person_entry,resolved,369,https://gallica.bnf.fr/ark:/12148/bpt6k5505300s/f393.item
L1912-02340,PLACE:saint denis,birthplace,birthplace,1,person_entry,resolved,369,https://gallica.bnf.fr/ark:/12148/bpt6k5505300s/f393.item
L1912-02387,PLACE:tunis,residence,residence,1,person_entry,resolved,372,https://gallica.bnf.fr/ark:/12148/bpt6k5505300s/f396.item
L1912-02387,PLACE:saint martin de la cluze,birthplace,birthplace,1,person_entry,resolved,372,https://gallica.bnf.fr/ark:/12148/bpt6k5505300s/f396.item
L1912-02389,PLACE:tunis,residence,residence,1,person_entry,resolved,372,https://gallica.bnf.fr/ark:/12148/bpt6k5505300s/f396.item
L1912-02389,PLACE:montelan,birthplace,birthplace,1,person_entry,resolved,372,https://gallica.bnf.fr/ark:/12148/bpt6k5505300s/f396.item
L1912-02390,PLACE:beja,residence,residence,1,person_entry,resolved,372,https://gallica.bnf.fr/ark:/12148/bpt6k5505300s/f396.item
L1912-02390,PLACE:mans,birthplace,birthplace,1,person_entry,resolved,372,https://gallica.bnf.fr/ark:/12148/bpt6k5505300s/f396.item
L1912-02391,PLACE:tunis,residence,residence,1,person_entry,resolved,372,https://gallica.bnf.fr/ark:/12148/bpt6k5505300s/f396.item
L1912-02392,PLACE:tunis,residence,residence,1,person_entry,resolved,373,https://gallica.bnf.fr/ark:/12148/bpt6k5505300s/f397.item
L1912-02392,PLACE:tunis,birthplace,birthplace,1,person_entry,resolved,373,https://gallica.bnf.fr/ark:/12148/bpt6k5505300s/f397.item
L1912-02393,PLACE:tunis,residence,residence,1,person_entry,resolved,373,https://gallica.bnf.fr/ark:/12148/bpt6k5505300s/f397.item
L1912-02393,PLACE:tunis,birthplace,birthplace,1,person_entry,resolved,373,https://gallica.bnf.fr/ark:/12148/bpt6k5505300s/f397.item
L1912-02394,PLACE:tunis,residence,residence,1,person_entry,resolved,373,https://gallica.bnf.fr/ark:/12148/bpt6k5505300s/f397.item
L1912-02394,PLACE:sainl maximin,birthplace,birthplace,1,person_entry,resolved,373,https://gallica.bnf.fr/ark:/12148/bpt6k5505300s/f397.item
L1912-02400,PLACE:tunis,residence,residence,1,person_entry,resolved,373,https://gallica.bnf.fr/ark:/12148/bpt6k5505300s/f397.item
L1912-02400,PLACE:tunis,birthplace,birthplace,1,person_entry,resolved,373,https://gallica.bnf.fr/ark:/12148/bpt6k5505300s/f397.item
L1912-02446,PLACE:tunis,residence,residence,1,person_entry,resolved,381,https://gallica.bnf.fr/ark:/12148/bpt6k5505300s/f405.item
L1912-02446,PLACE:allingos,birthplace,birthplace,1,person_entry,resolved,381,https://gallica.bnf.fr/ark:/12148/bpt6k5505300s/f405.item
L1912-02447,PLACE:marseille,birthplace,birthplace,1,person_entry,resolved,381,https://gallica.bnf.fr/ark:/12148/bpt6k5505300s/f405.item
L1912-02454,PLACE:tunis,residence,residence,1,person_entry,resolved,381,https://gallica.bnf.fr/ark:/12148/bpt6k5505300s/f405.item
L1912-02455,PLACE:soti crezancy,birthplace,birthplace,1,person_entry,resolved,381,https://gallica.bnf.fr/ark:/12148/bpt6k5505300s/f405.item
L1912-02456,L1912-01146,residence,residence,1,person_entry,resolved,382,https://gallica.bnf.fr/ark:/12148/bpt6k5505300s/f406.item
L1912-02463,PLACE:tunis,residence,residence,1,person_entry,resolved,383,https://gallica.bnf.fr/ark:/12148/bpt6k5505300s/f407.item
L1912-02463,PLACE:paris,birthplace,birthplace,1,person_entry,resolved,383,https://gallica.bnf.fr/ark:/12148/bpt6k5505300s/f407.item
L1912-02464,PLACE:tunis,residence,residence,1,person_entry,resolved,383,https://gallica.bnf.fr/ark:/12148/bpt6k5505300s/f407.item
L1912-02464,PLACE:saintes,birthplace,birthplace,1,person_entry,resolved,383,https://gallica.bnf.fr/ark:/12148/bpt6k5505300s/f407.item
L1912-02466,PLACE:tunis,residence,residence,1,person_entry,resolved,384,https://gallica.bnf.fr/ark:/12148/bpt6k5505300s/f408.item
L1912-02466,PLACE:uv,birthplace,birthplace,1,person_entry,resolved,384,https://gallica.bnf.fr/ark:/12148/bpt6k5505300s/f408.item
L1912-02469,L1912-01489,residence,residence,1,person_entry,resolved,384,https://gallica.bnf.fr/ark:/12148/bpt6k5505300s/f408.item
L1912-02470,L1912-01702,residence,residence,1,person_entry,resolved,384,https://gallica.bnf.fr/ark:/12148/bpt6k5505300s/f408.item
L1912-02470,PLACE:st i ste la marsa,birthplace,birthplace,1,person_entry,resolved,384,https://gallica.bnf.fr/ark:/12148/bpt6k5505300s/f408.item
L1912-02471,PLACE:tunis,residence,residence,1,person_entry,resolved,385,https://gallica.bnf.fr/ark:/12148/bpt6k5505300s/f409.item
L1912-02471,PLACE:thionville,birthplace,birthplace,1,person_entry,resolved,385,https://gallica.bnf.fr/ark:/12148/bpt6k5505300s/f409.item
L1912-02472,PLACE:tunis,residence,residence,1,person_entry,resolved,385,https://gallica.bnf.fr/ark:/12148/bpt6k5505300s/f409.item
L1912-02475,PLACE:tunis,residence,residence,1,person_entry,resolved,385,https://gallica.bnf.fr/ark:/12148/bpt6k5505300s/f409.item
L1912-02476,L1912-00919,residence,residence,1,person_entry,resolved,385,https://gallica.bnf.fr/ark:/12148/bpt6k5505300s/f409.item
L1912-02477,PLACE:tunis,residence,residence,1,person_entry,resolved,385,https://gallica.bnf.fr/ark:/12148/bpt6k5505300s/f409.item
L1912-02477,PLACE:marseille,birthplace,birthplace,1,person_entry,resolved,385,https://gallica.bnf.fr/ark:/12148/bpt6k5505300s/f409.item
L1912-02478,PLACE:tunis,residence,residence,1,person_entry,resolved,385,https://gallica.bnf.fr/ark:/12148/bpt6k5505300s/f409.item
L1912-02478,PLACE:livourne,birthplace,birthplace,1,person_entry,resolved,385,https://gallica.bnf.fr/ark:/12148/bpt6k5505300s/f409.item
L1912-02479,PLACE:tunis,residence,residence,1,person_entry,resolved,385,https://gallica.bnf.fr/ark:/12148/bpt6k5505300s/f409.item
L1912-02479,PLACE:bertrange,birthplace,birthplace,1,person_entry,resolved,385,https://gallica.bnf.fr/ark:/12148/bpt6k5505300s/f409.item
L1912-02480,L1912-00526,residence,residence,1,person_entry,resolved,386,https://gallica.bnf.fr/ark:/12148/bpt6k5505300s/f410.item
L1912-02480,PLACE:bocognano,birthplace,birthplace,1,person_entry,resolved,386,https://gallica.bnf.fr/ark:/12148/bpt6k5505300s/f410.item
L1912-02481,L1912-01291,residence,residence,1,person_entry,resolved,386,https://gallica.bnf.fr/ark:/12148/bpt6k5505300s/f410.item
L1912-02481,L1912-01291,birthplace,birthplace,1,person_entry,resolved,386,https://gallica.bnf.fr/ark:/12148/bpt6k5505300s/f410.item
L1912-02482,L1912-01291,residence,residence,1,person_entry,resolved,386,https://gallica.bnf.fr/ark:/12148/bpt6k5505300s/f410.item
L1912-02482,L1912-01291,birthplace,birthplace,1,person_entry,resolved,386,https://gallica.bnf.fr/ark:/12148/bpt6k5505300s/f410.item
L1912-02483,PLACE:tunis,residence,residence,1,person_entry,resolved,386,https://gallica.bnf.fr/ark:/12148/bpt6k5505300s/f410.item
L1912-02483,PLACE:tunis,birthplace,birthplace,1,person_entry,resolved,386,https://gallica.bnf.fr/ark:/12148/bpt6k5505300s/f410.item
L1912-02484,PLACE:tunis,residence,residence,1,person_entry,resolved,386,https://gallica.bnf.fr/ark:/12148/bpt6k5505300s/f410.item
L1912-02484,PLACE:toulouse,birthplace,birthplace,1,person_entry,resolved,386,https://gallica.bnf.fr/ark:/12148/bpt6k5505300s/f410.item
L1912-02485,PLACE:tunis,residence,residence,1,person_entry,resolved,386,https://gallica.bnf.fr/ark:/12148/bpt6k5505300s/f410.item
L1912-02485,PLACE:agde,birthplace,birthplace,1,person_entry,resolved,386,https://gallica.bnf.fr/ark:/12148/bpt6k5505300s/f410.item
L1912-02487,PLACE:tunis,residence,residence,1,person_entry,resolved,386,https://gallica.bnf.fr/ark:/12148/bpt6k5505300s/f410.item
L1912-02487,PLACE:s etienne de sainl geoirs,birthplace,birthplace,1,person_entry,resolved,386,https://gallica.bnf.fr/ark:/12148/bpt6k5505300s/f410.item
L1912-02489,L1912-02465,residence,residence,1,person_entry,resolved,387,https://gallica.bnf.fr/ark:/12148/bpt6k5505300s/f411.item
L1912-02490,PLACE:ciamamiacci,birthplace,birthplace,1,person_entry,resolved,387,https://gallica.bnf.fr/ark:/12148/bpt6k5505300s/f411.item
L1912-02502,PLACE:tunis,residence,residence,1,person_entry,resolved,389,https://gallica.bnf.fr/ark:/12148/bpt6k5505300s/f413.item
L1912-02502,PLACE:tunis,birthplace,birthplace,1,person_entry,resolved,389,https://gallica.bnf.fr/ark:/12148/bpt6k5505300s/f413.item
L1912-02505,L1912-02334,residence,residence,1,person_entry,resolved,390,https://gallica.bnf.fr/ark:/12148/bpt6k5505300s/f414.item
L1912-02505,PLACE:tebessa,birthplace,birthplace,1,person_entry,resolved,390,https://gallica.bnf.fr/ark:/12148/bpt6k5505300s/f414.item
L1912-02506,L1912-01702,residence,residence,1,person_entry,resolved,390,https://gallica.bnf.fr/ark:/12148/bpt6k5505300s/f414.item
L1912-02506,L1912-01702,birthplace,birthplace,1,person_entry,resolved,390,https://gallica.bnf.fr/ark:/12148/bpt6k5505300s/f414.item
L1912-02508,PLACE:tunis,residence,residence,1,person_entry,resolved,390,https://gallica.bnf.fr/ark:/12148/bpt6k5505300s/f414.item
L1912-02508,PLACE:tunis,birthplace,birthplace,1,person_entry,resolved,390,https://gallica.bnf.fr/ark:/12148/bpt6k5505300s/f414.item
L1912-02509,L1912-02465,residence,residence,1,person_entry,resolved,390,https://gallica.bnf.fr/ark:/12148/bpt6k5505300s/f414.item
L1912-02509,PLACE:saint pierre d allevard,birthplace,birthplace,1,person_entry,resolved,390,https://gallica.bnf.fr/ark:/12148/bpt6k5505300s/f414.item
L1912-02520,PLACE:tunis,residence,residence,1,person_entry,resolved,392,https://gallica.bnf.fr/ark:/12148/bpt6k5505300s/f416.item
L1912-02520,PLACE:paris,birthplace,birthplace,1,person_entry,resolved,392,https://gallica.bnf.fr/ark:/12148/bpt6k5505300s/f416.item
L1912-02522,PLACE:royan,birthplace,birthplace,1,person_entry,resolved,392,https://gallica.bnf.fr/ark:/12148/bpt6k5505300s/f416.item
L1912-02524,L1912-02465,residence,residence,1,person_entry,resolved,392,https://gallica.bnf.fr/ark:/12148/bpt6k5505300s/f416.item
L1912-02524,PLACE:milan,birthplace,birthplace,1,person_entry,resolved,392,https://gallica.bnf.fr/ark:/12148/bpt6k5505300s/f416.item
L1912-02525,PLACE:tunis,residence,residence,1,person_entry,resolved,392,https://gallica.bnf.fr/ark:/12148/bpt6k5505300s/f416.item
L1912-02525,PLACE:tunis,birthplace,birthplace,1,person_entry,resolved,392,https://gallica.bnf.fr/ark:/12148/bpt6k5505300s/f416.item
L1912-02541,PLACE:tunis,residence,residence,1,person_entry,resolved,394,https://gallica.bnf.fr/ark:/12148/bpt6k5505300s/f418.item
L1912-02541,PLACE:cra,birthplace,birthplace,1,person_entry,resolved,394,https://gallica.bnf.fr/ark:/12148/bpt6k5505300s/f418.item
L1912-02544,PLACE:tunis,residence,residence,1,person_entry,resolved,394,https://gallica.bnf.fr/ark:/12148/bpt6k5505300s/f418.item
L1912-02544,PLACE:tourcoing,birthplace,birthplace,1,person_entry,resolved,394,https://gallica.bnf.fr/ark:/12148/bpt6k5505300s/f418.item
L1912-02545,L1912-00526,residence,residence,1,person_entry,resolved,394,https://gallica.bnf.fr/ark:/12148/bpt6k5505300s/f418.item
L1912-02547,PLACE:tunis,residence,residence,1,person_entry,resolved,395,https://gallica.bnf.fr/ark:/12148/bpt6k5505300s/f419.item
L1912-02549,L1912-02459,residence,residence,1,person_entry,resolved,395,https://gallica.bnf.fr/ark:/12148/bpt6k5505300s/f419.item
L1912-02549,PLACE:meaux,birthplace,birthplace,1,person_entry,resolved,395,https://gallica.bnf.fr/ark:/12148/bpt6k5505300s/f419.item
L1912-02552,L1912-01313,residence,residence,1,person_entry,resolved,396,https://gallica.bnf.fr/ark:/12148/bpt6k5505300s/f420.item
L1912-02552,PLACE:alcer,birthplace,birthplace,1,person_entry,resolved,396,https://gallica.bnf.fr/ark:/12148/bpt6k5505300s/f420.item
L1912-02553,PLACE:albi,birthplace,birthplace,1,person_entry,resolved,396,https://gallica.bnf.fr/ark:/12148/bpt6k5505300s/f420.item
L1912-02555,PLACE:herme,birthplace,birthplace,1,person_entry,resolved,396,https://gallica.bnf.fr/ark:/12148/bpt6k5505300s/f420.item
L1912-02557,PLACE:tunis,residence,residence,1,person_entry,resolved,396,https://gallica.bnf.fr/ark:/12148/bpt6k5505300s/f420.item
L1912-02557,PLACE:roche de gluri,birthplace,birthplace,1,person_entry,resolved,396,https://gallica.bnf.fr/ark:/12148/bpt6k5505300s/f420.item
L1912-02558,L1912-01207,residence,residence,1,person_entry,resolved,398,https://gallica.bnf.fr/ark:/12148/bpt6k5505300s/f422.item
L1912-02560,PLACE:tunis,residence,residence,1,person_entry,resolved,400,https://gallica.bnf.fr/ark:/12148/bpt6k5505300s/f424.item
L1912-02560,PLACE:s nizier de pariset,birthplace,birthplace,1,person_entry,resolved,400,https://gallica.bnf.fr/ark:/12148/bpt6k5505300s/f424.item
L1912-02564,PLACE:tunis,residence,residence,1,person_entry,resolved,401,https://gallica.bnf.fr/ark:/12148/bpt6k5505300s/f425.item
L1912-02566,PLACE:lyon,birthplace,birthplace,1,person_entry,resolved,402,https://gallica.bnf.fr/ark:/12148/bpt6k5505300s/f426.item
L1912-02569,PLACE:tunis,residence,residence,1,person_entry,resolved,402,https://gallica.bnf.fr/ark:/12148/bpt6k5505300s/f426.item
L1912-02569,PLACE:tabarca,birthplace,birthplace,1,person_entry,resolved,402,https://gallica.bnf.fr/ark:/12148/bpt6k5505300s/f426.item
L1912-02570,PLACE:tunis,residence,residence,1,person_entry,resolved,402,https://gallica.bnf.fr/ark:/12148/bpt6k5505300s/f426.item
L1912-02570,PLACE:trovillah,birthplace,birthplace,1,person_entry,resolved,402,https://gallica.bnf.fr/ark:/12148/bpt6k5505300s/f426.item
L1912-02571,L1912-02465,residence,residence,1,person_entry,resolved,402,https://gallica.bnf.fr/ark:/12148/bpt6k5505300s/f426.item
L1912-02571,PLACE:amberl,birthplace,birthplace,1,person_entry,resolved,402,https://gallica.bnf.fr/ark:/12148/bpt6k5505300s/f426.item
L1912-02576,L1912-02465,residence,residence,1,person_entry,resolved,402,https://gallica.bnf.fr/ark:/12148/bpt6k5505300s/f426.item
L1912-02576,PLACE:galechan,birthplace,birthplace,1,person_entry,resolved,402,https://gallica.bnf.fr/ark:/12148/bpt6k5505300s/f426.item
L1912-02581,L1912-00526,residence,residence,1,person_entry,resolved,403,https://gallica.bnf.fr/ark:/12148/bpt6k5505300s/f427.item
L1912-02581,PLACE:bonneville,birthplace,birthplace,1,person_entry,resolved,403,https://gallica.bnf.fr/ark:/12148/bpt6k5505300s/f427.item
L1912-02587,PLACE:tunis,residence,residence,1,person_entry,resolved,406,https://gallica.bnf.fr/ark:/12148/bpt6k5505300s/f430.item
L1912-02587,PLACE:saintdie,birthplace,birthplace,1,person_entry,resolved,406,https://gallica.bnf.fr/ark:/12148/bpt6k5505300s/f430.item
L1912-02597,PLACE:tunis,residence,residence,1,person_entry,resolved,408,https://gallica.bnf.fr/ark:/12148/bpt6k5505300s/f432.item
L1912-02597,PLACE:paris,birthplace,birthplace,1,person_entry,resolved,408,https://gallica.bnf.fr/ark:/12148/bpt6k5505300s/f432.item
L1912-02598,PLACE:tunis,residence,residence,1,person_entry,resolved,408,https://gallica.bnf.fr/ark:/12148/bpt6k5505300s/f432.item
L1912-02598,PLACE:castelvetrano,birthplace,birthplace,1,person_entry,resolved,408,https://gallica.bnf.fr/ark:/12148/bpt6k5505300s/f432.item
L1912-02599,PLACE:livoume,birthplace,birthplace,1,person_entry,resolved,408,https://gallica.bnf.fr/ark:/12148/bpt6k5505300s/f432.item
L1912-02601,PLACE:tunis,residence,residence,1,person_entry,resolved,408,https://gallica.bnf.fr/ark:/12148/bpt6k5505300s/f432.item
L1912-02602,L1912-01489,residence,residence,1,person_entry,resolved,408,https://gallica.bnf.fr/ark:/12148/bpt6k5505300s/f432.item
L1912-02602,PLACE:grenoble,birthplace,birthplace,1,person_entry,resolved,408,https://gallica.bnf.fr/ark:/12148/bpt6k5505300s/f432.item
L1912-02604,PLACE:tunis,residence,residence,1,person_entry,resolved,409,https://gallica.bnf.fr/ark:/12148/bpt6k5505300s/f433.item
L1912-02604,PLACE:toulouse,birthplace,birthplace,1,person_entry,resolved,409,https://gallica.bnf.fr/ark:/12148/bpt6k5505300s/f433.item
L1912-02614,PLACE:tunis,residence,residence,1,person_entry,resolved,414,https://gallica.bnf.fr/ark:/12148/bpt6k5505300s/f438.item
L1912-02614,PLACE:vaison,birthplace,birthplace,1,person_entry,resolved,414,https://gallica.bnf.fr/ark:/12148/bpt6k5505300s/f438.item
L1912-02617,PLACE:tunis,residence,residence,1,person_entry,resolved,416,https://gallica.bnf.fr/ark:/12148/bpt6k5505300s/f440.item
L1912-02617,PLACE:saint julien,birthplace,birthplace,1,person_entry,resolved,416,https://gallica.bnf.fr/ark:/12148/bpt6k5505300s/f440.item
L1912-02620,L1912-02465,residence,residence,1,person_entry,resolved,417,https://gallica.bnf.fr/ark:/12148/bpt6k5505300s/f441.item
L1912-02620,L1912-02465,birthplace,birthplace,1,person_entry,resolved,417,https://gallica.bnf.fr/ark:/12148/bpt6k5505300s/f441.item
L1912-02621,L1912-02465,residence,residence,1,person_entry,resolved,417,https://gallica.bnf.fr/ark:/12148/bpt6k5505300s/f441.item
L1912-02621,L1912-02465,birthplace,birthplace,1,person_entry,resolved,417,https://gallica.bnf.fr/ark:/12148/bpt6k5505300s/f441.item
L1912-02622,PLACE:tunis,residence,residence,1,person_entry,resolved,417,https://gallica.bnf.fr/ark:/12148/bpt6k5505300s/f441.item
L1912-02622,PLACE:tunis,birthplace,birthplace,1,person_entry,resolved,417,https://gallica.bnf.fr/ark:/12148/bpt6k5505300s/f441.item
L1912-02623,PLACE:tunis,residence,residence,1,person_entry,resolved,418,https://gallica.bnf.fr/ark:/12148/bpt6k5505300s/f442.item
L1912-02624,L1912-01826,residence,residence,1,person_entry,resolved,418,https://gallica.bnf.fr/ark:/12148/bpt6k5505300s/f442.item
L1912-02624,PLACE:favignana,birthplace,birthplace,1,person_entry,resolved,418,https://gallica.bnf.fr/ark:/12148/bpt6k5505300s/f442.item
L1912-02625,PLACE:tunis,residence,residence,1,person_entry,resolved,418,https://gallica.bnf.fr/ark:/12148/bpt6k5505300s/f442.item
L1912-02625,PLACE:la cimpelle marival,birthplace,birthplace,1,person_entry,resolved,418,https://gallica.bnf.fr/ark:/12148/bpt6k5505300s/f442.item
L1912-02626,PLACE:tunis,residence,residence,1,person_entry,resolved,418,https://gallica.bnf.fr/ark:/12148/bpt6k5505300s/f442.item
L1912-02626,PLACE:tunis,birthplace,birthplace,1,person_entry,resolved,418,https://gallica.bnf.fr/ark:/12148/bpt6k5505300s/f442.item
L1912-02627,PLACE:tunis,residence,residence,1,person_entry,resolved,418,https://gallica.bnf.fr/ark:/12148/bpt6k5505300s/f442.item
L1912-02628,PLACE:tunis,residence,residence,1,person_entry,resolved,419,https://gallica.bnf.fr/ark:/12148/bpt6k5505300s/f443.item
L1912-02628,PLACE:tunis,birthplace,birthplace,1,person_entry,resolved,419,https://gallica.bnf.fr/ark:/12148/bpt6k5505300s/f443.item
L1912-02629,PLACE:tunis,residence,residence,1,person_entry,resolved,419,https://gallica.bnf.fr/ark:/12148/bpt6k5505300s/f443.item
L1912-02629,PLACE:tunis,birthplace,birthplace,1,person_entry,resolved,419,https://gallica.bnf.fr/ark:/12148/bpt6k5505300s/f443.item
L1912-02630,PLACE:tunis,residence,residence,1,person_entry,resolved,420,https://gallica.bnf.fr/ark:/12148/bpt6k5505300s/f444.item
L1912-02631,PLACE:tunis,residence,residence,1,person_entry,resolved,420,https://gallica.bnf.fr/ark:/12148/bpt6k5505300s/f444.item
L1912-02632,PLACE:tunis,residence,residence,1,person_entry,resolved,420,https://gallica.bnf.fr/ark:/12148/bpt6k5505300s/f444.item
L1912-02632,PLACE:tunis,birthplace,birthplace,1,person_entry,resolved,420,https://gallica.bnf.fr/ark:/12148/bpt6k5505300s/f444.item
L1912-02633,PLACE:tunis,residence,residence,1,person_entry,resolved,420,https://gallica.bnf.fr/ark:/12148/bpt6k5505300s/f444.item
L1912-02633,PLACE:tunis,birthplace,birthplace,1,person_entry,resolved,420,https://gallica.bnf.fr/ark:/12148/bpt6k5505300s/f444.item
L1912-02634,PLACE:tunis,residence,residence,1,person_entry,resolved,420,https://gallica.bnf.fr/ark:/12148/bpt6k5505300s/f444.item
L1912-02634,PLACE:tunis,birthplace,birthplace,1,person_entry,resolved,420,https://gallica.bnf.fr/ark:/12148/bpt6k5505300s/f444.item
L1912-02635,PLACE:tunis,residence,residence,1,person_entry,resolved,420,https://gallica.bnf.fr/ark:/12148/bpt6k5505300s/f444.item
L1912-02635,PLACE:tunis,birthplace,birthplace,1,person_entry,resolved,420,https://gallica.bnf.fr/ark:/12148/bpt6k5505300s/f444.item
L1912-02636,PLACE:mons,birthplace,birthplace,1,person_entry,resolved,420,https://gallica.bnf.fr/ark:/12148/bpt6k5505300s/f444.item
L1912-02637,PLACE:cor le,birthplace,birthplace,1,person_entry,resolved,421,https://gallica.bnf.fr/ark:/12148/bpt6k5505300s/f445.item
L1912-02639,L1912-01672,residence,residence,1,person_entry,resolved,421,https://gallica.bnf.fr/ark:/12148/bpt6k5505300s/f445.item
L1912-02639,PLACE:boudeval,birthplace,birthplace,1,person_entry,resolved,421,https://gallica.bnf.fr/ark:/12148/bpt6k5505300s/f445.item
L1912-02640,PLACE:malte,birthplace,birthplace,1,person_entry,resolved,421,https://gallica.bnf.fr/ark:/12148/bpt6k5505300s/f445.item
L1912-02641,PLACE:tunis,residence,residence,1,person_entry,resolved,421,https://gallica.bnf.fr/ark:/12148/bpt6k5505300s/f445.item
L1912-02641,PLACE:lunel,birthplace,birthplace,1,person_entry,resolved,421,https://gallica.bnf.fr/ark:/12148/bpt6k5505300s/f445.item
L1912-02643,PLACE:tunis,residence,residence,1,person_entry,resolved,422,https://gallica.bnf.fr/ark:/12148/bpt6k5505300s/f446.item
L1912-02643,PLACE:saint chamond,birthplace,birthplace,1,person_entry,resolved,422,https://gallica.bnf.fr/ark:/12148/bpt6k5505300s/f446.item
L1912-02644,L1912-02465,residence,residence,1,person_entry,resolved,422,https://gallica.bnf.fr/ark:/12148/bpt6k5505300s/f446.item
L1912-02644,PLACE:louben,birthplace,birthplace,1,person_entry,resolved,422,https://gallica.bnf.fr/ark:/12148/bpt6k5505300s/f446.item
L1912-02645,PLACE:tunis,residence,residence,1,person_entry,resolved,422,https://gallica.bnf.fr/ark:/12148/bpt6k5505300s/f446.item
L1912-02646,PLACE:tunis,residence,residence,1,person_entry,resolved,422,https://gallica.bnf.fr/ark:/12148/bpt6k5505300s/f446.item
L1912-02646,PLACE:chalcis,birthplace,birthplace,1,person_entry,resolved,422,https://gallica.bnf.fr/ark:/12148/bpt6k5505300s/f446.item
L1912-02647,PLACE:forceville,birthplace,birthplace,1,person_entry,resolved,422,https://gallica.bnf.fr/ark:/12148/bpt6k5505300s/f446.item
L1912-02648,L1912-02334,residence,residence,1,person_entry,resolved,423,https://gallica.bnf.fr/ark:/12148/bpt6k5505300s/f447.item
L1912-02648,PLACE:alger,birthplace,birthplace,1,person_entry,resolved,423,https://gallica.bnf.fr/ark:/12148/bpt6k5505300s/f447.item
L1912-02649,PLACE:tunis,residence,residence,1,person_entry,resolved,423,https://gallica.bnf.fr/ark:/12148/bpt6k5505300s/f447.item
L1912-02649,PLACE:anc,birthplace,birthplace,1,person_entry,resolved,423,https://gallica.bnf.fr/ark:/12148/bpt6k5505300s/f447.item
L1912-02651,PLACE:tunis,residence,residence,1,person_entry,resolved,423,https://gallica.bnf.fr/ark:/12148/bpt6k5505300s/f447.item
L1912-02651,PLACE:tunis,birthplace,birthplace,1,person_entry,resolved,423,https://gallica.bnf.fr/ark:/12148/bpt6k5505300s/f447.item
L1912-02652,L1912-02334,residence,residence,1,person_entry,resolved,424,https://gallica.bnf.fr/ark:/12148/bpt6k5505300s/f448.item
L1912-02653,PLACE:paris,birthplace,birthplace,1,person_entry,resolved,424,https://gallica.bnf.fr/ark:/12148/bpt6k5505300s/f448.item
L1912-02654,PLACE:rougemont le chateau,birthplace,birthplace,1,person_entry,resolved,424,https://gallica.bnf.fr/ark:/12148/bpt6k5505300s/f448.item
L1912-02656,PLACE:vico,birthplace,birthplace,1,person_entry,resolved,424,https://gallica.bnf.fr/ark:/12148/bpt6k5505300s/f448.item
L1912-02657,PLACE:tunis,residence,residence,1,person_entry,resolved,424,https://gallica.bnf.fr/ark:/12148/bpt6k5505300s/f448.item
L1912-02657,PLACE:cristinacce,birthplace,birthplace,1,person_entry,resolved,424,https://gallica.bnf.fr/ark:/12148/bpt6k5505300s/f448.item
L1912-02659,PLACE:tunis,residence,residence,1,person_entry,resolved,424,https://gallica.bnf.fr/ark:/12148/bpt6k5505300s/f448.item
L1912-02659,PLACE:toulaud par saint peray,birthplace,birthplace,1,person_entry,resolved,424,https://gallica.bnf.fr/ark:/12148/bpt6k5505300s/f448.item
L1912-02660,PLACE:tunis,residence,residence,1,person_entry,resolved,425,https://gallica.bnf.fr/ark:/12148/bpt6k5505300s/f449.item
L1912-02661,L1912-02465,residence,residence,1,person_entry,resolved,425,https://gallica.bnf.fr/ark:/12148/bpt6k5505300s/f449.item
L1912-02662,PLACE:tunis,residence,residence,1,person_entry,resolved,425,https://gallica.bnf.fr/ark:/12148/bpt6k5505300s/f449.item
L1912-02662,PLACE:saint martin de londres,birthplace,birthplace,1,person_entry,resolved,425,https://gallica.bnf.fr/ark:/12148/bpt6k5505300s/f449.item
L1912-02663,L1912-02532,residence,residence,1,person_entry,resolved,425,https://gallica.bnf.fr/ark:/12148/bpt6k5505300s/f449.item
L1912-02663,PLACE:agris,birthplace,birthplace,1,person_entry,resolved,425,https://gallica.bnf.fr/ark:/12148/bpt6k5505300s/f449.item
L1912-02665,PLACE:tunis,residence,residence,1,person_entry,resolved,426,https://gallica.bnf.fr/ark:/12148/bpt6k5505300s/f450.item
L1912-02665,PLACE:rochelle,birthplace,birthplace,1,person_entry,resolved,426,https://gallica.bnf.fr/ark:/12148/bpt6k5505300s/f450.item
L1912-02666,PLACE:tunis,residence,residence,1,person_entry,resolved,426,https://gallica.bnf.fr/ark:/12148/bpt6k5505300s/f450.item
L1912-02666,PLACE:saumur,birthplace,birthplace,1,person_entry,resolved,426,https://gallica.bnf.fr/ark:/12148/bpt6k5505300s/f450.item
L1912-02667,PLACE:tunis,residence,residence,1,person_entry,resolved,426,https://gallica.bnf.fr/ark:/12148/bpt6k5505300s/f450.item
L1912-02669,PLACE:tunis,residence,residence,1,person_entry,resolved,427,https://gallica.bnf.fr/ark:/12148/bpt6k5505300s/f451.item
L1912-02669,PLACE:baslia,birthplace,birthplace,1,person_entry,resolved,427,https://gallica.bnf.fr/ark:/12148/bpt6k5505300s/f451.item
L1912-02670,PLACE:laives,birthplace,birthplace,1,person_entry,resolved,427,https://gallica.bnf.fr/ark:/12148/bpt6k5505300s/f451.item
L1912-02671,PLACE:tunis,residence,residence,1,person_entry,resolved,427,https://gallica.bnf.fr/ark:/12148/bpt6k5505300s/f451.item
L1912-02671,PLACE:pompey,birthplace,birthplace,1,person_entry,resolved,427,https://gallica.bnf.fr/ark:/12148/bpt6k5505300s/f451.item
L1912-02673,L1912-01672,residence,residence,1,person_entry,resolved,428,https://gallica.bnf.fr/ark:/12148/bpt6k5505300s/f452.item
L1912-02673,L1912-01672,birthplace,birthplace,1,person_entry,resolved,428,https://gallica.bnf.fr/ark:/12148/bpt6k5505300s/f452.item
L1912-02674,PLACE:ingenieur civil des mines a metlaoui,birthplace,birthplace,1,person_entry,resolved,428,https://gallica.bnf.fr/ark:/12148/bpt6k5505300s/f452.item
L1912-02675,PLACE:tunis,residence,residence,1,person_entry,resolved,428,https://gallica.bnf.fr/ark:/12148/bpt6k5505300s/f452.item
L1912-02675,PLACE:trupani,birthplace,birthplace,1,person_entry,resolved,428,https://gallica.bnf.fr/ark:/12148/bpt6k5505300s/f452.item
L1912-02677,PLACE:tunis,residence,residence,1,person_entry,resolved,428,https://gallica.bnf.fr/ark:/12148/bpt6k5505300s/f452.item
L1912-02677,PLACE:castelvetrano,birthplace,birthplace,1,person_entry,resolved,428,https://gallica.bnf.fr/ark:/12148/bpt6k5505300s/f452.item
L1912-02680,PLACE:tunis,residence,residence,1,person_entry,resolved,429,https://gallica.bnf.fr/ark:/12148/bpt6k5505300s/f453.item
L1912-02680,PLACE:varnoville,birthplace,birthplace,1,person_entry,resolved,429,https://gallica.bnf.fr/ark:/12148/bpt6k5505300s/f453.item
L1912-02681,PLACE:epinal,birthplace,birthplace,1,person_entry,resolved,429,https://gallica.bnf.fr/ark:/12148/bpt6k5505300s/f453.item
L1912-02682,PLACE:tunis,residence,residence,1,person_entry,resolved,430,https://gallica.bnf.fr/ark:/12148/bpt6k5505300s/f454.item
L1912-02682,PLACE:rouen,birthplace,birthplace,1,person_entry,resolved,430,https://gallica.bnf.fr/ark:/12148/bpt6k5505300s/f454.item
L1912-02683,PLACE:tunis,residence,residence,1,person_entry,resolved,430,https://gallica.bnf.fr/ark:/12148/bpt6k5505300s/f454.item
L1912-02683,PLACE:nancy,birthplace,birthplace,1,person_entry,resolved,430,https://gallica.bnf.fr/ark:/12148/bpt6k5505300s/f454.item
L1912-02684,PLACE:lieusaint,birthplace,birthplace,1,person_entry,resolved,430,https://gallica.bnf.fr/ark:/12148/bpt6k5505300s/f454.item
L1912-02685,L1912-02465,residence,residence,1,person_entry,resolved,430,https://gallica.bnf.fr/ark:/12148/bpt6k5505300s/f454.item
L1912-02685,PLACE:civet,birthplace,birthplace,1,person_entry,resolved,430,https://gallica.bnf.fr/ark:/12148/bpt6k5505300s/f454.item
L1912-02686,L1912-01489,residence,residence,1,person_entry,resolved,430,https://gallica.bnf.fr/ark:/12148/bpt6k5505300s/f454.item
L1912-02686,PLACE:wadelincourt,birthplace,birthplace,1,person_entry,resolved,430,https://gallica.bnf.fr/ark:/12148/bpt6k5505300s/f454.item
L1912-02687,PLACE:tunis,residence,residence,1,person_entry,resolved,430,https://gallica.bnf.fr/ark:/12148/bpt6k5505300s/f454.item
L1912-02688,PLACE:tunis,residence,residence,1,person_entry,resolved,430,https://gallica.bnf.fr/ark:/12148/bpt6k5505300s/f454.item
L1912-02688,PLACE:colmar,birthplace,birthplace,1,person_entry,resolved,430,https://gallica.bnf.fr/ark:/12148/bpt6k5505300s/f454.item
L1912-02689,PLACE:tunis,residence,residence,1,person_entry,resolved,430,https://gallica.bnf.fr/ark:/12148/bpt6k5505300s/f454.item
L1912-02689,PLACE:annecy,birthplace,birthplace,1,person_entry,resolved,430,https://gallica.bnf.fr/ark:/12148/bpt6k5505300s/f454.item
L1912-02690,PLACE:tunis,residence,residence,1,person_entry,resolved,431,https://gallica.bnf.fr/ark:/12148/bpt6k5505300s/f455.item
L1912-02690,PLACE:verdun sur meuse,birthplace,birthplace,1,person_entry,resolved,431,https://gallica.bnf.fr/ark:/12148/bpt6k5505300s/f455.item
L1912-02691,PLACE:tunis,residence,residence,1,person_entry,resolved,431,https://gallica.bnf.fr/ark:/12148/bpt6k5505300s/f455.item
L1912-02691,PLACE:cbaumonl,birthplace,birthplace,1,person_entry,resolved,431,https://gallica.bnf.fr/ark:/12148/bpt6k5505300s/f455.item
L1912-02692,PLACE:senlis,birthplace,birthplace,1,person_entry,resolved,431,https://gallica.bnf.fr/ark:/12148/bpt6k5505300s/f455.item
L1912-02702,L1912-01702,residence,residence,1,person_entry,resolved,433,https://gallica.bnf.fr/ark:/12148/bpt6k5505300s/f457.item
L1912-02703,L1912-01702,residence,residence,1,person_entry,resolved,433,https://gallica.bnf.fr/ark:/12148/bpt6k5505300s/f457.item
L1912-02703,L1912-01702,birthplace,birthplace,1,person_entry,resolved,433,https://gallica.bnf.fr/ark:/12148/bpt6k5505300s/f457.item
L1912-02706,PLACE:tunis,residence,residence,1,person_entry,resolved,434,https://gallica.bnf.fr/ark:/12148/bpt6k5505300s/f458.item
L1912-02706,PLACE:malte,birthplace,birthplace,1,person_entry,resolved,434,https://gallica.bnf.fr/ark:/12148/bpt6k5505300s/f458.item
L1912-02708,L1912-01702,birthplace,birthplace,1,person_entry,resolved,434,https://gallica.bnf.fr/ark:/12148/bpt6k5505300s/f458.item
L1912-02709,L1912-01702,residence,residence,1,person_entry,resolved,434,https://gallica.bnf.fr/ark:/12148/bpt6k5505300s/f458.item
L1912-02709,L1912-01702,birthplace,birthplace,1,person_entry,resolved,434,https://gallica.bnf.fr/ark:/12148/bpt6k5505300s/f458.item
L1912-02710,PLACE:tunis,residence,residence,1,person_entry,resolved,434,https://gallica.bnf.fr/ark:/12148/bpt6k5505300s/f458.item
L1912-02710,PLACE:tunis,birthplace,birthplace,1,person_entry,resolved,434,https://gallica.bnf.fr/ark:/12148/bpt6k5505300s/f458.item
L1912-02711,L1912-01702,residence,residence,1,person_entry,resolved,434,https://gallica.bnf.fr/ark:/12148/bpt6k5505300s/f458.item
L1912-02711,L1912-01702,birthplace,birthplace,1,person_entry,resolved,434,https://gallica.bnf.fr/ark:/12148/bpt6k5505300s/f458.item
L1912-02726,PLACE:tunis,residence,residence,1,person_entry,resolved,435,https://gallica.bnf.fr/ark:/12148/bpt6k5505300s/f459.item
L1912-02726,PLACE:digne,birthplace,birthplace,1,person_entry,resolved,435,https://gallica.bnf.fr/ark:/12148/bpt6k5505300s/f459.item
L1912-02727,PLACE:tunis,residence,residence,1,person_entry,resolved,435,https://gallica.bnf.fr/ark:/12148/bpt6k5505300s/f459.item
L1912-02727,PLACE:tunis,birthplace,birthplace,1,person_entry,resolved,435,https://gallica.bnf.fr/ark:/12148/bpt6k5505300s/f459.item
L1912-02742,L1912-02465,residence,residence,1,person_entry,resolved,436,https://gallica.bnf.fr/ark:/12148/bpt6k5505300s/f460.item
L1912-02742,PLACE:paienne,birthplace,birthplace,1,person_entry,resolved,436,https://gallica.bnf.fr/ark:/12148/bpt6k5505300s/f460.item
L1912-02743,PLACE:tunis,residence,residence,1,person_entry,resolved,436,https://gallica.bnf.fr/ark:/12148/bpt6k5505300s/f460.item
