entry_id,surname,forenames,name_has_nasab_particle,name_honorific,birth_date_raw,birth_year,birth_place,birth_place_detail,occupation_raw,occupation_categories,occupation_primary,address_raw,city,settled_tunisia_raw,settled_tunisia_year,n_decorations,decoration_orders,has_legion_honneur,has_nichan_iftikhar,education_raw,education_institutions,degrees,career_raw,n_career_positions,works_raw,has_works,deceased_mentioned,n_portraits,n_chars,page_first,ocr_confidence
L1912-00001,ABADIE,Jean,0,,4 sept. 1862,1862,Blaye,Giorni.lt;,"ingénieur civil des Mines. 1S, avenue de Carthage, Tunis. 1"" août 19 01. Ancien chef-adjoint du Service des Mines de la Régence.Ayant obtenu un congé illimité du Ministère des Travaux publics, dirige plusieurs affaires minières à titre d'ingénieur - conseil. A publié, dans « Les Annales des Mines »,",engineering_architecture;mining,engineering_architecture,,Carthage,,,1,nichan_iftikhar,0,1,,,,,0,,0,0,1,430,1,0.8743
L1912-00003,ABDELLI,Ali,0,,1S40,1840,Tunis,,Oukil près les tribunaux tunisiens.,justice_law,justice_law,,Tunis,,,1,nichan_iftikhar,0,1,Université de la Grande Mosquée.,Grande Mosquée,,"khalifa de Muleur (1872), khalifa de Souk-el-Khemis (1872), khalifa du Cap-Bon. de Medjez et el de Zaghouan (1874). Oukil depuis 1886. Auteur d'un ouvrage sur « La littérature arabe » (1889).",4,,0,0,0,340,1,0.8711
L1912-00004,ABDELLI,Mohamed,0,,1879,1879,Oukil près les iriDunaux tunisiens,,"56, r. Sidi-ben-Ârous, Tunis.",justice_law,justice_law,,Tunis,,,0,,0,0,"école coranique Khald'ounia, Université de la Grande Mosquée; diplômé de la Khaldounia en 1901. A, été employé aux Habou's (1901). Oukil depuis 1903. Collaboration à la presse arabe.",Grande Mosquée;Khaldounia,diplome_superieur,,0,,0,0,1,282,1,0.8947
L1912-00006,ABD UL WAHAB,Hassen-I-Iusny,1,,juin 1883,1883,Tunis,,"Interprète à la Direction de l'Agriculture, du Commerce et de la Colonisation, ",administration,administration,"29, rue Abd-ul-Wahab, Tunis",Tunis,,,2,palmes_academiques;nichan_iftikhar,0,1,,Khaldounia,,,0,"«La Domination musulmane en Sicile». Tunis, 1905; étude présentée au xiv Congrès des Orientalistes, Alger; plusieurs éludes et articles parus dans différents journaux français ou arabes. Lauréat des Jeux Floraux, 1903.",1,0,0,609,1,0.9451
L1912-00007,ABEASIS,Isaac,0,,10 juin 1882,1882,Alexandrie,Egypte,"Avocat au Barreau de Tunis, ",justice_law,justice_law,"5, rue Amilcar, Tunis",Tunis,,,0,,0,0,"lycée Carnot et Faculté de droit d'Aix-en-Provence; bachelier es lettres; licencié en droit; diplômé au Concours de Droit international privé et public, Faculté d'Aix, juillet 1902 et juillet 1903.",lycée Carnot;Faculté de droit d'Aix-en-Provence,licence_droit;baccalaureat;diplome_superieur,,0,,0,0,0,320,1,0.9002
L1912-00008,ABEASIS,Moïse,0,,24 août 1856,1856,Alexandrie,Egypte,"Avocat au Barreau de Tunis, ",justice_law,justice_law,"5, rue Amilcar, Tunis",Tunis,,,0,,0,0,"en Italie et à Alexandrie. A été avocat au Tribunal mixte d'Alexandrie jusqu'en 1882; ensuite avocat à Tunis; à différentes reprises, secrétaire de la Chambre des avocats-défenseurs de Tunis.",,,,0,,0,0,0,312,1,0.9128
L1912-00010,ABITA,Joseph,0,,"1"" fév. 1856",1856,Trapani,Sicile,"Entrepreneurs de travaux publics et particuliers, 28. rue de Colmar, Tunis. 1-882. A été success 1 entrepreneur à Or an, A1 g e r, Constantine,Le Caire, Calcutta et Tunis. Membre titul airedu Fourneau; des Pauvres; ^secrétaire abonné de la Société des Courses; t. membre honoraire des Sapeurs - Pompi",industry_crafts,industry_crafts,,Tunis,,,1,nichan_iftikhar,0,1,,,,,0,"la municipalité de 'l'unis, la crèche, la justice de paix de Souk-el-Arba, l'église grecque de Tunis, l'église de Nabeul, la bourse du commerce, une trentaine de grandes maisons de rapport, dont les plus importantes sont : rue Es-Sadikia, maison Piquart, maison de la Société Grenobloise, maison Bruno el maison Cohen; rue d'Angleterre, maison Moreno ; avenue .'Iules-Ferry, maison Baron; rue Thiers, trois maisons Abifa; rue de Naples, trois maisons Abita ; trente villas à Tunis, l'hôtel de la « Dépêche Tunisienne » et autres travaux de transformation.",1,0,1,1263,1,0.9026
L1912-00011,ABRIBAT,Jules-Bernard,0,,1858,1858,Blida',Algérie,"coloniale avec agrafe «Tunisie». Interprète judiciaire près le Tribunal civil d e Tunis. Quartier SansSouci,Tunis ,14 août 1881. ETUD E s : Collège Saint - Charles de Blida; licencié en droit; officier-interprète de 1"" classe de reserve cie i armée a Airique.",administration,administration,,Tunis,,,4,legion_honneur;palmes_academiques;nichan_iftikhar;medaille_coloniale,1,1,,Collège Saint,licence_droit,officier-interprète de l'armée d'Afrique en Algérie el en Tunisie; interprète judiciaire el juge de paix suppléant à Sousse ; interprète judiciaire à Tunis ; ancien membre de la Commission scolaire de Sousse; membre de la Commission d'examens pour les diplômes d'arabe et l'emploi d'interprète judiciaire.,5,"Traduction el annotation du « Recueil de notions de droit riiusulman du Cheikh Eltouati», 1896; «Essai sur. les contrats de quasi-aliénation et de location perpétuelle auxquels l'institution du habous a donné naissance», 1902; « Quelques notes sur les règles du savoir-vivre dans la bonne société musulmane», 1906. A pris part à l'expédition de Tunisie.",1,0,1,1096,2,0.9163
L1912-00016,ADANSON,Jean-Baptiste,0,,1765,1765,La Seyde,,Débuta dans les consulats en 1775; interprète à Alexandrie en 1776 ; mission au Caire en 1780; drogmanchancelier à. Tunis en 1786. Mort- à Tunis en l'an xn.,administration;diplomacy,administration,,Tunis,,,0,,0,0,,,,,0,,0,0,0,197,3,0.8638
L1912-00017,ADDA,Daniel,0,,4 janvier 1865,1865,Constantine,Algérie,"off. d'Acad. D'-médecin, ",medicine_health,medicine_health,"25, av. de Paris, Tunis",Tunis,,,1,nichan_iftikhar,0,1,lycée de Constantine; Faculté de Médecine de Paris et de Bordeaux; médecin-major de 2? classe de réserve.,lycée de Constantine;Faculté de Médecine de Paris et de Bordeaux,,,0,"a fondé, avec la collaboration de son frère, M. le docteur Adda, l'Institut Electro-Médical de Tunis, sur le modèle des grandes cliniques de Paris. Etude sur « Les paralysies localisées dans l'Urémie ».",1,0,0,466,3,0.9301
L1912-00018,ADDA,Meyer,0,,31 déc. 1878,1878,Constantine,Algérie,"Docteur-médecin, ",medicine_health,medicine_health,"25, avenue de Paris, Tunis",Tunis,,,0,,0,0,"lycée de Constantine; Facultés de médecine et des sciences de Bordeaux; externe des hôpitaux de Bordeaux; lauréat de la Faculté de Médecine; médecin colonial de l'Université de Bordeaux; médecin sanitaire maritime; médecin aidé-major de 2* classe ; ancien aide de clinique de M. le professeui Bergoiné, de la Faculté de Bordeaux. Dirige avec son frère, M. le docteur D. Adda, l'Institut Electro-Médical de Tunis. Adel. V. notaire.",lycée de Constantine;Facultés de médecine et des sciences de Bordeaux;Faculté de Médecine;Institut Electro-Médical,,,0,,0,0,0,549,3,0.9383
L1912-00021,ADRAGNA,Giacomo,0,,20 avril 1870,1870,Alcamo,Italie,"Pharmacien de 1"" classe, Kairouan. ",medicine_health,medicine_health,,Kairouan,1902,1902,0,,0,0,"Université de Palerme. « Affiches Tunisiennes » (Les Petites Affiches de la Régence), 16 juin 1899. Tunis; rédaction, 6, rue d'Italie. Journal de publicité générale et spéciale des ventes et achats d'immeubles, fonds de commerce, terrains, etc. Renseignements généraux sur la colonisation en Tunisie. Fondateur-directeur J. Baroche.",,,,0,,0,0,0,433,3,0.9077
L1912-00022,AFRIGAN,Charles,0,,15 avril 1883,1883,,,"Administrateur de la scène du Casino municipal de Tunis, ",administration,administration,"13, avenue dé Paris",Tunis,1893,1893,1,nichan_iftikhar,0,1,,,,"secrétaire-copistebibliothécaire au Théâtre municipal,copiste au Théâtre municipal d'Alger et à l'ancien Théâtre municipal de Tunis (direction Donchet), agent de contentieux, secrétaire-contrôleur général du Théâtre, régisseur général du Palmarium et du Casino du Belvédère. Collaborateur à plusieurs revues et publications artistiques et théâtrales.",2,,0,0,0,523,3,0.9365
L1912-00028,AGNEL,,0,,1875,1875,,,"Sous-chef de bureau à la Direction des Finances, à Tunis. Nov. ",administration,administration,,Tunis,1896,1896,1,nichan_iftikhar,0,1,,,,,0,,0,0,0,106,4,0.929
L1912-00031,AHMED BEN OTHMAN,SI,1,Si,1840,1840,,,"ancien gouverneur militaire et civil de toute la région du Sahel. Si Ahmed ben Olhman se trouva en relations de services avec des personnages comme les généraux Forgemol, Riu, Etienne, les colonels Moulin et Correard, intérimaire du général Riu, etc. Gouverneur de l'Enfida en 1885, poste qu'il occup",military;politics_native_admin,military,,La Marsa,,,3,nichan_iftikhar;osmanie;legion_honneur,1,1,,,,,0,,0,0,0,2182,4,0.9534
L1912-00034,AIACHI,,0,,1873,1873,Sousse,Tunisie,"Avocat au barreau de Sousse, rue d'Angleterre,à Sousse.",justice_law,justice_law,,Sousse,,,0,,0,0,Colle g e Sadikt ; Ecole Normale do Tunis ; Facul lé de droit de Paris; brevet supérieur; brevet d'arabe ;; licencié en droit; lauréat de l'Alliance Française en 1892 (méd a i 11 e d ' a rgent).,Ecole Normale,licence_droit;brevet_superieur,"instituteur à Monaslir (1S93), chargé du cours d'arabe u.u lvcée Carnol t'1.894), secrétaire-interprète à la Direction des Contrôles et de l'Agriculture (:IS!.>5),éliidiant en droit (1896 à. 1898), avocat à Sousse depuis 1S98. Président de la Société de Bienfaisance Musulmane de Sousse; membres du Cercle Tunisien .",7,,0,0,1,631,5,0.8723
L1912-00035,AIGROT,Charles,0,,4 nov. 1S76,1876,Chamblay,Jura,"(Jura), industriel à Kairouan. ",industry_crafts,industry_crafts,,Kairouan,20 janv. 1902,1902,0,,0,0,,,,,0,,0,0,0,386,5,0.9177
L1912-00064,Alaoui,Collège,0,,,,,,"Etablissement d'enseignement situé place aux Chevaux avec annexe rue d'Arles, à Tunis. Fondé en 1884, sur l'initiative du bey Ali et avec les encouragements du Gouvernements français, en vue de la coéducation de la jeunesse indigène et de la jeunesse européenne. Le collège Alaoui comprend : une écol",education_science;administration,education_science,,Tunis,,,2,ouissam_alaouite;palmes_academiques,0,0,,collège Alaoui;école normale,,,0,,0,0,0,726,6,0.9699
L1912-00065,Alaoui,Musée,0,,7 mai 1888,1888,,,"Le musée Alaoui, inauguré le 7 mai 1888 et définitivement ouvert au public le 9 avril 1891, a été installé dans l'ancien harem du bey Mohamed, au palais du Bardo. Il comprend : Au premier étage, un Igrand patio couvert, fort beau avec ses colonnades de marbre et ses pendentifs sculptés, une grande s",,,,,,,1,ouissam_alaouite,0,0,,,,,0,,0,0,0,834,6,0.9277
L1912-00066,ALAPETITE,Gabriel,0,,,,,,"(Gabriel), voir au début de l'ouvrage,",,,,,,,0,,0,0,,,,,0,,0,0,0,48,6,0.9965
L1912-00067,ALBERT,Léon-Auguste,0,,25 déc.1860,1860,Alger,,"coloniale, agrafe «Tunisie». Entreposeur des Monopoles à Gabès. 1881 (pendant l'expédition militaire; engagé volontaire); vice-président du Cercle civil français de Gabès; vice-président de l'Union des Services Financiers à Gabès.",,,,Gabès,,,2,nichan_iftikhar;medaille_coloniale,0,1,,,,,0,,0,0,0,307,7,0.969
L1912-00068,ALBERTINI,,0,,15 déc. 1858,1858,Vescovato,Corse,"Lieutenant des Douanes à Sfax. 27 juillet 1881 (pour l'expédition, comme volontaire). Lieutenant de réserve au 4° zouaves. Arrivé en Tunisie en 1881, en qualité de sousofficier du 55"" de ligne, a pris part à toute l'expédition (colonne Logerol); en 1892, est passé aux compagnies mixtes ; a pris part",military,military,,Sfax,,,4,legion_honneur;medaille_militaire;medaille_coloniale;nichan_iftikhar,1,1,,,,,0,,0,0,1,558,7,0.9176
L1912-00069,ALBERTINI,Paul,0,,14 déc. 1865,1865,Casa,,Commissaire de police (au titre français) à Tunis. ,,,,Tunis,16 mars 1908,1908,2,palmes_academiques;nichan_iftikhar,0,1,Collège d'Aiuccio.,Collège d'Aiuccio,,,0,,0,0,0,203,7,0.897
L1912-00070,ALBOUY,,0,,1863,1863,,,"officier du Niclia.n-IJ'likhar. Ingénieuradjoinl à la Direction générale des Travaux publics, attaché au Service des Chemins de fer. Tunis. Entré dans l'Administra lion en 1900.",military;engineering_architecture;transport_maritime,military,,Tunis,,,1,palmes_academiques,0,0,,,,,0,,0,0,0,212,7,0.9318
L1912-00071,ALESSANDRI,Pierre,0,,186S,1868,Coggia,Corse,chev. du Cambodge. Receveur des Postes et Télégraphes à Ferryville. ,administration,administration,,Ferryville,1889,1889,1,nichan_iftikhar,0,1,,,diplome_superieur,,0,,0,0,1,306,7,0.9371
L1912-00072,ALESSANDRO',,0,,19 oc,1906,,,"d'Italie, ancien rédac.-cheî du journal «LaPatria». Directeur d'école italienne. Ancien Rédacteur à «Fra Melitone» et ancien Rédacteur en chef du journal « l'Unione », 1"" déc. ",education_science;press_letters_arts,education_science,,,1889,1889,2,palmes_academiques;couronne_italie,0,0,,,,,0,,0,0,0,294,7,0.9101
L1912-00074,Algérienne,L',0,,mai 1902,1902,But : amical et mutuel,,"135 membres. MM. Schuh, prés.; Saint-Paul et Zeller, v.-prés.; Aire,secr.; Guichard.secr. adj.; Castagne, très.; Gaspari, très, adj.; Leclerc, Favier, Berger, Cesario, Burgod, memb. Ancien et premier présidelnt"" : M. Arnoux, vice-président de la Municipalité de Bizerte.",,,,Bizerte,,,0,,0,0,,,,,0,,0,0,0,333,8,0.9329
L1912-00075,Algérienne,L,0,,1903,1903,Local à la Brasserie Maxéville,,"But : aide morale. 350 membres. MM. Bouyac, prés.: Famelart et J. Barlier, v.-prés.; Wiéber, secr.; Chauve, secr.-adj.; Charles, très.; Bayard, 1res.-adj.; Jeancolas, Bonifay, Carraud el Dimayo, membres. Anciens présidents : MM. Homberger, de Salamcourl el J. Canal.",,,,Tunis,,,0,,0,0,,,,,0,,0,0,0,330,8,0.9111
L1912-00076,ALI-BEY,,0,Bey,,,,,"de la dynastie husseïnjle, bey de Tunis, régna de 1759 à 1781; il était l'un des trois fils de Hussein ben Ali, fondateur de la dynastie.",,,,Tunis,,,0,,0,0,,,,,0,,0,0,0,146,8,0.9573
L1912-00077,ALI-BEY,,0,Bey,,,,,"de la dynastie husseïnile, bey de Tunis, régna de 18S2 à 1902. 11 était le frère de Sadok-Bey, qui signa avec la France le traité du Bardo. Le S juin 1883, étant devenu bey, il signa une convention supplémentaire au traité du Bardo, relative aux pouvoirs du Gouvernement français dans la Régence. Par",,,,Tunis,,,0,,0,0,,,,,0,,0,0,0,460,8,0.9731
L1912-00080,ALIS,Joseph-Pierre-François,0,,3 déc. 1880,1880,Sigean,Aude,Instituteur à Tunis. ,education_science,education_science,,Tunis,20 oct. 1897,1897,1,nichan_iftikhar,0,1,école primaire supérieure de Limoux (Aude); école normale de Tunis; brevet supérieur. Ancien directeur d'école à Pichon.,école normale,brevet_superieur,,0,,0,0,0,223,9,0.907
L1912-00081,ALIX,Ernest-Adolphe,0,,28 fév. 18S0,1880,Savigny-en-Revermont,Saône-et-Loire,Directeur de l'école franco-arabe du Kef. ,,,,,2 nov. 1902,1902,1,nichan_iftikhar,0,1,école normale de Mâcon; brevet supérieur; certificat d'aptitude pédagogique ; brevet d'arabe.,école normale,brevet_superieur;certificat,chargé de l'enseignement des lettres à l'école primaire supérieure de Bizerte et professeur de français et d'arabe à l'école primaire supérieure de Sousse ; président du Comité régional de l'Amicale de l'Enseignement primaire; ancien trésorier du Cercle sousslen de la Ligue de l'Enseignement.,3,,0,0,0,565,9,0.9357
L1912-00082,ALIX,Jacques-Marie-Auguste,0,,24 septembre 1S60,1860,Tervay,Jura,Professeur de seconde (T'IeUres) au lycée Carnot. Oct. ,education_science,education_science,,Tunis,1887,1887,2,palmes_academiques;nichan_iftikhar,0,1,,lycée Carnot,agregation,,0,,0,0,0,260,9,0.9066
L1912-00083,ALLEMAND,Antoine,0,,18 avril 1876,1876,Lyon,Rhône,Professeur au collège de Blois sous - directeur du Laboratoire de Biologie marine de Sfax. Nov. ,education_science,education_science,,Sfax,1900,1900,4,palmes_academiques;nichan_iftikhar;medaille_coloniale;ouissam_alaouite,0,1,"lycée Ampère, de Lyon; ancien élève boursier de la Faculté des Sciences de Lyon et de 1' enseignement colonial de la Chambre de Commerce de Lyon; bachelier de renseignement secondaire classique ; licencié es sciences naturelles ; certificat P. C. N. (études physiques, chimiques et naturelles); doctorat es sciences naturelles; préparateur à la Faculté des Sciences de Lyon (1900); détaché en Tunisie.",lycée Ampère;Faculté des Sciences de Lyon et de 1' enseignement colonial;Faculté des Sciences de Lyon (1900);collège de Blois,baccalaureat;certificat,"préparateur et chef de laboratoire à l'Institut Pasleur de Tunis; sous-directeur du laboratoire maritime de Sfax; professeur au collège Sadiki de Tunis, professeur au collège de Mauriac (Cantal); membre de l'Institut de Carthage et la Société de Géographie commerciale de Paris.",4,"élude sur les jardins royaux; étu:le sur le Cap-Bon; étude sur les îles de Kerkenna; étude de physiologie appliquée à la spongiculture sur les côtes de Tunisie; communications à l'Association française pour l'Avancement des Sciences sur la Géologie du Cap-Bon el sur l'acclimalalion et le transport des éponges à grandes dislances. Deux médailles d'or à l'Exposition coloniale de Marseille 1906. « Alliance Française » (Comité régional tunisien de L'), association nationale pour la propagation de la langue française dans les colonies et à l'étranger. Reconnue d'utilité publique. Fondation de la Société, à Paris, 21 juillet 1883, dans une réunion où assistaient MM. Paul Bert, Paul Cambon, Foncin, Machuel, Melon, Meyrargues. Création en 1884, à Tunis, d'un Comité provisoire : MM. Paul Cabon,prés.; Machuel, v.-prés.; constitution de la Société le 10 février 1885. Comité définitif élu le ""11 mars 1885; MM. Paul Cambon, prés.; Machuel, v.-prés.; Patin, Coyne, Chapelié.Alata, Durmeyer, Cazaniol.Dausbourg, général Boulanger, Pontois, Bonner, Mohamed Djellouli, Amor ben Barkal, Mohamed Delladji, A. Ventre. Moniels, Royaumont, memb. Création des Comités locaux en 1887. Siège social : à l'origine, Résidence Générale ; dans la suite, Contrôle civil de Tunis. But : 1° dans nos colonies et dans les pays de protectorat, faire connaître et aimer notre langue; 2"" partout ailleurs, entrer en relations avec les groupes de Français établis à l'étranger, avec les amis de la langue et de la littérature françaises; seconder, soit dans le Levant, soit dans les contrées encore barbares, les missionnaires français des divers cultes ou les maîtres laïques français, pour la fondation et l'entretien d'écoles de langue française. A l'origine, le Comité régional comptait 243 membres, dont 4 fondateurs; actuellement, il compte 12 membres perpétuels et 227 membres annuels. La Société mère compte actuellement plus de 50.000 adhérents sur tous les points du globe. Le Comité régional tunisien est ainsi composé, sous le haut patronage de S. A. Naceur Bey et M. Alapetite, résident général de la République française : Présidents d'honneur : MM. Roy, Ministre plénipotentiaire, secrétaire général du Gouvernement-tunisien pour la Justice, Blanc, secrétaire .général du Gouvernement tunisien; général Pistor, commandant la Division d'Occupation; Machuel, directeur général honoraire de l'Enseignement public; Charléty, directeur général de l'Enseignement public; Si Sadok Ghileb, président de la Municipalité; Proust et Dumergue, viceprésidents de la Municipalité. Président : M. Dumas, président du Tribunal de Première instance. Vice-présidents : M"" Roy, directrice 1(1 ATT. — AMA des études à l'école Jules-Ferry; MM. Buisson, directeur honoraire de l'Enseignement primaire; Communaux, délégué à la Conférence Consultative; Lecore-Carpentier, directeur de « la Dépêche Tunisienne », délégué à la Conférence Consultative ; Tremsal, chef du cabinet du directeur de l'Enseignement; Secrétaire général : M. Bigot, professeur agrégé au lycée Carnot. Secrétaire-adjoint : M.Vermillet,sculpleur. Trésorier : M. Purtschet, économe du col lège Alaoui. Bibliothécaire-archiviste . M. Duffau, chef de bureau à la Dire-> lion de l'Enseignement. Délégués à. la propagande : MM. Bach 1-Iamba, directeur du « Tunisien », Hadj Ali be;i Amor, Marcel Cauwel, rédacteur e;. 1 chef du « Défenseur », Mardoché Smau ja, directeur de « la Justice ». Membres du Comité directeur : MM. Baille, inspecteur de l'Enseignement primaire ; Bessière, avocat-défenseur ; Danguin, propriétaire'; Durel, professeur au Lycée Carnot; Fretin, professeur au Lycée Carnot; Gueydan, avocat-défenseur; Laclotte, Lafforgue, Lubac, professeurs au Lycée Carnot; Mossô, avocat ; Nicolas Louis, imprimeur ; Puaux, secrétaire d'ambassade, chef de cabinet du Résident général; Rénxy, administrateur de la Liste civile de S. • A. le Bey; Sitruck Victor, secrétaire d'avocat; Zuretti, membre de la Conférence' Consultative. Anciens présidents : MM. Paul Cambon, Massicault, les présidents Fabry et Berge. fondation de la première bibliothèque populaire en Tunisie (Bibliothèque populaire de Tunis, 1887); entretien de l'oeuvre des cantines scolaires à l'aide du produit des cotisations et des fêtes de bienfaisance; organisation de cours du soir destinés aux adultes; encouragement aux élèves indigènes ou étrangers qui font le plus de progrès dans la connaissance pratique du français; subventions aux bibliothèques populaires, aux écoles indigènes; dons aux élèves indigents de fournitures scolaires,livres,vêtements et chaussures. Le Comité régional a obtenu comme récompense plusieurs médailles et diplômes. « Alliance Française » (Comité régional sfaxien de L'), filiale de l'Alliance Française de Paris. Créée en 1892, fut réorganisée- en 1900. Siège social à la Municipalité, 70 membres. MM. Bureau, prés.; Laffont, v.-prés.; Rivollet, secr.; Audibert, très.; M"""" Lamotte, Mollard, Bureau, MM. Mollard, Bena memb. Anciens présidents : de l'Espinasse-Langeac, président lors de la création; Dufetel, président lors de la mort de ce dernier, en 1904 et Gau. a distribué plusieurs milliers de francs pour achats de livres classiques pour les écoles de Sfax: a fait donner quelques conférences.",1,0,1,6193,9,0.9242
L1912-00089,AMAT J.-C.) 1856,,0,,,,,,"Vérificateur en chef, chef du Service des Poids et Mesures à Tunis. Janv,.",administration,administration,,Tunis,1895,1895,1,nichan_iftikhar,0,1,,,,"professeur au collège de M o s t a g anem, vérificateur des Poids et Mesures à . Constantine, vice - président de la Société française de bienfaisance.",2,a créé le Service de la Vérification en Tunisie,1,0,0,378,11,0.9286
L1912-00092,AMURATH,,0,,1700,1700,,,"bey de Tunis de 1700 h 1702, mourut assassiné par Ibrahim, le S juin 1702, près de Béja.",,,,Tunis,,,0,,0,0,,,,,0,,0,0,0,97,11,0.8593
L1912-00093,ANAGNOSTAKI,André,0,,25 déc. 1865,1865,Athènes,Grèce,d'Honneur. ,,,"1, rue Léon-Roches, Tunis",Tunis,1890,1890,1,legion_honneur,1,0,"Facultés d'Athènes el de Lvon; docteur en médecine; médecin de colonisation à Tozeur de 1892 à. 1899, puis médecin à Tunis; médecin de l'Union des Employés des Services Financiers. A combattu le choléra du Djerid",,doctorat_medecine,,0,,0,0,0,346,11,0.9037
L1912-00094,ANCONA,Ginseppe D',0,,7 mars 1867,1867,Pa,,"ntella.ria (Italie). Docteur es sciences naturelles et pharmacien. Rue d'Angleterre, 16. et avenue de France, 14, Tunis. ",medicine_health,medicine_health,,Tunis,3 oct. 1900,1900,0,,0,0,Gimnasium-lycée de Trapani et Université de Païenne ; docteur es sciences naturelles (1892) et. pharmacien (1896). Président de la Société filodrnmatique «L'Avvenire. »,lycée de Trapani,,,0,,0,0,0,349,11,0.8474
L1912-00095,AND RE AU,Georges,0,,16 nov. 1871,1871,Toulouse,,"Rue Courbet. Tunis. 1896. Entrepreneur du service du couchage militaire, entreprise de couchage des écoles et lycées;.entrepreneur de tapisserie des administrations de Tunis.",industry_crafts,industry_crafts,,Tunis,,,0,,0,0,,,,,0,,0,0,0,219,11,0.9468
L1912-00096,ANDRÉ,Louis,0,,5 nov. 1872,1872,Paris,,Professeur de seofiôme au lycée Carnot. Oct. ,education_science,education_science,,Tunis,1899,1899,2,palmes_academiques;nichan_iftikhar,0,1,,lycée Carnot;collège de Galllac;lycée de Tunis,baccalaureat,,0,,0,0,0,380,11,0.902
L1912-00097,ANDREANI,Philippe-Toussaint,0,,26 mai 1876,1876,Vico,Corse,"Collecteur aux Contributions diverses, ",,,"5, rue de Tripoli, Tunis",Tunis,1903,1903,0,,0,0,,,,,0,,0,0,0,197,12,0.8856
L1912-00098,ANGELOTTI,Albert,0,,20 avril 1880,1880,,,"Avocat au barreau de Tunis, 22 av. de France, Tunis. ",justice_law,justice_law,,Tunis,1886,1886,1,nichan_iftikhar,0,1,"Lycée Victor-Emmanuel II. Université de Naples et Ecole des Hautes Etudes sociales et diplomatiques. Bachelier es lettres et sciences, licencié en droit, docteur en droit, diplôme des Hautes Etudes consulaires"" et diplomatiques. Co-directeur du «Risveglio».",Lycée Victor-Emmanuel;Ecole des Hautes,licence_droit;doctorat_droit;baccalaureat;diplome_superieur,,0,,0,0,0,385,12,0.9259
L1912-00099,ANGLADE,Louis-Guillaume,0,,14 nov. 1851,1851,Rodez,Aveyron,Ingénieur des Ponts et Chaussées à Bizerte. Janv. ,engineering_architecture,engineering_architecture,,Bizerte,1899,1899,2,palmes_academiques;nichan_iftikhar,0,1,école normale et lycée de Rodez ; bachelier d e l'enseignement secondaire spécial; officier d'administration princi - pal du génie de la. territoriale : chef du service de l'arrondissement des Ponts el Chaussées de Bizerte ; vice-président de la Société de Bienfaisance de Bizerte. TRAVAUX de chemins de fer en France el. en Espagne ; travaux et éludes de toute nature en Tunisie. Mention honorable à l'Exposition de 18S9.,école normale;lycée de Rodez,baccalaureat,,0,,0,0,1,595,12,0.8825
L1912-00103,Annual,L',0,,,,,,"Annuaire-dictionnaire universel de l'Industrie automobile, 20. rue Durét, Paris, téléph. 676.02. Grand 'PrixExposition de Milan 1906 ; hors concours Exposition Paris-Vincennes 1907. Administrateur, M. Hubert Baudry.",administration,administration,,,,,0,,0,0,,,,,0,,0,0,0,228,12,0.8973
L1912-00104,ANSELME,Philippe D',0,,30 août 1S64,1864,Voreppe,Isère,"installé au Bardo, dans l'ancien harem du bey Mohamed, comprend actuellement dix-huit salles d'art antique et neuf d'art arabe. 11 a été créé par décret du 25 mars 1SS5 et doté de la personnalité civile le 19 avril 1907. Ce musée est ouvert tous les jours, sauf le lundi : le matin, de neuf heures et",military;education_science;administration,military,"73, rue de l'Eglise (anciennement rue des Selliers, 66) est une adm",Tunis,,,3,legion_honneur;palmes_academiques;ouissam_alaouite,1,0,,,agregation,,0,,0,0,0,8752,12,0.9505
L1912-00105,ANTERRIEU,Auguste,0,,14 mai 1862,1862,Gigean,Hérault,"(Hérault), conseiller à la Cour d'appel de Riom.",justice_law,justice_law,,,,,0,,0,0,,,,"avocat,18S4; attaché à. Saigon, 24 nov. 93;4 juge suppléant, 17 mai 1S95; substitut à Saigon, août 1S95; juge président à Beutré, nov. 1895; lieutenant-juge à Mytho, 20 fêv. 1896; juge à Saigon, mars 96; juge président à Vinli-I-long, mai 96; vice-président du Tribunal mixte à Tunis, 11 juin 1896; juge à Tunis, 17 mars 1899; jirésiclent du Tribunal mixte, avril 1896. Conseiller à la Cour d'appel de Riom.",13,,0,0,0,508,14,0.8558
L1912-00106,ANTOINE,,0,,1857,1857,,,Contrôleur principal des Monopoles à Tunis. Déc. ,administration,administration,,Tunis,1890,1890,4,legion_honneur;medaille_militaire;nichan_iftikhar;medaille_coloniale,1,1,,,,,0,,0,0,0,163,14,0.9194
L1912-00107,ANTONINI,César,0,,25 juin 1870,1870,Caggia,Corse,"Commissaire de police chargé de la banlieue, 3S, rue de Colniar, Tunis. ",administration,administration,,Tunis,22 sept. 1894,1894,0,,0,0,,,,,0,,0,0,0,546,14,0.9209
L1912-00120,ARÈNE,Félicien-César-Calixte,0,,1863,1863,Aix-en-Provence,,"- Iftikhar, médaille de bronze de la Mutualité. Inspecteur des Postes et des Télégraphes, ",administration,administration,"36, rue Sidi-Sifiane, Tunis, Juin 1899",Tunis,,,2,merite_agricole;nichan_iftikhar,0,1,"Collège Bourbon d'Aixen-Provencé, aujourd'hui lycée Mignet. Pay e u r particulier au service cte la Trésorerie et, ces Postes aux Armées. ^",Collège Bourbon;lycée Mignet,,": surnuméraire a Paris, commis à. Paris, rédacteur à. la Direction de la Caisse Nationale d'Epargne à Paris, breveté de l'Ecole Professioiineille Supérieure des Postes iol Télégraphes, inspecteur à. Tunis. Vice-président d'honneur de l'Association Amicale des Employés français de l'Office Postal Tunisien. Membre clu Conseil d'administration de l'Assista nce Mutuel]» Tunisienne.'fRAVAUx : a professé pendant deux, ans la géographie à l'Association Philoroatiqne de Paris (préparation de candidats el candidates aux concours d'entrée aux Postes et Télégraphes); a obtenu une Médaille de bronze de l'Association.",7,,0,0,1,1044,26,0.9025
L1912-00121,ARGOUD,Léon-Louis,0,,avr. 1S69,1869,L'Al ben c,,"Commis-greffier titulaire à la. Justice de Paix du canton Nord de Tunis; arbitreexpert près les Tribunaux de Tunis, 70, boul. de Paris, Tunis.",justice_law;administration,justice_law,,Tunis,,,1,nichan_iftikhar,0,1,"Ecole Professionnelle Vaucauson, à Grenoble (Isère). Ancien principal clerc de notaire et ancien huissier.",,,,0,,0,0,0,375,26,0.9198
L1912-00123,ARMAND,André-Alphonse,0,,20 août 1854,1854,Saint-Montant,Ardèche,"Médaille du Tonkin. chev. du Dragon de l'Annam, chev. du Cambodge, off. du Nichan-Iftikhar. Sous-in tendant militaire de 2"" cl., à Bizerte. ",,,,Bizerte,8 août 1890,1890,2,legion_honneur;nichan_iftikhar,1,1,"collège d'Orange; bachelier de l'Enseignement secondaire spécial; engagé volontaire le 15 mai 1873; officier d'administration de 3* cl. le 14 avril 1S79. 26 campagnes : Algérie, du 19 mai 1883 au 21 mai 1887; Tonkin. de 18S7 à. 1890; Tunisie, du S août 1890 au 11 janv. 19Ô5; S avril 1897 au 11 fév. 1902; 23 juillet 1902 au 11 mars 1906; 7 août 1907 à ce jour.-",collège d'Orange,baccalaureat,,0,,0,0,0,617,26,0.8522
L1912-00124,ARMAND,André-Ernest-Emile,0,,11 mars 1874,1874,,,"médaille d'honneur de la Mutualité, Contrôleur civil suppléant à Grombalia et vice-consul de France. SUCCESS 1 : ancien secrétaire-adjoint de commune mixte en Algérie; secrétaire de 2° cl. au Contrôle civil à Gabès. ",administration;diplomacy,administration,,Grombalia,30 juin 1896,1896,2,merite_agricole;nichan_iftikhar,0,1,,,,,0,,0,0,0,791,26,0.8309
L1912-00127,ARNOL,Clément,0,,31 août 1853,1853,Domène,Isère,"Huissier près les tribunaux de l'ordre judiciaire à Tunis, rue d'Athènes. ",justice_law,justice_law,,Tunis,20 avril 1883,1883,0,,0,0,,,,,0,,0,0,0,210,31,0.8483
L1912-00128,ARNOULD,Louis-Victorien-Alexandre,0,,23 mars 1887,1887,Philippeville,Algérie,"Professeur de français à l'École Royale Italienne Giovanni Meli, à l'Ecole Umborlo Primo, répétiteur stagiaire au lycée Carnot, ",education_science,education_science,"22, avenue de France, Tunis, 9 mars 1904",Tunis,,,0,,0,0,,lycée Carnot,,,0,"fondateur et rédacteur en chef cle la revue de lettres ut d'art «Tanit»; ex-reporter à «la. Tunisie Française/»; collaborateur à la revue défunte «la Nouvelle Aurore» el à « l'Orientale ». Conférence sur ta Symbolisme en France et sur Victor Mirbeau. Livres en préparation : « Le Puits mystique » (poème), « L'Anneau » (draine symphonique en trois actes, en collaboration avec M. Charles Saumagne), «La Tour cle Babel», grand roman de moeurs tunisiennes (les deux premiers sont achevés.)",1,0,0,848,31,0.9182
L1912-00129,ARNOUX,Jules,0,,,,,,"Négociant, roule de Mateur. Bizerle. Vice-président délégué de la Municipalité cle Bizerte.",commerce,commerce,,Bizerte,,,3,palmes_academiques;merite_agricole;nichan_iftikhar,0,1,,,,,0,,0,0,0,196,31,0.9852
L1912-00130,ARRAGON,Henri,0,,1860,1860,Paris,vu* arr.,"Coloniale avec agrafe «Algérie», off. du Cambodge, chev. du Dragon de l'Annam, officier de l'Instruction publique de Perse, médaille de bronze de la Mutualité, docteur-médecin, membre de la Conférence Consultative (2° cire, 3eColl.). Dar-el-Louisa-, av. de France, Bizerte. Oct. ",medicine_health;politics_native_admin;diplomacy,medicine_health,,Bizerte,1901,1901,5,legion_honneur;palmes_academiques;merite_agricole;nichan_iftikhar;medaille_coloniale,1,1,"lycée Henri IV, Paris; Faculté cle Médecine et cle Droit de Paris; Ecole de Santé militaire du Val-deGi-âOB. Docteur en médecine ; licencié en droit; 17 prix et 49 accessits au lycée; médaille de bronze des thèses,18S3; médaille d'argent cle l'Académie de Médecine (vaccin). Médecin-major de 1"" cl. en retraite (1"" août 1906) et de réserve; président cle l'Union cle défense des Intérêts de la Régence de Bizerle; publiciste; campagnes du Tonkin, 1887-1889; du Sud-Oranais, 1889-1891, et enfin Tunisie.",lycée Henri;Ecole de Santé,licence_droit;doctorat_medecine,,0,"nombreuses conférences sur l'hygiène, l'économie politique, la mutualité, la défense des intérêts da Bizerte; membre fondateur de l'Association française de chirurgie; 1° étude sur les agiomes des muqueuses; rapprochement de leurs lésions cle celles clu purpura hémorragique («Archives de Physiologie normale et pathologique, n° 7, 1"" oct. 1883); 2° du pansement des plaies en général et des plaies confuses en particulier, avec la décoction de racines de valériane («Congrès français de Chirurgie», t. I"", 1884); 3° mémoire sur deux cas inconnus d'anomalies dentaires («Bulletin de l'Académie cle Médecine», t. X(V, 2"" série, 40* année, 1S85); pièce déposée au musée du Val-de-Grâce ; 4* observations sur le traitement des pieds bols («Congrès cle Chirurgie», 1886); 5"" sur deux cas d'empoisonnement par baies de belladone («Archives du Ministère de la Guerre», 1894); 6° rapport sur 3.000 vaccinations dans le Sud-Oranais, chez les tribus nomades des Hamyane (médaille d'argent cle l'Académie cle Médecine, 1891); 7"" fractures multiples par l'éclatement des os du crâne et. fracture indirecte médiane par écarlemenl brusque des deux branches du maxillaire inférieur (pur balle du fusil modèle 18S6); étude de la fracture perpendiculaire à l'axe du rocher («Archives du Ministère de la Guerre», 1895, el «Congrès français de Chirurgie», 1895, t. IX); 8"" nouveau traitement cle la pelade par les pulvérisa? lions d'él-her ou le mélange cle chlorure d'élbyle et d'oxyde de méthyle, 1897 («Bulletin cle l'Académie cle Médecine», 53' annôe,séance du 8 janvier); 9° Plombiëres-les-Bains, monographie, indiquée au t. XII, «Travaux scientifiques des Archives cle Médecine et cle Pharmacie milil,aires»,1903,février); 10° la caserne hygiénique (béton armé, syslôem Hennebique, el Porphylorilhe, juin 1903, indiqué aux «Travaux scientifiques des Archives de Médecine et cle Pharmacie militaire», t. XII; 11° nombreuses publications dans la «Dépêche Coloniale» touchant les colonies et la Tunisie et spécialement la région cle Bizerle.",1,0,1,3010,31,0.9249
L1912-00134,ASPERGÉS,Pierre,0,,12 fév. 1862,1862,Toulouse,I-I.-Gar.,"Professeur de coiffure, av. de Carthage, 3: 13 janvier 1893. Coiffeur du théâtre municipal. Membre de Comités de sociélés diverses; médailles aux concours cle coiffure.",education_science;industry_crafts,education_science,,Carthage,,,1,nichan_iftikhar,0,1,,,,,0,,0,0,0,246,32,0.9067
L1912-00168,ASTOIN-SIELGE,Joseph-Charles,0,,,,,,"(Joseph-Charles). Vice-consul de France, gérant du Consulat de France à Tunis du 12 sept. 1814 au 17 août 1815.",diplomacy,diplomacy,,Tunis,,,0,,0,0,,,,,0,,0,0,0,125,39,0.88
L1912-00170,ATGER,François-Emile,0,,"1"" mars 1834",1834,Saint-Jean-du-Gard,,"Pasteur de l'Eglise réformée de France, ancien missionnaire en Océanie.",religion,religion,,,,,2,palmes_academiques;osmanie,0,0,Faculté de théologie protestante de Afontauban; bachelier es lettres et bachelier en théologie.,Faculté de théologie protestante de Afontauban,baccalaureat,"pasteur à Avôze (Gard) pendant cinq ans, puis missionnaire en Ocôanie, à Tahiti, pendant sept ans; ensuite pasteur au Vans (Ardèche), Puylaurens (Tarn), Bourges (Cher) et Sauve (Gard). Prit sa retraite en 1897 et se retira en Tunisie; décédé à Bir-M'cherga; inhumé à Tunis le 17 déc. 1909.",5,,0,1,0,558,39,0.9235
L1912-00171,ATHENOSY,Lucien-Henri,0,,1852,1852,Cavaillon,Vaucluse,Pharmacien à Kairouan. ,medicine_health,medicine_health,,Kairouan,13 juillet 1881,1881,1,nichan_iftikhar,0,1,"lycée de Toumon; école de pharmacie de Montpellier. Ancien vice-président cle la Alunicipalité de Kairouan el ancien membre de la Conférence Consultative. Propagation de la pharmacie, des soins médicaux,de l'hygiène, de la vaccination parmi les indigènes.",lycée de Toumon;école de pharmacie,,,0,,0,0,0,384,39,0.9485
L1912-00172,ATTIA,G.,0,,4 sept. 1864,1864,Tunis,,"Propriétaire, direc,eur d'assuranses à Tunis, ",,,"5, passage de Paris, et villa G",Tunis,,,4,legion_honneur;couronne_italie;palmes_academiques;medjidie,1,0,"à Tunis et à Livoume (Toscane). Conseiller municipal de Tunis pendant six ans (démissionnaire en 1902); président de la Chambre de Commerce Italienne; président du conseil d'administration et directeur du journal «L'Unione»; administrateur cle la Banque Commerciale Tunisienne; vice-président du Comité d'Hivernage de Tunis et cle la Tunisie; inspecteur et directeur pour la Tunisie de la Compagnie d'assurances «Le Monde», vie et incendie, • el cle la Compagnie «Le Patrimoine», accidents; administrateur de la Compagnie des Thermes et clu Domaine de Korbous; administrateur cle la. Société cle l'Imprimerie Rapide cle Tunis; président de la Compagnie des Phosphates â'Aïn-Taga et Bou-Gamouche.",,,,0,,0,0,0,969,40,0.9498
L1912-00173,AUBERT,Godefroy,0,,,,,,"Croix de Guadalupe (Mexique). Rentier,",military;administration;politics_native_admin,military,"8,rue de Hollande,Tunis",Tunis,1899,1899,1,medaille_militaire,0,0,,,,,0,,0,0,0,350,40,0.9596
L1912-00174,AUBRY,Paul-Alexandre,0,,,,,,"(Paul-Alexandre), 22 avril 187(5, Presse (Haute-Saône). Commis des Postes. ",administration,administration,"50, avenue de Carthage, Tunis",Carthage,4 nov. 1897,1897,0,,0,0,,,,,0,,0,0,0,220,40,0.868
L1912-00175,AUCOUTURIER,Etienne,0,,17 mars 1867,1867,,,"(Etienne), 17 mars 1867, Commenlry (Allier), off. du NichanIftikhar. Industriel, ",industry_crafts,industry_crafts,"7, rue Léon-Roches, Tunis",Tunis,11 oct. 1901,1901,0,,0,0,°Ecole primaire supérieure et Ecole professionnelle de Commentry.,,,dessinateur aux ateliers de construction de Comînemlry-Fourclihambault ; chef mécanicien chemin de fer du Nord; industriel à Tunis.,3,"installation cle lumière électrique dans les immeubles : Direction des services clu B.-G., 250 lampes; Direction générale des Finances, 550 lampes; immeuble Piquarl, 600 lampes. Concessionnaire de l'éclairage municipal cle la vile d'Aïn-Beïda, usine de 150 chevaux, 2.000 lampes. Concours de Tunis 1907, Grand Prix, Diplôme d'honneur. Premier Prix, Médaille d'argent grand module, la plus haute récompense pour la section Electricité.",1,0,1,795,40,0.9215
L1912-00176,AUDEMARD,Barthélémy-Julien,0,,22 déc. 1851,1851,Trans,Var,"Agricole, off. du NichanIftikhar. Janv. ",commerce;hospitality_services,commerce,,,1874,1874,2,palmes_academiques;merite_agricole,0,0,,,,,0,,0,0,0,411,40,0.917
L1912-00177,AUDINEAU,Louis,0,,15 mars 1872,1872,Bordeaux,,"Architecte, ",engineering_architecture,engineering_architecture,"37, rue Jean-Le-Vacher, Tunis Mars 1900",Tunis,,,1,nichan_iftikhar,0,1,,,,,0,,0,0,0,275,40,0.902
L1912-00178,AUGIAS,Lôon-Tliéoplijile-AQexandre,0,,22 janv. 1880,1880,Alilan,Italie,"(Italie), off. ct'Acad., Nictiun-iriikhar. Attaché à la Direction Services J u d iciaires Oct. ",,,,,1890,1890,1,ouissam_alaouite,0,0,"collège Alaoui cle Tunis; diplôme supérieur cl ' a r a b e el de traduction Seul candideI admis au concours du Commissariat, d u Gouvernement tunisien près 1 es tribunaux tunisiens (juin 1907). SUCCESS-': secrélaire-in iev-. prèle au bureau des Domaines à Tunis; officier-interprète de 2° classe au Service des Affaires Indigènes cle Tunisie ; sous-chef cle bureau au Gouvernement Tunisien, fions de chef clu cabinet du Directeur des Services Judiciaires. Président de l'Association amicale des Anciens Elèves du Collège Alaoui cle Tunis.",collège Alaoui,diplome_superieur,,0,"traduction du « Lamyet el Djo.umal (traité sur la syntaxe des .propositions, clu Cheikh Ef'Modjerady, fasc. chez Leroux, Paris; traduction du «Kal'y» '(traité de prosodie arabe), en cours de publication.",1,0,1,921,40,0.9192
L1912-00180,AUNIS,,0,,1869,1869,,,professeur d'histoire el de géographie au lycée Carnot. Entré dans renseignement en 1894.,education_science,education_science,,,,,1,nichan_iftikhar,0,1,,lycée Carnot,,,0,,0,0,0,142,41,0.9238
L1912-00181,AURANGE,,0,,1879,1879,,,"Commis des Postes et Télégraphes, Tunis. Entré clans l'administration en 1897. Secrétaire cle l'Association générale du Personnel français cle l'Office poslal tunisien.",military;administration,military,,Tunis,,,0,,0,0,,,,,0,,0,0,0,184,41,0.94
L1912-00182,AURBACHER,François,0,,,,,,"Négociant, agent maritime acconier à Sfax. Importation el exportation. Eponges en gros. Dépositaire de la Maison M. Muriel, de Marseille.",commerce;transport_maritime,commerce,,Tunis,,,1,nichan_iftikhar,0,1,,,,,0,,0,0,0,191,41,0.9404
L1912-00183,AURÈS,Paul,0,,22 février 1873,1873,Valleranges,Gard,"chargé cle renseignement de la gymnastique à l'Ecole normale, ",,,"20, rue d'Angleterre, Tunis",Tunis,16 oct. 1892,1892,3,palmes_academiques;nichan_iftikhar;ouissam_alaouite,0,1,"Ecole normale cle Nîmes; brevet supérieur ; délégué au Conseil cle l'Instruction publique de 1904 à 1907. L'un des fondateurs cle la « Petite Histoire de France et do l'Afrique du Nord» (2 vol., chez Del a grange); conférences; lauréat do la. Ligue de l'Enseignement (médaille de bronze).",Ecole normale;collège Alaoui,brevet_superieur,,0,,0,0,1,552,41,0.8458
L1912-00184,AUSSENAC,,0,,1874,1874,,,Conducteur des Pont et Chaussées; chef de bureau du 2° arrondissement cle la construction des chemins cle 1er. Sousse 16 nov. ,administration,administration,,Sousse,1906,1906,1,palmes_academiques,0,0,,,,,0,,0,0,0,164,41,0.891
L1912-00186,AUVIN,Pierre,0,,3 janvier 1861,1861,Ruffec,Charente,"Représentant de commerce, rue d'Angleterre, 7, lums. Février 1888",commerce,commerce,,,,,1,nichan_iftikhar,0,1,"lycée d'Angoulême. Importateur de l'industrie marbrière en Tunisie, prédécesseur de la maison Dervillé et C"" ; actuellement représenta a nt de commerce.Vice-pré- sident du Photo-Cercle; membre du SaintHubert-Club ; ancien rédacteur et administrateur du « Promeneur » ; correspondant général clu journa «L'Auto».",lycée d'Angoulême,,,0,,0,0,1,462,41,0.8962
L1912-00188,AUZEPY,Edmond,0,,31 août 1861,1861,Sa,,"Directeur cle la Comnagnie des Eaux du Sahel, ",,,"3, avenue Jules-Ferry, Sousse",Sousse,12 avril 1896,1896,1,nichan_iftikhar,0,1,Ecole des Mines d'Alaîs (Gard).,Ecole des Mines,,"de 1883-à 1884, à Villefranche-de-Conflant (Pyr.-Or.), directeur des mines des Ambollas; de 1885 à 1888, à. la Guyane française, comme ingénieur-directeur des gisements d'or de Saint-Elie; de 1899 à 1891, chef de service à la Vieille-Montagne (district clu sud-est de la France); de 1891 à 1895, chef d'exploitation aux mines de zinc des Alallnes (Gard); de 189C à ce jour, en Tunisie, comme directeur des mines de Bon-Jaber; ■ ingénieur aux mines -de Sakiet-Sidi-Yousséf; fondateur et administrateur-directeur' de la Société, des Mines de Touireuf. Ingénieur-chef des travaux pour la. Société d'Études minières de l'Onenza.",11,"Mission pour prospections aurifères à la Guvane française, de 1885 h 1888, Société des Gisements d'Or de Saint-Elie: Alission d'Etude pour le compte de la Société de l'Union des Mines Marocaines 1° d'aotït à fin sent. 1909. région clu Rif, de Ceuta à Melilla: Z° d'octobre 1910 à. fin nov. 1910, Casablanca. Ber-Rechid, Letat, Ternacine et vallée d'Oum-er-Relia.",1,0,0,1234,41,0.9002
L1912-00189,Avenir,L',0,,26 janv. 1908,1908,Bur,,: ,,,"9, av. de Carthage",Tunis,,,0,,0,0,,,,,0,,0,0,0,896,42,0.9532
L1912-00190,Avenir du Prolétarait,L',0,,Janvier 1894,1894,Siège social à Paris,,"S, rue Pernelle; à Tunis,chez le président, M.Fleurette. La société compte : 188.000 membres; à Tunis,800 membres, et en Tunisie 2.000 membres. Diplômes d'honneur, médaille d'or et d'argent, etc. A1M. Fleurette, prés.; Filippi et Lafny, v.-prés.; Godard Georges, secr.; Knag, très. Prés, du conseil c",administration,administration,,Tunis,,,0,,0,0,,,diplome_superieur,,0,,0,0,0,1297,42,0.9361
L1912-00191,Avenir du Prolétariat,L',0,,20 mai 1900,1900,,,"(L') (Section de Bizerte). 20 mai 1900, autorisation du 2 juillet 1900. Du 20 mai 1900 au 15 mai 1908, elle a recruté 578 adhésions;, actuellement, elle compte un effectif de 206 membres représentant 280 parts. Sociétaires 1 2 3 4 5 Tolal Hommes 121 18 2 » 5 146 Femmes 42 U 3 1 3 60 TOTAUX 163 29 _5",military;administration;politics_native_admin,military,,Bizerte,,,0,,0,0,,,,,0,,0,0,0,2903,42,0.9178
L1912-00192,AVERSO,Pascal,0,,6 janv. 1860,1860,Tunis,,"Entrepreneur de travaux publics, ",industry_crafts,industry_crafts,"1, place Alordjania",Tunis,,,1,nichan_iftikhar,0,1,,,,,0,"construction des ôgouts de Tunis; porte de Bab-Saâdoun; entretien de nombreuses routes; construction de l'Ecole professionnelle ; route de Bizerle; nombreuses aulres routes depuis 1895, etc.",1,0,0,433,42,0.9348
L1912-00193,AVIGDOR,Samuel,0,,8 octobre 1870,1870,Andrinople,Turquie d'Europe,Directeur de la Fernie-Ecole de Djedeïda. Octobre 1894.,,,,,,,2,merite_agricole;nichan_iftikhar,0,1,"Ecole Normale Orientale cle Paris, Ecole pratique d'Agriculture cle la Brosse; Ecole Nationale d'Agriculture cle Alontpellier el Institut cle Botanique cle Alontpellier; brevet élémentaire ; brevet supérieur; certificat des Ecoles d'Agriculture et Institut ci-dessus mentionnés. Adjoint à l'Ecole pratique cle l'Alliance Israélite cle Jaffa (Palestine), 1890-1893. Membre fondateur et membres clu Comité central de l'a Société des Amis des Arbres ; membre du. Jury à l'Exposition d'Horticulture cle Tunis el au Concours général agricole cle 'l'unis.",Ecole Normale;Institut cle;Institut ci-dessus;Ecole de Djedeïda,brevet_superieur;certificat,,0,"Créalion de la Ferme-Ecole; organisation cle plusieurs oeuvres cle colonisation en Algérie el Tunisie; conférence à l'Association des anciens élèves de l'Alliance à Tunis. Platation'de vignes, d'oliviers; travaux d'irrigation ; éludes sur les planlalions d'oliviers. Mission en Asie Mineure pour l'élude clu figuier, des collages pour raisins sec el aulres cultures industrielles. Médaille d'argenl de collaborateur à l'Exposition coloniale de Marseille 1906.",1,0,0,1200,43,0.9446
L1912-00200,AZERM,Alarc-Antoine-Joseph-Victor,0,,23 août 1861,1861,Carcasonne,Aude,"Négociant à Tunis. Salanibô,prôs cle Carlhage. Juin 1889.",commerce,commerce,,Tunis,,,1,nichan_iftikhar,0,1,lycée de Carcasonne; bachelier es sciences. Sous-officier cle territoriale.,lycée de Carcasonne,baccalaureat,,0,,0,0,0,236,44,0.9023
L1912-00201,AZOUZ BEN HAMDA BEN AISSA,Mohamed,1,,184S,1848,Tebourba,,"Général de la garde beylicale, La Marsa.Enlrô au service de Sidi AliBey, alors que celui-ci étui t bey -du-camp, en 1864; promu moulozine (lieutenant.) en 1874; sagh-koulassi (capitaine adjudant-major) 'en 1877 ; omir-alaï ( c o 1 o n e 11 en 1882) ; omir-lioua. (général de brigade) en 1886. Cinq ca",military,military,,Tebourba,,,2,nichan_iftikhar;legion_honneur,1,1,,,,,0,,0,0,2,979,44,0.8701
L1912-00204,BACCOUGHE,Salah,0,,1865,1865,Tunis,,"agricole, connu, du Niclianlflikbur, off. clu Dragon de l'Annan), off. de Saint-Stanislas. Caïd de Béja.",politics_native_admin,politics_native_admin,,Tunis,,,4,legion_honneur;palmes_academiques;merite_agricole;saint_stanislas,1,0,"collège Sadiki, lycée de Marseille, lycée Charlemogne à Paris, école de Gri-gïion. Caicl cle Bizerle cle mai 1896 au 31 décembre 1909.",collège Sadiki;lycée de Marseille;lycée Charlemogne;école de Gri-gïion,,,0,,0,0,0,355,45,0.8626
L1912-00207,BACH-HAMBA,Ali,0,,1S79,1879,Tunis,,"Avocat au Barreau rlo 'l'unis- directeur nolitinue du iouriiai «le Tunisien», ",justice_law,justice_law,"27, bd Bab-Menara, Tunis",Tunis,,,2,nichan_iftikhar;ouissam_alaouite,0,1,collège Sadiki el faculté cle Droit d'Aix et cle Paris; diplôme supérieur d'arabe el. licence en •ilroil.,collège Sadiki,diplome_superieur,"interprète à la Conservation foncière en 1.897 ; ad ministruteur du collège Sadiki clu 1"" février 1898 au 31 janvier 1907; avocat a lums a partir du i"" février 1907. Ancien membre du Conseil de perfectionnement du collège Sadiki; membre du Comité de la Khaldounia; trésorier de l'Association des Anciens Elèves du Collège Alaoui; membre fondateur clu Cercle Tunisien.",7,,0,0,1,653,45,0.8576
L1912-00210,BADE,,0,,1862,1862,,,Receveur des Douanes à Bizerte. ,administration,administration,,Bizerte,1896,1896,1,nichan_iftikhar,0,1,,,,,0,,0,0,0,164,46,0.8742
L1912-00211,BADER,Emile-Georges,0,,21 avril 1853,1853,Reitwiller,Alsace,"Coloniale; off. d'Acaueiuie ; command. du Nichan - Iftikhar. Lieutenant - colonel breveté en retraite, à La Goulefte. ",military,military,,,20 juill. 1905,1905,3,legion_honneur;medaille_coloniale;nichan_iftikhar,1,1,Sa.inf-Cyr; Ecole supérieure de Guerre ; bachelier es lettres.,Ecole supérieure de Guerre,baccalaureat,"attaché au service d'Etat-Ma.- jor comme capitaine, puis commandant au 37' d'infanterie et lieutenant-colonel au 4° tirailleurs.",2,,0,0,0,442,46,0.8652
L1912-00217,BAILLE,Marie-Alexandre-Désiré,0,,24 juillet 1861,1861,Manduel,Gard,"off. du Nichanel-Anouar, inspecteur de l'Enseignement primaire, ",education_science;administration,education_science,"6, rue Bugeaud, Tunis",Tunis,10 nov. 1884,1884,2,palmes_academiques;nichan_iftikhar,0,1,"Ecole Normale de Nîmes et Ecole Normale supérieure ' d'enseignement primaire de Saint-Cloud; certificat d'aptitudes au professoral des Ecoles Normales; certificat d'aptitude à. l'inspection primaire et à la, direction des Ecoles Normales.",Ecole Normale,certificat,"instituteur à Alais (Nîmes); professeur à l'Ecole Normale de Grenoble, à celle de Tunis; inspecteur cle l'Enseignement primaire à. Tunis, 'trésorier de l'Assistance mutuefle entre les fonctionnaires cle l'Enseignement cle la Régence jusqu'en 1907; président du Comité local cle l'Orphelinat de l'Enseignement primaire.",5,,0,0,2,804,46,0.9424
L1912-00218,BAILLEAÛ,Gaston-Léon,0,,27 juin 1882,1882,Paris,,colon à. Depienne (Smindja). Oct. ,agriculture,agriculture,,,1900,1900,1,nichan_iftikhar,0,1,"Ecole d'Agriculture. Très, de l'Ass. des Ane. El. de l'Ec. Col. d'Agr.",,,,0,,0,0,0,189,47,0.8422
L1912-00219,BAILLY,Fernancl,0,,nov. 1851,1851,Dôle,Jura,"décorations militaires. Alédecin-vétérinaire, piopneiuireSleveur. Kairouan. Janvier 18 9 6.",medicine_health,medicine_health,,Kairouan,,,1,nichan_iftikhar,0,1,Ecole vétérinaire cle Lyon el Institut Pasteur de Paris.,Institut Pasteur,,"démissionnaire de l'armée active après dix ans de services; démissionnaire de la territoriale ayant atteint la limite d'âge. Propriétaire des domaines cle Drâ-Ettamar, près de Kairouan (110 hect.), et Sidi-Saâd, sur la ligne d'Aïn-Aloularès.Gare.Poste.Eau source abondante. 50 k. de Kairouan. Auteur cle plusieurs brochures ayant pour titres-: «L'Agriculture en Tunisie», publiées en 1902, et le «Guide de l'Eleveur», publié en 1905; ancien rôdacteui en chef de «El-Djebel», journal publie à Alger; rédacteur à «El Hakbar», radical algérien; membre de la presse coloniale. Plusieurs médailles or, argent bronze pour son bétail; hors concours membre du jury. Fit des céréales; s'occupa surtout de l'élevage du cheval et du mouton; exportation importante sur la France. Décédé en 1909.",16,,0,0,2,1024,47,0.9242
L1912-00220,BALANDE,Caries,0,,,,,,"Constructeur-mécanicien, v.-prôsident de la Municipalité de la Goulette, ",industry_crafts,industry_crafts,"4, rue de Vesoul à",Tunis,,,3,palmes_academiques;couronne_italie;nichan_iftikhar,0,1,,,,,0,,0,0,0,207,47,0.9577
L1912-00221,BALDY,Jules,0,,13 juillet 1858,1858,SaintPaul,Aveyron,"Conseiller à la Cour d'appel de Chambêry; juge suppléant à Aïn-Beïda, oct. ",justice_law,justice_law,,Sousse,1885,1885,1,palmes_academiques,0,0,,,,,0,,0,0,0,356,47,0.8772
L1912-00228,BARBAIS,Georges-Ferdinand,0,,6 août 1861,1861,Paris,,"Ingénieur civil; représentant d ' a If aires industrielles, l.r. d'Angleterre, Tunis. Octobre 19 0 4.",engineering_architecture;industry_crafts,engineering_architecture,,Tunis,,,3,legion_honneur;palmes_academiques;nichan_iftikhar,1,1,lycée du Havre; bachelier es sciences. Capitaine clu génie en retraite; capitaine de la territoriale.,lycée du,baccalaureat,"cond u c I, e u r des Ponts el Chausr sées; ofïîcier du génie el ingénieur civil; represcnta.nl de la. Société l'Hygiène Générale et Industrielle (Lille) ; président de la Société de Gymnastique «L'Orientale»; représentant de la Société Considère, Peinard el Lossier, cle Paris : bétons freftés ; cle la. Société des Pieux «Simplex», annexe de Tunisie; membre de la Chambre de Commerce de Tunis. T u A v AUX : nombreuses constructions comme officier clu génie; en Algérie : les bordj d'El-Goléa (Sahara) ; à Madagascar : le point d'appui de Diégo-Suurez.",11,,0,0,0,900,48,0.8699
L1912-00229,BARBARAT,Aimé-Eugène,0,,12 mars 1859,1859,Voussac,Allier,"■ d'honneur. Direct"" de l'Office des Postes el télégraphes, ",military;administration,military,"3 bis, rue d'Angleterre, Tunis",Tunis,10 août 1908,1908,1,legion_honneur,1,0,"lycées de Moulins (Allier) el cle S a. i n lLonis à Paris; Ecole Polytechnique: deux ans à partir du 1"" nov. 1876; bachelier es scienc e s ; directeur de léléeranlup. militaire.",Ecole Polytechnique,baccalaureat,"eleve ingénieur des Télégraphes le 1"" nov. 1878; sous-ingénieur, ""1"" nov. 1SS0 ; inspecteur ingénieur 1"" déc. 18SS; ingénieur en chef dû Service des Câbles sous-marins, 1"" nov. 1899 ; directeur du Matériel et de la Construction an Sous^Secrétariat des Postes et Télégraphes, T"" mai 1900; Inspecteur général, 16 déc 1902; inspecteur général de 1"" cl., 26 juillet 1904; directeur cle l'Office des Postes et Télégraphes, à Tunis, 1"" août 1908.",9,notes el articles dans les «Annales Télégraphiques»; inventeur de nouveaux procédés pour la réparation des câljles soiis-marins. Fait chevalier de la Légion d'honneur le 11 juillet 1895 avec lamenlion «15 ans 1J cle services»; promu officier le 29 août 1907.,1,0,2,1130,48,0.8752
L1912-00230,BARBIER,Claude,0,,1874,1874,Talissieu,Ain,"Receveur de l'Enregistrement, et des Contributions diverses à Sfax. ",administration,administration,,Sfax,1903,1903,1,nichan_iftikhar,0,1,,,,,0,,0,0,0,265,48,0.8696
L1912-00231,BARBOT,Hippolyle-Pierre,0,,12 août 1.S66,1866,Faverolles-sur-Cher,Loir-et-Cher,"Entrepreneur-construc¬ teur à Sfax, conseiller du commerce extérieur cle la France. 18 9 3.",industry_crafts,industry_crafts,,Sfax,,,1,nichan_iftikhar,0,1,,,,"compagnon c h a. rp en lier; sous-officier au 5' régiment du génie (chemins de fer); chef de district ■ de la voie à l'Est-Algôrien cle 1890 a 1S93; collaboration, comme conducteur cle travaux, a diverses entreprises importantes à Tunis; en 1896, implante pour son compte, à Sfax, l'industrie générale clu bâtiment avec outillage mécanique moderne agréé par l'administra lion. Membre de la Conférence Consultative, pour la. 7* circonscription, de 1905 à. 1909; a présenté ;i celle assemblée des rapports sur l'application d nia loi sur les faillites cl liquidations judiciaires; sur l'agrandissement du port de Sfax; sur les tracés el conventions des chemins de fer SousscSfax el Sfax-Bou-Thadi et sur l'adduction de l'eau potable à Sfax; élu en 1906 membre de la Chambre mixte du Sud; a créé el. encouragé de nombreux, groupements, entre aulres : une section cle la. Fédération générale professionnelle des mécaniciens, chauffeurs et professions connexes; une section cle travailleurs français en Tunisie; l'enseignement post-scolaire professionnel gratuit, et enfin l'Amical-Club cle Sfax pour l'expansion intellectuelle cle la jeunesse sfaxienne.",18,,0,0,0,1356,48,0.9275
L1912-00234,BARÊS,Jean,0,,19 fév. 1865,1865,Le Piau,,Receveur des Contributions à Sousse. Nov. ,administration,administration,,Sousse,1893,1893,1,nichan_iftikhar,0,1,"collège de la Réole, lycée cle Bordeaux; bachelier es sciences. Entré dans l'administration métropolitaine de l'Enregistrement en déc. 1883; détaché en Tunisie en nov. 1893.",collège de la;lycée cle Bordeaux,baccalaureat,,0,,0,0,0,305,49,0.9314
L1912-00235,BARET,Emmanuel,0,,11 août 1874,1874,Marseillan,Hérault,Huissier au. Kef. 10 ■ janv. ,justice_law,justice_law,,,1905,1905,0,,0,0,collège de Cette (Hérault).,collège de Cette,,"brigadier de chasseurs d'Afrique; clerc d'huissier pendant quinze ans en Algérie; un an employé au Greffe à Tunis; un an secrétaire du Parquet à Tunis; huissier depuis le 3 mars 1907, d'abord à Aïn-Draham el ensuite au Kef.",5,,0,0,0,360,49,0.9265
L1912-00237,BARLIER,Justin,0,,22 avril 1867,1867,Oran,Algérie,"méd.Alérite du Trav. Libraire-papetier, ",commerce,commerce,"14, avenue de France, Tunis",Tunis,28 janv. 1904,1904,1,nichan_iftikhar,0,1,"collège communal d'Oran. Vice-présid' de la Société «l'Algérienne», de Tunis.",collège communal,,,0,,0,0,0,296,49,0.9301
L1912-00238,BARNAY,Henri,0,,26 sept. 1878,1878,Tunis,,"Négociant, rue d'Espagne, Tunis.",commerce,commerce,,Tunis,,,1,nichan_iftikhar,0,1,collège S'- Charles et lycée Carnot à Tunis. Ancien secr. et très. de. l'Avenir du Prolétariat à Tunis; secr. du groupe D de la Alutuelle Tunisienne; assesseur-membre du Conseil du Prolétaire prévoyant à Tunis; ancien secr. de l'Amicale des Postes et des Télégraphes; ancien membre de la Commission de Voirie à Thala. Diplômé de la Mutualité; médaille de propagandiste de l'Avenir du Prolétariat. Ancien receveur des Postes.,collège S'-;lycée Carnot,diplome_superieur,,0,,0,0,0,530,49,0.9726
L1912-00239,BAROGHE,Jean-Jules-Léon,0,,2 nov. 1866,1866,Arnay-le-Duc,Côte-d'Or,"Publiciste et homme • d'aff. Direct, des ((Affiches Tunisiennes», 6,r. d'Italie,Tunis. ",press_letters_arts,press_letters_arts,,Tunis,17 déc. 1891,1891,1,nichan_iftikhar,0,1,lycée de Dijon; bachelier es lettres et en droit.,lycée de Dijon,baccalaureat,"principal clerc de notaire et d'avoué, secrétaire au Contrôle civil et vice-consulat de France à Tunis (1892-1896); Membre du Conseil d'administraton du Syndicat professionnel des Hommes d'Affaires de France et des Colonies, 22, boul. Poissonnière, Paris.",3,"rédacteur au «Petit Dijonnais» (1899), du << Petit Colon» (1903).",1,0,0,594,49,0.9037
L1912-00240,BARON,Paul-Auguste-Jean,0,,23 mars 1S56,1856,Lyon,,"Ingénieur-architecte, ",engineering_architecture,engineering_architecture,"44, av. Jules-Ferry, à Tunis",Tunis,,,1,nichan_iftikhar,0,1,"Ecole nationale d'Arts et Ateliers d'Aix, de 1871 à 187/1, SUCCESS 1 : ingénieur au Canal cle Panama, à la. Compagnie de Colmatage cle la Crau et à la Compagnie du port de Bi. zerte ; a const r u i t quatrevingt maisons de rapport . à Tunis, le Théâtre du Pohteama Rossim, la Recette des Finances, la Compagnie Algérienne, l'hôtel de « la Dépêche Tunisienne », rétablissement thermal cle Korbous, le Casino-Villa Igiea à Pulerme, etc.",,,,0,,0,0,0,574,49,0.9041
L1912-00241,BARRATE,Gustave,0,,,,,,"(Gustave), explorateur et botaniste, ",,,"9, rue Daubenton",,,,0,,0,0,,,,,0,,0,0,0,279,49,0.8857
L1912-00243,BARRIOULET,Pierre,0,,22 juillet 1875,1875,Toulouse,,"Sous-chef de bureau à la Direction générale des Finances. Rue d'Autriche prolongée, Tunis, 1905.",military;administration,military,,Tunis,,,2,palmes_academiques;nichan_iftikhar,0,1,lycée et Faculté de Toulouse; docteur en droit. Ancien receveur de l'Enregistrement dans la métropole.,lycée et,doctorat_droit,,0,"« De la publicité organisée par l'art, i de la loi du 23 mars 1855 ».",1,0,0,378,49,0.9182
L1912-00244,BARSOTTI,Benoît,0,,3 janv. 1866,1866,Tunis,,mêd. de la Alutualité. Architecteexpert à La Goulette.,engineering_architecture,engineering_architecture,,Tunis,,,1,nichan_iftikhar,0,1,"école des Frères; élève de Al. Pli. Caillât, ingénieur-architecte. SUCCESS 1 : inspecteur-adjoint de la Voirie à la Direction des Travaux de la [ Ville; administrât, de la Société de Se*- cours mutuels des Sapeurs-Pompiers; actuellement secrétaire; ex-adjudant de la compagnie des sapeurs-pompiers ; président de la société de gymnastique « Goulette-Sport ».",école des Frères,,,0,"construcd'immeubles de rapport, de villas de plaisance et du grand casino de La Goulelte.",1,0,1,601,49,0.9301
L1912-00245,BARTHOLOMË,Jules-Albert,0,,6 janv. 1866,1866,Saclas,,"off. de Radama; off. de l'Etoile d'Anjouan; chev. de l'Etoile noire de Bénin; chev. du Mérite agricole ; comm. de 2"" cl. de SaintOlaf. ",,,,,1899,1899,7,legion_honneur;nichan_iftikhar;palmes_academiques;ordre_radama;etoile_anjouan;etoile_noire_benin;merite_agricole,1,1,"Faculté de droit de Paris; licencié en droit. SUCCESS 1 : chef du Service des Domaines el conservateur de la Propriété Foncière de l'île de Madagascar; chef du Service , des Domaines en Tunisie; chef du Service de l'Office du Gouvernement tunisien à Paris. Prés, d'honn. de la Section tunisienne de la Société de Géographie commerciale de Paris; v.-prés. d'honn. de la Société des Courses de Tunis.",Faculté de droit de Paris,licence_droit,,0,organisation du régime foncier à Alaclagascar; mission en Tunisie confiée en 1896 par le Ministère des Colonies-.,1,0,0,894,50,0.9159
L1912-00246,BARUË,Gaslon-Henri-Jean-René,0,,2 juin 1869,1869,Brest,,"agricole, off. du Nichan-' Iltikhar. Contrôleur civil •suppléant, Tunis. ",administration,administration,,Tunis,13 avril 1891,1891,3,palmes_academiques;merite_agricole;nichan_iftikhar,0,1,Lycée de Brest. Bachelier es sciences. A été chef de l'Annexe de Djerba et chargé' des fonctions de contrôleur civil à Mactar.,Lycée de Brest,baccalaureat,,0,a provo■ que la création des syndicats d'irrigation de l'oued Guergour et de 1 oued Sbiba (contrôle de Thala); a créé à Djerba une caisse de secours mutuels des marins d'El-Kantara; a été l'instigateur du pavillon djerbien au concours régional de Sfax de 1904 (médaille d'or); a organisé à Mactar le syndicat des colons de Rohia; a créé le centre urbain de Siliana.,1,0,2,689,50,0.929
L1912-00247,BASTIDE,,0,,28 sept. 1847,1847,Cahors,Lot,"Docteur en médecine; directeur de la Sanlé et de l'Hygiène publique de la Régence de Tunis. Villa Charmeuse, Belvédère, Tunis. ",medicine_health,medicine_health,,Tunis,15 avril 1877,1877,2,legion_honneur;nichan_iftikhar,1,1,"lycée de Cahors, faculté de droit de Toulouse et école de médecine d'Alger; facultés de médecine de Bordeaux et de Paris; bachelier es lettres et es sciences. Médecin-major cle territoriale.",lycée de Cahors;faculté de droit de Toulouse et école de médecine d'Alge;facultés de médecine de Bordeaux et de Paris,doctorat_medecine;baccalaureat,"interne des hôpitaux; médecin des Travaux publics du département d'Alger; envoyé en mission à Tunis en 1877; médecin de société diverses; directeur du service de vaccination; médecin en chef cle l'hôpital Saint-Louis. Membre fondateur et Prés, cle la Société française de Bienfaisance pendant dix ans.",7,"plusieurs brochures sur la médecine, l'hydrologie médicale et l'assistance publique. A fait la campagne de 187071 comme aide-major cle 1"" cl.",1,0,0,928,50,0.9447
L1912-00248,BASTIEN,Emilien,0,,31 août 1848,1848,,,"publique, gr. off. du NichanIftikbar, comm. de 1 ' o r d r e du Cambodge, chev. de l'étoile noire du Bénin. Conservateur des Eaux et Forêts, directeur des Forêts de la Régence, ",administration,administration,"12, rue d'Angle terre,Tunis",Tunis,,,4,legion_honneur;merite_agricole;palmes_academiques;etoile_noire_benin,1,0,lycée de Metz et Ecole nationale des Eaux et rorets ae i\aney; Dachelier es sciences.,lycée de Metz,,"garde général stagiaire, garde général, inspecteur-adjoint, inspecteur el conservateur. Lieutenant-colonel d'infanterie (hors cadres) dans l'armée territoriale.",2,,0,0,0,610,50,0.9406
L1912-00250,BATT,Sigvard,0,,21 oct. 1869,1869,Flekkefjord,Norvège,"chev. de 1"" cl. de l'ordre de Saint-Olaf. Négociant, Tunis.",commerce,commerce,,Tunis,,,3,legion_honneur;nichan_iftikhar;saint_olaf,1,1,lycée de Flekkefjord et Ecole des hautes études commerciales de Christiania. SUCCESS 1 : fondateur en 1899 d'une maison pour l'importation en Tunisie des bois de construction; consul de Norvège en Tunisie depuis 1906; a représenté la Tunisie à l'Exposition internationale de Pêche de Bergen (Norvège en 1898; chargé pendant trois ans (1896-1899) d'une mission commerciale par le Gouvernement norvégien.,lycée de Flekkefjord;Ecole des hautes,,,0,,0,0,0,579,51,0.9375
L1912-00252,BATTEROZE,Virgile,0,,5 fév. 1864,1864,Bevenge,Haute-Saône,"(Haute-Saône), chev. du NichanIftikhar. Comptable, agent d'affaires à Djerba. ",finance_banking,finance_banking,,Djerba,23 sept. 1882,1882,0,,0,0,collège de Lure; lauréat à l'Exposition scolaire de Vesoul (1878). Ancien caporal télégraphiste. Alembre de la Commission d'hygiène de Djerba.,collège de Lure,,,0,"correspondant-rédacteur de « la Dépêche Tunisienne», qui a publié ses études sur «la sériciculture», (de régime hydraulique de l'extrême-sud», ((question agricoles», (da Tour-des-Crânes de Djerba», «Outillage économique : amélioration du mouillage d'IIoumt-Souk et réfection de la. chaussée romaine d'El-Kantara », «Djerha au point de vue du transit et du débouché du Sahara et du Soudan», etc., etc.",1,0,0,697,51,0.9007
L1912-00253,BAYLE,Marius,0,,16 mars 1859,1859,Annonay,Ardèche,"Inspecteur principal des Contributions diverses, Tunis. Licencié en droit. Entré dans l'Adminstration métropoliaine en mai 1881, détaché en Tunisie en juin 1897.",administration,administration,,Tunis,,,2,palmes_academiques;nichan_iftikhar,0,1,,,licence_droit,,0,,0,0,0,254,51,0.9333
L1912-00254,BAYLE,Joseph,0,,1701,1701,,,"(Joseph), consul à Alicante de 1701 à 1702; fut accusé de ne point donner au commerce français toute la protection désirable, consul de France à Tunis du 13 juillet 1717 au 22 déc. 1723, consul de Françce à Salonique de 1727 à 1735.",diplomacy,diplomacy,,Tunis,,,0,,0,0,,,,,0,,0,0,0,238,51,0.8997
L1912-00256,BEAUPIN,Henri,0,,15 déc. 1844,1844,Bonny-sur-Loire,Loiret,"Vétérinaire et propriétaire, ",medicine_health,medicine_health,"53, rue de Marseille, Tunis, 28 oct",Tunis,1897,1897,0,,0,0,Ecole vétérinaire de Lyon; diplôme vétérinaire; éleveur en France et vétérinaire à Bonny-sur-Loire.,,diplome_superieur,,0,"élude sur la poule; 2* prix de grande culture, 4"" prix pour outillage agricole et mention honorable à l'Exposition Universelle de 1900.",1,0,0,383,51,0.9114
L1912-00257,BEAUQUIER,Clodion,0,,6 sept. 186S,1868,Saint-Bazille-de-Alontmel,Hérault,"instituteur,",education_science,education_science,"310,rue Bab-bou-Saâdoun, Tunis",Tunis,,,1,nichan_iftikhar,0,1,"Ecole normale de Alontpellier ; brevet supérieur et certificat d'arabe. SUCCESS',:instituteur en France cle 1890 à 1892; détaché en Tunisie depuis janv. 1892.",Ecole normale,brevet_superieur;certificat,,0,"« Le Livre des Bédouins», signé du pseudonyme Rabbit-el-Erneb; en préparation : poésie sur les moeurs, la religion, le costume, les types, etc., des diverses populations de Tunis-laBlanche..'",1,0,0,511,51,0.9026
L1912-00258,BEAUSSIER,Bonaventure,0,,,,,,"(Bonaventure), consul général à Tunis en l'an IV, puis à Tripoli de Barbarie en l'an V, mort à son poste en 181-4. Il avait été successivement : chancelier à Tripoli, 1774, à Alexandrie, 1776 ; vice-consul à Alep, 1716; à Naples, 1779; à Coron, 1780; à. Leyele, 1786; chancelier à Constantinople, pui",military;diplomacy,military,,Tunis,,,0,,0,0,,,,,0,,0,0,0,339,51,0.9059
L1912-00259,BEC,Henri-Auguste,0,,2 janv. 1871,1871,Urau,Haute-Garonne,"Sous-directeur du collège Alaoui, ",administration,administration,"13, rue de Danemark, Tunis",Tunis,1902,1902,3,palmes_academiques;nichan_iftikhar;ouissam_alaouite,0,1,Facultés des Lettres de Toulouse et de Montpellier; licencié es lettre s (mention «histoire»). Ancien professeur au lycée Carnot; secrétaire général de la Ligue de l'Enseignement.,Facultés des Lettres de Toulouse et de Montpellier;lycée Carnot;collège Alaoui,,,0,,0,0,0,360,51,0.9432
L1912-00260,BÉCHARD,Léon,0,,,,,,"(Léon) consul général et chargé d'affaires de France à Tunis, du 3 juillet 1852 au 29 mars 1854. nâ",military;diplomacy,military,,Tunis,,,0,,0,0,,,,,0,,0,0,1,107,51,0.6703
L1912-00262,BECHIR-BEY,Prince,0,Bey,1880,1880,La Alarsa,,"d'honneur, grand cordon de l'ordre du Sang et du NichanIftikhar, grand croix de l'ordre de Saint-Charles de Alonaco. Prince de la famille beylicale Lieutenant et aide de camp de feu son grand - père S. A. Ali p a c h abey, bey de Tunis, commandant el aide de camp de feu son père s A RI I-I.idi Pacha",military,military,,Tunis,,,1,legion_honneur,1,0,,,,,0,,0,0,1,381,52,0.9149
L1912-00265,BELAISCH,Isaac,0,,1856,1856,Tunis,,"Industriel (de la maison Bellaïsch et Gozlan), ",industry_crafts,industry_crafts,"60, rue de Naples, Tunis",Tunis,,,0,,0,0,,,,,0,,0,0,0,103,52,0.929
L1912-00266,BELAISCH,Aloïse,0,,5 mars 1879,1879,Tunis,,"Industriel (cle la maison Bellaïsch et Gozlan), 60 rue de Naples, Tunis.",industry_crafts,industry_crafts,,Tunis,,,0,,0,0,Alliance Israélite Universelle.,,,,0,,0,0,0,152,52,0.9027
L1912-00267,BELAISCH,Samuel,0,,1874,1874,Tunis,,"Industriel (de la maison Belaïsch et Gozlan), ",industry_crafts,industry_crafts,"60, rue de Naples",Tunis,,,0,,0,0,"lycée Carnot. Conseiller municipal de L'Ariana, membre du Comité de Bienfaisance israélite..",lycée Carnot,,,0,,0,0,0,213,52,0.9297
L1912-00268,BEL AJOUZA,Salah,1,,Oct. 1880,1880,Sousse,,Avocat à Sousse.,justice_law,justice_law,,Sousse,,,0,,0,0,"collège Sadiki, grande mosquée Ez-Zilouna, Facultés de droit d'Aix-en-Provence et de Paris et Ecole des Sciences politiques de Paris; diplôme supérieur d'arabe; licencié en droit. — interprète à l'Administration des Habous de 1902 à 190S; avocat au barreau cle Sousse depuis 1908; l'un des fondateurs de la Société sportive «la Musulmane» de Tunis; a donné des cours de français gratuitement à la Khaldounia et à l'école coranique de la rue Sidi-ben-Arous; l'un des fondateurs de la Société française d'Etudes islamiques à Paris.",collège Sadiki;grande mosquée;Facultés de droit d'Aix-en-Provence et de Paris et Ecole;Khaldounia,licence_droit;diplome_superieur,,0,,0,0,0,594,52,0.9509
L1912-00269,BELISAIRE,,0,,,,,,"Général byzantin qui, vers 530, battit le cliei vandale Gôlimer aux environ cle Carlhage et soumit en quatre mois Je nord de l'Afrique.",military,military,,,,,0,,0,0,,,,,0,,0,0,0,146,52,0.954
L1912-00270,BEL KHODJA,Mohamed,1,,1869,1869,Tunis,,"publique, comm. clu NichanIflikhar. Chef du Bureau de la Comptabilité du Gouvernement tunisien.Famille d'origine turque , établie dans la Régence depuis trois siècles ; l'aïeul prit pari, comme soldat, à la conquête du pays. Neveu des Cheikhs ul Islam Sidi Ahmed et Sidi Mahmoud.",,,,Tunis,,,2,legion_honneur;palmes_academiques,1,0,collège Sadiki et grande mosquée de Tunis.,collège Sadiki;grande mosquée,,"secrétaire, interprète, comptable,principal et chef de comptabilité. Secrétaire de la Khaldoum'a de 1898 à 1902.",2,"« Er Roznômô Tounsié, Soulouk el Ibriz Tohfed el Ëndjad», tables perpétuelles de concordance des dates; «recueil de droit musulman sur le habou, l'enzel et le klrdar»; «dictionnaire botanique (manuscrit) franço-arabe»; «recueil de morale»; «histoire arabe de l'Algérie (manuscrit)»; «histoire arabe de la Tunisie»; «le pèlerinage* de La Mecque»; «la femme arabe», etc. Médaille d'argent à l'Exposition Universelle de 1900; correspondant et, collaborateur de plusieurs sociétés savantes orientales et de diverses revue françaises et arabes.",1,0,1,1099,52,0.9325
L1912-00271,BELLAICH,Adolphe,0,,13 avril 1873,1873,Tunis,,"Transitaire-camionneur (depuis 1895), rue cle Besançon, 1. ETUDES ^Alliance Israélite Universelle. Ancien employé de compagnies de navigation ; membre du Conseil d'administration de la Société Israélite de secours matrimoniaux et mutuels; membre consultatif du Comité de la Mutualité maternelle israé",diplomacy;transport_maritime,diplomacy,,Tunis,,,0,,0,0,,,,,0,,0,0,0,465,53,0.9465
L1912-00273,BELLÏSSEN,Joseph,0,,17 fév. 1865,1865,Alarseille,,"Négociant, ",commerce,commerce,"7, rue de Vesoul",Tunis,14 mars 1883,1883,2,palmes_academiques;nichan_iftikhar,0,1,,,,,0,,0,0,0,324,53,0.9069
L1912-00274,BELLOT,Jean-Ernest,0,,17 fév. 1854,1854,L'Argentière,Alpes,"Coloniale,agrafes «Algérie», et « campagne cle l'Aurès ». Sept. ",politics_native_admin;diplomacy;mining,politics_native_admin,,Tunis,1888,1888,5,legion_honneur;palmes_academiques;merite_agricole;nichan_iftikhar;medaille_coloniale,1,1,,,,,0,,0,0,1,1491,53,0.9267
L1912-00275,BELTRANO,Ignazio,0,,,,,,"Négociant, Sousse.",commerce,commerce,,Sousse,,,0,,0,0,,,,,0,,0,0,0,38,53,0.95
L1912-00276,BEMBARON,Gino,0,,1878,1878,Tunis,,,,,,Tunis,,,0,,0,0,"lycée italien de Tunis et Falcultô de Pharmacie de Naples. Pharmacien diplômé de 1"" cl., pharmacien titulaire de l'hôpital israélite.",lycée italien,diplome_superieur,,0,inventeur de la liqueur reconstituante «Atleta». Alédaille d'or avec croix de mérite à l'Exposition de Marseille 1906.,1,0,0,308,53,0.8967
L1912-00281,BENAZET,Aristide,0,,30 août 1881,1881,Villasavary,Aude,"Directeur de l'école de la rue du Fer, Tunis. Oct. ",,,,Tunis,1898,1898,2,nichan_iftikhar;palmes_academiques,0,1,école primaire supériure de Mirepoix (Ariège) et école normale de Tunis ; brevet supérieur; certificat d'aptitude pédagogique; certificat d'arabe parlé. Sous officier de réserve.,école normale;école de la,brevet_superieur;certificat,instituteur à Alahdia; instituteur à Bizerte ;. directeur d'école à Tunis; ancien secrétaire du cercle bizertin de la Ligue de l'Enseignement; ancien secrétaire de l'Amicale de l'Eniséignement primaire; président de la Société «Les Enfants de l'Aude». Diplôme de la. Société des Conférences populaires de la Ligue de l'Enseignement;' lettre de félicitations du Ministre de l'Instruction publique.,9,,0,0,0,729,53,0.968
L1912-00283,BENCHI,Victor,0,,21 mars 1873,1873,Sfax,,Transitaire à Sfax.,transport_maritime,transport_maritime,,Sfax,,,0,,0,0,,,,,0,,0,0,0,56,54,0.8985
L1912-00286,BENEDETTI,,0,,23 sept. 1872,1872,Turin,,Professeur de lettres au lycée italien de Tunis. Janvier 1911.,education_science,education_science,,Tunis,,,1,palmes_academiques,0,0,"Universités de Rome et de Naples. Docteur es lettres, en lois el en philosophie T R A v A u x : a pris l'initiative d'une institution p o u r les orphelins à la mort d'Emonds cle Amicis pour honorer le nom de cet éducateur. Conférences à Rome, à l'Association cle la Presse, à Florence, à Milan, Modône, Lugano, etc. Auteur cle « Du rire au larmes », monologues et scènes, « Le long cle la rue de la. douleur », nouvelles; « Pelils caprices » (figurines cle femmes) ; « Le pessimisme dans la Bruyère » ; « Le partage de la Pologne et là. diplomatie des ponlifio»; «Advent», poésies; «Vers le but», guide pour les élèves des écoles moyennes; «Affeto», livre pour les adolescents, ouvrages couronnés aux Expositions de BuenosAyres, Bruxelles et d'Hygiène cle Tunis. Premier Prix de poésie à l'Académie de - la Chanson, Lyon, 1908. Deux études bio-bibliographiques en français ont paru sur l'auteur, l'une clans la revue ((Le Penseur» (mars 1904) et l'autre dans la revue «Minerva» (1911).",lycée italien,,,0,,0,0,0,1103,54,0.9402
L1912-00287,BENETTI,Camille,0,,24 fév. 1860,1860,Viggianella,Corse,Curé à Ferryville. ,religion,religion,,Ferryville,1893,1893,0,,0,0,petit séminaire et grand séminaire d'.A]accio et Faculté catholique de Lyon; licencié en théologie et en droit canonique.,,,"professeur au séminaire et au collège de Nice; professeur à l'internat S'-Joseph à Lyon; vicaire à Tunis ; curé à Kairouan, à La Marsa et à Ferrvville.",4,"a créé la paroisse de Ferryville, y a bâti l'église et y a ouvert une école de filles et une école de garçons. Dignitaire de Carthage.",1,0,2,517,54,0.9095
L1912-00301,BEN KHALIFA,Alohamed,1,,1852,1852,Gabès,,Gouverneur cle l'Arad; président cle la Municipalité cle Gabès. Ancien élève de la grande mosquée Ez-Zitouna; caïd depuis 1885 et avant l'occupation. Issue d'une vieille famille tunisienne qui a fourni des caïds au Gouvernement tunisien depuis près de 250 ans.,politics_native_admin,politics_native_admin,,Gabès,,,2,legion_honneur;nichan_iftikhar,1,1,,grande mosquée;Zitouna,,,0,,0,0,0,355,55,0.9535
L1912-00304,BENOIT,François-Xavier,0,,13 août 1.854,1854,A'Iaurat,Cantal,"(Cantal), off. clu NichanIffikiia.r. Architecte, rue Sidi-el-Bôchir, 110, Tunis. ",engineering_architecture,engineering_architecture,,Tunis,19 juin 1885,1885,0,,0,0,"élèvearchitecte de Al. Balllères et de M. Dalbine, architecte départemental clu Puyde-Dôme, et Ecole des Beaux-Arts de Paris. Engagé volontaire pour 5 ans-et maréchal clés logis chef au 16° d'artillerie. SUCCESS 1 : attaché au Service auxiliaire de la, construction des chemins cle fer cle l'Etat en France cle 1879 à 1884; a débuté en Tunisie, en 1885, à Sousse, dans l'Administration des Travaux publics; ensuit e a'rchilecte à la Direction générale des Travaux publics.",Ecole des Beaux-Arts,,,0,"en France-:de juillet 1879 à Août 1882, aide-conducteur, métreur et projeteur sur la ligne cle Vichy'à Ambert (section d'Olliergues); d'août 18S2 à juin 1885, éludes et projet de la ligne cle Saint-Eloi à Pannial, avec embranchement sur la ligne cle A'Iontluçon à Eyguronde. En Tunisie : projets et vérification des projets do la plupart des routes du sahe) el du sud jusqu'en 1S90; premiers quais de Slax; douane et musée cle Sousse; avenue de la. porte principale de Mahdia aux quais; collaboration à divers projets de réseaux d'égouts et de conduite d'eau dans le saliel; projet de l'emplacement de la gare du chemin de fer de Sousse pour éviter la traversée du bas de la ville par la voie ferrée; contrôle civil, driba, école supérieur de-Sousse; collaboration aux projets du grand port de Sousse, du phare de Tourgueness; de la porte Bab-el-Khadro et de plusieurs bâtiments au lycée Carnot, à Tunis, etc.; projets non exécutés des contrôles de Sfaz et de Kairouan; projet du grand port de Sfax; phare de Ras-Tina, de Mahdia, de Zarzis et de Djellidj; prisons de Rizerte et de Gafsa; contrôle de Houmt-Souk; hôtel de ville de Aîonastir; école de la rue Bab-- el-KIiadra et agrandissement de l'école secondaire de la rue de Russie, à Tunis; groupe scolaire supérieur de Sfax; écoles cle Tabarca; groupe scolaire de Aîonastir et d'Hammam-Lif; école des filles du Kef; école du Djebel-Djelloud; agrandissement de l'école de Ferryville, etc. A l'affaire de Fachoda, choisi et envoyé à Là Goulette pour l'installation du cantonnement des troupes venant de France; a occupé directement et dirigé seul 200 ouvriers de toutes professions pendant deux mois; a doté La Goulette de deux casernes, l'une pour près de 400 hommes (Bit-el-Bhar), l'autre. pour 200 hommes (Saint-Cyprien); avec les vieux matériaux de démolition a construit l'hôtel de ville, la justice dç paix, une école pour 60 enfants avec logements pour les maîtres; le commissariat de police; rotondes clu Bey, à Sidi-bou-Saïd, avec fondations en mer sur gros piliers en maçonnerie; a étudié et fait un rapport sur la réforme de la loi sur les mitoyennetés en Tunisie, rapport présenté et défendu à la Conférence Consultative par MM. Ricklin et Lefebvre; a donné quelques conférences sur le ((génie rural», en 1906, a étudié et fait un rapport présenté à la Commission des fonctionnaires n'ayant pas adhéré à la Caisse de Prévoyance en 1898. En 1893, lettre officielle de Al. Rouvier, résident général, le félicitant du Contrôle civil cle Sousse; en 1887, a été classé troisième, sur huit concurrents, au concours entre tous les architectes français pour la construction du pavillon tunisien à. l'Exposition Universelle de Paris en 1899. Décédé à Tunis en 1911.",1,0,0,3357,55,0.9517
L1912-00305,BEN SALAH,Ahmed,1,,,,,,Djemmal. Instituteur à Mahdia.,education_science,education_science,,Mahdia,,,0,,0,0,collège Sadiki et Ecole normale de Tunis; brevet supérieur.,collège Sadiki;Ecole normale,brevet_superieur,,0,,0,0,0,118,55,0.9598
L1912-00306,BENSASSON,,0,,1854,1854,Tunis,,"d'Italie, off. du Nichan-Iftikhar. Négociant à Tunis.",commerce,commerce,,Tunis,,,2,couronne_italie;nichan_iftikhar,0,1,"Grande Ecole cle Commerce de Florence. A fondé à Tunis une grande maison de commerce des plus prospères. V.-prés.., de la Chambre de Commerce italienne; v.-prés. de la Société de Bienfaisance italienne; v.-prôsident cle la Soc. pour la Défense des Grains; assesseurs dans plusieurs autres sociétés. Décédé à Tunis le 16 déc. 1907.",,,,0,,0,0,0,450,55,0.9528
L1912-00307,BENSASSON,Umberto,0,,,,,,Tunis. Négociant et représ' de commerce; agent gé- néral pour la Tunisie de la « Compagnia d'assicurazioni generali di Trieste». V.-prés. de la Société de Gymnastique «l'Italia»; v.-prés. de la Société des anciens Elèves des Ecoles italiennes de Tunis; assesseur dans plusieurs autres sociétés frança,military;commerce,military,,Tunis,,,0,,0,0,,,,,0,,0,0,0,326,55,0.9784
L1912-00308,BÉRARD,Antonïn,0,,8 mai 1862,1862,,,"(Antonïn). 8 mai 1862. Thoiry (Ferney-Voltaire) (Ain), off. de l'instruction Dubliaue. off. du Nichan-Iftikhar.",,,,,,,2,palmes_academiques;nichan_iftikhar,0,1,Ecole normale de Bourg.,Ecole normale,,"instituteur à Tunis (1S85) ; fondat e u r de l'école de Nabeul (1885); dir. cle l'école de Sfax (1887-1893), directeur de l'annexe du collège Sadiki (18931904). Premier président de l'Amicale de l'Enseignement primaire; co-auleur d'un cours de devoirs de vacances.",5,,0,0,1,427,56,0.884
L1912-00309,BERGE,Stéphane,0,,Sept. 1852,1852,Romorantin,Loir-et-Cher,"publique, ou. ue i urcire des SaintsAfaurice- el-Lazare d'Italie, gr. croix du Nichan-Iftikhar. Conseiller à la Cour d'appel cle Paris. Nov. ",justice_law,justice_law,,,1885,1885,3,legion_honneur;palmes_academiques;nichan_iftikhar,1,1,"lycée de Guôref""; Ecole cle Droit de Poitiers et cle Paris, licencié en droit; lauréat de l'Institut (Académie des Sciences morales et politiques, section de Législation), concours de 1878.",lycée de Guôref,licence_droit,avocat à la Cour de Paris (1874); juge de paix au Kef (1885); juge à Tunis (1886); président à Sousse (1888); vice-président à Tunis (1890); directeur des Services judiciaires au Gouvernement tunisien (1896); président du Tribunal mixte (1903); président du Tribunal de Tunis (1904). Président de l'Alliance française à Tunis de 1900 à 1910.,9,"nombreuses publications d'économie politique et de droit; fondateur de la «Gazette du Palais», journal judiciaire quotidien; «La Juridiction française en Tunisie» (1895); «Le Journal des Tribunaux de la Tunisie»,revue bi-mensùelle de jurisprudence et de législation.",1,0,1,1084,56,0.8774
L1912-00310,BERGTOLD,Georges,0,,25 nov. 1876,1876,Alger,,off. du NichanIflikhar. Professeur d'allemand au lycée Carnot de Tunis. Dec. ,education_science,education_science,,Tunis,1901,1901,1,palmes_academiques,0,0,"licencié es lettres, certificat d'allemand.",lycée Carnot,certificat,"répétiteur à Epinal, Bar-le-Duc, Nancy; répétiteur puis professeur au lycée de Tunis.",2,,0,0,0,296,56,0.8965
L1912-00311,BERHAULT,Jean,0,,21 juin 1870,1870,SaintAlalo,Ille-et-Vilaine,"(Ille-et-Vilaine). Capitaine, au long cours, Tunis , 21 mars 1907. Enseigne de vaisseau de réserve; capitaine du port de Tunis. V.-prés. de l'Amical des Travaux publics ; membre du Comité Tunisien cle la Ligue Maritime française.",military,military,,Tunis,,,0,,0,0,,,,,0,,0,0,0,270,56,0.8586
L1912-00312,BËRIEL,Philippe,0,,8 janv.1877,1877,Lyon,,"Chargé cte la airecuoii du Secrétariat particulier d u Résident Général ; inspecteur général de l'Enseignem en f professionnel d e s indigènes, Tunis.Fév.",military;administration,military,,Tunis,1907,1907,3,palmes_academiques;merite_agricole;nichan_iftikhar,0,1,"lycée Ampère, à Lyon; Faculté des Lettres el Faculté cl es Sciences, à Lvon : lycée Henri IV, à Paris; Sorbonne; Collège, de France; Ecole des Hautes études; lie. de philos.; lie. en droit ; diplômé des sciences physiques, chimiques el naturelles; méd. de la Société cle Géographie. Lieutenant, cle réserve au 4* tirailleurs.","lycée Ampère;Faculté des Lettres el Faculté cl es Sciences, à Lvon;lycée Henri;Ecole des Hautes",diplome_superieur,"rédacteur au Ministère de la Marine; secrétaire de M. Aubry, sénateur cle Conslanline; chef du secrétariat particulier de, M. Thomson, ministre 1 de la Alarme; chef du Secrétariat particulier cle Al. Alapetite, résident général. V.-prés. clé le Société «La Région Lyonnaise», à Tunis.",8,Diverses études administratives sur l'administration de la Marine; collaboration au « Lyon ■ Républicain» et au ((Siècle».,1,0,0,1033,56,0.9268
L1912-00314,BERKELEY,Ernest- James - Lennox,0,,1857,1857,,,"(Ernest- James - Lennox). 1857, chev. de l'Ordre du Bain. Consul cônéral cle S. M. Britannique à Tunis. ",diplomacy,diplomacy,,Tunis,5 nov.1899,1899,0,,0,0,"Royal Military Collage, Sàndhursl,.",,,"lieutenant d'infanterie, vice-consul à Zanzibar (18 8 5), consul (1891), administrateur cle la Compagnie Anglaise de l'AI'rique Orientale (1891-1892)), commissaire et consul général pour le Prol.ee-- •torat britannique de l'Ouganda (1895 1899).",2,,0,0,0,425,57,0.8748
L1912-00315,BERNARD,Paul,0,,1867,1867,,,Chef di bureau à la Direction générale des Fi nances. ,military,military,,,1896,1896,1,nichan_iftikhar,0,1,,,,,0,,0,0,0,218,57,0.8808
L1912-00316,BERNE,Jean-Marie,0,,5 déc. 1866,1866,Pé rouges,Ain,Professeur au lycée Carnot (petit lycée). ,education_science,education_science,,,20 fév. 1889,1889,3,palmes_academiques;nichan_iftikhar;ouissam_alaouite,0,1,. brevet supérieur.,lycée Carnot,brevet_superieur,"instituteur à Oyonna.x (Ain), collège Alaoui (Tunis), collège Sadiki (Tunis), lycée Carnot (Tunis).",2,,0,0,1,286,57,0.8731
L1912-00317,BEROLSHEIMER,V.,0,,9 avril 1865,1865,Livourne,,"Publioiste, recherches minières, renseignements, ",,,"13, place, de l'Ancienne- • Poste",,,,0,,0,0,Ecole normale de P i s e.,Ecole normale,,"Ancien secrétaire cle la C h a m b r e de Commerce italienne de Tunis; représentant de la. maison Jansô, de Paris, pour la recherche des mines et des sources par les radiations des corps minéraux ; correspondant de l'Office International de la Presse; rédacteur de (d'Index général des Alines cle Tunisie» (un. supplément mensuel de «l'Index» tiendra l'ouvrage toujours à jour).",6,,0,0,1,567,57,0.9255
L1912-00318,BERRA,J,0,,1886,1886,Direcl,,eur clu journal «LeSahel». fondé en 1889.,commerce;industry_crafts,commerce,,Sousse,,,0,,0,0,,,,,0,,0,0,0,93,57,0.907
L1912-00319,BERTAINCHAND,Ernest,0,,12 mars 18 6 4,1864,Saint-Armand-les-Eaux,Nord,"de Portugal.Ingénieur agronome ; directeur du Laboratoire cle Chimie agricole et industrielle, ",engineering_architecture;industry_crafts,engineering_architecture,"17, rue EsSadikia, Tunis",Tunis,13 juin 1887,1887,5,legion_honneur;merite_agricole;palmes_academiques;christ_portugal;ouissam_alaouite,1,0,"Collège - Cliaplal, à Paris; Institut national agronomique ; Laboratoire des agriculteurs de France. école primaire supérieure, cours de la Faculté et cours BERTHOLON (Lucien). 30 sept. 1854, (Moselle), chev. de la Légion d'honneur. Docteur en médecine. 1.4. rue SaintCharles, Tunis. 11 oct. 1881. militaires à Lyon; ancien élève de l'Ecole des Mineurs d'Alais major de la promotion 18S3, sur vingtdeux élèves; diplôme lycées de Aletz, de Lyon, de Bourg; Faculté des Sciences de Lyon; Facultés de Alédecine de Lyon et de Paris; Ecole d'application du Val-de-Grâce (1876-1877).",Collège -;Institut national agronomique;Ecole des Mineurs;Faculté des Sciences de Lyon,doctorat_medecine;diplome_superieur,"ingénieur agronome; essayeur de la Monnaie à Paris; ancien président de l'Association amicale des Ingénieurs agronomes. docteur en médecine (1877): mention cle 1"" cl.; capitaine de réserve au 7"" d'artillerie à Bizerte. sousingénieur, de 1SS3 à 1892, dans diverses mines et exploitations du centre et du nord de la France; entré dans l'administration en 1892 comme contrôleur des Alines de 4* cl.; contrôleur principal au titre métropolitain le 1"" juillet 1908. Président du Groupe cle l'Afrique du Nord des Anciens Elèves de l'Ecole des Alines d'Alais. honorable de la Faculté de Médecine de Paris (1S78) ; prix de 1.000 francs de l'Académie de Alédecine (1881); médecin militaire de 1877 à 1890; démissionnaire en 1890 comme médecin major de 1"" cl.; médecin-chef du Service Pénitentiaire; médecin du collège Alaoui et du lycée Carnot; membre cle la Conférence Consultative, élu en 1906; correspondant honoraire du Ministère de l'Instruction publique; fondateur et premier président du Cercle tunisien de la Ligue de l'Enseignement (1S91-94); président d'honneur de la Société tunisienne des Habitations à bon marché; membre des Sociélés d'Anthropologie de Paris, de Lyon, de Londres. TRAVAUX publications diverses sur-des sujets médicaux, climatologie, démographiques; nombreux ouvrages sur l'anthropologie et sur l'ethnographie de l'Afrique du Nord, et sur la colonisation; publication d'un livre sur l'origine et la formation de la langue berbère,etc. A fondé, le 10 nov. 1894-, avec MM. Auguste Pavy et Servonnët, aujourd'hui décédés, l'Institut de Carthage ; président de cette Société en 1894 et 1900: secrétaire général depuis 1902 et, comme tel, dirigeant la «Revue Tunisienne» (17 volumes) ; vice-président d'honneur de l'Institut de Carthage; médaille de bronze en 1889 à l'Exposition. Universelle (exposition d'anthropologie fiunisienne) ; deux médailles d'argent et une de bronze au Concours agricole, de 1895 (lait sérilisé et bétail); médaille d'or de l'Institut de Carthage (1906).",33,"carte agronomique du bassin cle l'oued Aliliane; carte de la région de Sfax ; carte de la région de Sousse ; « chaudières à vapeur » ; « les . vins salés de Tunisie » ; étude sur les huiles tunisiennes, sur les matières tannantes ; « procédés de fabrication de l'huile » ; « les phosphates tunisiens » ; « la cire d'abeilles en Tunisie » ; « constante des huiles tunisiennes»; «la fumure de l'olivier ». chef du Service des Mines. 25, rue Thiers, Tunis. 28 fev.1906.",1,1,4,3425,57,0.9042
L1912-00320,BERTIN,Célestin,0,,25 sept. 1870,1870,Entremont-le-Vieux,Savoie,off. d'Académie.Directeur d'écofe à Alahdia.ll mai 1890.,,,,,,,2,nichan_iftikhar;palmes_academiques,0,1,Ecole normale de Chambéry; brevet supérieur.,Ecole normale,brevet_superieur,"Maître primaire au lycée Carnot de Tunis et instituteur dans diverses villes cle la Régence (La G oulette. Le Kef, Bizerle, Sfax, etc.) ; v.- président du Cercle de Alahdia de la Ligue .de 1 Enseignement; v.-prés. du Cercle de l'Union Française et v.-prés. de la Section tunisienne de l'Art à l'Ecole,à Mahdia.TRAVAux : création de la Bibliothèque populaire cle Alahdia; mention honorable là l'Exposition coloniale de Alarseille pour un travail personnel : «Les principales industries kairouannaises. »",8,,0,0,0,713,58,0.9058
L1912-00321,BERTHON,Louis,0,,26 janv. 1864,1864,Lavaveix-les-Mines,Creuse,"comm. du Nichan-Iftikhar. Ingénieur,",engineering_architecture,engineering_architecture,,,,,2,palmes_academiques;nichan_iftikhar,0,1,,,,,0,,0,0,0,114,58,0.9367
L1912-00322,BERTIN,,0,,9 avril 1872,1872,Entremont-le-Vieux,Savoie,"Directrice d'Ecole à Alahdia. 1"" oct. ",,,,,1900,1900,0,,0,0,Ecole Normale d'Alberville; brevet supérieur.,Ecole Normale,brevet_superieur,"institutrice à La Rochette (Savoie) et à Bizerte, Gafsa, Kairouan. | SJLINT-RAPHA.EL Q TTIN Q T7INA.",3,,0,0,0,272,58,0.8744
L1912-00323,BERTRAND,Joseph,0,,14 mars 1868,1868,Paris,,Incénieur- constructeur. Sfax 12 février 1888.,industry_crafts,industry_crafts,,Sfax,,,2,palmes_academiques;nichan_iftikhar,0,1,"Ecole privée de M. Pernaut, à Ailiers (Somme), certificat d'études primaires supérieures.",,certificat,administrateur directeur de la Société des Aiefiers de Constructions mécaniques de Tunisie ; administrateur-délégué cle la Compagnie Electrique cle Sousse; administrateur-délégué de la Compagnie Electrique cle Bizerle: administrateur de la Société Générale Electrique Tunisienne; ancien secrétaire de la Chambre de Commerce; 'membre cle la Conférence Consultative; conseiller clu Commerce extérieur de la France; plusieurs premiers prix au Concours agricole cle Tunis 1907.,7,,0,0,1,713,59,0.9411
L1912-00324,BERTRAND,Alarius-Louis-Joseph,0,,16 mai 1863,1863,Tunis,,"officier du NichanIftikhar. P r opriétaire cle la Closerie Gyplis, quartier du Moulin-à-Vent, Hammam - Lif. Vice - président cle la Alunici-. pâli té d'il ammam-Lif.",,,,Tunis,,,0,,0,0,,,,,0,,0,0,1,218,59,0.861
L1912-00326,BESSIERE,Victor - Lucien - Etienne,0,,,,,,"Avocat-défenseur, ",justice_law,justice_law,"17, rue (l'Angleterre, Tunis",Tunis,,,2,palmes_academiques;nichan_iftikhar,0,1,,,,,0,,0,0,0,220,59,0.9328
L1912-00327,BESSIS,Eugène,0,,,,,,Banquier et propriétaire. ,finance_banking,finance_banking,"8, rue Al-Dja",Tunis,,,1,nichan_iftikhar,0,1,,,,,0,,0,0,0,192,59,0.9634
L1912-00328,BESSIS,Nessim,0,,25 mars 1870,1870,Sousse,,"Transitaire à Sousse; négociant depuis 1892; membre clu Comité de l'Association des Anciens Elèves de l'Alliance Israélite Universelle et membre cle la Ligue des Droits de l'Homme. «Betterave Tunisienne» (La), société régionale, Tunis, 1906.",commerce;transport_maritime,commerce,,Sousse,,,1,legion_honneur,1,0,,,,,0,,0,0,0,1377,59,0.9651
L1912-00334,BEYNA,Auguste - Gabriel,0,,24 mars 1858,1858,Metz,,"du Portugal ; titulaire de la Méd a i 11 e d'Alphonse XIII. Directeur de la succursale de la Compagnie Algérienneà, Tunis. Juillet 19 01.",,,,Tunis,,,3,palmes_academiques;nichan_iftikhar;christ_portugal,0,1,"lycée de Alelz, puis Ecole sude Alelz.",lycée de Alelz,,"Entré à la Compagnie Al aérienne à Paris en novembre 1875; à Paris jusqu'en 1878; à Oran, caissier en 1878, chef de bureau en 1881, directeur en 1884; à Tunis, directeur en 1901.",4,,0,0,0,498,60,0.9084
L1912-00336,BEZZINA,André,0,,12 mars 1874,1874,Sousse,,Négociant à Sousse.,commerce,commerce,,Sousse,,,0,,0,0,,,,,0,,0,0,0,58,60,0.8255
L1912-00340,BIGHE-LATOUR,Gustave - ThibaultFrançois-Nicolas,0,,2 juin 1S5S,1858,Versailles,S.-etrO.,"Médailles d'honneur de 1"" et cle 2"" cl. en argent. Contrôleur général des sévices administratifs et du personnel de m ronce, 4u, rue iviarcescnau, Tunis. ",military;administration,military,,Tunis,23 janvier 1909,1909,4,legion_honneur;couronne_italie;saint_sauveur_grece;nichan_iftikhar,1,1,"lycée de Metz, collèges cle Fontainebleau et de Sedan. Bachelier es lettres. Capitaine cle gendarmerie cle réserve. A. servi au 6' chasseurs, au 1"" régiment de génie, au 4"" et .12° du train des équipages et dans la gendarmerie comme capitaine. Allaché au prince Georges cle Grèce, haut commissaire des puissances en Croie cle 1899 à 1903, comme lieutenant et capitaine. En 1904, en -.mission en Alacédoine comme capitaine.",lycée de Metz,baccalaureat,,0,"Etude sur la question Cretoise et l'organisation de sa gendarmerie (1904); Etude sur le corps des carabiniers royaux italiens (1904); Etude sur la Macédoine (1906). CAMPAGNES : vingt : Algérie, Crète, Alacédoine, Tunisie, siège de Aletz en 1870 comme enfant de troupe.",1,0,0,1135,61,0.9191
L1912-00342,BIGNENS,Lucien-Jules,0,,1844,1844,Vaulion,Suisse,"publique, off. du NichanIftikhar, meaaine cle l'industrie. Ancien inspecteur de la Traction au B.-G.; entreli r e n e u r des travaux publics; expert agréé par les ■ tribunaux. ",administration,administration,,,15 nov. 1877,1877,1,palmes_academiques,0,0,Ecole professionnelle d'Orbe. Engagé volontaire en 1S70.,,,"chef mécanicien, chef de dépôt, inspecteur de la Traction à la Compagnie Bône-Guelma; travaux en Grèce et en Tunisie. Prés, de l'Epargne Tunisienne; v.-prés. de la Société cle Bienfaisance; v.-prés. de la .Ligue dé l'Enseignement; v.-prés. des Droits de l'Homme; membre de la Société des Ingénieurs coloniaux. Auteur d'un important projet relatif à 3'exploitalion des forces motrices cle la. Medjerda et à l'utilisation de ses eaux pour l'irrigation de toute une vaste contrée et pour les besoins divers des Services publics en général. La réalisation-de ce projet gigantesque qui mettrait à la disposition de la Colonie une force motrice de 12.000 chevaux et de deux millions de mètres cubes d'eau par 24 heures, serait obtenue par la création d'un barage de 40 mètres de hauteur dans les gorges cle Testour, donnant lieu à la formation d'un lac de 45 kilomètres ae longueur et d'une capacité de plus de deux milliards cle mètres cubes d'eau. Dépense : 20 millions.",12,,0,0,1,1325,61,0.9379
L1912-00343,BIGORRE,Louis,0,,mars 1862,1862,Toulouse,,"Chef de gare à Mahdia. Janv, 1898. Ancien élève du lycée d'Alger; président de la Ligue de l'Enseignement. A fait les campagnes du Sud-Oranais, Soudan, Gabon et Tonkin.",transport_maritime,transport_maritime,,Mahdia,,,2,medaille_coloniale;nichan_iftikhar,0,1,,lycée d'Alger,,,0,,0,0,0,274,61,0.9706
L1912-00344,BIGOT,Henri,0,,17 mars 1874,1874,Brienon,Yonne,"off du NichanIftikhar. Professeur au lycée Carnot, Tu nis. ",education_science,education_science,,,1902,1902,2,palmes_academiques;nichan_iftikhar,0,1,"lycée Lakanal (prix d'honneur, 1894); boursier en Sorbonne; agrégé de g r a mmaire; licencié cle langue vivantes.",lycée Lakanal;lycée Carnot,agregation,,0,"traduction de divers r o m a n s italiens; de «L'Esthétique», de Beneditto Croce (Giard et Brières, 1904); conlerence en Italie sous le patronage de l'Alliance Française; «Naples et les Poètes français, études littéraires (Alais. 1902); collaboration à la Revue Tunisienne : «Rome et Carthage», sonnets (1906); étude sur «les déformations de la langue française en Tunisie» (médaille d'argent de l'Institut de Carlhage) ; nombreux articles, clans divers journaux, sur les questions pédagogiques el sociales tunisiennes ; critique dramatique et artistique ; conférences, etc. BILLON. 1876. Off. du Nichan-Iftikhar. Directeur cle l'école laïque cle garçon clu Kef. ETUDES .: ancien élève maître d'école normale; Brevet supérieur; certificat d'arabe parlé. Entré dans l'enseignement le 1"" octobre 1897.",1,0,0,1060,62,0.9214
L1912-00346,BILLON,François-Joseph,0,,,,,,"vice-consul, gérant du Consulat de France a Tunis du 17 sept. 1S09 au 1.",diplomacy,diplomacy,,Tunis,2 sept. 1814,1814,1,francois_joseph,0,0,,,,,0,,0,0,0,110,62,0.8927
L1912-00347,BILLY,Drausin,0,,19 janv. 1851,1851,Fontaines-Fourche,Seine-et-Marne,"(Seine-et-Marne), off. clu Aléri'te ' Agricole. Agriculteur - viticulteur à La Manouba. Mai 1891.",agriculture,agriculture,,,,,0,,0,0,,,,ancien directeur de la Société française de l'Elevage cle l'Autruche en Algérie (18841886); ancien sous - directeur de la Bergerie nationale de Moudjebeur en Algérie (1887 à 1890) ; membre de la Conférence Consultative; membre de la Chambre d'Agriculture; v.-prés. du Syndicat des Viticulteurs; vice-président de l'Association Agricole de la Tunisie; directeur de la Caisse régionale de Créditmutuel Agricole; président du Conseil d'administration de la Caisse régionale de Crédit mutuel Agricole du Nord d.j. la Régence.,9,"création d'un vignoble de 60 hectares et construction cle tous les bâtiments nécessaires à son exploitation. Médaille d'or pour les vins y. l'Exposition Universelle cle Liège, 1905; médaille d'or pour les vins à. l'Exposition Maritime de Bordeaux, 1907.",1,0,2,944,62,0.9121
L1912-00360,BISGH,Marie-Lucien-Arsène,0,,12 déc. 1854,1854,Strasbourg,Alsace,"L.UC1 d'escadron d'artillerie, Tunis. ",,,,Tunis,3 juin 1894,1894,2,legion_honneur;nichan_iftikhar,1,1,,lycée de Strasbourg,,"engagé volontaire au 12"" d'ard'artillerie le 15 déc. 1854; brigadier, brigadier-fourrier, maréchal des logis fourrier, maréchal des logis chef auctit regimeiu.; passe au vr a artillerie le 1"". juillet 1875; sous-lieutenant au 20° d'artillerie, à Verdun, le 15 janv. 1878; sous-lieutenant aux compagnies à cheval de la 6"" division de cavalerie; lieutenant au •32° d'artillerie; capitaine de la Direction d'Epinal, à celle de Vernon, au 7' d'artillerie à Rennes, puis à la direction de Tunis, puis au 36' d'artillerie à Clermont-Ferrand; major au 3"" bataillon d'artillerie à pied à Bizerte; chef d'escadron commandant l'artillerie de l'arrondissement de Tunis. Décédé en 1908.",11,,0,0,1,913,63,0.8651
L1912-00361,BISMUTH,Joseph,0,,20 nov. 1867,1867,Tunis,,"Industriel, ",industry_crafts,industry_crafts,"50, avenue Jules-Ferry, Tunis,directeur de la Alaison Th",Tunis,,,2,nichan_iftikhar;merite_agricole,0,1,,,,,0,,0,0,0,225,63,0.9286
L1912-00365,BLANC,Alarius,0,,,,,,"Naturaliste-pelletier, (rue Al-Djazira, 16 (en face de l'Hôtel cle Paris). A fait partie de l'expédition de 1880-81; établi en Tunisie depuis 18S6.",education_science,education_science,,,,,2,medaille_coloniale;nichan_iftikhar,0,1,"lycée de Marseille. Médaillé aux Expositions de Paris 1889 et 1900, au Concours de Tunis 1907 ; membre correspondant de plusieurs sociétés et musées scientifiques.",lycée de Marseille,,,0,"avait créé un musée d'histoire naturelle il y a cinq ans et offert gratuitement à la Ville toutes ses collections, d'une valeur de 25.000 fr. environ.",1,0,0,543,65,0.9217
L1912-00366,BLANC,Urbain,0,,nov. 1862,1862,,,"publique, comm. du Dragon de l'Annam,gr. off. du NichanIftikhar. Secrétaire Général du Gouvernement tunisien, 7 (bis)i rue des.Juges, Tunis et à SiclibourSaïd. Janv. ",military;administration,military,,Tunis,1908,1908,2,legion_honneur;palmes_academiques,1,0,,,,secrétaire particulier clu président du Conseil (1892); rédacteur au Alinistère de. l'Intérieur (1893); sous-chef de bureau (1898); inspecteur général adjoint (1899); inspecteur général (1905); chef du Cabinet du sous-secrétaire d'Etat à l'Intérieur (1806); chef de Cabinet de la Présidence du Conseil (1906-1908) ; secrétaire général adjoint (1908-1909) et secrétaire général clu Gouvernement tunisien (1910).,9,,0,0,1,732,65,0.8989
L1912-00367,BLANCHÈRÈ,R. DU COUDRAY DE LA,0,,,,,,"DU COUDRAY DE LA). Ancien directeur des Antiquités et Arts en Tunisie. «Décédé au mois de juin 1896, M. de la Blanc-hère appartint, pendant trois . ans à l'Ecole Française de Rome, et tes études qu'il entreprit alors sur les terres pontines furent justement remarquées. En 18S1, il fut nommé professe",education_science,education_science,,,,,1,ouissam_alaouite,0,0,,Ecole Supérieure des,,,0,,0,0,0,1596,65,0.949
L1912-00368,BLAVIER,Albert,0,,28 mai 1866,1866,Douai,,Procureur la République à Gray.,justice_law;religion,justice_law,,,,,0,,0,0,,,,"avocat attaché aux. tribunaux de la Seine, janv. 1893; suppléant rétribué à Souk-el-Arba,. déc. 1894; juge ; de paix, août 1896; suppléant, à Tunis, 5 mai 1898; juge d'instruction . tempoi raire, 11 juillet 1901; juge d'instruction, 30 octi 1903; procureur de la République à Beaune, 9-fév. 1904; nommé à Gray,.sur sa demande, le 7 mai. 1908.i",11,,0,0,0,422,65,0.8354
L1912-00374,B O E R N E R,Gustave-Adolphe,0,,15 janv.1839,1839,Strasbourg,,"Licencié es lettres, docteur en droit. Procureur de la République à Tunis jusqu'en 1890; conseiller à la Cour d'Appel de Pau.",justice_law;religion,justice_law,,Tunis,,,0,,0,0,,,doctorat_droit,,0,«Histoire du siège de Strasbourg (1870)». Décédé à Pau en 1895. Fut le premier procureur de la République de Tunis.,1,0,0,316,66,0.9184
L1912-00376,BOEUF,Félicien,0,,,,,,"Professeur, surveillant général à l'Ecole Coloniale d'Agriculture cle Tunis. Sept. ",military;education_science,military,,Tunis,1898,1898,3,palmes_academiques;merite_agricole;nichan_iftikhar,0,1,Ecole nationale d'Agriculture de Grignon. Ingénieur agricole; professeur à l'Ecole Coloniale d'Agriculture (la botanique agricole (physiologie el patho- ' logie végétales).,Ecole Coloniale,,,0,,0,0,0,374,66,0.9386
L1912-00377,BOEUF,,0,,10 oct. 1864,1864,Tunis,,"d'Anjouan, chev. clu Nichan.el Anouar, chevalier de la Conception cle Villavicosa, chev. cle Saint-Charles de Monaco. Vice-consul cle France, secrétaire archiviste de la Résidence Générale (1891); vice-consul honoraire (1894); vice-consul de 3"" classe (titulaire) (1902); promu à la 2° classe (1907).",military;diplomacy,military,,Tunis,,,5,palmes_academiques;merite_agricole;nichan_iftikhar;etoile_noire_benin;etoile_anjouan,0,1,,,,,0,,0,0,0,489,66,0.9301
L1912-00378,BOIANOWSKI,,0,,10 juillet 1866,1866,Berlin,,"Chancelier du Consulat Impérial d'Allemagne, ",diplomacy,diplomacy,"1, rue Sidi-Ibrahim, Tu- nis",,,,1,nichan_iftikhar,0,1,Université el Séminaire des langues orientales à Berlin; écoles à. l'étranger.,,,"chancelier aux ambassades impériales d'Allemagne, cle Londres, Berne, Le Caire et Ala.rseille.",1,,0,0,0,402,66,0.9195
L1912-00379,BOIZEL,Auguste,0,,21 mars 1877,1877,Epernay,,"Agriculteur, propriétaire cle l'henchir Medellia, Sfax. ",agriculture,agriculture,,Sfax,1900,1900,2,merite_agricole;nichan_iftikhar,0,1,,,,,0,,0,0,0,185,67,0.9368
L1912-00380,BONAN,Abraham,0,,12 déc. 1878,1878,Tunis,,"Docteur en médecine, S, rue Al-Djazira (passage Bessis), lunis.",medicine_health,medicine_health,,Tunis,,,1,nichan_iftikhar,0,1,"jollège Sain t^harles, lycée Carnol, Faculté des Sciences et Faculté de A'iédecine de Alontpellier ; bachelier (1897) ; brevet de langue arabe cle l'École super"" des Lettres d'Alger (1897); certificat d'études physiques, chimiques et naturelles (1899); diplôme cle docteur en mécine (1903). Médecin de l'hôpital israélite cle 'J'unis ; médecin municipal cle L'Ariuna; médecin de la Compagnie des Tramway de 'l'unis; médecin de la. communauté israélite de l'Ariana; médecin titulaire de la Société israélite d'assistance fraternelle ; ancien membre du conseil d'administration cle l'hôpital israélite; ancien trésorier cle la Société des Cuisines populaires; membre du Comité cle la Société israélite d'assistance fraternelle ; ancien médecin cle l'Asile des Vieillards Israélites de Tunis.",lycée Carnol;Faculté des Sciences et Faculté de A'iédecine de Alontpellie,doctorat_medecine;baccalaureat;diplome_superieur;certificat,,0,"«Des abcès clu sein pendant la. grossesse», thèse cle doctorat, 1903.",1,0,0,1005,67,0.8708
L1912-00381,BONAN,Jules,0,,17 déc. 1876,1876,,,"de Comptabilité cle Paris. Professeur cle sciences commerciales, directeur de l'Ecole pratique cle Commerce cle 'Punis, directeur clu «Journal des Comptables», commissaire des comptes, ",education_science;finance_banking,education_science,"12, rue de l'Algérien, Tunis",Tunis,,,2,nichan_iftikhar;palmes_academiques,0,1,"collège Saint-Charles, lycée Carnot, Société académique de Comptabilité de Paris; diplôme d'études secondaires commerciales; diplôme de comptable S. A. C; diplôme de professeur S. A. C. Expert comptable; délégué de la Société académique de Comptabilité cle Paris; délégué cle l'Association française pour le développement cle renseignement technique (Paris); président honoraire de l'Association des comptables de Tunis; président cle la Société des Sciences commerciales; délégué de la Société philotechnique cle Paris (reconnue d'utilité publique); membre de la Ligue française cle l'Enseignement.",collège Saint-Charles;lycée Carnot,diplome_superieur,,0,"a publié: «Traité cle comptabilité appliquée à la coordination des mouvements statistiques el économiques», «comptabilité des exploitations minières», «comptabilité des exploitations industrielles», comptabilité D. E. M.» «petit barème'de change», «imputation cle la main-d'oeuvre industrielle», «travail comptable en matière de cessation cle paiement » : une série cle bulletins clans le «Journal des Comptables», «la comptabilité en Tunisie», «maîtres comptables et experts comptables», «cours complet de comptabilité commerciale», «éléments cle ralionologie», «questions d'arithmétique commerciale ». Directeur clu « Journal des comptables; collaborateurs à la «Revue des Sciences commerciales». Cours gratuits d'enseignement commercial sous les auspices cle la Direction de l'Enseignement public en Tunisie, cle 1902 à 1907; cours cle comptabilité à la Société «'La Khaldounia » ; cours cle complabililé à. la Société des Anciens Elèves cle l'Alliance Israélite. Al. Bonan a démontré dans son ou. vrage : « Traité de comptabilité appliquée à la. coordination des mouvements statiques el. économiques », que la situation liquide d'une entreprise n'est pas établie par. la simple ônonciation clu chiffre cle son capital. Les formules préconisées par l'auteur cle cette nouvelle méthode cle comptabilité permettent au chef de maison de dégager à tout moment les éléments qui gravitent autour du capital engagé dans une entreprise el de suivre cle très près la situation économique d'une exploitation. Dans son «Cours complet cle comptabilité commerciale, M. Bonan, poursuivant l'épigraphe qu'il préconise : « Le travail méthodique est l'élément capital cle la justification des richesses», a exposé les principes de la. comptabilité rationnelle, tout en démontrant les inconvénients des principes routiniers et surannés cle la comptabilité empirique. L'auteur tunisien a été l'objet de nombreuses attestations émanant de notables professeurs français et étrangers, ainsi que des revues suivantes : « Le Monde économique» (Paris, ((La Revue des Sciences commerciales» (Marseille), «Les Cahiers commerciaux», «La Revue pratique des Sciences commerciales » (Liège), «Le Commerce» (Paris), «La Revista de Contabilidad y Licencias commerciales» (Valence, Espagne), «La Rivista italiana di Ragioneria» (Palerme), «La. Revue de Comptabilité et d'Administration » (Bruxelles), « La Rivista dei Ragionieri» (Padoue), «Il Alonitore dei Ragionieri» (Milan), «La Rivista d'Administrazione e Contabilità» (Corne), «Le Journal de Bruges» (Belgique), «La Rev u e de l'Enseignement comptable » (Vienne, Isère), «Bulletin de la Société académique de Comptabilité » (Paris), (( La Rivista Emiliana di Ragioneria » (Bologne), «La Ragioneria» (Bergame), «La Rivista d'Amministrazione» (Alilan).",1,0,2,3807,67,0.9496
L1912-00384,BONNAND,Jules-Antoine,0,,24 février 1854,1854,Saint-Didier-sur-Riverie,Rhône,"Surveillant, général du collège Sadiki, Tunis. ",military,military,,Tunis,13 nov. 1891,1891,2,palmes_academiques;nichan_iftikhar,0,1,"Ecole normale du Rhône. Anciennement professeur à la Société d'Enseignement pro,- fessionnel du Rhône.",Ecole normale;collège Sadiki,,,0,,0,0,0,291,68,0.9356
L1912-00385,BONNEFOND,Louis - Alariei- HenriEdouard,0,,"1"" déc. 1848",1848,Saulzais-le-Poslier,Cher,"publique, comm. au NichanIftikhar. Président clu Tribunal civil, avenue Krantz, Sousse. 9 nov. 18 9 2.",,,,Sousse,,,1,palmes_academiques,0,0,lycée de Bourges; Faculté cle droit de Paris; licencié en droit.,lycée de Bourges,licence_droit,"avocat stagiaire à Bourges. (1869); substitut à Château-Chinon (1875), a Nevers (1878), à Tours (1881); procureur cle la République à Doullens (1884), à Saint-Jean-de-Maurienne (1886), à Sousse (1892); président du Tribunal civil de Sousse (1897).",4,,0,0,0,542,68,0.8538
L1912-00386,BONNET,Edmond,0,,,,,,Membre de la mission cle l'exploration scientifique de la Tunisie (1883-1884).,,,,,,,0,,0,0,,,,,0,Produits végétaux du marché de Sfax; les plantes et les fleurs d'agréments dans la Régence de Tunis; les médecins indigènes du Sud de la Tunisie; catalogue raisonné des orchoptères de la Régence cle Tunis.,1,0,1,311,68,0.9543
L1912-00387,BONNET,Prosper,0,,21 oct. 1867,1867,Tarascon,B.-du-Rhône,"(B.-du-Rhône), chev. du NichanIftikhar. Chef de gare à Tebourba. ",transport_maritime,transport_maritime,,Tebourba,23 mai 1891,1891,0,,0,0,,,,,0,,0,0,0,118,68,0.8607
L1912-00388,BORDENET,Désiré,0,,7 sept. 1878,1878,Tenay,Ain,Instituteur à Tunis. 3,education_science,education_science,,Tunis,1 janv. 1902,1902,1,ouissam_alaouite,0,0,Ecole normale de Vesoul (ll.-Sâone) ; brevet supérieur ;. certificat d'aptitude pédagogique; brevet de maître cle gymnastique. Sergent-fourrier de réserve.,Ecole normale,brevet_superieur;certificat,"maître primaire au collège Alaoui; instituteur à Bizerte, à Tunis (école de, la rue de Colmar), à Zarzis. Anc. secr. adj. à l'Amicale de l'Enseignement primaire.",3,,0,0,0,419,68,0.9309
L1912-00389,BORDES,Jean,0,,24 avril 1854,1854,Lacasse,H.-Garonne,"Professeur d'escrime et. de gymnastique au lycée Carnot ; directeur du Gymnase Bordes, ",education_science,education_science,"35, rue de Afarseille, Tunis, 16 nov",Tunis,1892,1892,2,palmes_academiques;nichan_iftikhar,0,1,,lycée Carnot;lycée cle Toulouse;Ecole de Joinville-le-Pont,diplome_superieur,,0,,0,0,0,785,68,0.8891
L1912-00401,BORGEL,Elie,0,,15 fév. 1SS0,1880,Tunis: Ingénieur civil,E. C. P.,"C. P.), ",engineering_architecture,engineering_architecture,"60, rue de Naples, à Tunis",Tunis,,,0,,0,0,"lycée Carnot de Tunis, lycée Saint-Louis à Paris, Ecole centrale des Arts el Manufactures à Paris; bachelier es sciences; ingénieur des Arts et Manufactures.",lycée Carnot;lycée Saint-Louis;Ecole centrale,baccalaureat,"ingénieur-constructeur chez M.Seyrig à -Paris; ingénieur à la Société anonyme des Constructions el, des Ateliers de Wielbrouk (Bruxelles); membre cle la Société clés Ingénieur civils de France; secrétaire du groupe des anciens élèves cle l'Ecole centrale cle Tunisie. TRAVAUX"": a contribué à. l'étude de projets cle consIniclion métalliques pour l'Egypte, le Portugal, la Turquie, la Belgique, etc., et notamment pour le viaduc cle Brala, sur la frontière gréco-turque;' le pont de Connerce à Liège et le pont de Sercig, ces deux derniers construits lors de l'Exposition cle Liège de 1905; s'occupe actuellement, à Tunis, en dehors des constructions civiles et métallurgiques, cle questions minières; fait des rapports après visite et dirige les travaux de recherches.",11,,0,0,0,1038,69,0.9593
L1912-00403,BORROMEI,Thomas,0,,16 fév. 1870,1870,Novale,Corse,"Professeur d'italien au Lycée Carnot, à Tunis. Nov. ",education_science,education_science,,Tunis,1897,1897,2,palmes_academiques;nichan_iftikhar,0,1,Licencié es lettres; admis à l'agrégation d'italien. Adjudant cle territoriale.,Lycée Carnot,,"répéliteur à Orange, Toulon, Nice, Aix, Avignon; professeur Tunis.",2,,0,0,0,316,69,0.9264
L1912-00404,BORTINO,Jean-Baptiste,0,,16 mars 1860,1860,,,le agricole. Distillateur à Sousse. 14 octobre 18 8 2. Elèvedistillateur de 1875-1882 ; viceprésident de la Chambre Mixte. Hors concours pour ses vins ; médaille d'argent grand module (premier prix) pour ses liqueurs.,,,,Sousse,,,1,merite_agricole,0,0,,,,,0,,0,0,1,289,69,0.8562
L1912-00405,BOST,Etienne-Augustin,0,,10 novembre 1858,1858,Sainl-Nazaire,Loire-Inf.,"diplôme cle collaborateur, Exposition universelle de Paris 1900; médaille d'honneur de la. Mutualité. Chef clu bureau de la comptabilité ù la Direction cle l'Agriculture, du Commerce et de la Colonisation, ",,,"38, avenue Bab-Djedid, Tunis",Tunis,30 déc. 1890,1890,2,palmes_academiques;nichan_iftikhar,0,1,,,diplome_superieur,"secrétaire-rédacteur des chemins cle fer de l'Etat; sergent-major d'infanterie; négociant exportateur en Algérie; anc. très, du Cercle Républicain de Bône (Algérie); anc. v.-prés. de la Société fraternelle des Anciens Sous-Officiers cies armées cle terre et de mer; prés, de l'Association amicale des Fonctionnaires de la. Direction cle l'Agriculture, du Commerce el de la. Colonisation, à Tunis; ]irôs. cle «La Truffe», société amicale des Périgoudins en Tunisie.",9,,0,0,1,891,70,0.925
L1912-00406,BOTTESINI,Archimôde,0,,1S54,1854,,,"d'honneur et du Takov de Serbie, comm. des S'-Alanrjce et Lazare, gr. off. de l'Osmanié et clu Aledjidié de Turquie. Consul général d'Italie à. Tunis. 1"" juin 1899.",military;diplomacy,military,,Tunis,,,4,couronne_italie;legion_honneur;osmanie;medjidie,1,0,"gymnase, lycée ,Université italiens; docteur en droit et. es sciences politico-administratives.",,doctorat_droit,"élève-consul et. viceconsul au'Caire, à Bukaresl, à Bône, à Toulon, à Belgrade ; Consul général à Smyrne, puis à Tunis.",3,,0,0,0,502,70,0.9282
L1912-00410,BOUBES,Joseph-André,0,,27 mai 1SS0,1880,Ctignaux,M .-Garonne,"(M .-Garonne). Substitut clu Procur. de la. République à. Aloiillueon. 1"" février 1908.",justice_law,justice_law,,,,,0,,0,0,"lycée cle Toulouse, F acuité s cle droit cle Toulouse el cle Paris; licencié en droit.",lycée cle Toulouse,licence_droit,"avocat à la Cour d'appel cle Paris, attaché au Parquet cle la Seine, attaché au Ministère de la. Justice; juge suppléant nu Tribunal do Conslunfine et au Tribunal cle Tunis en 1908.",2,,0,0,0,420,70,0.9212
L1912-00411,BOUBILA,Jean-Théophile,0,,17 oc,1706,,,"publique, off. clu Nichanfffikhar. Chef cle bureau el chef de l'Office central clu Placement français à. la Direction cle 1 ' Agriculture, du Commerce el de la Colonisation, ",,,"12, rue du- Maroc, Tunis",Tunis,1889,1889,1,palmes_academiques,0,0,"collège de Alugnac, L n.v a l el, Sorbonne ; bachelier es lettres. .bucT.Ess' : a Paris, journaliste parlementaire el publicisle ; attaché au Cabinet du Ministre de l'Intérieur (Bureau cle la Presse); à Tunis, rédacteur, puis chef de bureau: membre cle l'Association .syndicale professionnelle des journalistes républicains français.",collège de Alugnac,baccalaureat,,0,"rédaction d'une touille spéciale de vulgarisa lion sur la Tunisie et sa. colonisation (189:1-1893); notice sur la Tunisie à l'usage des émigranls (ôclil, ori., 1"" broch. 1897); diverses brochures sur la Tunisie, la poterie à. Nabeui, la Tunisie à Bergen, etc.; articles el poésies diverses dans les journaux et revues. Médaille cle bronze cle la Société de secours mutuels cle France. Colon à La Soukra, vigne et arboriculture, i",1,0,0,1082,70,0.8956
L1912-00415,BOUCHET,Léopold-Marius,0,,"1"" juin 186.0",1860,Marseille,,Restaurateur « Les Délices du Belvédère». Déc. ,hospitality_services,hospitality_services,,Bizerte,1899,1899,2,leopold_belgique;nichan_iftikhar,0,1,"collôge Sadiki. Capitaine de réserve; ancien interprète au Gouvernement tunisien en 1880; ancien professeur de français et d'italien au collège Sadiki. Membre dii Comité cle la Société des Amis des Arbres; membre du Comité de la Colonie agricole indigène d'El-Ansarine ; membre congressiste cle la Société cle Géographie; Directeur et rédacteur en rédacteur en chef du journal ((El Hadira», fondé en 1887.",collège Sadiki,,,0,,0,0,0,989,71,0.9263
L1912-00416,BOUDET,Raymond - Bernard - PierreLouis,0,,1867,1867,Caslelmoron-surLol,Lot-el-Gur.,"Comptable à la. Compagnie du Gaz et des Eaux, quartier Sans-Souci, Tunis. ",finance_banking,finance_banking,,Tunis,27 janv. 1898,1898,2,nichan_iftikhar;medaille_militaire,0,1,"lycée d'Agen, institution ' A'Iouras (Bordeaux) jusqu'en rhétorique; examen de grammaire.",lycée d'Agen,,"adjudant au 9° cle ligne et au 4"" tirailleurs. Secr. de la. Société des Afédaillés Militaires (28"" section cle Tunisie); membre fondateur cle la Bibliothèque des sousofficiers au 9"" cle ligne; ancien président de la Bibliothèque des sous-officiers au 4* tirailleurs. Adjudant de territoriale. Médaille d'argent' de l'Alliance françai- - se; médaille de bronze de la Ligue Nationale contre l'alcoolisme.",7,,0,0,0,738,71,0.8957
L1912-00423,BOUHAGEB,Ahmed,0,,1873,1873,Tunis,,"Ancien avocat au barreau de Tunis, ",justice_law,justice_law,"1, rue Sidi-Essourdou, Tunis",Tunis,,,0,,0,0,"collège Sadiki, lycée Lakanal à Bourg-laReine, près de Paris; Faculté de droit cle Paris; licencié en droit de la Faculté cle Paris.",collège Sadiki;lycée Lakanal;Faculté de droit cle Paris,licence_droit,,0,,0,0,0,235,72,0.961
L1912-00424,BOUHAGEB,Housseïn,0,,fév. 1872,1872,Tunis,,"D' en méd.,4, r. des Femmes. Tunis.",,,,Tunis,,,1,palmes_academiques,0,0,"collège Sadiki, lycée Carnot, lycée Lakanal (P aris), Facultés de Alédecine de Bordeaux et cle Paris.",collège Sadiki;lycée Carnot;lycée Lakanal,,"médecin cle la Colonie agricole indigène d'El-Ansarine; médecin ,acljoint à. l'hôpital Sadiki; .méd e ci n municipal ; médecin de la fékia et dos aliénés. Prés, de la Société sportive «La Musulmane»; v.-prés. du Cercle Tunisien;-membre-du Comité cle la Société musicale «La Naceuria»; membre correspondant de la «Revue cle l'Hypnotisme et de la Psychologie physiologique.",9,«Principes sur l'hygiène alimentaires»; «Principes sur l'hygiène dans le ménage indigène et de l'a femme indigène»; travail sur les marabouts et les aïssaoua.,1,0,0,755,72,0.9254
L1912-00428,BOULAKIA,Joseph,0,,12 mars 1881,1881,Tunis,,"Docteur en médecine, ",medicine_health,medicine_health,"6, place Garibaldi, Tunis",Tunis,,,0,,0,0,lycée Carnot cle l'unis et Faculté cle médecine de Paris.,lycée Carnot,doctorat_medecine,,0,,0,0,0,154,72,0.9055
L1912-00430,BOULLIER,Jules-Emile,0,,3 juillet 1873,1873,Lyon,,"6, rue d'Angleterre, Tunis. Représentant, cle commerce. ",,,"6, rue d'Angleterre, Tunis",Tunis,1900,1900,2,palmes_academiques;nichan_iftikhar,0,1,"lycée cle Lyon: Faculté de droit de Grenoble; Ecole militaire cle Sainl-Maixent : bachelier es lel1, r e s el bachelier en droit. Lieutenant cle réserve au 4' zouaves. Sue■■ CESS' : off. d'infanterie dêmis' sionnaire; nôgoc' et représentant; agent général cle la maison Binet, de Reims, v.-prés. du Syndical des Représentants i cle commerce français; membre correspondant cle la Chambre du Commerce i extérieur el colonial de France cle Paris; correspondant clu journal «Les Annales diplomatiques et consulaire»; meml lire de la chambre de Commerce de■ Tut nis. élu en ""1910,",lycée cle Lyon;Faculté de droit de Grenoble,baccalaureat,,0,,0,0,1,735,72,0.8776
L1912-00432,BOUNIN,Edoiiard-Emile-Ph'ilibert,0,,17 nov. 1859,1859,Bône,Consfantine,"et médaillé de la Mutualité. Avocat au barreau de Tunis, rue de T u n i s. Bizerle. 18 juin 18 9 2.",justice_law,justice_law,,Tunis,,,2,palmes_academiques;nichan_iftikhar,0,1,"lycée d'Alger, collèges de Constantine el de Bône, Faculté cle Paris, Ecole de droit d'Alger, Faculté d'Aix; bachelier es sciences el es lettres; licencié en droit: 2"" prix de droit romain (1882); certificat d'arabe parlé. Maréchal des logis de réserve.",lycée d'Alger;Ecole de droit,licence_droit;baccalaureat;certificat,"avocat à Bône (1S83); juge de paix en Algérie (iSSS); avocat à. Bizerte depuis 1892; membre de la Conférence Consultative de 1896 à 1904, réélu on 1906 pour quatre ans; conseiller municipal cle Bizerte depuis 1893. Prés, de «l'Amicale mutuelle Tunisienne»; anc. prés., fondateur, cle «l'Avenir du Prolétariat» el de la «Sociôlê des Anciens sous-officiers en Tunisie»; anc. prés, et membre du Conseil d'administration de diverses sociélés locales; ancien rédacteur a-u«Pelils Bônois» et au «Courrier de Bône»; rédacteur de «la Dépêche Tunisienne» à Bizerle (1892-1904); correspondant, cle l'Agence Havas depuis 1899 et de plusieurs journaux de Paris. Médaille d'argent, Alger, 1882.",12,,0,0,0,1166,73,0.9221
L1912-00437,BOURDOT,,0,,1865,1865,,,Receveur principal des Douanes à Tunis. ,administration,administration,,Tunis,1891,1891,2,merite_agricole;nichan_iftikhar,0,1,,,,,0,,0,0,0,207,73,0.7773
L1912-00441,BOURGADE,François,0,,7 juillet 1806,1806,Ordonné prêtre en 1832,,"On a de lui des ouvrages de controverse, religieuse : «Soirées cle Carlhage», Paris, 1847. et 2' édition, Paris. 1852, in-8°, «La Clef du Coran», Paris, 1852, in-8\ «Passage clu Coran à l'Evangile», Paris, 1855, in-8°, «Lettre à. Al. Renan», Paris, 1863, in-8°; quelques brochures : «Association cle ",justice_law;religion,justice_law,,Tunis,,,2,legion_honneur;nichan_iftikhar,1,1,,collège Saint-Louis,,,0,,0,0,0,2599,73,0.9343
L1912-00442,BOURGEOIS,Alphonse,0,,1S65,1865,SaintJean-sur Veyle,,"Apiculteur à Bir-bou-Rekba, Tunisie. Janv. ",administration;industry_crafts;agriculture,administration,,Tunis,1865,1865,1,nichan_iftikhar,0,1,,Ecole coloniale,diplome_superieur,,0,,0,0,0,1366,74,0.9581
L1912-00443,BOURGEON,Philibert,0,,12 août 1859,1859,Dijon,,"d'Italie,- chevalier du Alérite agricole,off .des SS. Alaurice et Lazare. Procureur général à la Cour d'Appel de Poitier. Janvier 19 0 4.",justice_law;military;religion,justice_law,,,,,6,legion_honneur;palmes_academiques;nichan_iftikhar;couronne_italie;merite_agricole;saints_maurice_lazare,1,1,"lycée de Di j on,' Faculté des lettres cle D i j o n, Faculté de droit de Diion ; docteur en droit; lauréat des concours de droit et de lettres (6 concours, 6 premiers prix); lauréat de l'Académie de Dijon et de l'Ecole nationale des Beaux-Arls. Ancien officier de réserve et cle l'Armée territoriale.","lycée de Di;Faculté des lettres cle D i j o n, Faculté de droit de Diio",doctorat_droit,"avocat à la. Cour d'Appel de Dijon (1SS3); secrétaire cle la Conférence (18S4); juge suppléant au Tribunal civil de Dijon (18S5); substitut à. Beaime (18S6); substitut à. Chalons-surSaône (18S8) ; procureur à Charolles (1890); procureur à Beaune (1893); procureur à Vienne (1894); avocat général à la. Cour d'appel cle Poitiers (1S98); procureur à Tunis (1"" cl.) (1904); procureur -général à Poitiers (1911) .Alembre cle plusieurs sociétés savantes el. de plusieurs associations mutuelles ou philanthropiques.",17,"auteur de plu- • sieurs ouvrages cle littérature el de droit: «Traité cle l'inexistence et, cle l'annulabilitô des actes juridiques»; «La France el l'Europe en 1792»; «Les Comices à Rome au temps de César»; «L'oeuvre de justice dans un pays cle libre discussion», etc. Alembre associé de l'Académie cle Grenoble.",1,0,1,1450,74,0.901
L1912-00444,BOURGET,Eloi,0,,,,,,"off. du Nichan-lftikhar. 1"" oct. ",,,,,1884,1884,3,palmes_academiques;nichan_iftikhar;ouissam_alaouite,0,1,Ecole nor maie d'Avignon.,,,"instituteur en France, puis maîlre-adjoint d'écolo normale à Villefranche (Rhône), puis à Alger; chargé de l'économat clans ce dernier établissement, puis au collège Alaoui ù. Tunis à partir de la fondation de col établissement en .1884; fondateur de la Société chorale «La Cigale», qui devint «la Chorale cle Tunis», dont il est aujourd'hui directeur honoraire ; membre de la Société des Auteurs et Compositeurs dramatiques. 'IRAVAUX : a. composé plusieurs oeuvres musicales, un solfège, cle nombreux choeurs d'orphéon : Rhodanus, exécuté par la musique clu 1"" zouaves; des morceaux pour fanfare : « A l'Algérie ! »; des romances et dos choeurs pour les écoles : «LnAluse enfantine » ; trois partitions d'opéra, dont une a été interprétée avec succès au théâtre : «La Sultane», avec Emile Arbinet pour le poème; «La fêle des myrtes », poésie d'Emile Toubin; «La Belle .Tu an a », poème. Alédailles d'argent et cle bronze aux expositions cle Tunis 1887 et cle Bône 1890 pour des compositions musicales.",14,,0,0,0,1139,74,0.9089
L1912-00448,BOUSSEN,Manoubi,0,,Mars 1867,1867,Tunis,,"Secrétaire particulier cle S. A. le Bey, rue de l'Agha, :IS.",,,,Tunis,,,4,nichan_iftikhar;palmes_academiques;merite_agricole;legion_honneur,1,1,"collège Sadiki. Ancien interprète et secrétaire au Gouvernement tunisien et secrétaire cle S. A. le Bey alors qu'il n'était encore que prince héritier. Médaille d'or à l'Exposition agricole cle Tunis 18S9 pour l'exposition"" d'un jardin à La Manouba. Bou-Zergua. C. c. de Tunis, caïdat de la Banlieue. Se (A) sur la. ligne B.-G. de Tunis (13 k.) à La Laverie (15 k.). Train du Alornag. BOY (William). 20 ocl.1873. Bordeaux, off. d'Académie, chev. du Mérite Agricole el du Dragon de l'Annam, off. du BOU-THADI. C. c. el caïdat de Slax. Village à 22 k. de Triugu. A. P. Niclianlllikhar. Capitaine d'artillerie, attaché à lu personne du Résident Général de France à 'l'unis. Juillet 1907. Ecole polytechnique (.'89-4-96) Bâche lier es lettres el es soiîi:ces, accessit, au Concours générât BOUVIER (Louis-Marie-Léon Marc de). 27 nov. 1860. Nancy (Meiirthc-el-Mosclle), chev. de la Légion d'honneur. Ancien ollicier de chasseurs à pied; agriculteur à Sicli-Atlunane (Tunisie) et à Bayou (Meurlhe-el-Aloselle). Janv. 1897. Ancien élève de l'Ecole militaire cle S'- C.vr ; capitaine d'élal-major territorial; président honoraire de la Caisse régionale de Crédit muluel cle Tunis. A collaboré n- divers journaux en vue cle l'implantation en Tunisie clu crédit agricole mutuel, cle coopératives agricoles el, cle la réalisation de progrès agricoles techniques, à été l'un des fondateurs cle la Mutualité Agricole en Tunisie. Décédé à Paris en 1910. cle physique (ma thématiques spéciales. Paris 1S9-4.",collège Sadiki;Ecole polytechnique,,"Sous-lieulenant à l'Ecole d'application de l'art et du génie (189698), lieutenant d'artillerie au 14°' à Tarbes (1898-1900), lieutenant d'instruction à. Fontainebleau (1900 à 1901), lieutenant au 18' à Toulouse cle 1903-1907.",2,,0,0,0,1874,75,0.9002
L1912-00449,BOUYAG,René,0,,21 juin 1859,1859,Oran,,"publique, chev. clu Mérite Agr. connu, clu Nichan.lltikhar.",,,,,,,2,palmes_academiques;nichan_iftikhar,0,1,,,,,0,,0,0,0,116,75,0.9203
L1912-00450,BOYER DE SAINT-GERVAIS,Jacques,0,,,,,,Consul cle France en Tunisie clu 7 scpl. 1720 a.u 24 juillet 1733. Rédacteur en chef clu «Libéral ». 29 août 18 9 0.,diplomacy;press_letters_arts,diplomacy,,,,,0,,0,0,"lycée d'Oran et d'Alger; bachelier es lettres el es sciences; capitaine interprète cl a n s la réserve. SucCESS':ôff. interprète en Algérie de 18 8 0 à 1S90; mis hors cadres en. 1S90 el, nommé Contrôleur civil",lycée d'Oran,baccalaureat,,0,,0,0,1,369,75,0.8629
L1912-00451,BOYER,Jean,0,,,,,,Un des premiers députés de la nation française en Tunisie. Fut chargé cle l'intérim clu vice-consulat cle France clu 24 juillet 1733 au 4 mars 1734.,politics_native_admin;diplomacy,politics_native_admin,,,,,0,,0,0,,,,,0,,0,0,0,162,75,0.8654
L1912-00452,BRANDENBURG,Godefrov,0,,25 sept. 1850,1850,La,,"Propriétaire, 9., rue Al-Djazira, Tunis. 1"" août 1876. Créateur du centre cle Salammbô et d'autres quartiers en ville, notamment le quartier cle l'avenue cle Londres: suppléant, puis titulaire, à Kairouan et",,,,Tunis,,,1,palmes_academiques,0,0,,,,,0,,0,0,0,284,75,0.925
L1912-00453,BRAQUEYAHE,Jules-Pie-Louis,0,,7 février 1865,1865,Thiais,Seine,"chev. de Tordre du Cambodge. Docteur en Aléclecine, rue de Hollande et La Alanoubia,près de Tunis. 1"" novembre 18 9 8.",,,"17, Avenue de France — TXJ3STIS liéa ion d'honneur, off",Tunis,,,2,palmes_academiques;nichan_iftikhar,0,1,"lycée de Bordeaux, Faculté de Alédecine de Bordeaux et de Paris; doctorat en mécteçine iisat;; ex-preparateur et répétiteur d'anatomie à l'Ecole municipale des Beaux-Arts de Bordeaux (1884-1889); exinterne, des hôpitaux de Bordeaux (18871SS9) et de Paris (1S91-1S95); ex-aide d'anatomie provisoire à la Faculté de Paris (1893); professeur agrégé de chirurgie à la Faculté de Bordeaux (1895-1904); professeur d'hygiène et de premiers secours à. l'Ecole Coloniale d'Agriculture (1903); médecin-major de 2* cl. de la réserve; secrétaire général de l'Union des Femmes de France (section de Tunis); chirurgien titulaire de l'hôpital civil français depuis 1898; chirurgien de l'Office postal ; médecin de la Crèche et membre du Conseil d'hygiène; ex-trésorier de la Société d'Anatomie et de Physiologie de Bordeaux; ex-président de la Société internationale des Sciences médicales de Tunis; vice-président cle la Société d'Horticulture; Président de la Section de Tunis de la Société des Amis des Arbres; membre du Comité de la Société de Géographie.",lycée de Bordeaux;Ecole Coloniale,agregation,,0,"«De la méthode graphique appliquée à l'étude clu traumatisme cérébral» (thèse ,1894); articles : «Afa.melle» clans le «Traité de chirurgie» de Le Deritu-Delbert (en collaboration avec le docteur Binaud); «la Gastrotomie»; collection des «Actualités médicales», Haillère ; « Consultations chirurgicales à l'usage des praticiens» (en collaboration avec le docteur de Bouville); «Traitement de la fistule vésicovaginale par un procédé nouveau». «Cure radicale des rétrécissements du rectum par autoplastié crotale ou vaginale (1907); etc. Correspondant pour Bordeaux de la ((Gazette hebdomadaire de Médecine et de Chirurgie» (1895); rédacteur au «Bulletin de l'Hôpital civil français de Tunis»; délégué pour la Tunisie du Consulat du Japon pour l'exposition internationale d'Osaka 1901-1902; correspondant de la Société de Chirurgie de Paris; membre fondateur de la Société nationale de Chirurgie; mention au concours de fin d'année à la Faculté de Aiedecine de Bordeaux (1884); prix des thèses (prix Godard); médaille de bronze Assistance publique de Paris (internat) (1895); lauréat de la Société d'Anatomie et de Physiologie de Bordeaux. Rédacteur h la «Tunisie Médicale».",1,0,2,2567,75,0.9076
L1912-00454,BREART,Jules-Aimé,0,,4 fév. 1826,1826,Grenoble,,"d'honneur, général commandant de corps d'armée. ",military,military,,,4 fév. 1826,1826,1,legion_honneur,1,0,"Ecole de Saint-Cyr (1843), s.-lieutenant (1845), lieutenant (1849), capitaine (1853), commandant de chasseurs (1863), l.-colonel (1864), colonel 1870. Commandant en second de l'école de Saint-Cyr; général cle brigade (1875), général de division 18 juin 1882; commandant le 13' corps d'armée et en 1SS7 le 17 corps lors du premier-essai cle mobilisation. A fait les campagnes d'Italie (décoré de la Légion d'honneur à. Solférino) et du Mexique. Comme général cle brigade fut envoyé en Tunisie au moment de l'occupation et se montra habile diplomate. Aussitôt débarqué à Bizerte, le général avec sa. brigade monta sur Le Bardo où il arriva le 12 mai 1881 et le lendemain 13 il faisait signer au Bey le traité de Kassar-Saïd.",Ecole de Saint-Cyr;école de Saint-Cyr,,,0,,0,0,0,868,76,0.901
L1912-00455,BREFORT,Anlonin,0,,,,,,"Professeur de dessin diplômé cle l'Ecole des Beaux-Arts cle Paris; professeur cle dessin au lycée Carnot, Tunis.",education_science,education_science,,Tunis,1900,1900,2,palmes_academiques;nichan_iftikhar,0,1,,Ecole des Beaux-Arts;lycée Carnot,diplome_superieur,,0,,0,0,0,246,76,0.9469
L1912-00456,BREIEAN,Paul - Auguste - René,0,,26 avril 1884,1884,Paris,,"Secrétaire cle Contrôle civil, 44 (bis), avenue Bab-Djedid, Tu8 avril 1907.",,,,,,,0,,0,0,"lycée Charlemagne, collège Rollin, Ecole des Langues Orientales, Faculté cle droit de Paris; licencié en droit; bachelier es lettres; diplôme des langues orientales vivantes cle Paris, pour la langue arabe.",lycée Charlemagne;collège Rollin;Ecole des Langues,licence_droit;baccalaureat;diplome_superieur,,0,,0,0,0,346,76,0.9111
L1912-00457,BRESSON,Henri,0,,183S,1838,,,"Alédecin principal de 1"" cl. en retraite, .'■Directeur du Service de Santé de la Division d'occupation cle Tunisie; président d'honneur de l'Union républicaine de Bab-el-Oued; président de l'Institut de. Carthage. Décédé le 27 mars 1908, à Alger.,",,,,Carthage,,,3,legion_honneur;medaille_coloniale;nichan_iftikhar,1,1,,Institut de,,,0,,0,0,0,391,76,0.9354
L1912-00458,BRIERE,Emile,0,,19 janv. 1861,1861,Chartres,Eure-et-Loire,médaille de la Société d'Encouragement au bien; Médaille de l'Avenir clu Prolétariat. ■ Rédacteur au Contrôle civil cle Kairouan et Vice-Consulat de France à Tunis. Janv. ,diplomacy,diplomacy,,Kairouan,1886,1886,3,legion_honneur;medaille_militaire;nichan_iftikhar,1,1,"collège de Chartres ; brevet d'instruction générale; certificat d'arabe parlé; lieutenant de réserve au. 4"" chasseurs d'Afrique; .vice-président de la Société^ civile - «L'Avenir du ' Prolétariat»; /président du «Droit Humain». Auteur d'une notice sur les sociétés d'instrucr ■ lion militaire dans la cavalerie (applica- tion de la loi de deux ans; dix campagnes, trois- blessures en service commandé'.",collège de Chartres,certificat,,0,,0,0,0,721,76,0.9323
L1912-00460,BRIGNONE,Pierre,0,,11 janv. 1852,1852,Pantellaria,,"Alédecinclnrurgien, ",,,"13, rue de D an emark et rue de Toulon, villa Brignone, Tunis",Tunis,11 juin 1887,1887,2,nichan_iftikhar;couronne_italie,0,1,"lycée cl e P a 1 e r m e Univertité de Naples ; diplômé à Naples (1.S7S. Nommé après concours aide interne à la clinique ophtamologique dé l'Université de Naples ; môd. de 1 Hôpital civil de lrapani; mécl. de l'asile des Vieillards de la même ville et médecin municipal de 1883 à 1887; directeur de l'Inlermeria italiana et chirurgien titulaire (1887-18S9); directeur cle l'hôpital colonial italien où, pendant près de dix-huit ans il pratiqua la chirurgie comme chef de service (1894-1895); actuellement médecin consultant au même établissement; fondateur de la Société internationale de Médecine, président en 1903; président de la Société Dante Alighieri depuis 1905; administrateur de la Cooperativa italiana di Crédite (1905-1907).",lycée cl,diplome_superieur,,0,,0,0,1,946,77,0.8534
L1912-00461,BRISSE,Joseph-Ernest,0,,9 mars 1854,1854,Amanty,Meuse,"d'honneur, comm. du Nichan-Iftikhar. Colonel du 58* rég. d'inf. à Avignon.",military,military,,,,,2,legion_honneur;nichan_iftikhar,1,1,,,,"engagé voiontaire le 20 mai 1873 au 64""; caporal le 27 rtov. 1873; sergent lé 1"" juin 1874; sergent-major le 9 juillet 1875; sortit n"" 1 de l'Ecole de tir du Ruchard et n° 1 de l'Ecole du camp d'Avor ; sous-lieuténant au 138* le 18 déc. 1S77; suivit, de 1882 àl884, les cours de l'Ecole supérieure de Guerre; breveté d'ôtat-major; mention «bien»; lieutenant le 9 juillet 1883 ; officier d'ordonnance du général commandant la 23° division d'infanterie; capitaine au 78"" le 30 nov.; àofflcier d'ordonnance du général commandant la 9"" division d'infanterie; chef a ._^_^_^. de bataillon le 8, oct. 1899;,attaché à. l'étal-major de l'armée (2° bureau); lieutenant-colonel le 22 déc. 1906; nommé en 1907 chef ""d'état-major cle la Division d'occupation; a reçu un témoignage de satisfaction (1S96) et trois lettres de satisfaction clu ministre (1891, 1892, 1897).",19,,0,0,0,1015,77,0.8351
L1912-00462,BROC,,0,,,,,,"Docteur en médecine, ",medicine_health,medicine_health,"2, rue d'Italie, Tunis",Tunis,,,0,,0,0,,,doctorat_medecine,,0,,0,0,0,181,77,0.9632
L1912-00463,BROIDO,,0,,8 mai 1868,1868,Russie,,"Docteur en. médecine, de la Faculté de Paris, Tanger (Maroc). Juillet 1908.",medicine_health,medicine_health,,,,,0,,0,0,"hôpitaux et Faculté cle Paris, Institut cle Médecine coloniale de Paris (diplôme.",Institut cle,diplome_superieur,"externe des hôpitaux de Paris ; médecin sanitaire maritime à bord des Touache ; directrice de l'infirmerie li our femmes et enfants à Constnntine (A 1 (Telle); médecin de l'état civil à Tunis; méI dècin municipal à Maxula-Radès. A Conslanline; médecin légiste (première femme chargée cle cet emploi); à Tunis, médecin de l'Amicale des Travaux publics el. de l'Amicale des Postes et Télégraphes; médecin du Bureau de Bienfaisance; secrétaire adjointe de la Sociétés des Sciences médicales de Tunis; collaboratrice à un grand nombre de journaux de médecine; a traduit plusieurs ouvrages de médecine. Diplôme d'épidémie : variole, 1906, Gonstantine.",14,,0,0,0,872,77,0.9237
L1912-00465,BROUTIER DU PAVILLON,Jules-Eugène,0,,1854,1854,Paris,,"Ingénieur agricole; inspecteur de la Ghaba, 44 (bis), avenue Bab-Djedid. ",engineering_architecture;administration,engineering_architecture,,,12 oct. 1884,1884,3,palmes_academiques;merite_agricole;nichan_iftikhar,0,1,lycée d'Orléans; Ecole nationale d'Agriculture de Grignon.,lycée d'Orléans,,régisseur du haras de Sidi-Tabet; intendant au domaine de l'Enfida; attaché aux plantations des Ponts et Chaussées. Membre cle la Société d'Horticulture tunisienne et de l'Association des Ancien Elèves des Ecoles d'Agriculture de. Tunis.,4,,0,0,0,529,77,0.9459
L1912-00466,BRUCH,Alfred,0,,1867,1867,Alger,,"command. du NichanIflikbnr. Docteur en médecine, rue. d'Angleterre. Tunis.",medicine_health,medicine_health,,Tunis,1893,1893,1,palmes_academiques,0,0,"lycée et Ecole de médecine d'Alger, Faculté cle Alontpellier; bachelier es lettres et es scienc e s (restreint); externe el interne (concours) à l'hôpital civil d'Alger ; aide d'unatomie provisoire (concours à l'Ecole cle médecine d'Alger: premier prix d'histoire naturelle (concours); deuxième prix d'anatomie (concours).. Docteur en médecine (mention honorable du prix de thèse); chirurgien accoucheur cle l'hôpital civil de l'unis cle puis 1898. Médecin-major de 2* cl. de réserve; médecin clu lycée Carnot, clu Parquet, de la Direction de l'Agriculture, cle plusieurs associations amicales et- de mutualité, cle la Société des Tramways, elc.",lycée et;Ecole de médecine;lycée Carnot,doctorat_medecine;baccalaureat,,0,"«La Puériculture» (2° ôdif.) (médaille d'argent de l'Académie do médecine); articles scientifiques el, communications aux sociétés savantes; conférences; elc.",1,0,1,957,77,0.9053
L1912-00467,BRULE,Léa,0,,,,,,"Directrice d'école à Tunis-Bub-Sonika, ",,,"1, rue d'Ajacci'o, Tunis",Tunis,9 fév. 1891,1891,2,nichan_iftikhar;palmes_academiques,0,1,"Ecole normale do Blois; brevet, supérieur; certificat d'aptitude pédagogique.",Ecole normale,certificat,"institutrice ù Sousse, Kairouan, Tunis (Ecole secondaire Jules-Ferry), Béja et TunisTunis. Ex-cléléguée clu Conseil cle l'Instruction • publique.",2,,0,0,0,417,78,0.8973
L1912-00468,BRUN,Marins,0,,,,,,"G janv. :IS74, Arlemplès (1-loute-Loire). Instituteur-receveur"" à Rir-llalima. ",education_science;administration,education_science,,,28 mai 1895,1895,0,,0,0,brevets élémentaire el supérieur; certificat d'aptitude pédagogique.,,certificat,,0,,0,0,0,184,78,0.8998
L1912-00470,BRUSSIAU,Albert,0,,juillet 1871,1871,Philippevile,Algérie,Off. du NichanIftikhar. Propriétaire et commerçant. ,commerce,commerce,,,1888,1888,0,,0,0,"Collège cle Sélif, lycée de Constantine. Diplômé de l'Ecole des Arts et Métiers de Dellys (1887-90), diplômé de l'Ecole des A'Jccaniciens de la. 'flotte cle Brest et cle celles de Toulon. Ancien quartier-maître mécanicien de la flotte, réformé pour blessure contractée en service commandé. Ancien président de la Société de Secours Mutuels des Anciens Militaires cle la Marine, ancien trésorier, puis vice-prêsidenl de la. Société (d'Algérienne», président du Comité des fêtes données en 1910 à Tunis en faveur des familles des victimes clu «Farfadet». Alédaille cle bronze à l'Exposition cle Londres.",Collège cle Sélif;lycée de Constantine;Ecole des Arts;Ecole des A,diplome_superieur,,0,Etude sur la possibilité du renflouement des sousmarins.,1,0,0,794,78,0.9658
L1912-00471,BUGEIA,Lorenzo,0,,27 sept. 1858,1858,Tunis,,"propriétaire, 10 (bis), rue Es-Sadikia, Tunis.",,,,Tunis,,,0,,0,0,Ecole des Frères. Tréso. rier de la Chambre brilanique cle Commerce.,Ecole des Frères,,,0,,0,0,0,163,78,0.9007
L1912-00472,BUISSON,Benjamin-Paul,0,,1846,1846,Paris,,"Directeur honoraire cle l'Enseignement primait ë, inspecteur d'Académie (hoi s cadres), 4-",administration,administration,"4, rue Bou-Kriss,",Tunis,1887,1887,3,legion_honneur;palmes_academiques;nichan_iftikhar,1,1,"lycée Condorcet, à Paris; Ecole normale ' supérieure (sect i o n des Lettres) : licencié es lettres; admissible à l'agrégation des lettres.",lycée Condorcet;Ecole normale,,"professeur de philosophie au gymnase cle Strasbourg (1S681870); correspondant du-«Temps» à Londres; examinateur, à l'Université de Lon- drès; professeur au Bedford-College et à Charleshouse (Angleterre); chargé de mission comme commissaire français pour organiser la section française à l'Exnosilion d'Hygiène et d'Education de Londres (18S4) et aux. Expositions universelles de la Ville d'Orléans (1885), de Melbroune (1888); rapporteur du jury international pour l'Enseignement primaire à l'Exposition universelle de Paris (1889); délégué du Ministère de l'Instruction publique aux Expositions cle Chicago (1.S93) et cle Saint-Louis (1904); anc. prés, de l'Institut de Carthage; v.-prés. de la Société de Géographie commerciale (section tunisienne); v.-prés. cle l'Alliance française à Tunis el cle la Alission laïque.",12,"collaboration au «Dictionnaire Larousse» el au «Dictionnaire de Pédagogie»; nombreuses correspondances d'Angleterre dans «Le Temps»; «La République française» (direction Chailamel et Lo.cour); «Le XIX"" Siècle» (sous Edmond Aboul); «L'Indépendance Belge», «La Revue Pédagogique», «La Revue Bleue», «La Revue internationale de l'Enseignement»; Rapports officiels sur les Expositions scolaires et principalement Rapport sur l'Exposition universelle de 1889 : Enseignement primaire (Imprimerie Nationale); l'Enseignement primaire à- l'Exposition cle Chicago (Delu.gra.vo) ; l'Enseignement primaire à l'Exposition cle Sàinl-Louis; l'Enseignement supérieur des femmes en Angleterre; l'Université de Londres; l'Instruction des indigènes en Tunisie (brochures).",1,0,1,2027,78,0.9283
L1912-00473,BULLA-RËGIA,,0,,,,,,"Médaille d'or cle la Mutualité, off. du Nichan - lffikhar. Pasteur cle l'Eglise réformée de France, publiais te. Sfax. ",religion,religion,,Sfax,12 nov. 1881,1881,2,palmes_academiques;nichan_iftikhar,0,1,"collège de Cholet, école d'évangéli sali on cle Marseil-. le, école cle Théologie cle l'Est de Londres. Bachelier es lettres. Ancien aumônier ï-nililninrt Pfp. sident cle la Société de Secours Mutuels ((L'Union Française» de Sfax, R. U. P. Président du Comité sfaxien de l'Alliance Française, président du groupe sfaxien de la S. P. À., secrétaire du Comité cle Patronage de la Bibliothèque Populaire, secrétaire général de la Société d'archéologie et des Beaux Arts de Sfax, président fondateur de la Société Française de Bienfaisance cle Sfax, trésorieradjoint de «l'Harmonie Sfaxienne», membre fondateur de l'Institut de Carthage.",collège de Cholet;Institut de,baccalaureat,,0,"collaboration à la «Feuille Populaire» de Marseille, au «Signal de Paris», au «Messager de la Famille», a «l'Echo cle Tunis». Rédacteur en chef en 1891-92, de «Sfax-Journat»-, rédacteur au «Courrier'du Dimanche», au «Courrier d'Alger», à «l'Eglise Libre» de Montpellier, au «Protectorat» cle Sousse, à la «Dépêche Sfaxienne», à la «Revue Tu-' nisiemie», rédacteur-correspondant à la «Dépêche Tunisienne, a écrit également sous divers pseudonyme : André Aloreau, O. B. F., Sfaxianus, Job, Pierre de Thyna, etc., a publié diverses brochures sur des questions d'histoire et autres. Médailles d'argent de la Société Protectrice des Animaux et de la Société Académique d'Histoire Internationale, Aléda.illes de bronze d'honneur à l'Exposition cle Nancy, 1909 et au Concours de Sousse, 1910.",1,0,1,1705,79,0.914
L1912-00475,BURSAUX,,0,,7 nov. 1866,1866,,,"Directeur des Alines cle Garsa-Mellnoui. Ancien capitaine du génie. Membre de la Conférence Consultative (S"" Collège. S"" circonscription), élu en 1905, réélu"" en 1909.",military;politics_native_admin;diplomacy,military,,,,,1,legion_honneur,1,0,,,,,0,,0,0,0,224,79,0.9345
L1912-00477,BUSACCA Eugène,,0,,7 déc. 1857,1857,SanPietro-Patti,,"province de Messine (Italie). -Médecin et chirurgien, directeur honoraire de l'hôpital Garibaldi de Tunis, 22 rue des Tanneurs. Paris. Septembre 1889.",medicine_health;industry_crafts,medicine_health,,Tunis,,,0,,0,0,"lycée de Messine, Université de . Palerme. Diplôme de pharmacien (1SS1) diplôme de docteur en médecine (1886).",lycée de Messine,doctorat_medecine;diplome_superieur,"interne des hôpitaux de Palerme,médecin et chirurgien de la municipalité de Tavignana, chirurgien en chef de l'hôpital italien Garibaldi depuis 1891. A été directeur de l'hôpital italien G. Garibaldi et président de la Société internationale des sciences médicales de Tunis, membre du Conseil d'administration de l'hôpital Garibaldi depuis sa fondation, membre de la députation scolaire italienne, président de la Société Magistrale Italienne (section de Tunisie).",3,"a collar bore a plusieurs journaux de médecine, a publié les résultats, de travaux de chirurgie pratique; a écrit dans plusieurs journaux publiques, républicains et socialistes.",1,0,1,980,80,0.9168
L1912-00478,BUSUTTIL,Alphonse,0,,19 sept. 1866,1866,Tunis,,Négociant à Tunis. ',commerce,commerce,,Tunis,,,0,,0,0,"à Malte, a été charcé de-la rédaction du journal «The Malta News and Independant», qu'il quitta en 1887 'i o u r prendre la direction du journal «The Watchdog». A a e n t consu,laire d'Angle> terre à La Goulette (1902) ; conseiller municipal de Tunis. (1907). Elu président de la Chambre de Commerce bntanique ue lumsie a sa création en 1899, a vu son mandat renouvelé depuis. o",,,,0,,0,0,1,448,80,0.8022
L1912-00479,CABANTOUS,Jules,0,,25 sept.1871,1871,Millau,Aveyron,"Pasteur de l'Eglise Réformée française, rue d'Angleterre, Tunis. Déc. ",religion,religion,,Tunis,1903,1903,2,palmes_academiques;nichan_iftikhar,0,1,"collège de Alillau, Faculté de Théologie de Montauban, Faculté des Lettres cle Toulouse; bachelier es lettres el en théologie. Faculté cle droit de Paris; licencié en droit.","collège de Alillau;Faculté de Théologie de Montauban, Faculté des Lettres cle T",licence_droit;baccalaureat,"pasteur à Saint-Affrique (Aveyron) et au Bourg-du-Bost (Dordogne). juge cle paix, avocat et juge cle paix; viceprésident de la Ligue de l'Enseignement.",3,"Conférences religieuses, articles de journaux et de revues, etc. Bibliothèque de. vulgarisation scientifique, morale et religieuse, fondée à Tunis, 36, rue d'Italie, en 1907. Gabcabs. Socques formés d'une haute semelle cle bois, évidôe au-dessous de la cambrure du pied, et d'une bride de cuir placée très en avant, presque ou même tout à fait sur les orteils. Avec cette chaussure, qui ne resterait pas une minute au pied d'un Européen, les petites Juives jouent à courir (jeu de «toulo») et sautent à la. corde. Le cabcab est le projectile favori cle la gamine indigène qui poursuit une ennemie sans parvenir à la rejoindre. E. V. GAGHELOU (Charles - Henri). 15 août 1854, Mondruit-sur-Aler, olf. d'Académie, off. du Nichan-Iftikhar. Juge de paix à Sousse. 1890.",1,0,0,1266,81,0.9387
L1912-00481,CACHIA,P.,0,,,,,,"Sousse, off. du NichanIftikhar. Négociant et industriel à Sousse.",commerce;industry_crafts,commerce,,Sousse,,,0,,0,0,lycée cle Tunis.,lycée cle Tunis,,,0,,0,0,0,102,81,0.9767
L1912-00487,CAILAR,Roger DU,0,,9 fév. 1876,1876,Sainte-Hlppolyte-du-Fort,Gard,"Sous-inspecteur des Contributions diverses, Tunis. Nov. ",administration,administration,,Tunis,1897,1897,1,nichan_iftikhar,0,1,,,,,0,,0,0,0,151,84,0.9257
L1912-00488,CAILLAT,Philippe,0,,30 sept. 1826,1826,Grenoble,Isère,"Ingénieur - arcimecte, ",engineering_architecture,engineering_architecture,"3, rue Kouttab-el-Ouazir, Tunis",Tunis,,,2,palmes_academiques;nichan_iftikhar,0,1,"école Vaucanson, à Grenoble, de 1837 à 1841 ; Ecole nationale a Ans ei ivieuers ae cnaions-surMarne, cle 1841 à 1844. Fit partie cle la milice algérienne, à Douera, de 1846 à 1852, comme sous-lieutenant en 1848 el lieutenant en 1850; fit partie de la compagnie des sapeurs-pompiers d'Alger de . 1S53 à 1859, comme lieutenant à partir d'août 1856; a reçu, le 25 janv, 1S60, un témoignage officiel de satisfaction; entré le 12 janv. 1846 dans l'Administration des Ponts et Chaussées à Alger, comme dessinateur; conducteur des Ponts et Chaussées du 1"" juin 1847, en congé illimité le 22 fév. 1860; atlaché aux travaux de la restauration des anciens aqueducs de Carlhage, a dressé le projet cle la distribution cle ces eu.ux clans in ville de Tunis, Le Bardo, et La Gou, lette; a donné sa démission de conducteur au cadre français, acceptée le 19 fév. 1863; ingénieur du. Gouvernement de S. A. le Bey de Tunis de 1862 à 1873; du mois d'oct. 1873 au 10 janv. 1883, . dressa des plans de terrains et de diverses constructions particulières; a dirigé, de 1877 à 1879, les travaux de maçonnerie du tunnel de La Alanouba et l'ouverture de 30 kilomètres de chemin de fer français; architecte du Collège Saint-Louis, à Carthage, de juin 1879 à déc. 1880; a fait publier en 1877 un plan de Carthage; a. dressé en 1882 le plan des ruines de Chemtou. Nommé par hamra de S. A. Te Bey, sur la proposition du Directeur général des Travaux publics, le 10 jan. 1883, inspecteur de la Voirie de la ville de Tunis.",Collège Saint-Louis,,,0,,0,0,0,1801,84,0.9025
L1912-00489,CAILLOUX,Maurice - Marie - Bernard,0,,2 janv. 1881,1881,Orthez,B.-Pyr.,"Propriétaire agriculteur, domaine du Kaïdiat (Souk - el - Khemis). ",agriculture,agriculture,,,1899,1899,1,nichan_iftikhar,0,1,Ecole d'Agriculture de Tunis; brigad. d'artillerie de réserve; conseiller municipal de Souk-el-Khemis; président de la Société des Courses de Soukel-Arba.,,,,0,"Création et exploitation directe d'une propriété de 800 hectares entièrement cultivés en céréales, dans la plaine de Souk-el-Khemis.",1,0,1,475,84,0.9187
L1912-00492,CALAMIDA,François,0,,2 avril 1875,1875,Cagliari,Sardaigne,"Médecin-chirurgien, ",medicine_health,medicine_health,"61, av. Jules-Ferry, Tunis",Tunis,,,0,,0,0,Université de Cagliari; docteur en médecine et chirurgie; médecin-chirurgien adjoint à l'hôpital italien G.•Garibaldi; médecin de la Compagnie ((L'Abeille».,,doctorat_medecine,,0,,0,0,0,281,86,0.9106
L1912-00493,CALECA,N.,0,,,,,,"Sousse', off. du NichanIflikhar. Négociant et industriel à Sousse.",commerce;industry_crafts,commerce,,Sousse,,,0,,0,0,lycée Carnot de Tunis.,lycée Carnot,,,0,,0,0,0,111,86,0.9327
L1912-00494,CALO,Enrico,0,,3 nov. 1878,1878,Tunis,,"Docteur, médecin-chirurgien, ",medicine_health,medicine_health,"1, rue I-Iannon, Tunis",Tunis,,,0,,0,0,"lycée Italien de Tu-, nis; Facultés de Rome, de Turin et de ' Naples. Médecin-chirurgien à l'hôpital Italien et à l'hôpital israélite; spécialiste pour les maladies vénériennes et syphilitiques. Conseiller de la Société Dante Alighieri.",lycée Italien,,,0,,0,0,0,333,86,0.936
L1912-00495,CAMBON,Pierre-Paul,0,,1843,1843,,,"(Pierre-Paul), 1843, avocat, chef de cabinet de Jules Ferry (1870), secrétaire général de la préfecture des Alliés-Maritimes (avril 1871) et de la préfecture des Bouches-du-Rhône (sept. 1S71), préfet de l'Aube (fév. 1872), révoqué comme républicain (juillet 1873), inspecteur général des enfants assi",justice_law;military;administration,justice_law,,Tunis,1884,1884,1,palmes_academiques,0,0,,,,,0,,0,0,0,1929,86,0.9304
L1912-00496,CAMILLERI,,0,,1858,1858,,,"médaille honorifique. Chef de fabrication aux Alonopoles, salines de la Princesse. Déc. ",,,,,1890,1890,2,legion_honneur;nichan_iftikhar,1,1,,,,,0,,0,0,0,166,86,0.9228
L1912-00497,CAMILLERI,Sauveur,0,,24 mars 1864,1864,Tunis,,"Industriel, entre])' de menuiserie, r. Ravolti el av. de Paris, Tunis. TRAV. : Casino Théâtre Alunicioal de Tunis, Tunisia Palace, Direction des T r a v a u x publics, Recette Générale des Finances, 11 ô p i la 1 Civil (bâtiment des aliénés), Grands Magasins de la Résidence, L e «Petit Paris», Klûlh",military;commerce;industry_crafts,military,,Tunis,,,0,,0,0,,école des filles,,,0,,0,0,1,821,86,0.9381
L1912-00501,CAMPENON,Jean-Bapliste-MarieEdouard,0,,4 mai 1819,1819,,,"( Jean-Bapliste-MarieEdouard), né à Tonnerre (Yonne), le 4 mai 1819, mort en 1891. Capitaine depuis 18.48, fut arrêté et banni au coup d'Etat du 2 décembre 1851 pour ses opinions républicaines; il vint à Tunis et fut chargé par Ahmed Béy de la direction de l'Ecole polytechnique clu Bardo, confiée an",military,military,,Tunis,,,0,,0,0,,Ecole polytechnique,,,0,,0,0,0,735,86,0.9358
L1912-00502,CAMUSSI,Henri,0,,4 août 1864,1864,Ribérac,Dordogne,médaille d'honneur de Thala; ,administration,administration,,Tunis,1906,1906,2,palmes_academiques;nichan_iftikhar,0,1,"collège de Ribérac et écoles d'Alger; diplôme supérieur d'arabe; premier grade cle capacité en législation algérienne, droit administratif et coutumes indigènes. Officier-interprète de 2' cl. de réserve; ancien officier-interprète cle l'active; ancien contrôleur civil et juge de paix, faisant fonctions de vice-consul cle France en Tunisie et en dernier lieu à Thala.",collège de Ribérac,diplome_superieur,,0,"«La rage, son traitement et les insectes vésicants chez les Arabes», ((Journal asiatique», 188S.",1,0,0,681,87,0.9402
L1912-00503,CANAL,Albert,0,,"1"" juillet 1874",1874,Aloslaganem,Oran,"off. du Niclinn-Iflilclinr Pnbliciste direct de la succursale de l'Agence Havas, ",,,"40, rue Al-Djazira",Tunis,,,1,palmes_academiques,0,0,"lycée d'Alger el d'Oran. Sergent cle réserve au 2"" zouaves. SUCCESS 1 : sergent au 2"" zouaves, rédacteur à «l'Echo d'Oran», expéditionnaire, à la préfecture d'Oran. rédacteur a «la Dépêche Tunisienne», directeur de la succursale de l'Agence Havas. Représentant cle l'Association internationale des Auteurs et Compositeurs dramatiques; correspondent cle la Sociélé des Artistes algériens et orientalistes; premier prix de prose au Concours littéraire de la. ((Revue Nord-Africain», oct. 1903; auteur cle la revue «Tunisi... Ane, ries», 1908, éditée par l'Imprimerie Rapide; 55 représentations au Casino municipal du Belvédère, et cle «La Nature parlera», comédie en un acte, créé à Bizerle en juin 1910.",lycée d'Alger,,,0,,0,0,1,899,87,0.8956
L1912-00504,CANAL,Joseph-Afarie-Ange,0,,,,,,"publique, off. :1e l'Ordre clu Cambodge, chef du Bur. clu Matériel et de la Stalisliq. à la Direction générale clés Tï'av. purifies, l'unis, puis fév. ",military,military,,Tunis,1857,1857,3,legion_honneur;nichan_iftikhar;palmes_academiques,1,1,,,diplome_superieur,"1865-1872, agent el conducteur des Ponts et Chaussées à Oran; 1872-1900, agent voyer d'arrondissement au Service Vicinal du département d'Oran; 1901-1908, travaux publics en Tunisie; attaché aux Travaux de la Marine (construction de la BaePonty et de l'arsenal de Sidi-Abdallah) en qualité cle cher cle service subdivjsionnaire des Travaux hydrauliques de la Marine à la Baie Ponty (Bizerte); ancien secrétaire correspondant de la Société de Géographie d'Oran; membre de l'Institut de Carthage; anciennemeni viceprésident de la Société «l'Algérienne» à. Bizerte: pr. de la Société «L'Algérienne» cle Tunis; v.-prés. de la Ligue Alaritime . française, Section de Bizerte.",11,"nombreux travaux de voirie et de bâtiments civils dans le département d'Oran. «Histoire de Tlemcen» (avec Louis Piesse); «Alonographies cle Nemours, Marina, Ôudjda (Alaroc), Sedbou, El-Aricha», «Les troubles cle la frontière marocaine, 1885». «Les colonnes d'Hercule (itinéraire d'Oran à Tanger)», «Géographie générale clu Maroc», «Géographie générale de la Tunisie». Non publiées : nombreuses cartes de l'Algérie et de la Tunisie. Conférences : récifs de la bataille d'Isly, clu combat cle Sidi-Brabim, de la reddition d'Abd el Kader, etc.",1,0,1,1970,87,0.9309
L1912-00505,CANAVAGGIO,Antoine,0,,19 déc. 1868,1868,Oam,,Instituteur et receveur des Postes et Télégraphes' à Porto-Farina. ,education_science;administration,education_science,,,29 déc. 1896,1896,1,nichan_iftikhar,0,1,,,brevet_superieur,instituteuradjoint à Tunis en 1897; directeur de l'école franco-n.rbe de la Smala-des-Souassi cle 1897 à 1900.,3,,0,0,0,297,87,0.879
L1912-00506,CANI,,0,,,,,,"Voir Iles des Chiens. Ganoun. Impôt annuel fixe datant du 4 juillet 1840, frappant l'olivier et le dattier. Cet, impôt est, assis sur l'évaluation effectuée nar des commissions de recensement et de revision clu produit brut moyen annuel de chaque olivier ou dattier âgé cle plus cle vingt ans. Le can",,,,,,,0,,0,0,,,,,0,,0,0,0,587,87,0.9637
L1912-00507,CANTON,Albert,0,,14 août 1875,1875,Phillppeville,Algérie,médaille de sauvetage; médaille d'honneur (argent) de la Société nationale d'Encouragement au 1 Progrès. Directeur de- la Compagnie Electrique de Sousse. Oct. ,,,,Sousse,1882,1882,2,palmes_academiques;nichan_iftikhar,0,1,"collège Saint-Charles, lycée Carnot de Tunis et Faculté de Droit d'Alger. Lieutenant de réserve au 4"" zouaves. Secrétaire de la Chambre Alixte de Commerce et d'Agriculture du Centre.",collège Saint-Charles;lycée Carnot;Faculté de Droit d'Alger,,,0,,0,0,0,454,87,0.9521
L1912-00511,CAPDEVILLE,Xavier - Jean - MarieCharles,0,,2 déc. 1873,1873,,,"(Xavier - Jean - MarieCharles). 2 déc. 1873, château de Bouschères, Foix (Ariôge), chev. du NichanIftikhar. Commis au Contrôle civil et vice-consulat de France, ",administration;diplomacy,administration,"42, rue de Russie, Bizerte",Bizerte,5 déc. 1903,1903,0,,0,0,,,,,0,,0,0,0,725,89,0.9053
L1912-00512,CAPRIATA,Victor-François,0,,20 avril 1864,1864,Marseille,,"d'Italie, off. du Nichantflikhar. Capitaine au (long ■ cours. Sfax. 1"" juin 1896.",military,military,,Sfax,,,2,palmes_academiques;couronne_italie,0,0,"lycée d e Bastia et école .d'Hydrograpli. de'Bastia ; diplôme d e capitaine au long cours; enseigne cle vaisseau cle réserve ; capitaine clé voitiier, officier à la C"" Générale des Messageries Maritimes, officier à la- Cie Générale Transatlantique, capitaine cle Port. Chargé de cours cle navigation à Sfax. Président, à Sfax, du Comité cle la Société de secours mutuels des vétérans de la Marine d'Algérie el de Tunisie. Directeur du «Sport-Nautique». Fait des cours de navigation. 25 ans cle navigation.",lycée d,diplome_superieur,,0,,0,0,1,688,89,0.9144
L1912-00515,CARBONIÈRE,Jean - Henry,0,,18 6 5,1865,,,off. clu Nichan-Iftikhar. Phnrmaciiie-chimisle à Paris. Nov. ,,,,,1896,1896,2,palmes_academiques;nichan_iftikhar,0,1,"collège cle Sarlal, lycée de Limoges, Faculté de Alédecine de Bordeaux, Ecole de Alédecine de Paris; bachelier ès-lettres; pharmacien de territoriale. A exercé successivement à Sfax, Gabès, Tunis el, Sfax.Professeur cle pharmacie el matières médicales à l'Ecole des Auxiliaires médicaux de l'Hôpital Sadiki de Tunis. Membre honoraire de plusieurs sociétés savantes et de secours mutuels. A rédigé plusieurs rapports et fait des conférences scientifiques. Grand diplôme de médaille d'or, Exposition de Paris pour l'Elixir dentifrice de Carthage, dont il est l'inventeur. Quitté la Tunisie en 1909.",collège cle Sarlal;lycée de Limoges;Ecole de Alédecine;Ecole des Auxiliaires,baccalaureat;diplome_superieur,,0,,0,0,0,751,89,0.9631
L1912-00516,CARCASONNE,Alphonse-Sylvain,0,,31 déc. 1863,1863,Alger,,"médaille cle bronze de la Mutualité. Directeur cle 1 ' Office Tunisien, ",,,"2, rue Meyerbeer, Paris",,,,3,legion_honneur;merite_agricole;nichan_iftikhar,1,1,"collège de Cuis'on Une. Capitaine ■ cle réserve au 13e d'artillerie. Receveur municipal en iunisie d août 1.890 à nov. 1905 (mis en disponibilité sur sa demande). Vice-président, secrétaire, membre de-nombreuses associations cle presse, de prévoyance sociale, cle mutualité, elc. Directeur des Services administratifs parisiens clu journal la «Dépêche Tunisienne».",collège de Cuis'on,,,0,,0,0,0,673,89,0.8668
L1912-00517,CARDALIAGUET,Félix-Joseph-Alarie,0,,,,,,"agricole, officier du Nichan-Iftikhar. Alédecin à Kairouan. ",,,,Kairouan,23 nov. 1903,1903,3,palmes_academiques;merite_agricole;nichan_iftikhar,0,1,Faculté de Médecine de Bordeaux. Prix -d'honeur de l'Ecole dne Alédecine d'Angers. Thèse sur (da fièvre méditérranéeenne en Tunisie». Décédé en juillet 1911.,Faculté de Médecine de Bordeaux,,,0,,0,0,0,336,89,0.9106
L1912-00518,CARDOSO,David,0,,1852,1852,Tunis,,"Avocat-défenseur; secrétaire de la Chambre des Défenseurs de Tunis, ",justice_law,justice_law,"24, avenue de France, Tunis",Tunis,,,0,,0,0,"lycée de Livourne et Université de Pise; docteur"" en droit; l'un des fondateurs de plusieurs sociétés italiennes de bienfaisance, de l'hôpital, des-écoles; anc. très, de la Société de secours mutuels entre les ouvriers; anc. v.-prés. de la Société de l'hôpital israélite; anc. v.-prés. de la Société des Courses; l'un des fondateurs et ancien àdmiI nistrateur du journal «L'Unione». Mem- bre de l'anciene Commission dé la Loi foncière. M"" Cardoso est le plus ancien avocat exerçant en Tunisie.",lycée de Livourne,,,0,,0,0,1,629,89,0.9632
L1912-00519,CARDOSO,Alaurizio,0,,31 déc. 1877,1877,Sousse,,"Docteur .en médecine et chirurgie; spécialiste pour les maladies clu nez, de l'oreille et cle la gorge, à Tunis. Juillet 1891.",medicine_health,medicine_health,,Sousse,,,2,couronne_italie;nichan_iftikhar,0,1,"lycée de Livourne (Toscane); lauréat de la Faculté de Turin, 1891; doctorat en médecine et chirurgie, 1902. Président de la Société italienne des ""Militaires eh congéde 1899 à 1902; directeur de l'hôpital colonial italien à Tunis en 1905-1906; directeur de l'hôpital israélite en 1899-1900; vice-président de la Société italienne de Bienfaisance depuis 1906; membre du Conseil d'administration de l'hôpital italien; membre du Comité des Fêtes de Tunis depuis sa fondation.",lycée de Livourne,,,0,,0,0,0,707,90,0.9218
L1912-00520,CARME JANE DE PIERREDON,DE,0,,,,,,"d'honneur, chef d'escadron commandant les batteries du G"" d'artillerie, à La Alanouba. (Tunisie),déta.ché au Maroc. La famille de Carmejane, anciennement originaire de la province de Guyenne et Gascogne, de Fumel, ""vint s'établir à Afenerbes, en comté Venaissin, à la. fin clu XV siècle. Cette famill",military,military,,,,,1,legion_honneur,1,0,,,,,0,,0,0,0,911,90,0.9637
L1912-00521,CARNIÈRES,Victor DE,0,,26 fév. 1849,1849,Alaubeuge,Nord,Agriculteur à Soliman. Mai 1884.,agriculture,agriculture,,,,,1,legion_honneur,1,0,"lycée Bonaparte de Paris; licencié en droit. Présid' de la Chambre d ' Agriculture (depuis janvier 1896), délégué à la Conférence Consultative (dep. sa créât.); Présid. de l'Union des Travailleurs français; fondateur et. directeur de. fa « lunisie », de «l'Annexion»-, de «la Tunisie Française » et en dernier lieu du « Colon Français ».",lycée Bonaparte,licence_droit,,0,,0,0,1,464,90,0.8765
L1912-00524,CARRIER,Charles,0,,2 avril 1872,1872,,,"Agriculteur au. Alunchar, près de Béja. ",agriculture,agriculture,,Béja,28 avril 1895,1895,1,nichan_iftikhar,0,1,,,,,0,,0,0,0,486,91,0.9239
L1912-00529,CARTON,Louis,0,,16 juin 1861,1861,SaintOmer,Pas-de-Calais,"Agricole, commandeur clu Nichan - Iftikhar. Médecinmajor de 1"" cl. en retraite, villa Stella, Khereddine. ",medicine_health,medicine_health,,,1887,1887,4,legion_honneur;palmes_academiques;merite_agricole;nichan_iftikhar,1,1,"lycée de Lille. Doct' en médecine ; médecin-major de 1"" classe d'ans la réserve; propriétaire d'une exploitation agricole et d'une mine cte manganèse à Thuburnic, près cle Ghardimaou; Alembre correspondant de l'Institut ; président d'honneur cle la Société archéologique de Sousse; ancien Prés, et v.-pires, d'honneur cle l'Institut, de Carthage; v.-prés. délégué de la Section tunisienne de la Société de Géographie Commerciale de Paris; prés, du Comité des Sites et Monuments du T.-C.-F. (seclion cle Tunis); Prés, clu Comité central de la Ligue des Amis des Arbres; prés, du Comité d'initiative nord-ouest tunisien (Souk-el-Arba). TRAVAUX"": plusieurs missions archéologiques à.Metameur, à Bulla Regia et à. Dougga, découverte et déblaiement en 1890 du théâtre de Dougga ; déblaiement des catacombes de Sousse; deux cents articles et mémoires environ dans les ((Mémoires de l'Acadé- mie des Inscriptions», la «Revue Archéologique», le «Bulletin Archéologique»; organisation des fêtes de Carthage en 1906; conférences à la. Société cle Géographie cle Paris, Lille, Tunis, Douai, Boulogne, Bruxelles, etc.; onze campagnes en Tunisie comme médecin militaire; lauréat de plusieurs Sociélés savantes et cle l'Académie cle Alédecine; mentions honorables de l'Académie des Inscriptions.",lycée de Lille,,,0,,0,0,1,1543,96,0.9373
L1912-00531,CASELLA,Francesco,0,,25 juin 1849,1849,Livourne,Italie,Industriel et négociant à Aîonastir (Tunisie). ,commerce;industry_crafts,commerce,,,1874,1874,0,,0,0,Institut nautique cle Livourne. Capitaine au long cours; agent de la Compagnie Générale Transatlantique; agent de la. Compagnie de ■ Navigation mixte; cor- . respoiidant cle la Banque d'Algérie.,Institut nautique,,,0,,0,0,0,310,97,0.9059
L1912-00533,CASSAR,Jean,0,,5 janvier 1861,1861,Tunis,,"Négociant à Teboursouk depuis 1882; fournisseur des troupes d'occupation au début do la campagne cle 'J'unis, puis fermier des Mahsoulals et depuis négociant; possède environ 4.000 hectares cle terrains clans la. région de Teboursouk: Conseiller municipal; correspondant des banques;, u installé en 1",politics_native_admin;commerce;agriculture;finance_banking,politics_native_admin,,Tunis,20 mai 1900,1900,1,nichan_iftikhar,0,1,Faculté cle Païenne; docteur en médecine et chirurgie; lieutenant dans l'armée territoriale italienne.,,doctorat_medecine,,0,,0,0,0,751,97,0.9274
L1912-00534,CASSUTO,Emile,0,,1875,1875,Tunis,,"Docteur en médecine, ",medicine_health,medicine_health,"68, rue de Naples, Tunis",Tunis,,,2,nichan_iftikhar;couronne_italie,0,1,"collège Saint-Charles et lycée Carnot cle Tunis (grand, prix d'honneur 1894) et Facullé cle Médecine cle Paris; bachelier es lettres; bachelier es sciences restreint. Ancien externe des hôpitaux de Paris; médecin municipal de la. ville de Tunis; médecin-chirurgien titulaire de l'hôpital israélite; médecin chef du service médical de « la Mutualité w Commerciale de Tunis »; secrétaire général depuis quatre ans de la Société des Sciences médicales de Tunis.",collège Saint-Charles;lycée Carnot,doctorat_medecine;baccalaureat,,0,"plusieurs études cliniques .publiées dans le Bulletin de la Soc. des Sciences Médicales cle Tunis el dans la presse médicale de Paris; rédacteur en chef el administrateur clu Bulletin cle la. S. S. Al. T. Thèse, en 1900, sur «des abcès cle foie d'origine typbique». Deux conférences populaires sur la tuberculose el la syphilis, maladies sociales, GASTELFRANCO (Tito). 28 sept. 184-9, Milan (Italie), chev. de la Couronne d'Italie, Médaille commémoralive de la campagne cle 1866 en Tyrol, comm. du Nichan-Iftikhar. Directeur cle la Banque Commerciale Tunisienne. Juin 19 06. Fonctionnaire de la Banque Commerciale Italienne à Rome et directeur à. Bari (Italie); administrateur de plusieurs sociélés par actions. A pris part à la campagne de l'Indépendance 'Italienne de 1866 en Tyrol, comme volontaire garibaldien.",1,0,0,1403,97,0.9166
L1912-00535,CASTRO,Empédocle DE,0,,23 juin 1862,1862,,,"(Empédocle DE). 23 juin 1862, île de Lampedusa (Italie). Négociant à. Sousse. ",commerce,commerce,,Sousse,1878,1878,0,,0,0,,,,,0,,0,0,0,162,97,0.874
L1912-00536,CATTAN,Albert-Daniel,0,,mars 1875,1875,Tunis,,"Docteur en médecine, ",medicine_health,medicine_health,"1, rue d'Angleterre, Tunis",Tunis,,,1,nichan_iftikhar,0,1,"collège Saint - Charles et lycée Carnot de Tunis ; Faculté de Alédecine de Lyon; bachelier es lettres et es sciences. Externe des hôpitaux de Lyon; interne au Perron ; aide-major de 1"" cl. de réserve; médecinchirurgien titulaire à l'hôpital Israélite; médecin municipal, cle la. Fraternelle cle la Police tunisienne el clu Syndicat de la Presse tunisienne; médecin du Contrôle civil (1905-1911); membre clu Comité cle réorganisation ' de l'Assistance publique; médecin cle plusieurs Compagnies d'assurances; membre clu Comité du Grand Cercle républicain; anc. secr. clu Cercle d'Etudes sociales : « la Coopération des Idées », de Lyon; anc. membre clu Comité du Cerclé populaire de la . Guillotière, à Lyon; membre clu Comité des Etudiants socialistes lyonnais; anc. secr. gén. de la Section tunisienne cle la S. F. I. O.",collège Saint;lycée Carnot,doctorat_medecine;baccalaureat,,0,"traitement du pied-bot paralytique (1900); les abcès de fixation dans lés maladies infectieuses en général et la fièvre méditerranéenne en parlicu,-„..; lier (1901); traitement du mal de Poil par la méthode de Calot (1902); Notes ■ sur.la colonisation : 1° Français et Italiens (1903); 2° Français et musulmans (1908); collaboration au «Républicain» et au «Courrier de Tunisie» et au «Socialiste». Histoire d'une Convention (1910). Droit de Lyon : en 1SS9, g° médaille droit criminel; en 1890, 2° médaille droit civil; en 1891, 1"" médaille droit civil. De 1891 à 1894, avocat à la Cour d'Appel cle Lyon, en suite à. Tunis. Vice-président cle la. Section tunisienne de la Ligue des Droits cle l'Homme; membre du Conseil de l'Ordre des Avocats depuis sa fondation à Tunis el bâtonnier de l'Ordre des Avocats pour les années 1910 et 1911; président du Conseil d'administration de l'Hô pital israélite.",1,0,1,1861,97,0.8948
L1912-00537,CATTAN,Darius-David,0,,16 oc,1606,,,"Commerçant, agent maritime et représentant de sociétés commerciales et industrielles, à Sousse. Sept. ",commerce;industry_crafts;transport_maritime,commerce,,Sousse,1880,1880,1,nichan_iftikhar,0,1,"collège Saint-Charles de Tunis. Employé de commerce à Sousse de 1890 à 1894, puis collaborateur de son père, Al. Caftan aîné, et son successeur depuis 1904. CAUWEL (.Marcel). 29 mars 18S1, Lille (Nord). Publiciste; rédacteur en chef du «Défenseur», rue des Entrepreneurs. Tunis.",collège Saint-Charles,,,0,,0,0,0,468,98,0.8844
L1912-00538,CATTAN,Isaac,0,,15 janv. 1877,1877,Tunis,,"Avocat au barreau de Tunis, arabisant, ",justice_law,justice_law,"5, rue de Nice, Tunis",Tunis,,,3,ouissam_alaouite;palmes_academiques;nichan_iftikhar,0,1,"école de l'Alliance Israélite, collège Alaoui, Faculté de Droit d'Aix; diplôme supérieur de langue arabe (mention très bien); brevet supérieur cle l'Enseignement primaire; licencié en droit. Alembre du Comilé directeur de l'Institut cle Carlhage; secrétaire général de l'Institut de Carthage et directeur de la « Revue Tunisienne» en 1906; membre clu Comité directeur de la Société «Ennaceria».",école de l;collège Alaoui;Faculté de Droit d'Aix;Institut cle;Institut de,licence_droit;brevet_superieur;diplome_superieur,,0,"Traduction de «Lamial El Ouardi (1900); traduction cle «Alajnoun Leïlu»; biographie du Cheikh Snoussi; nombreuses chroniques orientalistes annuelles (1907-1808), où sont analysés et appréciés les ouvrages les plus importants publiés chaque année, tant en français qu'en arabe, en Afrique clu Nord, le tout paru dans la «Revue Tunisienne»; traduction de «l'Histoire de la Civilisation Alusulmane», ouvrage en cinq volumes en cours de publication clans la ((Revue Tunisienne»; nombreuses études tant en français qu'en arabe dans divers journeaux; a fait paraître, en janvier 1906, une critique de la traduction des «Alille nuits et une nuit» du D' Mardrus, «Histoire de la Domination musulmane en Espagne» (en préparation). 3 nov. 1908. Est sorti de l'Ecole Franklin,à Lille, avec diplôme de fin d'études de cet établissement^ été, à Lille, l'un des fondateurs de la Fédération de la Jeunesse Laïçnie et des Etudiants de l'Etat, en 1900; secr. gén. de cette organisation jusqu'en 19 0 4, au moJJ'UJII -ni eue be uuus.ioime eu jeunesse CATTAN (Jules), 1872. Tunis, off. d'Académie, off. du Nichan-Iftikhar, Rédacteur au Gouvernement tunisien, attaché à la Direction de la Sûreté publique, commissaire de police au titre français. Entré dans l'Administration en oct. 1888. Républicaine; de 1900 ù. 1906, secr."" cle la Pensée Libre, secr. clu Parti républicain socialiste, memb. du Comité de la Fédération socialiste indépendante cle la région du Nord, memb. du bureau cle plusieurs coopératives el syndicats; a l'ail de nombreuses conférences dans toute la région du Nord, sous les auspices des groupements républicains el socialistes, de la Ligue des IDroils de l'Homme, de la Société Républicaine des Conférences Populaires, etc.; après trois ans passés au service de l'Enseignement public à l'Hôtel cle Ville de Lille (organisation des oeuvres post-scolaires), devient chef des informations locales au « Réveil clu Nord»; est chargé par ce journal, en 1904, de la rédaction principale cle (d'Egalité», de Roubaix-Tourcoing (édition clu ((Réveil clu Nord»); en 1906, a fondé à Valence le journal « Les Droits du Peuple»; à Paris, d'août 1906 à nov. 1908, secrétaire cle Al. Louis Dumont, député de la Drôme,. et simultanément rédacteur à diverses revues spéciales : ((Le Laboratoire», «L'Assuré», etc. Actuellement rédacteur en chef du «Défenseur»; a donné depuis son arrivée en Tunisie de nombreuses - conférences; secrétaire général et membre fondateur du «Cercle clu Progrès», rue Es-Sadikia. secrétaire du syndicat de la presse tunisienne.",1,0,1,3056,98,0.9394
L1912-00539,CATTAN,Victor,0,,23 sept. 1870,1870,Tunis,,"d'Italie, grand off. du Nichan-Iftikhar. Avocat au barreau de Tunis, 16-, rue de Rome, Tunis.",justice_law,justice_law,,Tunis,,,4,palmes_academiques;merite_agricole;couronne_italie;nichan_iftikhar,0,1,collèges Saint-Louis de Carthage et Saint-Charles de Tunis; Faculté de Droit de Lyon; licencié en droit; trois médailles au Concours de la Faculté de SA.INT-RAPHA.EL QUINQUINA. CÀV — CË>Î,Faculté de Droit de Lyon,licence_droit,,0,,0,0,0,394,98,0.9076
L1912-00540,CAVALIN,Ernest-Jean-Marie,0,,9 nov. 1851,1851,Batz,Loire-Inf.,"Agricole, comm. du Nichan - Iftikhar. Vétérinaire militaire, passage Ben - Ayed, Tunis. Dec. ",medicine_health,medicine_health,,Tunis,1899,1899,4,legion_honneur;palmes_academiques;merite_agricole;nichan_iftikhar,1,1,"Collège de Guérande ; Institution SaintLouis (Nantes); bachelier ès-sciences. Vétérinaire en 1"", chef de service au 4' chasseurs d'Afrique; vétérinaire principal cle 2' classe; directeur du Service vétérinaire cle la-Division d'occupation (IV ressort). Membre cle l'Association centrale des vétérinaires, membre cle la Société des Anciens Elèves cle l'Ecole nationale Vétérinaire de Toulouse, membre cle la Société amicale el cle prévoyance mutuelle des Vétérinaires militaires. Auteur cle nombreux rapports, publications, conférences el articles de journaux sur des sujets d'hygiène, de médecine vétérinaire et cle zootechnie. Alembre clu jury de concours agricoles, de distributions de primes d'encouragement à l'élevage clu cheval, elc. Missions dans les régions sahariennes pour l'élude des maladies du dromadaire. Mention honorable (médaille de bronze), Ecole nationale Vétérinaire cle Toulouse (4° année).",Collège de Guérande,baccalaureat,,0,,0,0,0,1142,99,0.9356
L1912-00542,CAZÈS,David-Albert-Louis,0,,28 avril 1850,1850,Vint à Tunis en février 1878,,"en 1884, chevalier de la Légion d'honneur en 1888. (Voir Ecoles de l'Alliance et Association des Anciens Elèves de l'Alliance. E. V. 9& GEBALA (LA) C. c. de Tunis, caïdat cle la banlieue. Mk- (II) sur la ligne B.-G. (Train du Mornag) cle Tunis (17 k.) à La Laverie (11 k.). A. P. 4*. Poste de police.",,,,Tunis,,,3,nichan_iftikhar;palmes_academiques;legion_honneur,1,1,,,,,0,,0,0,2,720,99,0.9334
L1912-00555,Cercle Républicain,Grand,0,,1905,1905,Tunis,,"3. av. de France, Tunis. Fondé pur MM. Colrat, Lafltte et Paul Lambert. Secrétaire général : M. A. Désirées, avocat; secrétaires généraux honoraires : MM. Colrat et Paul Lambert.",justice_law;military;administration,justice_law,,Tunis,,,0,,0,0,,,,,0,,0,0,0,219,100,0.9268
L1912-00561,CES,,0,,,,,,Inspecteur à l'Office- Pos lal.,administration,administration,"38,rue de Manies",Tunis,,,2,palmes_academiques;nichan_iftikhar,0,1,,,,,0,,0,0,0,285,101,0.8414
L1912-00562,CEZERAC,Joseph,0,,19 juillet 1879,1879,Isle Jourdain,Gers,"( Gers). Instituteur, Mahdia 1"" nov. ",education_science,education_science,,Mahdia,1910,1910,0,,0,0,école normah d'Aucli. Certif. d'aptitude pédagogique.,,,,0,,0,0,0,154,101,0.817
L1912-00565,CHABERT,Pierre,0,,1842,1842,,,"d'Italie, comm. du Nichan - Iftikhar. Pharmaciendroguiste, ",medicine_health,medicine_health,"3,av. de Pari s,Tunis",Tunis,,,4,legion_honneur;palmes_academiques;couronne_italie;nichan_iftikhar,1,1,"Ecole de Médecine et de Pharmacie de Marseille.Dépulé de la Nation à. Tunis en 1880; membre et trés o r i e r de la Chambre de Commerce de 1885 à 1901; nrésid p.nt de 1898 à 1899; conseiller municipal de Tunis; ancien président de la Société française de Bienfaisance; membre du Conseil d'hygiène; membre de la Commission de "" vérification des titres de médecin-pharmacien, etc. Etabli pharmacien à. Tunis en 1S67; a. créé en 1892 une maison de droguerie pharmaceutique et produits chimiques.",Ecole de Médecine,,,0,,0,0,0,699,101,0.8925
L1912-00570,CHAFFANJON,Philibert,0,,1860,1860,Villefranche,Rhône,"off. de l'Ordre royal du Cambodge, off. du Dragon de l'Annam, off. de l'Ordre national du Venezuela. Industrie] , ",,,"9, av. de Cartilage, Tunis",Tunis,1901,1901,2,nichan_iftikhar;palmes_academiques,0,1,". lycée et Ecole normale de Lyon; brevet super*; bachelier es sciences. A collaboré aux missions scientifiques du Ministère de l'Instruction publique de M. J. Chaffanjon, son frère, exploration des sources de l'Orénoque (1882-86); voyage aux Antilles; voyage en Indo-Chine; collaboration à la mission en Sibérie Orientale, Japon et Mandchourie (1898-1900). Très, de la Ligue de l'Enseignement, membre du Comité du Cercle Républicain, secr. de la Section, tunisienne du Comité républicain de l'Association du Commerce, de l'Industrie et de l'Agriculture; secr. général du Comité du groupe V (Produits de la Tunisie) de l'Exposition d'Hygiène de Tunis (1911),'agent principal de la Société des Auteurs et Compositeurs dramatiques. CHArr'ARD (Philibert). 16 lév. 1873, Reventin-Vaugris (Isère), off. du Nichan-. Iflikhar. Secrétaire et receveur municipal à Djerba. Janv. 1895. En 1895 et 1896, comptable au Comptoir National d'Escompte à Tunis; soldat au 4"" chass. d'Air. 1896-1897. Compt. au Comptoir National d'Escompte jusqu'au 31 déc. 1S97; employé à la Recette générale des Finances le 1"" janv. 1898; Chef de bureau de mai 1898 au 1"" août 1905; Secrétaire et receveur municipal a Ferryville et a. Djerba. Secr. de la Société «La Dauphinoise» à Tunis de 1899 à 1905; nrés. du groupe de libre-pensée «Germinal» à Ferryville.",lycée et;Ecole normale,baccalaureat,,0,,0,0,2,1594,101,0.923
L1912-00572,CHAILLEY,Raoul,0,,1874,1874,Avocat au barreau de Tunis,,,justice_law,justice_law,,Tunis,,,0,,0,0,"lycées de Sens et de Douai, Facultés de Droit de Lille et de Paris ; bachelier es lettres, licencié en droit.",Facultés de Droit de Lille et de Paris,licence_droit;baccalaureat,"pre- - mier clerc d'avoué à Lyon; ancien avoué et avocat des contibutions indirectes à Lunéville, de 1903 à 1909; avocat à Tunis. Neveu de M. Chailley, rapporteur du budaet. et du général de division Chailley.",6,,0,0,0,391,102,0.9307
L1912-00573,CHAIX,Xavier,0,,29 nov. 1879,1879,Le Pouzin,Ardèche,"Chef de service à la Compagnie des Ports de Tunis-Sousse-Sfax, à Sfax. Fév. ",administration,administration,,Tunis,1906,1906,0,,0,0,,Ecole des Arts,,"chef de service aux travaux du port du"" Havre, chef de service à la construction des quais de Saïgon (Cochincbine) et chef de service à la Compagnie des Ports de T.- S.-S.",1,,0,0,0,366,102,0.952
L1912-00574,CHALAVOUX,Louis,0,,22 janv. 1S76,1876,Saint-Romain-d'Ay,Ardèche,"Distillateur; fabricant de boissons gazeuzes, Béja. Juin 1899. Médaille bronze au Concours Béja 1904.",industry_crafts,industry_crafts,,Béja,,,1,nichan_iftikhar,0,1,,,,,0,,0,0,1,189,102,0.892
L1912-00575,CHALOM,Jacques,0,,28 janv. 1878,1878,Tunis,,"Avocat au barreau de Tunis. 11. rue d'Ailemacne, Tunis.",justice_law,justice_law,,Tunis,,,1,nichan_iftikhar,0,1,"lycée de Tunis et Facultés de Droit d'Aix et de Paris ; bachelier de l'enseignement secondaire; licencié, puis docteur en droit; avocat au barreau de Ti.nis oct. 1898.",lycée de Tunis;Facultés de Droit d'Aix et de Paris,doctorat_droit;baccalaureat,,0,"propagande dans la presse en faveur de l'émancipation des Juifs de Tunisie (pour l'assimilation française) et pour l'amélioration du sort des travailleurs de toute origine; «Les Israélites de la Tunisie : leur condition civile et politique» (étude de droit international et de législation coloniale), un vol. in-S"" de 220 pages (1908), Paris, Arthur Rousseau, 14, rue Soufflot, 5 fr.",1,0,0,691,102,0.9388
L1912-00576,CHAMBONCEL,Edmond-Bruno,0,,6 oct. 1869,1869,Saulce-sur-Rliône,Drôme,"Directeur ctecoie/iU, rue des Glacières, Tunis. ",,,,Tunis,31 oct. 1891,1891,3,palmes_academiques;nichan_iftikhar;medaille_coloniale,0,1,"Ecole normale d'instituteurs de Valence (Drôme); brevet supérr; certificat d'aptitudes pédagogiques ; diplôme de maître de gynmas tique ; dans l'enseignement primaire depuis 18SS à ce jour. Membre du Conseil d'administration de l'Amicale primaire tunisienne; une. secr. et prés, de cette Association. A publié : «Les Mémoires d'un Instituteur tunisien». Médaille d'argent à l'Exposition coloniale de Marseille.",Ecole normale,diplome_superieur;certificat,,0,,0,0,0,591,102,0.8849
L1912-00586,CHAMPAVER,François-Marie-Gustave,0,,30 mars 1867,1867,Lyon,,"directeur d'école au Kef, à Djerba, Kairouan. Tunis; professeur d'arabe au lycée Ca.rnot. Actuellement directeur de l'école franco-arabe de Bizerte et chargé des cours publics d'arabe; correspondant régional de la «Nationale Universitaire» de Toulouse, de «l'Art dramatique» de Nancy; membre du Conse",education_science,education_science,,Bizerte,1885,1885,3,palmes_academiques;nichan_iftikhar;ouissam_alaouite,0,1,,collège Alaoui;lycée Ca,,,0,,0,0,0,1064,105,0.9451
L1912-00592,CHAPELIÉ,Alfred,0,,182S,1828,Tunis,,"Notable commerçant, ancien député de la Nation, ancien membre de la Chambre de Commerce et ancien conseiller municipal de Tunis. Exerça les fonctions de consul des Etats-Unis. Au moment où fut donnée la concession les eaux, Alfred Chapelié démissionna de ses fonctions de conseiller, fut nommé présid",politics_native_admin;diplomacy;commerce,politics_native_admin,,Tunis,,,0,,0,0,,,,,0,,0,0,0,2293,106,0.9644
L1912-00595,CHARDAVOINE,R'ené-Alcide,0,,1862,1862,Saint-Jean-de-Ceyrargues,Gard,"Lnei de section à l'Office Postal. Août 1889. Ane. prés, de l'Association amicale des Employés français de l'Office Postal tunisien. Entré dans l'Administration métropolitaine le 1"" mars 18S2 "" et dans l'Administration tunisien le 1"" août 1889.",,,,,,,1,nichan_iftikhar,0,1,,,,,0,,0,0,1,365,107,0.8428
L1912-00596,CHARLËTY,Sébastien,0,,18 juillet 1867,1867,,,- Iftikhar. Directeur général de l'Enseignement en Tunisie. Janvier 19 0 8.,military;administration,military,,,,,3,legion_honneur;palmes_academiques;nichan_iftikhar,1,1,"lycées de Chambérv et Henri IV, et à laSorbonne; agrégé d'histoire, docteur es lettres.",,agregation,"professeur de lycée, professeur âla Faculté des T .étires de Lyon, directeur général de l'Enseignement en Tunisie. Principaux travaux publiés : «Histoire du Saint-Simonisme» (1896); «Bibliographie critique de l'histoire de Lyon, 2 vol. (1900); «L'enseignement secondaire dans le Rhône-dé 1789 à 1900» (en collaboration avec M. Chabot) (1901); «Histoire de Lyon» (1903); «Documents relatifs à la vente des biens nationaux (1907); direction de la «Revue d'histoire de Lyon»; collaboration à la «Revue de Paris», à la «Revue d'histoire moderne», a la «Révolution française», au «Journal des savants», etc. Membre de la Commission des Documents économiques de la Révolution Française, instituée au Ministère de l'Instruction publique; membre du Comité des Travaux historiques; correspondant du Ministère de ^Instruction publique et des Beaux-Arts.",13,,0,0,1,1155,107,0.9202
L1912-00599,CHARRIERE,Pierre - Charles - Alexandre LADREYT DE LA,0,,15 mars 1882,1882,Nancy,,"ciiev.-irere-nospitalier de S'- Jean de Jérusalem, décoré du Muniséraphon et des médailles de Sisowath et Norodon. Publicisle, rédacteur en chef de la «Tunisie Française, Tunis et àlaCharriôre par Privas (Ardèche) 12 novembre 19 0 8.",press_letters_arts,press_letters_arts,,Tunis,,,1,saint_stanislas,0,0,"Ecole .Saint Sigl->bert, collège Stanislas,r acuité fle i\ancy. Bachelier es lettres et es sciences. Sergent de réserve au 4° zouaves. A collaboré a. 1' «Eclair de l'Est"", au «Pays Lorrain» et au «Clairon de l'Ardèche».""",collège Stanislas,baccalaureat,,0,,0,0,0,572,108,0.8899
L1912-00600,CHASSAGNY •,Antoine - Amédée - Bernard,0,,9 janv. 1869,1869,Séiif,Constantine,Répétiteur et professeur de comptabilité au lycée Carnot de Tunis. Oct.' 1902.,education_science,education_science,,Tunis,,,2,palmes_academiques;nichan_iftikhar,0,1,"lycée Henri IV, lycée d'Alger; bachelier es sciences. Ancien répétiteur au lycée de Gafsa.",lycée Henri;lycée d'Alger;lycée de Gafsa;lycée Carnot,baccalaureat,,0,,0,0,0,298,108,0.8902
L1912-00603,CHASSENERIE,Jean,0,,1881,1881,Souillac,Lof,"Médaille de Chine. Commis dirigeant à la Direction de l'Office postal, ",administration,administration,"45, rue Sidi-bou-Mendil",,8 août 1903,1903,0,,0,0,"Ecole d'Hydrographie do Paimpol; diplôme d'élève de la marine marchande. Campagne de Chine 1900-1903. A séjourné pendant trois années en Extrême Orient et visité les principaux ports de l'Indo-Chino. de lu Chine,.di; lu. Corée, (le la iYlunilchourie, de la. Sibérie Orientale el. du Japon. Très. udj. de l'Association amicale du Personnel français de l'Office postal tunisien.",,diplome_superieur,,0,,0,0,0,553,109,0.9071
L1912-00605,CHASTANG,Camille-Victor,0,,1861,1861,Chambonnus,Ardèche,Conducteur des Ponts et Chaussées à Djerba. ,engineering_architecture,engineering_architecture,,Djerba,18 mars 1887,1887,2,merite_agricole;nichan_iftikhar,0,1,,,,,0,"Premières études du port de Bizerte, phares du cap Sénat et de ras Engela, sémaphore du cap Blanc, phares du Turgueness et de Bordj-Djilidj (île de .Djerba), aménagement des puits artésiens de Zarzis et Houmt-Souk, marché couver t. et halle aux grains de Zarzis, marché couvert et abattoir de HoumtSouk, douanes de Zarzis, Aghir, El-Kantara et Adjim, jetées de Zarzis, Adjim et Marsa-Kciba, près de Ben-Gardanne, poste-école d'Adjim, routes de l'île de Djerba, plantations et jardins de la ville , d'Houmt-Souk (environ 6 hect.); aménagement de 120 citernes ou puits dans l'île de Djerba.",1,0,0,1064,109,0.9506
L1912-00606,CHAUFFIN,Léon,0,,24 août 1875,1875,Montrevel,Jura,"Chef de bureau à la Direction de l'Enseigne- no ment (enseignement professioimel des indigènes), ",administration,administration,"2, rue de Valmy, quartier Montfleury",Tunis,17 avril 1898,1898,1,nichan_iftikhar,0,1,"école primaire supérieure de Champagnole (Jura) et Ecole normale du Jura; brevet supérieur; brevet supérieur d'arabe. Ancien interprète judiciaire, ancien directeur d'école à Djerba, Ferryville el Sousse, médaille de vermeil de la Société Nationale d'Encouragement au Progrès.",Ecole normale,brevet_superieur,,0,,0,0,0,516,109,0.9527
L1912-00608,CHAVIGNY,André-Charles DE,0,,"28 "" mars 1874",1874,Cha,,"Noire du Bénin, de l'Ordre royal du Cambodge. Inspecteur des Domaines à. la. Direction de l'Agriculture, du Commerce et de la Colonisation, Tunis. Mars 1900.",administration,administration,,Tunis,,,4,palmes_academiques;nichan_iftikhar;merite_agricole;etoile_noire_benin,0,1,collège de Saumur et Faculté des Lettres de Poitiers; bachelier es lettres. Sergent de réserve.,collège de Saumur;Faculté des Lettres de Poitiers,baccalaureat,"surnuméraire de l'Enregistrement el des Domaines à Quiniper (Finistère), receveur des Domaines à Campile (Corse); détaché par le Ministère des Finances et mis à la disposition du Gouvernement tunisien; sous-inspecteur de l'Enregistrement et des Domaines; rédacteur"" au Service des Domaines à la Direction de l'Agriculture à 'l'unis (.1.900); rédacteur, puis sons-chef au secrétariat de la même Direction (1901-1904); chef du bureau des Affaires commerciales et industrielles (1905); inspecteur du Service des Domaines (1906). Doux diplômes d'honneur de la «Société nationale des Conférences populaires» pour conférences faites au 4"" zouaves et au 4"" chasseurs. Trois diplômes de collaboration (médailles d'argent) aux Expositions de Hanoï (1905), Liège (1905), Marseille (1906). CHEEA. C. c. de Tunis, caïdat de la banlieue, Prop., MM. Maurin, Monrozier, Royer, etc.",11,,0,0,0,1303,110,0.9258
L1912-00618,CHEMAMA,Vila-Sauveur,0,,Avril 1877,1877,,,"Avocat au Barreau de Tunis, ",justice_law,justice_law,"68, av. de Paris",Tunis,,,1,nichan_iftikhar,0,1,"Faculté de Droit d'Aix-en-Provence; licencié en droit. Secrétaire de M"" Gueydan, avocat-défenseur.",Faculté de Droit d'Aix-en-Provence,licence_droit,,0,,0,0,0,221,111,0.9143
L1912-00619,CHEMILA,Ra.hmim,0,,1840,1840,Tunis,,"Agent général du Comité de secours et de bienfaisance israélite à La Goulelte. Etait le secrétaire de feu le caïd Sloumou Sa.ma.ma, au camp beylical; conseiller municipal depuis la création de la. Municipalité de La Goulelte; grand ■rabbin honoraire do La .Goélette; représenta l'Alliance Israélite p",military;religion;politics_native_admin,military,,Tunis,,,1,nichan_iftikhar,0,1,,,,,0,,0,0,0,392,111,0.9477
L1912-00621,CHEMLA,Ange,0,,17 déc. 1871,1871,Mona,,"sfir (Tunisie). Reprêsenfanl-négociont à Sousse. Huiles, céréales, laines. Prés, de l'Association, des Anciens Elèves de l'Alliance Israélite Universelle. GHEMMAKH. Terr. mil., ann. de Zarzis, caïdat des Ouerghamma. Village à 14 k. de Zarzis. D. A.",,,,Sousse,,,0,,0,0,,,,,0,,0,0,0,282,112,0.907
L1912-00623,CHENAY,Louis,0,,17 déc. 1849,1849,Paris,,"Chef du Service Anthropométrique de la P. é g e n c e. 10 octobre 18 9 0. Collaborateur de M.Bertillon, direct 1' du Service Anthropométrique de Paris, de 1884 à 1890. V.-prés. du Comité des Fêtes, v.-prés. du Club de Gymnastique. A installé dans la Régence le Service Anthropométri¬ que à la prison ",,,,,,,2,palmes_academiques;nichan_iftikhar,0,1,,,,,0,,0,0,1,452,112,0.9144
L1912-00632,CHERIF,Tahar,0,,1860,1860,Tunis,,"- Iftikhar. Aminé des constructions, attaché au Service de la Voirie municipale de Tunis. (Travaux de la Ville).",,,,Tunis,,,1,nichan_iftikhar,0,1,,,,,0,,0,0,0,184,113,0.9276
L1912-00633,CHERVIN,Pierre,0,,26 août 1873,1873,Châtellus,Allier,"Directeur de l'Ecole Coloniale d'Agriculture, Tunis. Avril 1897.",,,,Tunis,,,3,palmes_academiques;merite_agricole;nichan_iftikhar,0,1,"Ecole nationale d'Agriculture de Grignon; ancien stagiaire du Ministère de CHE — cm l'Agriculture en Algérie et en Tunisie; ancien chef du bureau de la Colonisation, de la Publicité et'de la Propagande à la Direction de l'Agriculture.",Ecole Coloniale,,,0,,0,0,1,428,113,0.9133
L1912-00634,CHESNE DE BELLECOURT,,0,,,,,,"(Gustave du), consul général et chargé d'affaires de France en Tunisie du 7 oct. 1863 au 9 mars 1S67.",military;diplomacy,military,,,,,0,,0,0,,,,,0,,0,0,0,122,114,0.8458
L1912-00636,CHEVALIER,Jacques-Cyrille,0,,24 mars 1855,1855,Arrou,Eure-et-Loire,Entreposeur des Monopoles à Mahdia. Nov. ,military;politics_native_admin,military,,Mahdia,1894,1894,2,medaille_militaire;nichan_iftikhar,0,1,,,,,0,,0,0,0,431,114,0.9242
L1912-00637,CHEVALIER,Joseph,0,,1855,1855,Algésiras,Espagne,"Agent général et inspecteur d'assurances, rue Es-Sadikia, Tunis. Fév. ",military;administration;finance_banking,military,,Tunis,1886,1886,2,palmes_academiques;nichan_iftikhar,0,1,,,,,0,,0,0,0,1181,114,0.9454
L1912-00638,CHEYLUS,Victor-Marie,0,,1839,1839,Paris,,"Mort à Tunis en 1904. Elève de l'Ecole Polytechnique; ingénieur des Télégraphes; directeur des Postes et des Télégraphes du département de Constantine; chef de la Mission française des Postes en Tunisie. Fonda en 1888 l'Office postal tunisien, dont il fut le premier directeur, prit sa retraite en 1S",engineering_architecture,engineering_architecture,,Tunis,,,1,legion_honneur,1,0,,Ecole Polytechnique,,,0,,0,0,0,770,114,0.9621
L1912-00640,CHICOLI,Tolomeo,0,,19 fév. 1866,1866,Païenne,,Médecin-chirurgien à Sousse. ,medicine_health,medicine_health,,Sousse,7 mars 1897,1897,2,couronne_italie;nichan_iftikhar,0,1,"collège et Université de Palerme; lauréat de médecine et chirurgie; officier sanitaire et «assistente en chirurgie» pendant cinq ans aux hôpitaux civils de Palerme. Conseiller municipal de Sousse. Médecin dé la Société de Bienfaisance israélite; prés, de T «Union Patriotique Italienne», de la «Dante Alighieri» et de la Loge «Il Progresso».",collège et,,,0,,0,0,0,490,114,0.9545
L1912-00641,CHIDIAC,Naja,0,,1853,1853,MontLiban,,"Chef de division à la Direction générale des Finances, Tunis. ",military,military,,Tunis,5 déc. 1883,1883,3,palmes_academiques;merite_agricole;nichan_iftikhar,0,1,"collège de Lazareth, à Mutoura (Liban). Décédé à Tunis, le 3.juin 1909.",collège de Lazareth,,,0,,0,0,0,270,114,0.9126
L1912-00644,CHOTARD,Georges-Henri,0,,17 avril 1859,1859,Charron,Char. Int.,"Int.), off. du Nichanlftikhar. Receveur des Douanes, à Sfex. ",administration,administration,,,20 janv. 1886,1886,0,,0,0,,,,,0,,0,0,0,183,115,0.8368
L1912-00650,CHURCHER,Thomas-Gillard,0,,15 mai 1856,1856,Londres,,"Médical Missionary North Africa Mission, boul. de Tunis, Sfax. Mai 1895.",,,,Tunis,,,0,,0,0,"Paslore Collège Londres et Université d'Edimbourg, M. B. C. M. Edimbourg, M. R. C. S.England.",Collège Londres,,,0,,0,0,0,224,115,0.9207
L1912-00652,CIRIER,Fabien,0,,22 oct. 1862,1862,Cambrai,Nord,"Avocat au barreau de TûJllb, o, 1 . U J-\ilemagne, Tunis. 1"" octobre 1894..",justice_law,justice_law,,Tunis,,,2,palmes_academiques;nichan_iftikhar,0,1,"collège de Cambrai, Faculté de droit de Paris. Bachelier es let'tres, bachelier es sciences, docteur en droit, certificat de législation algérienne. Capitaine d'artillerie de territoriale. Collège Sainte-Barbe, à Paris; Faculté de Droit de Paris. Docteur en droit de la Faculté de Paris (17 juin 1899). Ancien avocat à la Cour d'appel de Paris. Thèse de doctorat «De la Gérance d'immeuble» (Pedoue, éditeur, 13, rue Soufflot, Paris).",collège de Cambrai;Faculté de droit de Paris;Collège Sainte-Barbe,doctorat_droit;baccalaureat;certificat,"uierc Q""avoue a raris, secrétaire d'agréé à Paris, avocat â la Cour' d'Alger, avocat au barreau de Tunis. Membre de la Conférence Consultative; secrétaire élu de cette assemblée (session de 1910). Ancien bâtonnier à Tunis. Suppléant du Juge de Paix de Tunis (canton Nord). Ancien président de la «Betterave». Censeur de la Banque de l'Algérie. GIROU (Louis-Léon-Joseph), 13 juillet 1873, Villers-Cotterets (Aisne). Avocat au barreau de Tunis, rue de Russie, 18. 21 juillet 1907.",10,,0,0,0,1113,116,0.9068
L1912-00653,CITTANOVA,Jacques,0,,19 mars 1881,1881,Sousse,,"Agent maritime et représentant dé commerce, Publiciste, Sousse. Issus d'une ancienne lamille autrichienne originaire de Trieste établie depuis 50 ans environ en Tunisie.",press_letters_arts;transport_maritime,press_letters_arts,,Sousse,,,1,nichan_iftikhar,0,1,"Ecoles italiennes de Sousse, puis Institution de Sainl-Léon el Institut Fleury, de Marseile; Faculté de droit d'Aix. Lauréat en 1906. Gradué en droit. Membre fondateur de la section sousienne de la Ligue des Droits de l'Homme et secrétaire élu de cette section; président de la société artistique et musicale «Mediator» (Estudianlina); trésorier fondateur de l'Amicale de la Presse du Centre et du Sud; correspondant du journal «Le Journal», de Paris, rédacteur-correspondant du «Courrier de Tunisie» depuis la fondation de ce journal; secrétaire du Comité d'organisation des fêtes francoitaliennes (1908). Prépare une étude sur «La culture de l'Olivier en Tunisie el la fabrication de l'Huile d'olive (Conseils utiles aux fabricants)».",Institut Fleury;Faculté de droit d'Aix,,,0,,0,0,1,983,116,0.9668
L1912-00654,CITTANOVA,Ugo,0,,14 juillet 1SS5,1885,Sousse,,Directeur de l'Harmonie Municipale et professeur aux cours de musique de la ville de Sousse.,education_science,education_science,,Sousse,,,1,nichan_iftikhar,0,1,"Ecoles italiennes et françaises de Sousse, puis à Paris; ancien élève du Conservatoire national de musique de Paris (classes de flûte, de piano et d'harmonie); se classa dans les premiers concours de sortie après quatre ans d'études. Ancien professeur de musique aux écoles communale du 10"" arrondissement de Paris; a fréquenté les cours P. Vidal el Taffannel; a composé plusieurs oeuvres musicales. Vice-président de 1' «Adelphie», société artistique, â Sousse.",,,,0,,0,0,0,631,116,0.9604
L1912-00655,CLEMENT,César,0,,31 mars 1865,1865,Tu,,"Interprète judiciaire auxiliaire, pas, sage de Tunis, 2, Tunis.",administration,administration,,Tunis,,,0,,0,0,,,,,0,,0,0,0,103,116,0.9067
L1912-00656,CLÉMENT,Paul-Gustave,0,,10 juin 1851,1851,Valence,Drôme,"Médaille eoiomaie avec agrafes «Algérie » et <( Tunisie», Médailles ■commémoratives du Tonkin, de la Chine et de l'Annam, off. du Nichanlftikhar, Méd. d'argent de la Fédération des sapeurs - pompiers italiens. Retraité de l'armée comme adjudant le 10 iuin 1887 anrès dix-sept ans de services et seize",military,military,,Tunis,,,2,legion_honneur;medaille_militaire,1,0,"Collège de Valence (Drôme); Ecole supérieure de Commerce de Mulhouse; diplôme de l'Enseignement secondaire spécial; diplôme de l'Ecole supérieure de Commerce de Mulhouse. Lieutenant-adjudant-major au 15"" bataillon de territorial de zouaves à Tunis.",Collège de Valence;Ecole supérieure de Commerce de Mulhouse,diplome_superieur,"Dans l'armée de 1870 à 18S7; attaché au Secrétariat général du Gouvernement tunisien de janvier 1890 au 1"" avril 1904; à la. Direction des Travaux de la. Ville et capitaine commandant les sapeurs-pompiers de Tunis, de mars 1904 à ce jour. Membre actif et commissaire de la. Société de Tir du 110° territorial à Valence: membre fondateur et commissaire de la Société de Secours mutuels des Officiers résidant en Tunisie depuis 1890 à ce jour; membre de l'Union des Sociétés de Gymnastique de France; vice-président d'honneur du Club de Gymnastique français â Tunis; membre actif de la Fédération nationale des sapeurs-pompiers italiens. Envoyé comme chef de mission par le Gouvernement Tunisien au Congrès-Concours international de Milan, en 1906, pour y étudier les moyens propres à assurer à Tunis un service de secours et profiter des plus récents perfectionnements sanctionnés par la pratique et les expériences faites audit Congrès pour l'acquisition de matériel approprié aux besoins de la ville de Tunis; rapport fourni dans ce sens à l'autorité supérieure.",11,,0,0,1,2063,116,0.939
L1912-00657,CLERINO,Mn.rtm-François-Isidore,0,,30 déc. 1874,1874,Lyon,,"Vérificateur au Service Topographique, ",administration,administration,"88, avenue Victor-Ugo, Sousse",Sousse,19 janv. 1898,1898,1,nichan_iftikhar,0,1,"lycée Ampère (Lyon); Sain-, te Barbe (Paris); Institut national agronomique de Paris. Bachelier de l'Enseignement secondaire (lettres, sciences). Ingénieur agronome. Lieutenant au 15"" bataillon territorial de zouaves. Attaché au Service Topogra.phique de puis 1898; vérificateur le 1""' mai 1905; chef du cercle de Sousse.",lycée Ampère;Institut national agronomique,baccalaureat,,0,,0,0,0,495,117,0.926
L1912-00658,CLERMONT,Jean,0,,10 déc. 1877,1877,Akbou,Constanline,Professeur de langue arabe au lycée de Tunis. Sept. ,education_science,education_science,,Tunis,1892,1892,3,palmes_academiques;nichan_iftikhar;ouissam_alaouite,0,1,"lycée d'Alger, collège Alaoui, Ecole des Lettres d'Alger. Brevet supérieur, certificat, brevet et diplôme supérieur dé langue arabe; brevet d'arabe algérien. Sous-officier de réserve au 3' bataillon d'artillerie à pied. SUCESS 1 : instituteur, professeur de français à la médersa Ettadibia, professeur d'arabe au lycée Carnot. Ouvrages publés : «La Musique arabe, ses Instruments et ses Chants»; «Eléments de langue arabe à l'usage des colons et des touristes». Ouvrage en préparation : «Recueil de textes arabes sur la vie, les moeurs et les coutumes des indigènes de l'Afrique du Nord». r",lycée d'Alger;collège Alaoui;Ecole des Lettres;lycée Carnot;lycée de Tunis,brevet_superieur;diplome_superieur;certificat,,0,,0,0,0,751,117,0.9305
L1912-00659,CLERMONT,Paul,0,,1875,1875,Le Caire,Egypte,"Prof, de sciences au lycée Carnot (1"" cycle), Tunis. Oct. ",,,,Tunis,1906,1906,1,nichan_iftikhar,0,1,Faculté de Toulouse. Licencié es sciences mathématiques et physiques. Sergent de réserve.,lycée Carnot,,"répétiteur à Tunis, à Toulouse, professeur à Tunis.",1,,0,0,0,308,118,0.9227
L1912-00660,CLEYET,Merle-François,0,,20 août 1869,1869,Pressins,Isère,Instituteur au lycée de Tunis. Oct. ,education_science,education_science,,Tunis,1888,1888,1,ouissam_alaouite,0,0,,lycée de Tunis,brevet_superieur;certificat,"Instituteur au collège Alaoui, directeur à Rades, à Kelibia et Tebourba.",1,,0,0,0,244,118,0.9395
L1912-00661,CLIDAT,Martial,0,,13 avril 1S62,1862,Bordeaux,,"Conducteur principal des Ponts et Chaussées au titre français. Villa Bijou, ",,,"3, rue de Valmy, Tunis",Tunis,,,1,nichan_iftikhar,0,1,"lycée de Bordeaux, Ecole supérieure de Commerce et d'Industrie de Bordeaux. Reçti conducteur en 1882. Lieutenant de réserve.",lycée de Bordeaux;Ecole supérieure de Commerce et d'Industrie de,,"chef de section du ■chemin de fer de Cavignac à Bordeaux de 1S82 à 1892; membre du Touring-Club, des groupes A, B, et C de l'Assistance Mutuelle Tunisienne», de la «Vincennoise», de la Société des conducteurs, et de l'Association des anciens élèves de l'Ecole supérieure de Commerce et d'Industrie de Bordeaux.",2,"Contrôle civil de Kairouan, halle aux grains; travaux divers de la ville, rue Saussier; routes diverses de l'arrondissement de Sousse; aménagement des eaux du Bargon primitivement et actuellement ; travaux hydrauliques spéciaux; vérification des travaux exécutés sur la conduite et dans le tunnel (Bargou).",1,0,0,951,118,0.9435
L1912-00665,COANET,Armand-Edmond,0,,2 nov. 1877,1877,Nancy,M.-et-Mos.,"Propriétaire viticulteur, domaine d'Aïn-Melih, à Ras-Tabia (près de Tunis). Déc. ",agriculture,agriculture,,Tunis,1893,1893,3,palmes_academiques;merite_agricole;nichan_iftikhar,0,1,"lycée de Nancy, diplômé d'Agriculture (école Mathieu de Dombasle et école de Rouiba (Algérie), dont il est sorti le premier de sa promotion). Dirige le domaine viticole d'Aïn-Melih, dont il est copropriétaire avec MM. Aubry frères, négociants de vins en gros a. Nancy. Secrétaire général de l'Association agricole de Tunisie ; membre du Bureau du Syndicat, obligatoire des Viticulteurs; président du Conseil d'administration et directeur de la Caisse locale de Crédit Mutuel agricole de Tunis (banlieue Ouest et Nord); directeur du journal «L'Association»,'Bulletin de l'Association agricole de Tunisie.",lycée de Nancy;école de Rouiba,diplome_superieur,,0,,0,0,0,823,119,0.9666
L1912-00666,COEROLI,André,0,,25 nov. 1863,1863,Ota,Corse,"(Corse); médaille de bronze de la Mutualité. Commis des Monopoles à Tunis. Juin 1884. Président de l'Union des Employés des Services Financiers jusqu'en 1911, ancien trésorier de la Société «La Corse».",administration,administration,,Tunis,,,0,,0,0,,,,,0,,0,0,0,236,119,0.89
L1912-00667,COEYTAUX,Alfred-Henri,0,,16 juillet 1S56,1856,Coligny,"près de Sétiî, Algérie","Régiss' général de la Société Franco-Africaine, Enfidaville (Tunisie). 18 81. Ecole industrielle de Lausanne (Suisse). Membre de la Conférence Consultative de 1S96 à 1901 et de 1905 à ce jour.",military;politics_native_admin;diplomacy;industry_crafts,military,,,,,3,merite_agricole;palmes_academiques;nichan_iftikhar,0,1,,,,,0,,0,0,0,359,119,0.8997
L1912-00668,COHEN,Abraham,0,,15 janv. 1871,1871,Djerba,,"Agent de contentieux, rue des Glacières, Tunis. ",,,,Djerba,1886,1886,0,,0,0,,,,,0,,0,0,0,93,119,0.8567
L1912-00669,COHEN,,0,,"1"" fév. 1887",1887,Tunis,,"Exportateur de laines et commissionnaire, ",commerce,commerce,"3, av. de France, Tunis",Tunis,,,0,,0,0,lycée Carnot; gradué en droit.,lycée Carnot,,,0,,0,0,0,148,119,0.9227
L1912-00670,COHEN-HADRIA,Joseph,0,,juillet 1S72,1872,Tunis,,"Gérant de la sous-agence du Comptoir National d'Escompte de Paris, à Sfax de 1901 à 1906 et à. Sousse de 1907 à ce jour.",,,,Tunis,,,0,,0,0,,,,,0,,0,0,0,164,119,0.843
L1912-00671,COHEN,Jacob,0,,9 nov. 1872,1872,Tunis,,"Publiciste, ",press_letters_arts,press_letters_arts,"24, rue Sidi-Sifiane, Tunis",Tunis,,,1,nichan_iftikhar,0,1,"Ecole de lAinance Israélite de Tunis; cours public d'arabe à Tunis. Brevet ■d'arabe, diplôme de comptabilité.",Ecole de lAinance,diplome_superieur,"Instituteur à. l'école de l'Alliance Israélite de Tunis de 1893 à 1895 et de 1897 a 1902; instituteur au «cours pratique de commerce». de 1902 à 1904; directeur-rédacteur en chef du journal «El Nosra.» (1891 et 1S92); rédacteur en chef du «Nasser el Mouhayirine» (1892). Auteur de nombreuses poésies diverses (épiques, lyriques, dramatiques, élégiaques); auteur de «En Nacer Lahmar» (l'aigle rouge), roman de 600 pages; d'un second roman «Djebel es Soud» et d'un troisième roman en prose rimée, «Amour et fidélité». Directeur-ré• dacteur en chef du journal «Ecb Chamss» (le soleil) en 1904.",11,,0,0,2,827,119,0.9039
L1912-00672,COHEN,Joseph,0,,1881,1881,Sfax,,"Instituteur primaire et professeur de langues orientales, ",education_science,education_science,"2, rue Malta-Srira, Tunis",Sfax,oct. 1900,1900,1,nichan_iftikhar,0,1,"Ecole Gus(tave-de-Roths- child, séminaire- israélite de Paris. Profess' aux écoles de l'Alliance Israélite et à. l'école de Droit rabbinique. Publiciste. Correspondant depuis 1902 des journaux « les Archives Israélites » el « The Jewish Chronile» de Londres. Président-fondateur des sociétés «Tunis-Sport» et «la Lyre de la. Jeunesse». Membre du Comité 'ou membre des sociétés : «l'Alliance Sportive», «Société Protectrice des Animaux», «Ligue de l'Enseignement», «Ligue des roits de l'Homme et du Citoyen», «des Anciens Elèves de l'Alliance Israélite», de «l'Union Scolaire de Paris», de «l'Union des Sociétés de Gymnastique de France», de «l'Institut de Cartilage», de «l'Association Internationale de la Presse», etc., etc. Membre délégué pour la Tunisie de la «Société de Préservation contre la Tuberculose», fondateur de la section tunisienne de celte Société. Auteur : 1° de la traduction française du «Rituel hébraïque» (2 vol.), ouvrage approuvé par les savants hébraïsants de France, de Belgique, d'Angleterre, d'Allemagne; 2° de la «Musique Religieuse Orientale» (2 vol.). ■ COHEN-TANUGI (Salomon). 12 nov. 1875, Tunis, off. du Nichan-lftikhar. Directeur de la maison R. Wallut' et Cie. 9, rue de Portugal, Tunis. éco: le dé l'Alliance Israélite et Institution Springer, à Paris. Secrétaire-rapporteur, pour l'industrie, de la 3° commission à la Société de Géographie de Paris (section tunisienne).",école de Droit;Institut de,,,0,études sur l'Agriculture et -les Machines agricoles en Tunisie»; «L'olivier et l'industrie oléicole en Tunisie»; «Catalogue arabe pour la vulgarisation des machines agricoles et industrielles parmi Ise indigènes ».,1,0,0,1775,120,0.9362
L1912-00673,COIGNET,Jean,0,,,,,,"Ingénieur civil, expert agréé près les tribunaux, Tunis. Ancien fabricant de lacets et soieries à Saint-Chamond (Loire). A dirigé avant son arrivée en Tunisie des exploitations agricoles et viticol.es, ainsi que l'usine de pâtes et papiers d'alfa de Fos-surMer. Réside depuis une douzaine d'années da",engineering_architecture;industry_crafts,engineering_architecture,,Tunis,,,0,,0,0,,,,,0,"auteur 'du projet du grand barrage réservoir de I-Iainmam-Zriba, près de Zaghouan dont la contenance sera de plus de dix millions de mètres cubes, susceptible de solutionner l'importante et si actuelle question de l'alimentation en eau potable de Tunis et de ses environs. .",1,0,1,759,120,0.9829
L1912-00676,COLLET,Emmanuel,0,,10 janv. 1863,1863,Chateaulin,Finistère,"Conducteur des Travaux publics à Mahdia 1"" juillet 1907.",,,,Mahdia,,,0,,0,0,"lycée de Pontivy (Morbihan); membre de la Société d'Archéologie du Finistère. TIUVAUX : Construction d'ouvrages maritimes, de routes et de ponts dans le Finistère, de vantaux, métalliques, d'écluses sur le canal de Nantes a. Brest; travaux d'entretien de la digue du grand réservoir de Glomel (côtes' du Nord); construction d'êgouls à. Mahdia. Ancien membre des commission municipales des travaux el des eaux à Carhaix (Finistère).",lycée de Pontivy,,,0,,0,0,0,555,120,0.9435
L1912-00677,COLLIN,Julien,0,,1862,1862,Racheoourl-s'-Marne,"H""-Marne","Inspecteur de l'Enseignement primaire, attaché'à la Direction de l'Enseignement, rue d'Arles, villa «les Jasmins», Tunis. Nov. ",education_science;administration,education_science,,Tunis,1888,1888,4,palmes_academiques;merite_agricole;nichan_iftikhar;ouissam_alaouite,0,1,"Ecole normale supérieure de travail manuel, rue Louis-Thuillier, Paris; Ecole normale supérieure de SaintCloud. Diplôme de sortie de l'Ecole normale de Travail manuel; certificat d'aptitudes à l'enseignement du travail manuel et du dessin dans les écoles normales.",Ecole normale,diplome_superieur;certificat,"professeur de travail manuel el de dessin à. l'Ecole supérieure de Eourges (Cher); professeur de travail manuel et de dessin à l'Ecole normale (collège Alaoui), Tunis ; professeur de dessin au collège Sadiki, au pensionnat des jeunes filles des Soeurs de Saint-Joseph, Tunis. Auteur du «Cours de dessin pour les écoles primaires», publié par la Direction de l'Enseignement; auteur de la carie en relief de la Tunisie exposée par la Direction de l'Enseignement à l'Exposition universelle de Paris 1889 (4 m. sud 3). Médailles diverses (Paris hors concours, Tunis et Nabeul) pour un grand ouvrage manuscrit «La Décoration polygonale arabe».",7,,0,0,0,1201,120,0.9454
L1912-00678,COLLOMP,,0,,1864,1864,,,"Receveur des Contributions diverses. Attaché à la Direction des Contributions diverses. Entré dans l'administration métropolitaine en dôe. 1883, détaché en Tunisie en avril 1894. «Colon Français» (Le), ancienne «Tunisie Française», hebdomadaire. 14 avril 1907. Directeur : M. V. de Carnières. Paraît ",administration;agriculture,administration,"11, rue de Constantine, Tunis",Tunis,,,2,palmes_academiques;nichan_iftikhar,0,1,,,,,0,,0,0,0,493,120,0.9146
L1912-00679,COLONNA -CESARI,Jean-Paul,0,,25 mars 1888,1888,Tunis,,"Attaché au Cabinet du Secrétaire général du Gouvernement Tunisien. Villa; Pauline, boul. Charlemagne, Tunis.",military;administration,military,,Tunis,,,1,nichan_iftikhar,0,1,"lycée Carnot de Tunis et Faculté de droit d'Aix - en - Provence. Bachelier de l'enseignement secondaire, gradué en droit, certificat d?arabe. Officier d'administration de 3"" classe du cadre auxiliaire du Service de Santé militaire.",lycée Carnot;Faculté de droit d'Aix - en - Provence,baccalaureat;certificat,,0,,0,0,0,424,121,0.9355
L1912-00680,COLONNA-CESARI,Sébastien,0,,1871,1871,Quenza,Corse,"agricole, de l'ordre du Cambodge, du Christ de Portugal, comm. du Nichan-lftikhar, viceconsul de France à Tarragone. ",diplomacy,diplomacy,,,1887,1887,5,palmes_academiques;merite_agricole;christ_portugal;nichan_iftikhar;nichan_ed_dem,0,1,,,,"attaché à la Résidence générale de France à Tunis, attaché au cabinet du Résident Général de France à. Tunis, secrétaire particulier de M. Pichon, ministre des Affaires étrangères; vice-consul de France a. Port-au-Prince (Haïti), à Luxembourg et à Tarragone.",5,,0,0,0,495,121,0.9647
L1912-00681,COLRAT,Jean-Marcel-Raymond,0,,10 août 1872,1872,Muzac,Lot,"décoré de plusieurs ordres coloniaux. Publiciste et homme: de lettres. Rédacteur en chef du journal «l'Egypte», Le Caire. 1904 el 1908.",press_letters_arts,press_letters_arts,,,,,4,legion_honneur;palmes_academiques;medaille_coloniale;nichan_iftikhar,1,1,"lycée de Rodez et collège S'°- Barbe. Membre fondateur, ancien secré7 taire général (1905) et secrétaire général honoraire du Grand Cercle Républicain de Tunis; président du Syndicat de la Presse européenne du Caire de 1906 à 1908; vicerprésiclent honoraire de la Ligue des Employés de comm. du Caire, 1908; membre du Conseil de l'Association internationale d'Assistance publique du Caire (1908); exploration dans l'Oubanghui, et le Ba.r-el-Ghazal, de 1898 à 1900. A publié : «Deux ans chez les anthropophages (Plon-Nourrit); «La Tunisie jugée par un passant»; «La. volonté d'être heureux», roman, Le Caire! Collaboration «Le Républicain», «Le Courrier Tunisien», Tunis. La «Reviie»,.«La Revue Socialiste», «La Revue Syndicaliste», «L'Humanité», «La Dépêche Coloniale», ■«L'Italie illustrée», «Le Journal du Caire». Rédacteur en chef de «L'Egypte» de 1906 à 1908; codirecteur du «Courrier de Tunisie» de 1908 à 1909; directeur de «La Semaine», de Tunis, 1909. Conférences nombreuses sur des questions politiques, économiques, littéraires, artistiques et géographiques. Conseiller du Commerce extérieur de la France. Chargé de mission par le Ministère. des Colonies en Egypte. «Etude sur l'organisation des Wakfi». Parti de Tunis le mai 1905 une première fois et, une seconde fois en 1910 pour reprendre la rédaction du journal «L'Egypte».",lycée de Rodez;collège S',,,0,,0,0,1,1677,121,0.9448
L1912-00682,COMBAZ,Alexandre-François,0,,8 novembre 1863,1863,Pressins,Isère,"Chef du bureau de l'Enseignement primaire à la Direction générale de l'Enseigne-, ment. ",military,military,,,23 octobre 1883,1883,3,palmes_academiques;merite_agricole;nichan_iftikhar,0,1,,,,,0,"A rédigé, sous la. direction de M. Machuel, directeur de l'Enseignement public, un petit livre scolaire : « Leçons de langage aux indigènes». Médaille d.'or :. Exposition scolaire de Tunis 1888: Exposition coloniale de Marseille 1906. Hors concours : Exposition de Tunis 1895. Entré dans l'administration métropolitaine le 5 oct. 1882 et dans l'administration tunisienne le 23 oct. 1SS5. Ancien inspecteur primaire à Sousse.",1,0,0,686,121,0.9213
L1912-00683,COMBES,Barthélémy-Clément,0,,29 sept. 1S39,1839,Marseillette,Aude,"(Aude), chev, de l'Ordre de Saint-Grégoire. Assistant au Trône pontifical, comte romain. Sacré à. Bône, le 9 oct. ",religion,religion,,,1881,1881,0,,0,0,,,,,0,,0,0,0,559,121,0.9204
L1912-00684,COMBES,DE,0,,1864,1864,,,"Inspecteur. des Finances, attaché au Service de l'Inspection générale. Tunis. ",military;administration,military,,Tunis,1892,1892,2,palmes_academiques;nichan_iftikhar,0,1,,,,,0,,0,0,0,236,121,0.9247
L1912-00685,COMBET,Candide-Aimé,0,,26 déc. 1862,1862,,,Professeur de sciences au lycée Carnot; Tunis. Oct. ,education_science,education_science,,Tunis,1893,1893,2,palmes_academiques;nichan_iftikhar,0,1,,lycée Carnot,,,0,,0,0,1,369,121,0.8524
L1912-00694,COMITI,Paul,0,,5 avril 1870,1870,Serra,Corse,officier de l'ordre du Nichanlftikhar. Receveur de l'Enregistrement el des Contributions diverses au Kef. ,administration,administration,,,8 fév. 1897,1897,1,palmes_academiques,0,0,"collège d'Ajaccio ; bachelier ; ancien maréchal des logis de l'armée active. SuCCESSIV' : receadjoint à. Sousse, receveur gestionnaire à Gabès, puis au Kef ; président de la Société «la Française»; Président de la société de musique «■l'Harmonie Internationale du Kef»; président de la section des Corses et des amis de la Corse: vice-président du Cercle de la. Ligue de l'Enseign'. Entré dans l'administration métropolitaine . en déc. 1S95 et dans l'administration tunisienne en janv. 1897. Commerce. Au début de l'occupation française, le commerce total de la Régence (importations et exportations réunies) ne dépassait pas 23 millions de francs; de 1881 à 1889, il s'est élevé en moyenne à 54 millions et demi; en 1898, il dépassait 97 millions et a atteint, en 1901, 104 millions; en 1902, 117 millions; en 1903, 155 millions; en 1904, plus de 160 millions, en 1907, 206 millions. Les exportations de la Tunisie à destination de France se sont accrues d'une façon extraordinaire à la suite de la loi douanière de 1890. Sous l'influence de cette loi bienfaisante, la part de la France dans les exportations tunisiennes, qui était en 1885-1886 de 13 %, atteint aujourd'hui une moyenne de 60 %, exportation en Algérie comprise. Les marchandises qui tiennent actuellement la tête.dans les exportations tunisiennes sont : les phosphates naturels, les céréales, les huiles d'olives, les produits de la pêche (poulpes, thons et boutargues, poissons frais, secs, salés ou conservés), les vins, le bétail, les éponges, les peaux, les laines brutes, le minerai de zinc et de plomb, l'alfa, les ouvrages de sparterie et les dattes. Sauf l'alfa, le minerai de zinc et les phosphates, la presque totalité de Ces produits est expédié en France. A l'importation, la Tunisie reçoit, surtout de France : des machines de tout genre, des ouvrages de toute nature en fonte et en fer, des matériaux de construction, des farines et semoules, des peaux préparées et des ouvrages en cuir, des denrées coloniales, des soies, des tissus de. laine. En résumé, le commerce, principalement avec la France, suit en Tunisie une marche ascendante qui constitue l'une des preuves les plus évidentes du succès de la colonisation française. Voici quelques chiffres: Le commerce extérieur de la Tunisie, en 1909, s'est élevé à 223.612.803 fr., se départageant comme suit : importations, 114.446.768 fr. en diminution de 8.581.374 fr. sur celles de 190S, notamment sur les ■ animaux vivants, les bois, la. houille, les métaux bruts, les fils, les tissus, les ouvrages en métaux, la carrosserie el les colis postaux; exportations, 109.166.935 fr., en augmentation de 15.011.080 fr.. se . répartissant entre les produits suivants: les peaux brutes, les laines en suint et lavées, les produits de la pêche, les céréales, grains et farines, les légumes secs, l'alfa et les minerais. La part de la France dans l'ensemble des importations est de 60,63 %, contre 55,92 % en 1908; quant à l'Algérie, elle figure pour 8,18 % en 1909 contre 13,34% en 1908. '",collège d'Ajaccio,baccalaureat,,0,,0,0,1,3228,124,0.9312
L1912-00699,COMMUNAUX,Etienne-Victor,0,,6 mai 1849,1849,Arnay-le-Duc,Côte-d'Or,"Commissaire-priseur, o, rue u Angleterre, Tunis. Oct. ",engineering_architecture;politics_native_admin;diplomacy,engineering_architecture,,Tunis,1889,1889,1,legion_honneur,1,0,,,,,0,,0,0,1,832,125,0.9016
L1912-00718,COMTE,Louis-IIippolyte,0,,5 juin 1S52,1852,Courcelles,,"off. du NichaniHuaiur. représentant de commerce, ",commerce,commerce,"12, rue Es-Sadikia, Tunis",Tunis,,,1,palmes_academiques,0,0,,,,,0,,0,0,0,482,129,0.9371
L1912-00719,COMTE,Philippe-Charles,0,,"20"" janvier 1869",1869,Sus,B.-Pyr.,"Médecin, 10, imp. El-Assaïbi, Tunis. Séjours fréquents en Tunisie depuis 1895, a demeure depuis 1902.",medicine_health,medicine_health,,Tunis,,,3,palmes_academiques;merite_agricole;nichan_iftikhar,0,1,"collège Sainte-Barbe, lycée Louis-le• Grand, Faculté de médecine de Paris, collège de France. Docteur en médecine, lauréat de l'Académie de médecine. Engagé conditionnel, classe 1887, auxiliaire médical (1894),","collège Sainte-Barbe;lycée Louis-le;Faculté de médecine de Paris, collège de France",doctorat_medecine,"préparateur à l'Ecole Pratique des Hautes Etudes (sections des Sciences naturelles) 1893; préparateur au Collège de France 1S94-1902; Assistant à l'hôpital Sadiki, Tunis, 19021903; chef de laboratoire à l'Institut Pasteur, Tunis, 1904-1910; médecin municipal à Tunis, 1907; chef du Service Antipaludique, 1910; médecin inspecteur près le bureau d'Assistance publique et des Etablissements pénitentiaires de l'Administration générale du Gouvernement Tunisien.",7,"Travaux et publications en collaboration avec les D"" Mary, François Franck, Marage, Hallion, Carriou, Blanchi, Nicolle, Bouquet : «Physiologie du mouvement chez l'homme et les animaux», «Etudes sur la circulation du sang et les vaso-moteurs», «Fermentation du Lait». Levures"", opothérapie, stérilisation. Recherches sur le Kala-Azar, les spirilloses de la volaille et des chauve-souris, «Le Typhus exanthématique», etc. Descend des familles Jean-Baptiste Say, économiste; Charles Comte, publiciste, fondateur en 1814 du «Censeur» el, Phillipe Taylor, créateur des Forges et Chantiers de la Méditerranée. ,",1,0,1,1534,129,0.9307
L1912-00720,COMTE,Victor,0,,16 nov. 1874,1874,Avignon,Vaucluse,"Docteur en médecine, médecin de colonisation à Tabarca. ",medicine_health,medicine_health,,,2 mai 1903,1903,0,,0,0,"collège Pasteur (Arbois), lycée Victor - Hugo Besançon), Facultés de Lyon et de Montpellier. Médecin sanitaire. Ancien médecin de colonisation k Thala.",collège Pasteur;lycée Victor,doctorat_medecine,,0,,0,0,0,278,129,0.8884
L1912-00722,CONSTANT,Charles,0,,,,,,"(Charles),baron de Theis, consul général et chargé d'affaires de France en Tunisie du 22 mars 1849 au 7 avril 1852.",military;diplomacy,military,,,,,0,,0,0,,,,,0,,0,0,0,124,132,0.8675
L1912-00731,CONVERTI,Nicolas,0,,18 mars 185S,1858,Roselo,Calabre,"(Calabre), médecin-chirurgien, rue de Marseille prolongée (maison Ceccalanji, i-u ni s.",medicine_health,medicine_health,,,,,0,,0,0,"Collège Gavopoli, à Covigliano (Calabre); lycée Relesio Cosenza; Institut Galilée à Naples; Institut Marotte, del Veccbio,. Naples; Faculté de médecine et chirurgie de l'Université de Naples. Médecin - chirurgien de l'hôpital italien Garibaldi, dont il est un des fondateurs. Kxnédecin de la Communauté israêlite, du Consulat de Belgique, de la. Compagnie Belge des Tramways; ex-professeur de lolanique el zoologie à l'Institut Marot■a del Veccbio, à Naples; ex-membre de 'Association internationale des Travailleurs, dont il a été secrétaire de la Fédération napolitaine et membre du. Comité central de correspondance; exprésident et directeur sanitaire de la «Croix-Verte»; ex-membre du bureau de la Libre-Pensée à Tunis.",Collège Gavopoli;lycée Relesio;Institut Galilée;Institut Marotte;Faculté de médecine et chirurgie de l'Université de Naples;Institut Marot,,,0,"A rédigé «le Masaniello» el «Il Piccone» à. Naples; la «Silicavo». à Nice; «l'International anarchiste» à. Marseille: a. dirigé «l'Operaio» à Tunis (1887-1889) et la 2° série de «l'Operaio» (1907-1908); a dirigé «La Prolesta Umana», revue de caractère scientifique, â. Tunis; a collaboré dans presque tous les journaux italiens libertaires; correspondant du «Secolo de Milan»; ex-correspondant de «La Gazette, di Napoli»; a publié en Sicile : «I fascidi Sicilia», «Délia proprieta», reproduite dans presque tous les journaux italiens libertaires et socialistes, et «Reppublica et Anarchi», qui a provoqué pendant deux ans une longue polémique avec le républicain Matteucci; a. tenu des conférences Bastia (Corse), à Nice, à Tunis et en Italie presque partout; a publié la brochure : «Cbe cosa ô il socialismo»; a. eu de nombreux procès pour délits politiques, mais a été acquitté. Condamné par les assises de Florence, en 18S5. à vingt-deux mois de prison, 1.400 fr. d'amende et 6.000 fr. des irais du procès; expulsé deux fois de Naples; condamné par voie administrative à la surveillance spéciale de la police (ammocilo) pendant quatre ans; à. lu suite de la coud a mu a lion de Florence, comme il était à pied libre, il a pu s'échapper d'Italie pendant que la cassation attendait de discuter le recours; a ôlé condamné par le Tribunal de Tunis à quarante-deux jours de prison et 500 fr. d'amende en 18S8 pour un manifeste commémora lit des martyrs de Chicago( qui, après, ont élô reconnus innocents), mais il fut amnistié par la loi de 18S9.",1,0,1,2416,134,0.9245
L1912-00736,CORBES,,0,,13 avril 1871,1871,,,"Receveur des Contributions diverses, Sousse. ",administration,administration,,Sousse,5 nov. 1900,1900,2,palmes_academiques;nichan_iftikhar,0,1,"Collège Jules-Simon à Vannes (Morbihan). Bachelier ès-sciences. Sous-lieutenant de réserve au 35' d'artillerie, démissionnaire ' en 1S98; actuellemnl maréchal des logis dans la. territoriale. Entrée dans l'administration métropolitaine en décembre 1895 ; receveur à Alger en décembre 1897; détaché en Tunisie en sept. 1900; délégué de la Commission administrative, ffons de vice-président de la Municipalité de Kairouan du 28 mars 1906 au 22 avril 1908; ancien président du Cercle de la Ligue de l'enseignement de Kairouan; ancien trésorier de la. Société de Bienfaisance et de la Bibliothèque populaire de Kairouan; membre du Comité régional de «l'Avenir du Prolétariat».",Collège Jules-Simon,baccalaureat,,0,,0,0,0,860,135,0.9255
L1912-00737,CORDEIL,Paul-Baptiste,0,,7 oct. 1866,1866,Cnalançon,Drôme,"Professeur au lycée Carnot, Tunis. ",education_science,education_science,,Tunis,15 déc. 1889,1889,2,palmes_academiques;nichan_iftikhar,0,1,"lycée de Marseille et Faculté de droit d'Aix. Licencié en droit; lauréat de la Faculté d'Aix. Lieutenant de réserve au 4' tirailleurs. SUCCESSIVEM' : avocat à Aix, 1S95-97 ; secrétaire de la Conférence des avocats. Aix : se crôlaire en chef du Parquet, de Tunis. .1897; juge de paix suppléant à Souk-elArba, 1899; juge suppléant, au tribunal de Sousse et juge au tribunal mixte, de Tunisie, 1902; juge suppléant chargé de l'instruction, 1906, à 'J'unis; juge à Sousse, .1908. Vice-président de la Fédération des Cercles tunisiens (le la Ligue de l'Enseignement.",lycée de Marseille;Faculté de droit d'Aix;lycée Carnot,licence_droit;brevet_superieur,"instituteur à Châleauneuf de Mazenc, à La Bégude, à Francillon, à. Upie (Drôme), à l'Ecole normale de Tunis et au lycée. GORDIER (Marcel), 18 janv. 1874, Nîmes (Gard), off. d'Académie, off. du Nichan-lftikhar. .lucre au tribunal civil. Sousse. Oct. 1897.",7,,0,0,0,1002,136,0.9072
L1912-00739,CORRAS,Etienne,0,,oct. 1S76,1876,Lyon,,"et Ecole professionnelle de Grenoble. Ouvrier serrurier, mécanicienélectricien jusqu'en .1898. Professeur chef d'atelier à. l'Ecole professionnelle de Tunis jusqu'en 1893; constructeur-mécanicien depuis lors. Assesseurs pendant 3 ans el secrétaire de la Sociélé les «Travaifeurs français» (démissionn",education_science;industry_crafts,education_science,"3, rue Es-Sadikia",Tunis,1885,1885,2,nichan_iftikhar;ouissam_alaouite,0,1,,Collège Alaoui,,,0,serrurerie artistique dans plusieurs bâlnuenls. Ponls sur route à grande portée. Ponts pour chemins de fer. Médaille d'argent nu Concours régional de Tunis.,1,0,1,850,136,0.9209
L1912-00740,COSSANGE,,0,,1862,1862,Firminy,Loire,"connu, du Nichan-lftikhar, Ingénieur des mines, Paris. ",engineering_architecture;mining,engineering_architecture,,,1907,1907,3,palmes_academiques;nichan_iftikhar;osmanie,0,1,"Ecole Nationale des Mines de Saint-Etienne; Faculté des sciences de Lille. SUCCESS 1 : ingénieur des mines de différentes Sociélé industrielles dans la. Loire et le Pas-de-Calais. Professeur d'exploitation des mines et de zoologie à l'Ecole des Mineurs d'Alais; ingénieur conseil de la Société d'explosifs et produits chimiques, 19, rue Louis-le-Grand, à Paris, de la Compagnie minière Franco-Tunisienne, 18, rue Vivienne, etc. Adminis- ' Ira leur de la Société des-Mines d'or de Kalchkar; membre honoraire de la Sociélé des anciens Elèves de l'Ecole d'Alais, membre de la Société de l'Industrie minérale et de différentes Sociélés scientifiques.",Faculté des sciences de Lille;Ecole des Mineurs,,,0,"Missions d'études scientifiques ou industrielles en France, Espagne, Algérie, Tunisie, Russie, Caucase, Bulgarie. Roumanie, etc., etc.",1,0,0,938,136,0.9485
L1912-00741,COSSON,Ernest,0,,22 juillet 1891,1891,Paris,,"des Sciences). Ancien chef de la mission de l'exploration scientifique de la Tunisie de 1883 k 1889, décédé à Paris, le 31 déc. 1889. M. Joseph Bertrand, secret. perpétuel de l'Académie des Sciences, a. lu dans la séance du 29 décembre ""J.H'.Ju, une nonce sur la vie (rhrncsl, l.osson, dont nous extr",medicine_health;education_science;engineering_architecture;industry_crafts;mining,medicine_health,"17, Avenue de France -TUNIS lement la Tunisie, sont dans l'ordre chron",Tunis,,,2,palmes_academiques;nichan_iftikhar,0,1,collège Saint - Charles à Tunis.,collège Saint,,"industriel; directeur du «Libre Journal» en 1896 et de la « Tunisie Libéral » en 1908. Inventeur de plusieurs gisements miniers tunisiens et notamment de l'important gisement de fer de l'Oued-Zerga, auquel il est d'ailleurs intéressé. GOSTE (Jean-Eugône-Evariste). 26 oct. 1858. Beaulieu (Corrèze), off. d'Académie, comm. du Nichan-lftikhar. Négociant. 39, rue de Metz. Tunis. Oct. 1883. Officier d'administration du service de l'intendance (réserve). employé de commerce; fournisseur militaire; directeur du Service des Pompes Funèbres; industrie des pêches maritimes; président du Conseil d'Administration du syndicat international d'études au Maroc; administrateur des Magasins Généraux; ancien trésorier et vice-président de la Chambre de Commerce de Tunis; ancien président de la Chambre de Commerce de Bizerte; ancien membre de la Conférence Consultative; membre du Conseil supérieur de l'Assistance Publique, viceprésident des congrès coloniaux; membre de la Chambre de Commerce de Bizerte. Exploration du Maroc, une partie avec la mission Du Gast; Le Riff, avec Delbrel. Conseiller du Commerce extérieur de la France. Médaille d'or Exposition universelle 1900 (industrie des Pêches Maritimes). Décédé a. Vichy 1908.",26,,0,1,2,8087,136,0.9339
L1912-00743,COUDERG,Fernand,0,,19 mai 1887,1887,Philippeville,Algérie,"Dessinateur humoristique, ",,,"7, av. de Cartha- "" ge, Tunis",Tunis,1892,1892,0,,0,0,"lycée Carnot; bachelier es lettres, philosophie. Sous-lieutenant de réserve d'artillerie; membre actif de 1' «Essor»; membre honoraire de l'Association des Etudiants; dessinateur et chroniqueur théâtral au «Scorpion». OEuvre : «L'émancipation de la femme arabe» (Panneau décoratif).",lycée Carnot,baccalaureat,,0,,0,0,0,431,138,0.9167
L1912-00744,COUDERC,Pierre,0,,"1"" juin 1S56",1856,Cajarc,Lot,"Négociant, ",commerce,commerce,"7, av. de Cartbge",Tunis,16 juillet 1892,1892,1,nichan_iftikhar,0,1,"Collège de Philipeville. Médailles d'or, d'argent et de bronze à diverses expositions pour ses liqueurs.",Collège de Philipeville,,,0,,0,0,0,238,138,0.8922
L1912-00745,COULON,Louis,0,,1865,1865,Aix-en-Provence,,"Avocat, ancien bâtonnier, s u ppléant du Juge de Paix du canton Sud. Rue Es-Sadikia, Tunis. Octobre 18 8 7.",justice_law,justice_law,,Tunis,,,2,palmes_academiques;nichan_iftikhar,0,1,"lycée d'Aix. Licencié en droit; lauréat de la Faculté de droit d'Aix; président du groupe B de l'Assistance Mutuelle Tunisienne: avocatconseil de la Mutuelle el du Syndicat des Entrepreneurs français en! Tunisie. TnÀvAux : «Le Jury à travers les âges», 18S6; «Note sur la jurisprudence en matière de propriété immobilière », 1896; cou «De la. compétence des tribunaux français de Tunisie en matières d'avaries de transport sur mer», 1897; «Commentaire du décret beylical du 1"" août 189S sur la saisie-arrêt des salaires et petits traitements»; «Le décret du 19 août 1900 sur le crédit agricole», 1900; «La Chasse en Tunisie»; commentaire du décret du 8 août 1900», 1901; «La Naturalisation en Tunisie, commentaires du décret du 28 février 1899», 1901; «De l'exécution des jugements rendus par les tribunaux français de la Régence contre des sujets tunisiens», 1902; «De l'infraction de chasse sur la propriété immatriculée d'autrui», 1903; «Du rachat des rentes perpétuelles en Tunisie», 1906.",lycée d'Aix;Faculté de droit d'Aix,licence_droit,,0,,0,0,1,1212,138,0.9203
L1912-00747,COURT,Calixte,0,,sept. 1853,1853,Aubenas,,"comm. du Nichanlftikhar. Juge au Tribunal civil de Tunis. SUCCESS 1 : avocat a Privas (1880), juge suppl. Fort-National (1880), juge de paix k Djelfa, Tiaret, El-Arrouch, Jemmapes, Constantine, juge à Guelma (1885),- a Constantine (1888) juge d'instruct. (1SSS), v.-prés. 1898), juge à Alger (1900).",justice_law,justice_law,,Tunis,,,1,palmes_academiques,0,0,,,,,0,,0,0,0,358,139,0.8726
L1912-00748,COURT,Gustave,0,,20 août 1883,1883,Corps,Isère,Directeur de l'école laïque de garçons de Djerissa. Tunis. ,,,,Tunis,6 oct. 1907,1907,3,nichan_iftikhar;saint_sauveur_grece;medaille_coloniale,0,1,"Ecole normale d'instituteur (Gap). Brevet supérieur; diplôme de maître de gymnastique; certificat d'aptitude pédagogique. SUCCESS 1 : berger, aide-opérateur dans la voirie, instituteur. Ex-secrétaire général de l'Amicale primaire des Hautes Alpes; secrétaire général de la Société des Hauts Alpins en Tunisie. GOUITEAS (Basilio), 1860, Sparte (Grèce); comm. du Nichan-lftikhar, décoré de la Croix de Grèce. Négociant-propriétaire, rue de Russie, 14. Tunis. 1879. Lycée de Sparte, bachelier es lettres. Ancien directeur général des monopoles des tabacs, sel, etc. Propriétaire de divers domaines agricoles en exploitation; concessionnaire de gisements miniers. Ancien vice-président de la Société .de Géographie Commerciale de Paris, ancien vice-consul de Grèce. Auteur de «La Grèce après la faillite.» el de diverses. brochures. Récompenses diverses dans les Concours agricoles. « Courrier de Tunisie et de l'Afrique du Nord (Le) ». Journal quotidien du soir. 26 février 1905. 3, avenue de France. Organe républicain-socialiste de défense des libertés françaises en Tunisie. Diplôme d'honneur de' l'Assistance Mutuelle Tunisienne. Médaille d'or de l'exposition coloniale de Marseille de 1906. Directeur politique : Auguste Destrées, avocat au barreau d.e Tunis. Le n"" 5 cent. Abonn 1: 20 fr. par an. Cours d'eau. Le système hydrographique de la Tunisie comprend trois bassins principaux : 1° Le bassin de la Medjerda qui, avec son affluent principal, l'oued Melleg, sont les deux principaux cours d'eau de la Tunisie. La Medjerdah vient d'Algérie, des environs de Souk-Ahras, elle parcourt 365 kilomètres, dont 265 en Tunisie, où elle pénètre à Ghardimaou, el elle se jette cians la. Méditerranée au nord dé Tunis, entre Bou-Chateur et Porto-Farina, après avoir reçu les oueds Melleg, Tessa,Siliana et El-I-Iamar ses affluents de droite et Bou-Hartma, affluent de gauche; 2° Le bassin des oueds Fekka-Zeroud qui comprend tout le territoire dont les eaux viennent converger vers la grande sebkha Kelbia : oueds Fekka, Menasse!', Djilma, Zeroud, Merguellil, Bagla et Nebane; 3° Le bassin des cholts, situé dans l'Extême-Sud tunisien,est constitué par de grandes surfaces sur lesquelles les eaux de pluies de l'hiver viennent s'accumuler. Ces chotls sont au nombre de trois : El-Fedjedj, El-Djerid, El-Rharsa,",Ecole normale;Lycée de Sparte,baccalaureat;brevet_superieur;diplome_superieur;certificat,,0,,0,0,0,2442,139,0.9447
L1912-00749,COUVE,Edmond,0,,19 mars 1865,1865,Marseille,,"Substitut à Pondichéry, 25 oct. ",justice_law,justice_law,,Sousse,1892,1892,0,,0,0,,,,,0,,0,0,0,423,139,0.8384
L1912-00750,CRANCIER,Hubert,0,,1867,1867,Melisey,H.-Saône,"Sous-directeur des Finances; sous-inspecteur de l'administration française de l'Enregistrement, des Domaines el du Timbre, Tunis. ",administration,administration,,Tunis,19 nov. 1893,1893,3,palmes_academiques;merite_agricole;nichan_iftikhar,0,1,"collège de Pontarlier, lycées de Saint-Etienne et de Laval, Faculté de droit d'Aix. Licencié en droit. Brevet d'arabe régulier.",collège de Pontarlier;Faculté de droit d'Aix,licence_droit,"Receveur de .l'Enregistrement à Margueritles (Gard) et- à. Vence (Alpes-Maritimes); rédacteur, sous-chef, chef de bureau, chef de division à la Direction générale des Finances à Tunis.",4,,0,0,0,609,139,0.9682
L1912-00752,CRETE,Maurice,0,,oct. 1S55,1855,Zaulzy,Oise,"agricole, gr. off. du Nichanlftikhar. Directeur, co-associé du domaine de Crétéville. ",,,,,1882,1882,5,legion_honneur;medaille_coloniale;palmes_academiques;merite_agricole;saint_stanislas,1,0,"collège Stanislas et Ecole militaire de SaintCyr (1875-1877). Ancien officier de cavalerie ; chef d'escadrons de cava1 e r i e (territoriale). Administrateur délégué des domaines de Protville, 225 stagiaires agricoles ont séjourné à Crétéville, dont plus de la moitié s'est fixée en Tunisie ou en Algérie. Compagnes du Sud-Oranais el de Tunisie. A créé les domaines de Aïnbou-Guirah, Crétéville, Sidi-Saad, S'- Auguslin, Protville el Bclli.' Usine à plâtre; usine pour retirer des marcs de raisin les tartres et alcools. Ancien membre de la Conférence Consultative. Membre du Jurj' à l'exposition Universelle de 1900. Grand prix à. l'Exposition universelle de Liège. 120 médailles : or, argent, bronze aux Expositions diverses.",collège Stanislas,,,0,,0,0,0,968,140,0.9367
L1912-00755,CRISTOFARI,Etienne,0,,26 déc. 1863,1863,Rospigliani,Corse,Médaille coloniale el chev. du NichanIflikliar. Collecteur des Contributions diverses à Grombalio. ,military,military,,,5 juillet 1882,1882,2,medaille_militaire;medaille_coloniale,0,0,,,,,0,,0,0,0,351,140,0.8731
L1912-00758,CROS,François,0,,27 nov. 1876,1876,Béziers,,Tunis. Déc. ,military;engineering_architecture,military,,Tunis,1906,1906,0,,0,0,,,,,0,,0,0,0,477,141,0.8912
L1912-00759,CRUZET,Victor,0,,1876,1876,,,"Agréé interprète judiciaire; diplômé de langue arabe; interprète-traducteur principal k la Direction générale des Travaux publics. Chef adjoint du bureau de la Législation, du Contentieux et des acquisitions de terrains. Entré dans l'administration des Travaux publics le 1"" mai 1906.",military;administration,military,,,,,1,nichan_iftikhar,0,1,,,diplome_superieur,,0,,0,0,0,332,141,0.9404
L1912-00760,CUBISOL,Charles,0,,25 juillet 1865,1865,La Goulette,,- Receveur des Douanes à Mahdia.,administration,administration,,La Goulette,,,1,nichan_iftikhar,0,1,,,,"commis, vérificateur et receveur des Douanes. Conseiller municipal de Mahdia.",2,,0,0,0,201,141,0.9262
L1912-00761,CUBISOL,Joseph,0,,1830,1830,,,"d'honneur, ancien contrôleur civil, vice-consul de France, décédé à Tunis le 14 mars 1909. Nous extrayons d'un discours prononcé sur sa tombe les lignes suivantes : « L'homme de coeur qui disparaît fut Ï42 un charitable et un patriote. Né à La Goulette, en 1S30, alors que le canon tonnait devant Alg",administration;diplomacy,administration,,La Goulette,,,1,legion_honneur,1,0,,,,,0,,0,1,0,1999,141,0.9506
L1912-00762,CUÉNOD,Auguste,0,,15 juin 1S68,1868,SaintLégier-sur-Vevey,Suisse,"asricole. off. du Nichanlftikhar, docteur en médecine, médecin oculiste, ",medicine_health,medicine_health,"1, rue Zarkoun,Tunis",Tunis,,,2,palmes_academiques;merite_agricole,0,0,"collège et Faculté de méuecme ue Lausanne puisse;, racune ue médecine de Paris (1889-1895). Docteur en médecine de la Faculté de Paris; médaille d'argent de cette Faculté; prix Meynot de,l'Académie de Médecine, i895; médecin aide-major de 1"" classe de réserve; Président de la Société des Sciencss médicales (1906-1907); président de la Section tunisienne de la Ligue nationale contre l'Alcoolisme.",collège et,doctorat_medecine,,0,"consultations gratuites pour les maladies des yeux k l'ancien hôpital Saint-Louis, puis a la «Clinique Ophtalmique» de la rue Zarkoun; publications diverses dans les journaux médicaux, etc. Rédigea, de 1901 à 1904, le «Bulletin de la Société des Sciences médicales de Tunis». Publia : «Bulletin de la Section tunisienne de la Ligue Antialcoolique». Dirige des excursions botaniques.",1,0,1,1135,142,0.9038
L1912-00765,CURTELIN,Jean-Baptiste,0,,1850,1850,Chambéry,Savoie,"- Iftikhar. Négociant, rue du Maroc, 19, Tunis. Juin 1881. Viceprésident délégué du Conseil municipal de Tunis. Consul des PaysBas. Ane. prés, de la Société française de Bienfaisance, v.-prés. de la Société de secours mutuels des sapeurs-pompiers, prés. bon. du Saint-lluberl-Club, anc. lires, de la ",diplomacy;commerce,diplomacy,,Tunis,,,3,legion_honneur;palmes_academiques;nichan_iftikhar,1,1,,,,,0,,0,0,1,1116,143,0.948
L1912-00766,CYPRIEN,Saint,0,,,,,,"(Saint), évoque el martyr, un des plus illustres Pères de l'Eglises latine. Né probablement a Cartilage au commencement du 111"" siècle et mort en 258. Se convertit au christianisme à 35 ans, fut baptisé en 246, se livra à, l'élude de l'Ecriture el des écrivains ecclésiastiques el devint évoque de Ca",press_letters_arts,press_letters_arts,,,,,0,,0,0,,,,,0,,0,0,0,754,144,0.9239
L1912-00767,DABRIGEON,Louis-Guslave-Léon-Casimir,0,,17 janv. 1869,1869,Mayres,Ardèche,"Pharmacien de 1"" classe, 8 bout, de la Marine, Gabès. ±"" oct. ",medicine_health,medicine_health,,Gabès,1902,1902,3,palmes_academiques;nichan_iftikhar;medaille_coloniale,0,1,"Etablissement d'enseignement secondaire des écoles chrétiennes, au Puy, 187818S2; Faculté de médecine et de pharmacie de Lyon, 1891-1S94. Ex-pharmacien adjoint des hôpitaux de Lyon.","Faculté de médecine et de pharmacie de Lyon, 1891-1S94",,"pharmacien à Lyon, 1894-96; à Bône (Algérie), 1S96-1902, et.à Gabès depuis 1902. Prés, du Cercle Français, prés, de l'Union Commerciale et Agricole de Gabès, v.-prés. et 1res, actuel de la Ligue de l'Enseignement, fondât, et très, du «Livre de la Semaine», fondât, et très, du Comité de surveillance et de patronage de la Bibliothèque populaire de Gabès, membres du Comité d'hygiène militaire.",5,"Fondation de l'Union commerciale et agricole pour la défense des intérêts de Gabès; fondation du «Réveil de Gabès», direction et rédaction; rédacteur à la «Dépêche Sfaxienne»; correspondant de l'Agence Havas et de la «Dépêche Tunisienne»; cours d'arabe (adultes) organisé en 1907, professé par M. Ladjemmi, sous les auspices des Associations polytechniques de Paris el de la Ligue de l'Enseignement de Gabès; «Rapport sur l'hygiène el la salubrité du domaine d'Oued-Melah», Gabès, 1906. En préparation : «Préciosités», «la Voix du Sud»», poésie. Memb. de l'Assoc. synd. des pharmaciens diplômés tunisiens. Membre de la Chambre Mixte du Sud (2 février 1908). Médaille de bronze à. l'Exposition Coloniale de Marseille. Délégué en Tunisie des Associât, polytechniques de Paris. Auteur de chansons gabésiennes d'actualité. Agent général régional de l'Abeille (accidents), du Royal (incendie), de l'Idéal (machines à écrire).",1,0,0,1709,145,0.9417
L1912-00768,DALIOT,Léonce-Albert,0,,17 juillet 1880,1880,Alger,,"Rédacteur à. la Direction générale des Finance (Société de Prêv.) av. de Paris, Tunis. ",military,military,,Tunis,15 avril. 1904,1904,1,nichan_iftikhar,0,1,"lycée et Ecole de droit d'Alger; licencié en droit. Soua-ôfficier d'artillerie de réserve, à. pied; ancien président de l'Association générale des Etudiants de Tunis.",lycée et;Ecole de droit,licence_droit,,0,,0,0,0,351,145,0.9351
L1912-00770,DALLARD,Louis-Paul,0,,3 oct. 1875,1875,Aiguilhe,,"près Le Puy (H.-Loire), commer- . çant, Aïn-Draham. Avril 1884. Membre de la Commission de voirie d'Aïn-Draham. D ALLEMAGNE (Henri), 31 mars 1853, Paris; che. de la Légion d'honneur, etc. Ancien Délégué à. la Résidence Générale.",military,military,,,,,1,legion_honneur,1,0,"institution SainteMarie, collège S'""-Barbe-Rollin, lycée Saint - Louis a Paris. Bachelier es lettres et licencié en droit. Débuta en 1886 au Ministère des Affaires étrangères; chef du Secrétariat de M. René Goblet, 1888-1889; Consul de France en Belgiaue: k Bosna-Seraï, chargé du service de la presse et des rapporte avec le Parlement au cabinet du Ministre de l'Intérieur, 1892-93; chargé d'une mission en Albanie, 1895; chef-adjoint du Protocole, 1896; consul général de France à la Nouvelle-Orléans, 1900; à San-Francisco et au Canada, 1906; k Tunis, 1908.' Décédé en 1909, à Smyrne.",collège S';lycée Saint,licence_droit;baccalaureat,,0,,0,0,0,870,145,0.8856
L1912-00771,DALLOZ,Léonce-Albert,0,,30 juillet 1879,1879,Saint-Claude,Jura,"(Jura), off. du Nichanlftikhar. Juge-suppléant au tribunal civil de Tunis. Janv. ",justice_law,justice_law,,Tunis,1904,1904,0,,0,0,"lycée de Lons-le-Saulnier et Faculté de droit de Paris; bachelier es lettres-philosophie, et licencié en droit.",lycée de Lons-le-Saulnier;Faculté de droit de Paris,licence_droit;baccalaureat,"secrétaire du général Florentin, ancien gouverneur militaire de Paris; secrétaire de M. Victor Poupin, ancien député du Jura; bibliothécaire-adjoint à la bibliothèque française de Tunis; avocat, attaché au Parquet de Tunis; juge de paix suppléant à Souk-el-Arba et à Tunis, i Fut l'un des fondateurs, à Champagnole (Jura), de la Section de la Ligue française pour la défense des droits de l'Homme et du Citoyen.",6,,0,0,1,684,145,0.9399
L1912-00773,DANDINE,Pierre-Paul-Gaston,0,,5 août 1879,1879,Paris,,Secrétaire de la Municipalité de Soukel-Arba. ,,,,,30 nov. 1901,1901,1,nichan_iftikhar,0,1,"Ecole municipale supérieure Turgot,à Paris. Lieutenant de réserve au 4"" spahis (Sfax). SUCCESS 1 : Secrétaire k la Direction de la Sûreté publique (1903); secrétaire de la Municipalité de La Goulette, 1904. Membre et ancien secrétaire, trésorier adjoint de la Société des Officiers résidant en Tunisie, 1903. Membre du Conseil d'administralon du Club Gymnastique Français de Tunis, 1903.",,,,0,,0,0,0,531,146,0.9096
L1912-00774,DANGELZER,Charles,0,,27 février 1856,1856,Andlau,Bas-Rhin,"- Iftikhar. Lieutenant - colonel d'artillerie hors cadres, chef de la Mission militaire de Tunisie ; directeur de l'Administration centrale de l'Armée tunisienne Tunis. Septembre 1881 à mai 1883 et juin 1902.",military,military,,Tunis,,,5,legion_honneur;medaille_coloniale;palmes_academiques;merite_agricole;nichan_iftikhar,1,1,,,,,0,,0,0,0,383,146,0.9126
L1912-00775,DANGUIN,J.-M.,0,,26 juin 1876,1876,Lyon,Rhône,"(Rhône), libraire-papetier, ",commerce,commerce,"10, avenue de France et 3, rue Hannon, Tunis",Tunis,1891,1891,0,,0,0,"Ecole primaire supérieure de Lyon. Lieutenant de réserve au 4"" zouaves. Consul esperantiste. Ouvrages édités : «La Tunisie, histoire,géographie, moeurs, coutumes, commerce, industrie, agriculture, etc.», prix broché : 1 fr. 50; cartonné, 2 fr. Du D' Saint-Paul : «Souvenirs de Tunisie et d'Algérie», 2"" édition, 3 fr. 50.",,,,0,,0,0,0,451,146,0.8679
L1912-00776,DANINOS,Léon,0,,19 mars 1863,1863,Bône,Algérie,"off. du Nichanlftikhar. Directeur général de la Ban-- que Franco-tunisienne de Prêts mobiliers et Monts-de-Piété de Tunisie, ",military;administration,military,"15, rue d'Alger, Tunis, 1879",Tunis,,,1,palmes_academiques,0,0,collège de Bône; bachelier es sciences.,collège de Bône,baccalaureat,"interprète de feu le prince Taïeb, bey du camp; agent de la Compagnie Générale Transatlantique et de la Banque de Tunisie, à Gabès.",2,,0,0,0,408,146,0.9356
L1912-00777,DANOS,Joseph,0,,17 avril 1877,1877,Auterive,I-I.-Garonne,"Chef du service du remplacement administratif à. l'Administration centrale de l'Armée tunisienne, ",,,"46, av. BabDjedid, Tunis",Tunis,3 juin 1901,1901,1,nichan_iftikhar,0,1,collège de Saint-Gaudens (H.-Garronne). Lieutenant de réserve au 6* d'artill. (groupe de Tunisie). Ancien v.-prés. de l'Association amicale des Fonctionnaires de l'Administration centrale de l'Armée tunisienne.,collège de Saint-Gaudens,,,0,,0,0,1,437,146,0.9361
L1912-00778,DANTON,Edmond,0,,20 sept. 1874,1874,Sézanne,Marne,"Rédacteur à l'Administration centrale de l'Armée tunisienne, 19 déc. ",,,,,1896,1896,1,nichan_iftikhar,0,1,"collège de Sézanne. Lieutenant de réserve au 4' zouaves. Président, de l'Association amicale des fonctionnaires de l'Administration centrale de l'Armée tunisienne. Dar signifie maison d'habitation, lieu habile, demeure. Le mot «douar», groupe de tentes, esl un pluriel de dar. Dar esl également employé dans les pays d'Orient avec le sens d'Administration, palais, hôtel. Dar-el-Bey : palais du bey, du souverain, bâtiment où sont aménagés les bureaux du Secrétariat général el des Services judiciaires, ù Tunis.",collège de Sézanne,,,0,,0,0,0,670,146,0.9598
L1912-00785,DARGHOUT,Chadli,0,,1S67,1867,Tunis,,"Agriculteur et négociant en céréales, ",commerce;agriculture,commerce,"24, rue Essaida-Adjoula",Tunis,,,0,,0,0,"Grande-Mosquée.Assesseur au Tribunal civil, membre de la Khaldounia. el membre fondateur du journal « Le Tunisien ». Ecrivain et publicisle. Auteur de plusieurs articles concernant l'évolution des musulmans el des Tunisiens en particulier. A exploité dans la région de Djedeïda un vaste domaine, Dans ces articles s'est efforcé de convaincre ses coreligionnaires des meilleurs moyens d'exploiter le'sol et d'en tirer profil. Descendant de l'illustre Dragul (Darghoul-Pa.clia) qui a chassé les Espagnols de la Tunisie.",Khaldounia,,,0,,0,0,0,628,147,0.9341
L1912-00786,DARMON,,0,,10 juillet 1885,1885,La Goulelte,Tunisie,Avocat au barreau de Tunis. ,justice_law,justice_law,"5, rue Saint-Charles, Tunis",Tunis,,,1,nichan_iftikhar,0,1,"Lycée Carnot de Tunis, école des hautes études sociales de Paris, faculté de droit de Paris (1903-1908). Certificat d'arabe parlé (1900), baccalauréat de l'enseignement secondaire classique (mention bien), licencié en droit (Paris), doctoral en droit es sciences juridiques (Paris), diplôme, de science pénale (Paris 1908), diplôme dé l'école des hautes éludes sociales (Paris 1906). Avocat ax barreau de Tunis, secrétaire de la con férence du stage des avocats pour l'an '\il née judiciaire 1908-1909, secrétaire de M"" A. Guejrdan, avocat conseil du Gouvernement tunisien. Membre de la «Société générale des prisons de France», de «l'Union des Sociétés de Patronage des libérés et des enfants traduits en justice de France», de la «Société de palro^ nage de l'enfance et de l'adolescence en danger moral» (Paris), de la «Société contre la licence des rues», de «l'Institut de Cartilage», de «l'Union internationale de Droit pénal» (groupe français). OUVRACIES PUBLIÉS : «Le réalisme dans la musique» (1906); «Des conflits de lois en matière d'avaries et d'assurances maritimes» (1906); «Etude critique de la. théorie des délits contraventionnels» (1908); «Le code civil et criminel du royaume de Tunis de .1862» (1909). Collaboration au « Courrier musical», au «Journal des Parquets», à. la «Revue pénitentiaire et de droit pénal», à. la. «Revue critique de législation el de patronage», à la. «Revue de droit international, privé el de droit pénal international», à. la «Revue algérienne et tunisienne de législation et de jurisprudence». Délégué par le Gouvernement tunisien au III* Congrès national de droit pénal el au VIII' Congrès de patronage des libérés à. Rennes (15-23 mai . 1910).",Lycée Carnot;école des hautes;faculté de droit de Paris (1903-1908);Institut de,licence_droit;baccalaureat;diplome_superieur;certificat,,0,,0,0,0,1854,147,0.9172
L1912-00787,DARMONY,V.,0,,4 mai 1875,1875,Tunis,,"Représenta ni de fabriques, rue Es-Sadikia, 15, Tunis.",,,,Tunis,,,1,ouissam_alaouite,0,0,"Coll. Alaoui. Brev. élém. Spécialité de bois d'ébônislerie, verrerie, glaces, matériaux cie constructions, literie et ameublements.",,,,0,,0,0,0,228,147,0.8895
L1912-00788,DASCONAGUERRE,Ferdinand,0,,4 août 1851,1851,,,com. mandeur du Nichan - Iîtikhar. Avocat au barreau de Tunis. ,justice_law,justice_law,,Tunis,21 mai 1883,1883,3,palmes_academiques;isabelle_catholique;nichan_iftikhar,0,1,"P e t i t séminaire de la Chapelle SaintMesnieux à Orléans et Faculté de droit de Bordeaux. Bachelier es-lettres, licenp.îé pn droit. .Tnge suppléant, de la Justice de Paix de Tunis, ancien bâtonnier de l'Ordre des avocats de Tunis.",Faculté de droit de Bordeaux,baccalaureat,,0,,0,0,0,456,147,0.8433
L1912-00790,DAVER,François-Joseph-Paul,0,,26 novembre 1861,1861,Toulon-sur-Mer,Var,"Chp.valipT rlA la l.ptfinrt fl'1-tnrmoi-iv r>l-t«_ valier du Mér.ite agricole, Les dattes susceptibles d'être expédiées valent suivant la qualité el l'abondance de la récolte, de 45 à 75 fr. les 100 kilogr., prises sur place. La datte dite «deglaat-en-nour» (dalle de la lumière), l'espèce la plus re",military;administration,military,"15, rue Sidi-ben-Naïm",Tunis,,,2,francois_joseph;nichan_iftikhar,0,1,,,,,0,,0,0,1,1031,148,0.9163
L1912-00791,DAVID,Paul,0,,,,,,"Ingénieur civil, château du Jonqnier, par Bagnolssnr-Côze (Gard). ",engineering_architecture,engineering_architecture,,,1901,1901,1,nichan_iftikhar,0,1,Ecole centrale de Paris.,Ecole centrale,,"attaché à. Eugène Flachat, ingénieur en chef des Chemins de fer de l'ouest; ingénieur directeur des mines du Val-d'Àran; directeur de l'exploitation du chemin de fer du Panama et des études de ses prolongements; ingénieur des mines de Jérès; directeur des usines de la Société des Cuivres de France; administrateur des mines de Balan-Banya (Hongrie), de Bor (Serbie), d'Oum-Theboul (Tunisie), etc.; administrateur-directeur des mines de cuivre de Cbouishia (Tunisie). Dans l'Extrême-Sud la récoille des dattes a atteint en- 1910-19:11 286.000 quintaux contre 200.0000 en 1909. DAUL (Raoul). 14 mai 1875, Marseille. Off. du Nichan-lftikhar. Commis-rédacteur à la Direction générale des Finances, 12, rue du Maroc, Tunis. Octobre 1895. Ancien agent auxiliaire à la Direction des Travaux Publics. Membre fondateur et ancien secrétaire du Cercle civil français de Gabès. Membre fondateur de la Mutuelle Tunisienne et secrétaire du groupe A. Membre fondateur et ancien secrétaire général de l'Union des Employés des Services financiers. Mention honorable de la Mutualité. Dauphinoise (La). 1S94, Tunis. Société régionale.",24,,0,0,0,1556,148,0.9421
L1912-00792,DAVOUX,Augusle-Honoré,0,,16 mai 1870,1870,Louvigné-du-Désert,Ille-et-Vilaine,(Ille-et-Vilaine). ' Directeur de l'école laïque de Medjez-elBab. Octobre 1902. Ancien élève-maître de l'Ecole Normale de Laval (Mayenne); brevet supérieur et certificat d'aptitudes pédagogiques; sous-officier de l'armée territoriale.,military,military,,,,,0,,0,0,,Ecole Normale,brevet_superieur;certificat,"instituteur la Lignières-Pré-eni-Pa.il, Villaines-laJuhel (Mayenne), Tunis, Bizerte, Le Goub'ellat, Bir-Hamila. Secrétaire de la commission municipale de Medjez-elBab. Dauphinoise du Sahel (La). 1910 pousse. Bureau : Prés, d'honneur : MM. Dumas,, contrôleur civil et Randet, viceprésident du Tribunal civil de Tunis; MM. Taillard, interprète judiciaire, président; Vidal, directeur d'école, v.-prôsident; Fauché, professeur, secrétaire; Soullier, employé de commerce, secrétaire-adjoint; Vivier, chef de brigade des Monopoles, trésorier.",13,,0,0,0,846,148,0.9333
L1912-00795,DEBON,Séraphin-Victorin,0,,"1"" juin 1864",1864,,,Interprèle judiciaire et juge de paix suppléant à Ta!a. Fév. ,justice_law,justice_law,,,1887,1887,3,palmes_academiques;nichan_iftikhar;ouissam_alaouite,0,1,,,brevet_superieur;diplome_superieur,"instituteur à Molhe-d'Aveillans, h Sa.inl-René-de-Chandieu (Isère), à. l'Ecole Normale de Tunis; directeur d'école a.u Kef, à Nabeul; professeur à El-Asfouria ou Collège Alaoui; ancien professeur de huitième au Lycée Carnot.",7,,0,0,0,428,149,0.9012
L1912-00801,DECKER-DAVID,Paul-Henry,0,,27 sept. 1865,1865,,,"Officier d'Isabelle d'Espagne el comm. de l'Ordre du Cambodge, ingénieur-agronome, directeur de l'enseignement et de la vulgarisation agricole, à la Direction de l'Agriculture, du Commerce, et de la Colonisation. Propriétaire, rue des Juges, à Tunis. Avril 1911.",engineering_architecture,engineering_architecture,,Tunis,,,3,merite_agricole;nichan_iftikhar;nichan_el_abed,0,1,"Collège Rollin, Institut agronomique de Paris, Ecole nationale des Haras. Diplôme de l'enseignement de l'agriculture. Brevet d'-ingénieur-agronome. Lieutenant de réserve. Député du Gers de 1893 à 191.0: Prés, de la Caisse régionale agricole du Gers; Prés, de la Société d'encouragement à l'agriculture • du Gers; v.-prés. du Syndicat des propriétaires de chevaux de pur sang anglais. Publiciste agricole. Ancien maire d'Auch; ancien conseiller général du Gers; ancien prés, de la Commission d'Agriculture et du Groupe agricole de la Chambre des Doutés. ' Décorations tunisiennes. Les ordres conférés par S. A. le Bey sont le Nichan-lftikhar, le Nichan-el-Ahed (ou insigne du Pacte), et aux princes de la famille beylicale : l'ordre du Sang (v. ce nom). Il existe également des médailles commémoralives tunisiennes de la. campagne de Crimée.",Collège Rollin;Institut agronomique,diplome_superieur,,0,,0,0,0,1235,149,0.9419
L1912-00804,DEFRANCHI,Joseph,0,,7 déc. 1S55,1855,Soccia,Corse,"Directeur d'école et receveur des Postes et Télégraphes, Krain. ",education_science;administration,education_science,,,13 nov. 1886,1886,1,nichan_iftikhar,0,1,,collège de Tarascon,,"directeur d'école à Enfidaville, 1886-1893, et receveur des Postes el Télégraphes 188S-1893. Instituteur-receveur à Rades 1893-1896; instituteur-receveur à. Chuigguî, 1896-1899; instituteur-receveur à. Sôuk-el-Khemis, ""1899-1.902; instituteur-receveur aux Nassen; directeur d'école et receveur des Postes et Télégraphes au Kram depuis le 8 octobre 1902. Mention honorable à l'Exposition scolaire de Tunis, 1888: médaille de bronze à l'Exposition de Paris, 1890; mention honorable à l'Exposition colon, nationale de Marseille 1.906.",10,,0,0,0,783,150,0.87
L1912-00807,DEGOMMIER,Albert,0,,2 juillet 1870,1870,Lardy,S.-el-Oise,"- Avocat au Barreau de Tunis, ",justice_law,justice_law,"10, rue Léon-Roches, Tunis",Tunis,,,1,nichan_iftikhar,0,1,lycée Janson de Sailly el Faculté de Droit de Paris. Licencié en droit.,lycée Janson;Faculté de Droit de Paris,licence_droit,,0,,0,0,1,230,150,0.9166
L1912-00808,DËGRËAUX,Charles-Honoré,0,,23 fév. 1850,1850,Toulon,Var,"agricole, comm. du Nichanlftikhar. Ancien inspecteur des Eaux el Forêts à Tabarca. 1"" janv. ",administration,administration,,,1889,1889,2,palmes_academiques;merite_agricole,0,0,,,,,0,,0,0,0,222,150,0.9277
L1912-00809,DËGUT,Joseph,0,,5 nov. 1.871,1871,Marseille,,"Huissier, Sousse. ",justice_law,justice_law,,Sousse,1894,1894,1,nichan_iftikhar,0,1,lycée d'Aix. Bachelier es lettres. Chancelier du ViceConsujlali de France à Sfax .puis à Sousse.,lycée d'Aix,baccalaureat,,0,,0,0,0,196,150,0.9088
L1912-00810,DEHENNAULT,René,0,,4 mars 1.880,1880,Douai,Nord,"Chef de district à la Compagnie B.-G., Zaghouan. 1"" juillet 1903.",,,,Zaghouan,,,0,,0,0,"lycée de Douai; Ecole régionale des Beaux-Arts d'Amiens (Somnie). Diplômé de la section d'architecture de l'Ecole des Beaux-Arts d'Amiens. Exdessinateur au service technique de la Compagnie du Nord; ex-secrétaire du I groupe syndical des Travailleurs de la Voie Ferrée à Gaffour; membre actuel du même syndicat à Zaghouan. I DEHIBAT, terr. mil. A. de Foiini-Talahouine, caïdat des Ourghamma. A 120 kil. de .Foum-Tatahouine, village de 200 hab., tribu des Deliibal. Petit marché hebdomadaire. A. P. «t*.",lycée de Douai;Ecole des Beaux-Arts,diplome_superieur,,0,,0,0,0,624,150,0.9037
L1912-00811,DEJEAN,Vicomte,0,,,,,,premier secrétaire d'ambassade à la Résidence Générale. Mars 1911.,military,military,,,,,1,nichan_iftikhar,0,1,,,,,0,,0,0,0,155,150,0.9207
L1912-00812,DEJEANNE,Guillaume-Cyprioil,0,,22 déc. 1845,1845,Asie,Il.-Pyr.,"Receveur généra] honoraire des Financestunisiennes, 1.",administration,administration,"8, rue d'Athènes, Tunis",Tunis,,,2,legion_honneur;nichan_iftikhar,1,1,"lycée de Tarbes. Diplômes de l'enseignement secondaire. SUCCESSIV 1 : En France, directeur de l'Enregistrement; en Tunisie, s o u sdirecleur des Finances, receveur général des Finances. Membre de l'Association amicale des Anciens Elèves du Lycés de Tarbes; membre- du Conseil d'administration du Crédit Foncier de Tunisie.",lycée de Tarbes,diplome_superieur,,0,,0,0,1,552,150,0.8625
L1912-00813,DELAPONT,Albert,0,,,,,,Nîmes. Arbitre de commerce; contentieux; avenue Jules-Ferry. ,,,,Tunis,11 mars 1896,1896,0,,0,0,,,,,0,,0,0,0,180,151,0.957
L1912-00814,DELARUE,René-Joseph,0,,7 nov. 1850,1850,Pontoise,S.-el-Oise,"coloniale, médaille de Madagascar, grand-croix de l'ordre de Sainl-Stanislas, comm. du Nichanlftikhar. Général de division. 11 nov. 19 0 6.",military,military,,,,,3,legion_honneur;medaille_coloniale;saint_stanislas,1,0,lycées d'Orléans et de Nice; Ecole Polytechnique.,Ecole Polytechnique,,"chef du bureau du personnel du génie au Mini s ter e dp. la Guerre; cher du 4"" bureau de l'Elaf-Major de ,l'armée (étapes el, chemins de 1er); commandant le 7° régiment du génie; chef d'état-major du 15"" corps d'armée; ancien commandant supérieur de la. défense et gouverneur de Bizerle. Dix ans d'Algérie. Campagnes du Sud-Oranais cl de Madagascar.",9,,0,0,1,656,151,0.9273
L1912-00816,DELEBECQUE,Alplionse-Charles,0,,1824,1824,Douai,,"Général français. Sorti de Saint-Cyr, devint capitaine en 1854. Campagnes de Crimée, d'Italie et du Mexique. Fit la. campagne de 1870-71 comme colonel; fut blessé et fait prisonnier. Général de division en 1879; prit part à. l'expéclit. de Tunisie comme commandant de la. division du Nord. Devint ens",military,military,,,,,1,legion_honneur,1,0,,,,,0,,0,0,0,428,151,0.921
L1912-00817,DELHUMEAU,,0,,5 déc. 1863,1863,,,"5 déc. 1863. Chef de bureau à la Recelte générale des Finances, Tunis. Membre delà Conférence Consultative (3"" coll., 1"" cire), élu en 1.907.",military;administration;politics_native_admin;diplomacy,military,,Tunis,,,0,,0,0,,,,,0,,0,0,0,152,151,0.8443
L1912-00818,DELIEUX,Joseph - Etienne - Bernard,0,,24 mars 1868,1868,Toulouse,,"officier du Nichanlftikhar. C o mmissaire de police à la Direction de la Sûreté publique, ",,,"14, rue d'Athènes, Tunis",Tunis,,,1,palmes_academiques,0,0,"lycée de Toulouse. DELOL-EL-AROUZ. C. c. de Tunis, caïdat de Zaghouan, village indigène à 4 k. environ de Bir-Mcherga.",lycée de Toulouse,,,0,,0,0,1,326,151,0.9256
L1912-00819,DELMAS,Joseph-Frédéric,0,,4 novembre 1.867,1867,Montereau,S.-et-Marne,"publique, comm. du Nichanlftikhar. Avocat au Barreau de Tunis, 16 avenue de Cartilage, Tunis. Déc. 18 8 2.",justice_law,justice_law,,Tunis,,,2,legion_honneur;palmes_academiques,1,0,"collège d'Auxerre, lycée de Sens, lycée de Toulouse, collège S'- Charles, Faculté de droit de Paris; bachelier ôs lettres: licencié en droit. Sergent de réserve au 4"" zouaves; ancien attaché au cabinet de M. Massicault, résident général: .membre de la Conférence Consultative (3° coll. 1"" cire), élu en 1907; membre du Comité de l'Association générale des étudiants de Paris-, 1891-1893; bâtonnier de l'Ordre des Avocats de Tunis, 1905-1907; co-directeur politique de «l'Action Française», journal radical-socialiste, 1907-1908; secrétaire élu de la. Conférence Consultative, 1.908. Rapporteur général du budget, 1.909; v.-prés. de la Société des Cadets de Gascogne.",collège d'Auxerre;lycée de Sens;lycée de Toulouse;collège S'-;Faculté de droit de Paris,licence_droit;baccalaureat,,0,,0,0,1,902,151,0.937
L1912-00820,DELMAS,,0,,1854,1854,,,"Directeur du collège Sadiki et professeur à. la. chaire d'arabe, Tunis. Entré clans l'administration française en 1873 et tunisienne en 1883.",education_science,education_science,,Tunis,,,2,legion_honneur;palmes_academiques,1,0,,collège Sadiki,,,0,,0,0,0,217,151,0.9352
L1912-00821,DELMOLINO,Alfred,0,,13 nov. 1861,1861,Roy an,Char.-Inf.,"Directeur des Postes et Télégraphes; s.-dir. de l'Office postal tunisien, Tunis. Oct. ",,,,Tunis,1892,1892,3,palmes_academiques;merite_agricole;nichan_iftikhar,0,1,,Ecole supérieure des Postes,,,0,,0,0,0,324,151,0.923
L1912-00822,DELMON,Pierre-Louis,0,,2 août 1.S66,1866,Castillon-sur-Dordogne,Gironde,"Aumônier de l'hôpital civil français, Tunis. ",religion,religion,,Tunis,30 déc. 1893,1893,1,nichan_iftikhar,0,1,"petit séminaire et grand séminaire de Bordeaux; grand séminaire des Missions étrangères de Paris. SUCCESSIV' : professeur au petit séminaire de Constantine, 1891-1.892; vicaire à Jeinniapes (Algérie), 1893; curé de La Marsa, '1893-1898; aumônier de l'hôpital civil français de Tunis depuis novembre 189S et aumônier de la prison militaire dé Tunis depuis 1900. Chanoine de la Primatiale de Carthage. DF.T, — DRP",,,,0,,0,0,0,585,151,0.8734
L1912-00823,DELORD,Jean-Camille,0,,9 mars 1853,1853,Montagnac-Lacrempse,Dordogne,"- Iftikhar. Receveur principal de l'Office des Postes et des Télégraphes, ",administration,administration,"4 bis, rue d'Espagne, Tunis",Tunis,20 janvier 1878,1878,1,nichan_iftikhar,0,1,Ecole normale primaire et cours particuliers.,Ecole normale,,"surnuméraire des lignes téléeranhioues.- 1877; commis et commis principal ue direction, inspecteur, receveur principal des Postes et des Télégraphes. Fut appelé en janvier 1878 à faire partie de la Mission télégraphique que la France entretenait dans la Régence depuis 1859.",3,,0,0,0,602,152,0.8662
L1912-00824,DEMARCQ,Henri-Clément,0,,26 nov. 1.S69,1869,,,"Entrepreneur de travaux publics, ",industry_crafts,industry_crafts,"56, av. de Cartilage, Tunis",Tunis,1893,1893,1,palmes_academiques,0,0,"collège de Landi'ôcies (Nord), lycée de Valenciennes et de Lille (Nord), lycée Saint-Louis, Paris; bachelier es lettres et es sciences. Ancien directeur de la succursale de la marbrerie Derville et Cie, de Paris; entrepreneur et fournisseur de pierres de taille. Membre de la Chambre de Commerce de Tunis. V.-prés. de la Société «La Betterave tunisienne».",collège de Landi'ôcies;lycée de Valenciennes;lycée Saint-Louis,baccalaureat,,0,,0,0,0,489,152,0.9355
L1912-00825,DEMAY,Jules-Joseph-Pierre,0,,21 septembre 1.876,1876,Philippeville,Algérie,Receveur municipal a.u Kef. Nov. ,administration,administration,,,1888,1888,1,nichan_iftikhar,0,1,collège S'- Charles et lycée Carnot de Tunis; bachelier de l'enseignement secondaire; tilulaire du diplôme supérieur d'arabe; licencié en droit; Premier examen de doctorat en droit.,collège S'-;lycée Carnot,licence_droit;baccalaureat;diplome_superieur,,0,,0,0,0,329,152,0.9268
L1912-00826,DEMELLE,André,0,,17 oc,1706,,,"(André) (le D'), 17 octobre 1876, Bordeaux. Médecin spécialiste des maladies cutanées, vénériennes et des voies urinaires. Nov. ",medicine_health,medicine_health,,,1908,1908,0,,0,0,"collège de Bazas. Facultés de médecine de Bordeaux et de Montpellier. Ancien aide de clinique de dermatologie et de vénérôologie de la Faculté de Montpellier; lauréat de la même Faculté; anc. interne à l'hôpital civil d'Oran; membre de la. Société des Sciences médicales de Tunis; membre de la Sociéte des Girondins. Auteur de travaux divers d'histologie. Inventeur d'un appareil, h anesthésie (communications à la. Société de Chirurgie et au Congrès international de Lisbonne). «La Pathologie documentaire dans le Roman», Montpellier, 1908.",collège de Bazas;Facultés de médecine de Bordeaux et de Montpellier,,,0,,0,0,0,692,152,0.9385
L1912-00827,DEMOULIN,René-Lucien,0,,28 octobre 1879,1879,Paris,,"Agri culteur, domaine de Bendou, par Sainte-Marie-dn-Zit. ",,,,,16 octobre 1898,1898,1,nichan_iftikhar,0,1,"Ecole Turgot, Paris, et Ecole d'Agriculture du Chesnoy (Loiret) et de Tunis ; brevet élémentaire ; diplômes de fin d'études des Ecoles d'agriculture du Chesnoy et de Tunis. Ancien rédacteur à « la Tunisie Irançaise», au «Progrès de Tunis» et à. la «Dépêche Tunisienne». Actuellement, directeur du domaine de Bendou. Correspondant de la «Dépêche Tunisienne», membre fond, du Syndicat de la Presse Tunisienne; prés, de la. Section de Zaghouan des Amis de la Corse; sous-dir. de la Caisse locale de Crédit agricole mutuel d'Oued-Ramel; v.-prés. de la Section tunisienne des Anciens élèves du Chesnoy; ex-secr. de l'Ass. des Colons d'Oued-Ramel; ex-secr.-trés. de l'Ass. des Anciens élèves de l'Ecole coloniale d'Agriculture de Tunis.",Ecole coloniale,diplome_superieur,,0,Recherches pour l'arrachage mécanique rapide des souches d'arbres (défrichement de la brousse tunisienne); conférences agricoles; nombreux articles de vulgarisation agricole.,1,0,1,1071,152,0.9189
L1912-00828,DENCAUSE,Jean,0,,13 septembre 1850,1850,Soueich,,"Ancien lieutenant-colonel du 4"" zouaves, commandant le groupe de Bizerte. Propriétaire à la Mornaghia. 1881 et 1902.",military,military,,Bizerte,,,2,legion_honneur;nichan_iftikhar,1,1,lycée de Toulouse el Ecole militaire de Saint-Cyr; bachelier es sciences et es lettres.,lycée de Toulouse,baccalaureat,"officier d'ordonnances du général de Bréart, commandant une brigade du corps expéditionnaire de Tunisie; instructeur à. l'Ecole de tir de la Valbanne, 1883-18S7; campagne de France, 1870-71. campagne de Tunisie, 1S81 (Le Kef, Ghardimaou, Aïn-Draham, Béja, etc.); campagne de Chine, 1900-1901. Président de l'Association des Colons français de la Mornaghia.",7,,0,0,0,740,152,0.9077
L1912-00829,DENJEAN-NAVAILLES,Maurice,0,,10 fév. 1866,1866,Espondeilhan,Hérault,"Commissaire de police, à Sousse. ",,,,Sousse,23 nov. 1890,1890,1,palmes_academiques,0,0,collège de Béziers; bachelier es lettres.,collège de Béziers,baccalaureat,"surveillant général du collège de Cette en 1.889; professeur au lycée Carnot de Tunis. 1890-1897; professeur à l'Union française de la Jeunesse, Tunis, 1S92. «Dépêche Sfaxienne (La)». 3 mars I 1895, Sfax, 17, rue de la République. Journal politique quotidien et d'informations rapides; organe des intérêts du Sud de la. Tunisie; correspondances journalières de l'Agence Havas et de particuliers. M. Jean Revol, directeur depuis sa fondation; M. et M'"""" de Ceccaty, secrétaires de la rédaction. Ce journal a-paru sans discontinuer depuis 1895. Abonn' : 20 fr. par an; le numéro 5 cent. « Dépêche Tunisienne (La) »,' 1.SS0, 'l'unis; bureaux ù. Tunis, 2, av. de Paris et à Paris, 2, rue Meyerbeer. Organe quotidien. Paraît le malin à. 4, 6 ou 8 pages. Le plus fort tirage des journaux de Tunisie. Conseil d'administration : MM. • J.-B. Curtelin, président; Lecore-Carpentier, Gallini, Proust et A. Zaouche, membres; anciens présidents : MM. A. Homberger el Proust. Directeur politique (depuis la fondation) : M. E. Lecore-Carpenlier. Rédacteur en chef : M. André Duran; rédacteurs : MM. Troll, Terryn, Tillot, Pra.t, Pondovaux et Bridier; chef de la comptabilité : M. Malon; chef de la publicité : M. Saphar. Chef des services parisiens d'informa- : lion : M. Paul Laffilte. Chef des services administratifs parisiens : M. Carcassone. Correspondants en France, en Algérie et dans les principaux centres de la Tunisie. Journal imprimé sur rotatives Marinoni et Derriey, composé sur linotypes Machinery Limited. Anciens rédacteurs en chef : Pavy, Tridon et Paul Laffilte. Diplôme de grands prix, Marseille 1906: Londres, 1,908, Na:icy 1909, Bruxelles 1.91.0. Abonnement : Tunisie et départ, de Constantine, 20 fr. Autres départements el Tripolitaine, 25 fr. Union postale, port en sus. Le numéro, 5 cent, pour la Tunisie et le dép. de Constantine; extérieur, 1.0 cent. Téléph. : Tunis, 10; Paris, 315.1.1.",54,,0,0,1,2101,152,0.8884
L1912-00830,DEPIENNE,Pierre-Marie,0,,,,,,"Administrateur tunisien et premier directeur des Finances de la Régence. Né à Ploërmel (Morbihan), en 1831, mort au même lieu, le 28 mars 1.905. Il fut reçu, au concours, surnuméraire de l'Enregistrement et des Domaines, à Rennes, le 1"" février 1851, ""et c'est dans cette administration qu'il conquit",administration,administration,,Tunis,,,1,legion_honneur,1,0,,,,,0,,0,0,0,7974,153,0.9515
L1912-00832,DEPLANCHE,Pierre,0,,21 mars 1838,1838,Secaux,Charente,"Négociant, 26 et ",commerce,commerce,"28, rue d'Italie, Tunis",Tunis,28 oct. 1890,1890,1,nichan_iftikhar,0,1,,,,,0,,0,0,0,499,154,0.9457
L1912-00834,DERIVAUX,Charles-Hubert,0,,23 fév. 1845,1845,Kaltenhausen,Bas-Rhin,"Capitaine au 4"" zouaves en retraite (1896); colon à Tabarca. 1881 (avec le corps expéditionnaire). Ex-chef de bataillon de réserve au 4° zouaves. Vice-président de la caisse agricole locaje de Tabarca. DES PORTES DE LA FOSSE, chevalier de la Lésion d'honneur, officier du Mérite agricole, grand cordo",military;agriculture,military,,Tunis,,,4,legion_honneur;merite_agricole;medaille_coloniale;nichan_iftikhar,1,1,,,,,0,,0,0,0,794,155,0.9296
L1912-00835,DESANTI,Dominique-François,0,,janvier 1866,1866,Crislinacce,Corse,Directeur de l'école franco-arabe de Kairouan. Nov. ,education_science,education_science,,Kairouan,1886,1886,0,,0,0,,,,,0,,0,0,0,177,155,0.812
L1912-00836,DESFONTAINE,Renô-Louicbe,0,,,,,,"des Sciences. Parti pour-Tunis le 6 août 1.783, il demeura deux ans et demi aux côtes d'Afrique, explora les deux régences de Tunis el l'Alger, et revint à. Paris dans les premiers mois de 1786. Il publia ses observations en. 1798 sous le titre de «Flore . Atlantique».",education_science,education_science,,Tunis,,,1,palmes_academiques,0,0,,,,,0,,0,0,0,400,155,0.9426
L1912-00837,DESTRÉES,Albert-Charles-Ferdinand,0,,18 déc. 1S52,1852,Oran,Algérie,"Professeur d'arabe au lycée Carnot. Rue de Tripoli, 2. Tunis. 18 nov e m b r e 1884. Dinlomé de l'Ecole supérieure DESPORTES (Antoine), 24 nov. 1863, Lorelte (Loire), off.. d'Académie, comm. du Nichan-lftikhar. Ingénieur et industriel, des Lettres d'Alger.",education_science;engineering_architecture;industry_crafts,education_science,,Tunis,,,2,palmes_academiques;nichan_iftikhar,0,1,"collège des Maristes à S1Cliamond (Loire) et cours de professeurs du lycée de SaintEtienne. Ingénieur de la C"" Royale Asturienne, de la Société du BouJaber et directeur de la Société Française des Mines mélalhques (1876); prolesseur a.u collège de Moslaganem (1.877); administrateur-adjoint de la. commune mixte de Saint-Denis-duSig (Algérie) (1880); professeur au collège de Mostaganeni (1881); professeur au collège Sadiki de Tunis (1884): professeur ""d'arabe au Lycée-de Tunis (1890). Doyen des professeurs du Lycée Carnot.","collège des;lycée de SaintEtienne;collège de Moslaganem;collège de Mostaganeni;collège Sadiki;Lycée Carnot;Ecole supérieure DESPORTES (Antoine), 24 nov",,"professeur au Collège de Mostagan e m (Algérie) (1872); drogman au Consulat général de France à Tunis 18, rue de Rome, Tunis. 2 janv. 1891.",2,"Recueil de thèmes et de narrations donnés, pour la plupart, dans les divers examens d'arabe (Primes administratives, interprétariat,. brevets, diplômes) et accompagnés de leurs traductions et développements. Grammaire d'arabe régulier (traduction de l'ouvrage du grammairien arabe Mol'liat de Hariri). de Béja. Conseiller municipal el vice-président de la. Municipalité de Béja; en celte qualité délégué à. la Conférence Consultative en 1896-1S97. Membre de la Chambre de Commerce du Nord (Le Kef, Mactar el Teboursouk). création du centre de SidiAhmed, mine de la Compagnie Asturienne; premières installations et premiers travaux de recherches des mines",1,0,1,1745,155,0.9133
L1912-00838,DESTREES,Auguste - Albert - Emile,0,,6 juin 1875,1875,Moslaganem,Algérie,"Noire du Béni n. Avocat au Barreau de Tunis. Membre du Conseil de l'ordre des avocate, publiciste, directeur politique du «Courrier de Tunisie». ",justice_law;press_letters_arts,justice_law,"3, av. de France",Tunis,,,3,palmes_academiques;merite_agricole;etoile_noire_benin,0,0,"collège de Moslaganem, lycée de Tunis. Lycée Saint-Louis (Paris). Faculté de droil de Paris. Ecole des langues orientales vivantes, école des sciences politiques. ■ Paris. Prix d'honneur du Lycée de Tunis. Bachelier es lettres, bachelier es sciences, licencié en droit. Lauréat de l'Ecole des Langues Orientales vivantes. (Bourse de voyage de 1.200 francs). Diplômé de l'école des sciences politiques. Breveté de langue arabe. Lieutenant de réserve au 4-"" zouaves.",collège de Moslaganem;lycée de Tunis;Lycée Saint-Louis;Ecole des langues;école des sciences,licence_droit;baccalaureat;diplome_superieur,"Contrôleur civil suppléant à Tunis (1897-1901); professeur de droit commercial au Lycée de Tunis (1.901-1905); avocat a.u barreau de Tunis, depuis 1.901. Président de l'Association des Anciens Elèves du Lycée de Tunis (de 1.901 à 1.911); v.-prés. de la. «Lyre Française»; secrétaire général du Comité du cercle républicain; membre et secrétaire du conseil de l'Ordre des Avocats (élu en 1909, 1910 et. 191.1); syndic du Syndicat de la presse tunisienne. TiuvÀux : «L'Administration locale en Tunisie », 1 vol. « Le Maroc Inconnu», publié en feuilleton dans le «Courrier de Tunisie». Mission d'études au Maroc (août 1903 à novembre 1903). Fondateur du premier quotidien français du soir le «Courrier de Tunisie» (26 février 1905). Nombreuses études sociales, politiques, coloniales et économiques.",14,,0,0,2,1646,155,0.932
L1912-00839,DEVAUX,Jules-Jean,0,,1859,1859,,,"(Jules-Jean). 1859. Commissaire de police .à Sfax, précédemment à Ferryville, Béja, Nabeul, La Goulelte. Appartient à la police tunisienne depuis janvier 1891.",,,,Sfax,,,0,,0,0,,,,,0,,0,0,0,167,156,0.9088
L1912-00840,DEVOIZE,Jacques-Philippe,0,,,,,,"(Jacques-Philippe), descendant d'une famille noble et très ancienne du Dauphiné, né à Voiron (Isère), capitaine de cavalerie en 1774. Viceconsul de France à Tunis (1776)-, chargé d'affaires par intérim en 177S, v.-consul à Lataquié en 1781, gérant du Consulat de Tripoli de Syrie en 1782, v.-consul à",military;diplomacy,military,,Tunis,1832,1832,0,,0,0,,,,,0,,0,0,1,805,156,0.9124
L1912-00841,DHAINE,Henri-Désire-Michel,0,,15 janv. 1867,1867,"Paris IX"" arr",,Sous-directeur des Etablissements Orosdi-Back. ,administration,administration,"8, av. de Cartilage",Tunis,21 déc. 1901,1901,3,palmes_academiques;merite_agricole;nichan_iftikhar,0,1,"Ecoles primaires et cours de l'Association philoteclmique, Paris. Certificat d'études primaires (1879); certificat d'études commerciales (1883).",,certificat,"chef de comptabilité et caissier de la Maison Deschamps de Paris (18S3 à. 1887); chef de comptabilité de la maison M. et D. Kahn frères, Paris (1887-89). Caissier principal et chef de la comptabilité «Aux Galeries Métropole», grands magasins de nouveautés de 1899"" a 1.90:1. Actuellement et depuis 1.901, sons-directeur des Etablissements Orosdi-Back, à. Tunis. Ancien secrétaire de la Société de Gymnastique, de Tir et d'Exercices militaires «La Patriote», du 2* arr., Paris. Membre et ancien secrétaire et vice-président de la. Société de Secours Mutuels «L'Union des Travailleurs Français de Tunisie», à. Tunis. Trésorier honoraire de la Société d'Horticulture de Tunisie. Trésorier honoraire de la Section tunisienne de la Soc. de Géographie Commerciale et Economique de Paris (anc. très.). Membre et anc. v.-prés. fondai, de la Société des Comptables de Tunis. Vice-président honoraire de la Société . colombophile « Le Ramier Tunisien » ; anc. secrétaire el membre k Paris de la Société «L'Union du Commerce», société de secours mutuels, fondée en 1847, depuis 1883. Membre de l'Association des Comptables du déparlement de la Seine, société de secours mutuels depuis 1.8S9; membre de la. Société académique de comptabilité, de l'Union des Sociétés de Gymnastique de France, à. Tunis; membre honoraire du Cercle /descrime «Jeanj-Louis»; membre bienfaiteur de l'Orphelinat des Postes. Commissaire du Congrès des Sociétés de Géographie, Tunis 1.904 ; conduisit les congressistes il Kairouan el à Sousse.",24,,0,0,0,1889,156,0.9127
L1912-00842,DIACONO,Albin - Herménégilde,0,,28 janv. 18S3,1883,Monastier,Tunisie,Médecin. Tunis.,medicine_health,medicine_health,,Tunis,,,0,,0,0,"lycée de Tunis, Faculté des Sciences de Marseilles, Ecole de Mé- decine de Marseille, Faculté de Médecine de Montpellier. Baccalauréat es lettres, doctorat en médecine. Spécialiste poulies maladies genito-urinaire. Ancien viceprésident du Comité permanent des fêles au bénéfice des hôpitaux de Marseille Traitement électro-chirurgical des cancers (fulguration). Thèse 1909, Montpellier.","lycée de Tunis;Faculté des Sciences de Marseilles, Ecole de Mé- decine de M;Faculté de Médecine de Montpellier",baccalaureat,,0,,0,0,1,479,156,0.9333
L1912-00843,DIACONO,Carmelo,0,,juillet 1884,1884,Monaslier,,"Fondé de pouvoirs de la maison «Salvalore Diacono», Monaslier.",commerce,commerce,,,,,0,,0,0,lycée Carnot de Tunis. Agent consulaire de S. M. Britannique.,lycée Carnot,,,0,,0,0,0,192,157,0.9286
L1912-00844,DIACONO,Paolo,0,,1867,1867,Malle,,Négociant industriel. Monaslier. 1875.,commerce;industry_crafts,commerce,,,,,0,,0,0,,,,,0,,0,0,0,68,157,0.8415
L1912-00845,DIACONO,Salvalore,0,,21 avril 1.858,1858,Cospiecca,Malte,Industriel. 1874.,industry_crafts,industry_crafts,,,,,0,,0,0,Ecole des Jésuites (Malle). Ancien conseiller municipal et agent consulaire de S. M. Britannique. Décédé le 3 mai 1908.,Ecole des Jésuites,,,0,,0,0,0,202,157,0.8402
L1912-00846,DIANOUS,Paul DE,0,,1.S59,1859,Paris,,off. de l'Instruction publique. Percepteur à. Essonnos (S.-ef-O.). ,administration,administration,,,1891,1891,3,legion_honneur;nichan_iftikhar;palmes_academiques,1,1,"Lycée de Versailles. Licencié, en droit. Ancien capitaine de l'armée active, ancien contrôleur civil à. Sousse. Capitaine de. réserve. Auteur des «Notes de Législation tunisienne», l.ecènc, Oudin el Cie, éditeurs, Paris).",Lycée de Versailles,,,0,,0,0,0,406,157,0.9314
L1912-00847,DINGUIZLI,Moustapha,0,,oct. 1865,1865,Tunis,,"- Iftikhar, off. du Cambodge. Caïd de la banlieue, ",politics_native_admin,politics_native_admin,"2, rue du Tribunal, Tunis",Tunis,,,4,legion_honneur;palmes_academiques;merite_agricole;nichan_iftikhar,1,1,collège Sadiki (Tunis) ; Ecole normale (Versatile) ; Ecole normale supérieure de l'Enseignement public (SaintCloud) ; brevet supérieur de l'Ënseianement. primaire (J.S87).,collège Sadiki;Ecole normale,brevet_superieur,"profess au collège Sadiki, 1SSS-1S92;. interprète à. la Section d'Etat du Gouvernement tunisien, 1.892-1900; caïd de la banlieue de Tunis, 1900; président des Municipalités de La Goulelte, Rades, HammamLit et S'-Germain; membre du Comité d'escompte de la Banque de l'Algérie; prés, de la société sportive «La Victoire»; v.-prés. du Comité des Fêtes de Tunis.",8,,0,0,1,757,157,0.8865
L1912-00856,DIRSSINE,,0,,,,,,"(El Hadj Mohammed ben Slimane ben), 1266 de l'ère arabe, Tunis. Cadi de Bizerle.",justice_law,justice_law,,Tunis,,,0,,0,0,"Grande Mosquée Ezzitouna, à Tunis. Mataowa; ancien notaire à Teboursouk el à Tunis. Membre fondateur de la Société musulmane de bienfaisance de Bizerle.",Grande Mosquée;zitouna,,,0,,0,0,0,251,158,0.9293
L1912-00857,DISEGNI,A.,0,,1.863,1863,Tunis,,- Iftikhar. Receveur de rentes. ,administration,administration,"11, av. de France, Tunis",Tunis,,,5,palmes_academiques;merite_agricole;couronne_italie;leopold_belgique;nichan_iftikhar,0,1,,,,,0,,0,0,0,582,158,0.9258
L1912-00862,DJAIBI,Mohamed,0,,1878,1878,Tunis,,"Journaliste, rue des Teinturiers, 100, Tunis.",press_letters_arts,press_letters_arts,,Tunis,,,0,,0,0,Grande Mosquée et Khaldounia. Membre de la Société de Gymnastique «La Musulmane»; directeur du journal «Es-Sawab» et de la revue «Kheïreddine».,Grande Mosquée;Khaldounia,,,0,,0,0,0,229,158,0.9382
L1912-00863,DJAIT,Youcef,0,,,,,,"Premier ministre de -S. A. le Bey, ancien ministre de la plume.",politics_native_admin,politics_native_admin,,,,,2,legion_honneur;nichan_iftikhar,1,1,,,,,0,,0,0,0,142,158,0.9883
L1912-00865,DJAMAL,Ahmed,0,,1853,1853,Tunis,,"Négociant, souk El- Al-' farine, Tunis.",commerce,commerce,,Tunis,,,1,nichan_iftikhar,0,1,"Université Ezzitouna. Membre de l'association la «Khaldounia». Médaille : Exposition de Bruxelles, 1897; médaille d'argent el médaille de bronze : Exposition de Paris, 1900; médaille d'argent : Exposition de Londres, 1902.",zitouna;Khaldounia,,,0,,0,0,1,325,158,0.858
L1912-00866,DJAMAL,Salah,0,,1SS6,1886,Tunis,,"Représentant et commissionnaire; dépositaire de fabriques; agent de renseignements, souk El-Attarine, Tunis.",,,,Tunis,,,1,ouissam_alaouite,0,0,collège Alaoui.,collège Alaoui,,,0,,0,0,0,162,158,0.925
L1912-00902,DJEHANE,,0,,1870,1870,Tunis,,"Instituteur-professeur à l'annexe du collège Sadiki, Tunis.",education_science,education_science,,Tunis,,,3,palmes_academiques;nichan_iftikhar;ouissam_alaouite,0,1,collège Sadiki et Alaoui; brevet élémentaire. Membre de l'Amicale de l'Enseignement primaire; membre de la société de gymnastique «La Musulmane».,collège Sadiki,,,0,,0,0,0,289,160,0.9615
L1912-00907,DJELLOULI,Sadok,0,,,,,,"de Russie,grand croix du Dragon de l'Annam. Caïd, gouverneur de Sfax. Etait caïd depuis 1884. Dé cédé en 1910.",politics_native_admin,politics_native_admin,,Tunis,,,4,legion_honneur;palmes_academiques;nichan_iftikhar;saint_stanislas,1,1,,,,,0,,0,0,0,280,160,0.9231
L1912-00908,DJELLOULI,Taïeb,0,,,,,,"comm. de l'ordre de SaintStanislas, off. de l'Instruction publique. Ministre de la plume de S. A. le Bey.",politics_native_admin,politics_native_admin,,Tunis,,,3,legion_honneur;nichan_iftikhar;palmes_academiques,1,1,collège Sadiki.,collège Sadiki,,,0,,0,0,0,218,160,0.9655
L1912-00925,DJILANI,I-Iadi,0,,1890,1890,,,"(I-Iadi), 1890, off. du Nichanlftikhar, chev. de l'Ordre russe de S'-Slanislas. Caïd de Bizerte.",politics_native_admin,politics_native_admin,,Bizerte,,,2,saint_stanislas;ouissam_alaouite,0,0,école des Frères à Tunis; collèges Alaoui et Sadiki.,école des Frères,,"interprète à. la Direction des travaux de la. ville de l'unis, interprète au Gouvernement tunisien, caïd gouverneur des Frechich. A dirigé durant plusieurs années la Société des industries d'Art de Tunisie, société privée parisienne, fondée par M. Pillel, -inspecteur des Beaux-Arts, etc., qui chercha à faire revivre les industries d'art arabe.' A fait parlie, comme délégué du Gouvernement tunisien, de la. mission tunisienne qui a escorté le tsar en France en 1901. Médaille d'honneur pour dévouement dans l'affaire de Kasserine. DÏILMA. C. c. de Tala, caïdat des Madjeur. ^, (H) sur la ligne B.-G. de Sousse (143 kil.) à Metlaoui (153 kil), à 97 kil. de Feriana, 53 kil de Pavillier et 20 kil. de Hadjeb-el-Aïoun. D. A. ^. Ancien camp des troupes françaises lors de l'occupation.",16,,0,0,0,967,162,0.9511
L1912-00928,DOLCEMASCOLO,Giacomo,0,,"1"" oct. 1880",1880,Palerme,Italie,Médecin et chirurgien à. Kalaât-es-Senam. ,medicine_health,medicine_health,,,20 octobre 1905,1905,0,,0,0,"Faculté de médecine de Palerme; ex-interne de l'hôpital civil de Palerme; médecin au Kef pendant un an et, à partir du 1"" juillet 1907, médecin à ,1a mine de Kalaât-es-Senam.",Faculté de médecine de Palerme,,,0,,0,0,0,298,162,0.8655
L1912-00929,DOLLIN DU FRESNEL,Frôdéric-Jules-Ernest,0,,12 août 1855,1855,Ixelles,Belgique,"et de plusieurs ordres coloniaux. Inspecteur commercial de la Compagnie P.- L.-M., en retraite, à Alger. Entra en 1872 à la Compagnie des chemins de fer de ParisLyon - Méditerranée. Fut pendant seize ans agent commercial de cette compagnie à Tunis et inspecteur commercial à Alger de 1905 à 1908. Mem",administration;transport_maritime,administration,,Tunis,,,4,palmes_academiques;merite_agricole;nichan_iftikhar;leopold_belgique,0,1,,Institut de,,,0,,0,0,1,1334,162,0.9562
L1912-00930,DOLOT,,0,,28 mai 1847,1847,Premery,Nièvre,"- Iftikhar, chev. de N.-D. de Conception de Villa-Viçoza. Général de brigade en retraite. Le B a r d o. Juillet 1890.",military,military,,,,,3,legion_honneur;merite_agricole;nichan_iftikhar,1,1,Ecole Polytechnique.,Ecole Polytechnique,,"chef de bataillon, lieutenantrcolonel et colonel chef du génie à Tunis de 1890 à 1900, puis colonel directeur du génie, enfin nommé le 30 mars 1904 général commandant le 1"" brigade d'infanterie et commandant militaire de: Tunis.",1,"Construction des batteries de côte du golfe de Tunis, du bâtiment des services militaires et de nombreux caser- Doivi — bott nements; défense de Bizerle : construction de tous les ouvrages et batteries, ainsi que de tous les établissements militaires de cette place .",1,0,1,836,162,0.918
L1912-00931,DOMELA,Théodore,0,,1872,1872,,,"(Théodore), 1872, docteur en médecine, ",medicine_health,medicine_health,"72, avenue Jules-Ferry, Tunis",Tunis,1901,1901,0,,0,0,,Faculté de Médecine de Lausanne;Collège royal,doctorat_medecine,,0,"«La résection temporaire de la paroi orbitaire externe pour l'extirpation de certaines tumeurs profondes» (thèse); «Traitement chirurgical des perforations intestinales dans la fièvre typhoïde» (Revue de gynécologie et de chirurgie abdominale du prof. Pozzi); «La résection costale à tranchées isolatrices, selon le procédé du prof. Roux», et divers autres articles et communications aux sociétés savantes. A fait la guerre turco-grecque comme volontaire et a dirigé pendant toute la durée de la campagne une ambulance volante.",1,0,0,1004,163,0.9613
L1912-00936,DOUBLEDENT,Félix,0,,7 mars 1881,1881,Paris,,"Ingénieur-chimiste, ",engineering_architecture,engineering_architecture,"32, rue BouKriss, Tunis",Tunis,1888,1888,0,,0,0,"lycée Carnot à Tunis, Ecole de physique et de chimie industrielles à Paris; bachelier es lettres et mathématiques; diplôme d'ingénieur chimiste E. P. C.",lycée Carnot;Ecole de physique,baccalaureat;diplome_superieur,"chimiste chez Hinque, Marret et Bonnin, Paris; directeur du laboratoire Guillaumin, Paris; chimiste au laboratoire du Service des Mines, Tunis. Conférences: «L'air liquide et ses applications industrielles». Publication : «Le Radium».",5,,0,0,0,503,163,0.9324
L1912-00940,DOUGNAC,François-Jean,0,,30 août 1869,1869,Saint-Vincent-de-Pertignes,Gironde,Anc. profess. au collège Alaoui à Tunis. ,,,,Tunis,14 oct. 1903,1903,3,palmes_academiques;nichan_iftikhar;ouissam_alaouite,0,1,"lycées d'Angoulême et de Bordeaux; Faculté des Sciences de Bordeaux; bachelier es sciences, licencié ôs sciences physiques, licencié ôs sciences naturelles; certificat d'aptitude au professorat des Ecoles normales.",Faculté des Sciences de Bordeaux;collège Alaoui,baccalaureat;certificat,"professeur à l'école primaire supérieure d'Aubeterre, 1893 à 1895; professeur k l'Ecole normale d'Alger, 1S95 à 1S98; à l'Ecole normale de aen, 1898-1903, et à l'Ecole normale de Tunis.",3,,0,0,0,594,164,0.9062
L1912-00945,DOZEVILLE,Elisée-Emile,0,,19 février 18 6 2,1862,La Carneille,Orne,"comm. du Nichan - Iftikhar. Receveur des Postes, Sousse. ",administration,administration,,Sousse,16 mai 1881,1881,2,palmes_academiques;nichan_iftikhar,0,1,collège Tinchehay.,collège Tinchehay,,"commis des Postes à Tunis, 1881, à La Goulette, 1883 à 85, receveur à Djerba, 1885 à 1903, à Sfax, 1903 à J.9UD, a bousse depuis le 1.6 juin 1905. V.-nrés. de la commission municipale de Djerba de 1.887 k 1.900.",4,,0,0,0,402,165,0.7295
L1912-00946,DRAGUT,,0,,,,,,"1.565, district, de Serulus (Anatolie). Corsaire turc, né de parents chrétiens. Devint capitaine de navire, s'attacha k Barberousse Kheïr-ed-Dine, qui l'avait racheté lorsqu'il avait été fait prisonnier par les Génois. Il ravagea les côtes africaines et se réfugia dans l'île de Djerba. après avoir é",military,military,,Djerba,,,0,,0,0,,,,,0,,0,0,0,419,165,0.9806
L1912-00947,DRAMARD,Pierre-Marie,0,,1.860,1860,Evreux,Eure,off. de l'ordre de SaintCharles de Monaco. Vice-président du Tribunal. Tunis. Déc. ,justice_law,justice_law,,Tunis,1886,1886,2,palmes_academiques;nichan_iftikhar,0,1,lycées de Saint-Omer el de Besançon. Faculté de droit de Poitiers; licencié en droit. Ancien lieutenant d'artillerie territoriale.,Faculté de droit de Poitiers,licence_droit,"avocat. 1.881: chef du cabinet du Préfet du Rhône, 18S2 à 1-Qi chef du cabinet du Résident Général à. Tunis, 1886 à 1.889; juge au tribunal, de Tunis. 1889 à 1.904, et vice-nrésident du tribunal depuis décembre 1904.",4,,0,0,0,554,165,0.8902
L1912-00951,DRIB,Salah,0,,,,,,"(Salah), 1281 de l'hégire, Tunis. Notaire à Bizerte.",justice_law,justice_law,,Tunis,,,0,,0,0,Grande Mos quée de Tunis; diplôme de moutaoua. Président de la Société musulmane de Bienfaisance à Bizerte.,,diplome_superieur,,0,,0,0,0,174,165,0.8914
L1912-00956,DROUILLARD,Françoîs-Alexis-Prosper- Marcel,0,,28 juillet 1872,1872,Vénérand,,"près de Saintes (Charente-Inférieure). Médecin du gouvernement français en Palestine, chargé de la. direction de l'hôpital de Jérusalem. ",medicine_health,medicine_health,,,25 nov. 1898,1898,0,,0,0,"collège de Saintes et Faculté de médecine de Bordeaux. Médecin sanitaire maritime, diplômé de l'Institut de médecine coloniale de Bordeaux; externe des hôpitaux de Bordeaux, 1896 à, 1898; interne à l'hôpital civil français. 1898 à. 1.902); médecin de la Société' des Grands Travaux de Marseille et Fougerolle frères, 1904; de la Cie Gle Transatlantique au Havre, 1903; de la Société de Construction des Batignolles, 1905; interne du professeur agrégé Braquehaye, clnrurgien en chef de l'hôpital civil français (1906). Thèse de doctorat : Bordeaux, 14 janv. 1903 : Des injections de quinine et en particulier des injections intramusculaires de chlorhydrate neutre dans le traitement du paludisme».",collège de Saintes;Faculté de médecine de Bordeaux;Institut de,agregation;diplome_superieur,,0,,0,0,0,929,165,0.9303
L1912-00957,DUBOS,Henri,0,,1829,1829,,,ingénieur principal de la. Compagnie BôneGuelma. ,engineering_architecture,engineering_architecture,,Tunis,1877,1877,3,legion_honneur;nichan_iftikhar;leopold_belgique,1,1,,,,,0,,0,0,0,940,166,0.9463
L1912-00959,DUBOURDIEU,Gaslon-Louis-CharlesClément,0,,7 sept. 1854,1854,,,"off. de l'Ordre de Léopold de Belgique. Directeur général des Finances,28,boul. de Paris,Tunis. ",military;administration,military,,Tunis,20 avril 1885,1885,4,palmes_academiques;merite_agricole;nichan_iftikhar;leopold_belgique,0,1,"lycée de Toulouse, 1860 à 1872; bachelier es lettres et es sciences, A aeDute comme surnuméraire dans l'administration française des Finances (régie de l'Enregistrement) en 1872; est demeuré sans interruption depuis lors en service; possède en France le grade de directeur des Domaines. Président de la Société de prévoyance des fonctionnaires et employés tunisiens.",lycée de Toulouse,baccalaureat,,0,,0,0,1,680,166,0.9112
L1912-00960,DUBOURDIEU,Lucien,0,,14 juin 1860,1860,Mostaganem,Algérie,"Inspecteur de l'Enregistrement et des Domaines, hors cadres. Conservateur de la propriété foncière, ",administration,administration,"2, rue de Sparte, Tunis",Tunis,7 avril 1885,1885,3,legion_honneur;palmes_academiques;nichan_iftikhar,1,1,"lycées de Toulouse et d'Alger et Ecole de droit d'Alfer; licencié en roit, lauréat au concours de licence (Ecole de droit d'Alger); ancien directeur à. la Direction de l'Enregistrement (Alger), ancien chef du contentieux à la Direction des Finances (Tunis).",Ecole de droit,,,0,,0,0,0,553,166,0.892
L1912-00961,DUCLOS,Bibiano,0,,30 déc. 1855,1855,Brésil,,Ingénieur des Arts el Manufactures. Salammbô-de-Carthage.,engineering_architecture;industry_crafts,engineering_architecture,,Carthage,,,0,,0,0,"Ecole centrale des Arts et Manufactures, Paris. Capitaine d'artillerie territoriale. Membre de la Conférence Consultative (2"" coll., 1"" cire), élu en 1905; réélu en 1907. Prés, du Club gymnastique français; v.-prés. du Comité de la Fédération des Cercles tunisiens et du Cercle de Tunis de la Ligue de l'Enseignement; membre du Comité de permanence de l'Union des Sociétés de gymnastique de France.",Ecole centrale,,,0,,0,0,0,505,166,0.9481
L1912-00962,DUCROQUET,P,0,,,,,,"décoré de l'Ahed. Directeur général honoraire des Finances, propriétaire à Bou-Rema.da., près de Zaghouan.",military;administration,military,,Zaghouan,,,3,legion_honneur;merite_agricole;nichan_iftikhar,1,1,,,,,0,,0,0,0,205,166,0.9767
L1912-00963,DUCROQUET,Louis-Paul-Marie,0,,7 août 1870,1870,Corbic,Somme,"Avocat à Sfax. Août 1888. Anc. avocat a.u barreau de Tunis, anc. bâtonnier du barreau de Sousse, anc. prés, de l'Union musicale de Sousse, anc. prés, de la 1.600° section des Prévoyants de l'Avenir (Bizerte), anc. délégué du 3e collège de la circonscription de Sousse-Ka.iroûan, ancien délégué du 3"" ",justice_law,justice_law,,Sfax,,,0,,0,0,,collège de la,,,0,,0,0,0,433,166,0.9244
L1912-00964,DUFFAU,Augustin,0,,déc. 1864,1864,Montde-Marsan,Landes,"Chef de bureau à la Direction, de .l'Enseignement, Tunis. 1"" nov. ",administration,administration,,Tunis,1888,1888,2,palmes_academiques;nichan_iftikhar,0,1,lycée de Mont-de-Marsan; brevet supérieur. Ancien instituteur à l'Inspection académique des Landes.,lycée de Mont-de-Marsan,brevet_superieur,,0,,0,0,0,291,166,0.9475
L1912-00965,DUFFO,Louis,0,,29 avril 1853,1853,,,"Agriculteur, propriétaire à Rhedir-es-Soltane et à Aïn-el-Asker. Ancien instituteur. Membre de la Conférence Consultative (1"" coll. 1™ cire). Membre de la Chambre d'Agriculture depuis 1906. Président du Syndicat général obligatoire des Viticulteurs de la Régence de Tunis.",military;education_science;politics_native_admin;diplomacy;agriculture,military,,Tunis,,,2,palmes_academiques;merite_agricole,0,0,,,,,0,,0,0,1,360,166,0.9247
L1912-00966,DUFRÊNE,César-Elisêe-Marc,0,,15 fév. 1869,1869,Puget-sur-Argens,Var,Directeur d'école à Monaslir. ,education_science,education_science,,,21 nov. 1890,1890,1,nichan_iftikhar,0,1,"Ecole normale d'instituteurs de Draguignan (Var); brevet élémentaire et supérieur; certificat d'aptitudes pédagogiques. Ancien maréchal des logis fourrier du train des équipages, sergent-fourrier au 4* zouaves. Instituteur-adjoint à l'école de la. rue Salem, à Tunis, 22 nov. 1893 au 7 oct. 1894; directeur de l'école payante de Mahdia, 7 oct. 1.894 au 14 déc. 1896; directeur de l'école laïque de Monaslir, 1.4 déc. 1896. Prés, de la selion de la Mutuelle Tunisienne en cas de décès depuis le 6 juin 1904; prés, fondateur de «l'Avenir du Prolétariat», 2S mars-5 mai 1905.",Ecole normale;école de la,certificat,,0,,0,0,0,717,167,0.8846
L1912-00967,DUGLIN,William-Louis-Emile,0,,juillet 1868,1868,Montoise-sur-Loire,Loir-etCher,"off. du Nichanlftikhar. Professeur d'anglais au lycée Carnot, av. de Londres, Tunis. Déc. ",education_science,education_science,,Tunis,1892,1892,1,palmes_academiques,0,0,,lycée Carnot,baccalaureat,"répétiteur à Montargis, Cambrai, Saint-Omer; répétiteur et professeur de langue anglaise au lycée Carnot.",2,,0,0,0,332,167,0.9064
L1912-00968,DULIMON,Charles-Gaston,0,,"1"" août 1869",1869,Amiens,P.-de-C,Ancien inspecteur de l'Office postal à Tunis. ,administration,administration,,Tunis,15 janv. 1907,1907,0,,0,0,Ecole supérieure des Postes et Télégraphes.,Ecole supérieure des Postes et Télégraphes,,,0,,0,0,0,171,167,0.8906
L1912-00969,DUMAS,Paul-Antoine-Marcel,0,,,,,,"Président du tribunal civil de Tunis, rue Jenner, quartier du Belvédère, Tunis. ",justice_law,justice_law,,Tunis,1892,1892,2,palmes_academiques;nichan_iftikhar,0,1,"lycée de Lyon et Faculté de droit de Lyon; lauréat de cette même faculté; lauréat de la. Société des Gens de Lettres (Prix du Président de la République, 1903).",lycée de Lyon;Faculté de droit de Lyon,,"avocat à la Cour d'appel de Paris; publiciste, 1.883-1S90; juge de paix suppléant à Saïda; juge de paix à Fienda.h et à Souk-el-Arba; juge suppléant, puis substitut à Tunis; président du tribunal mixte de Tunisie. Membre titulaire de la Société des Gens de Lettres depuis 1.887. Livres publiés : «Thalie» (1S83); «Les Soeurs Ennemies» (1885), chez Marpeu et Flammarion : «Le Joueur» (1886), «La. Belle Veuve» (1.SS7), chez Victor Bavard.;' «Les Français d'Afrique et le. traitement des indigènes» (18S9), chez Challamel; «Zezia» (1903), chez OUendorf; nombreuses nouvelles littéraires, et collaborateur au «Voltaire», au «Siècle», à la «Revue Bleue», k la «Revue de Paris et de Saint-Pétersbourg», à la «Vie Populaire» et à 1' «Illustration».",16,,0,0,0,1146,167,0.9106
L1912-00970,DUMERGUE,,0,,5 avril 1840,1840,Aix-enProvence,,"d'honneur, officier d'Académie, commandeur du Nichan Iftikhar. Industriel, Tunis. ",industry_crafts,industry_crafts,,Tunis,15 octobre 1866,1866,3,legion_honneur;palmes_academiques;nichan_iftikhar,1,1,"collège d'Aix. Vice-prés i d e n t de la Municipalité de Tunis. Premier député de la Nation, 1.S75 et 1878. Vice-président de la Chambre de Commerce, 1885.",collège d'Aix,,,0,,0,0,0,357,167,0.8825
L1912-00971,DUMONT,Ernest,0,,9 mars 1861,1861,Chablis,Yonne,"Propriétaire-viticulteur k Grombalia; professeur d'agriculture, Tunis, ",education_science;agriculture,education_science,"2, rue d'Angleterre",Grombalia,1883,1883,0,,0,0,"collège d'Auxerre et Ecole nationale d'agricullure de Montpellier. Ingénieur agricole. Attaché du Ministère de l'Agriculture à la Résidence Générale de Ï8S3 k 18S9. Ancien secrétaire général des viticulteurs, ancien membre et secrétaire général de la Chambre d'Agriculture, ancien membre de la Conférence Consultative. Missions viticoles en Algérie en 1S86 et 1887. A organisé en 1.892 la Saline de La Soulcra. Médaille d'or au Concours agricole de Tunis de 1888;.médaille d'argent à l'Exposition Universelle de Paris 1889.",collège d'Auxerre,,,0,,0,0,0,676,167,0.9084
L1912-00972,DUMONT,Pierre-Henri,0,,1881,1881,Lyon-Villeurbanne,Rhône,"Commis des Ponts et Chaussées, ",administration,administration,"32, avenue de Cartilage, Tunis",Tunis,1885,1885,0,,0,0,"lycée Carnot de Tunis; diplôme de mention honorable (peinture), 1.895. Sous-lieutenant de réserve d'artillerie. Membre du Syndicat de la Presse scientifique. Service spécial d'études et de projets.",lycée Carnot,diplome_superieur,,0,,0,0,0,339,167,0.9369
L1912-00973,DUPLA,Jean,0,,31 mars 1878,1878,Alais,£ard,Juge au tribunal civil de Sousse. Sept. ,justice_law,justice_law,,Sousse,1905,1905,0,,0,0,"lycées de Marseille et de Toulouse. Facultés de droit de Toulouse et de Paris. Docteur en droit es sciences juridiques, docteur en droit es sciences économiques et politiques. Trois premières médailles (droit romain et conférences), une seconde médaille (droit, civil) et deux mentions aux divers concours des Facultés.",Facultés de droit de Toulouse et de Paris,doctorat_droit,"Avocat à la Cour de Toulouse, chargé de travaux particuliers au Secrétariat général du Gouvernement Tunisien (pendant sept mois), chef du contentieux au. Secrétariat (pendant un an), puis juge-rapporteur au tribunal mixte, à Sousse. Deux thèse (reçues avec éloges) : 1° «De l'interposition de personnes en .matière de dons et legs faits aux collectivités», imprimerie Gadrat, Foix, 1901; 2° «Aperçu général sur la mobilisation de la propriété et du crédit hypothécaire; étude de critique économique», imprimerie Bouquet, Auch, 1904.",6,,0,0,1,960,167,0.9341
L1912-00974,DUPLAV,Jacques-Louis,0,,14 mai 1840,1840,Saint-Etienne,Loire,"Sousingénieur des Ponts et Chaussées en retraite, ",engineering_architecture,engineering_architecture,"2, rue de Tripoli, Tunis",Tunis,13 fév. 1886,1886,2,palmes_academiques;nichan_iftikhar,0,1,"lycée de Saint-Etienne. Ancien adjoint du génie dans la territoriale. Membre fondateur et président, dp. In Rnciéle de secours mutuels des sapeurspompiers de Tunis depuis sa fondation en 1894. Fondateur de la Compagnie des sapeurs-pompiers, 1889; ancien capitaine commandant de cette compagnie, démissionnaire en 1905. Diplôme de médaille de bronze, Exposition de 1878. Expert-arbitre près les tribunaux.",lycée de Saint-Etienne,diplome_superieur,,0,,0,0,0,668,168,0.8951
L1912-00975,DUPONT,Pierre,0,,10 avril 1.S62,1862,Vélines,Dordogne,"Ancien chef d'ateliers aux ateliers Duclos, ",,,"4, rue I",,10 juillet 1901,1901,0,,0,0,Ecole professionnelle de Bordeaux. Professeur de ferronnerie à la Bourse du Travail de Marseille de 1899 à 1901.,,,,0,,0,0,0,263,168,0.8924
L1912-00976,DUPOUX,,0,,4 nov. 1865,1865,Djeba,Alger,Entrepreneur à Pichon. ,industry_crafts,industry_crafts,,Sousse,1883,1883,3,merite_agricole;nichan_iftikhar;nichan_ed_dem,0,1,,,,,0,,0,0,0,619,168,0.8703
L1912-00977,DUPRÊ,Emile,0,,nov. 1S35,1835,Meaux,,"- Iftikhar. Contrôleur principal des Finances, ",administration,administration,"23, rue de la Commission, Tunis",Tunis,1889,1889,3,legion_honneur;medaille_coloniale;nichan_iftikhar,1,1,,,baccalaureat,"Engagé en 1855 au 2* lanciers, sous-lieutenant en 1862, permute pour le 2"" spahis, expéditions de 1862 à 1870, lieutenant en 1868, campagne de 1< rance 1870 comme capitaine du ""2* de marche des chasseurs d'Afrique (devenu le 4-°), capitaine commandant du 2* chasseurs d'Afrique, commandant en 1.882, chef d'escadrons au 26"" dragons, retraité en 1.890, 20 campagnes. Contrôleur civil suppléant de 1.890 ù. 1.896; détaché aux. Finances depuis 1.S96. Décédé à Tunis en 1909.",7,,0,0,1,711,168,0.832
L1912-00978,DURAN,André,0,,1877,1877,Valence,Drôme,"Rédacteur en chef de la ((Dépêche Tunisienne», avocat au barreau de Tunis, ",justice_law;press_letters_arts,justice_law,"4, avenue de Paris",Tunis,1905,1905,3,palmes_academiques;merite_agricole;nichan_iftikhar,0,1,"collège de Bergerac, lycée de Poitiers, Ecole des Hautes-Etudes, Faculté de théologie de Montauban, Facultés de droit de Paris et d'Aix; bachelier es lettres, bachelier en théologie, licencié en droit.'Secr. général du Syndical de la Presse tunisienne. Anc. co-direcleur de la «Réforme», ancien rédacteur en chef du «Courrier de Tunisie». Prés, du Comité des Sports athlétiques; v.- prés. du Comité du Tournoi inferna.tional d'escrime; v.-prés. de «l'Harmonie Française».","collège de Bergerac;lycée de Poitiers;Ecole des Hautes-Etudes;Faculté de théologie de Montauban, Facultés de droit de Pari",licence_droit;baccalaureat,,0,,0,0,1,707,168,0.9699
L1912-00979,DURAN,Vincent,0,,19 nov. 1865,1865,Fa- vignana,,Agent et courtier maritime; agent d'assurances; Sousse. ,commerce;finance_banking,commerce,,Sousse,1882,1882,0,,0,0,,,,,0,,0,0,1,105,168,0.898
L1912-00980,DUREL,Alphonse,0,,1856,1856,,,"Ingénieur à. la Direction générale des Travaux publics, Service des chemins de fer (1"" arr.); ancien élève de l'Ecole centrale des Arts et Manufactures de Paris. Entré dans l'administration le 25 juillet 1892.",military;engineering_architecture;industry_crafts;transport_maritime,military,,,,,3,palmes_academiques;merite_agricole;nichan_iftikhar,0,1,,Ecole centrale,,,0,,0,0,0,302,169,0.9449
L1912-00981,DUREL,Auguste,0,,1851,1851,,,"off. du Nicbari-lflikhar. Sous-ingénieur à. la. Direction générale des Travaux publics; chef du bureau des Bâtiments civils, ",military;engineering_architecture,military,"37, rue Jean-Le-Vacher, Tunis",Tunis,,,1,palmes_academiques,0,0,,,,,0,,0,0,0,226,169,0.9113
L1912-00982,DUREL,Joachim-Cliristian,0,,6 janv. 1878,1878,Toulouse,H.-Gar.,"off. du Nichan-lftikhar. Professeur au lycée Carnot, Tunis. ",education_science,education_science,,Tunis,1898,1898,3,palmes_academiques;nichan_iftikhar;ouissam_alaouite,0,1,"lycée, el Faculté des lettres de Toulouse; licencié, es lettres. Ancien professeur au collège Alaoui.",Faculté des lettres de Toulouse;collège Alaoui;lycée Carnot,,,0,,0,0,0,255,169,0.9116
L1912-00983,DURIEUX,Eugène,0,,6 déc. 1.859,1859,Verteillac,Dordogne,"Entrepreneur de travaux publics, quartier du""Belvédère, Tunis. Sept. ",industry_crafts,industry_crafts,,Tunis,1881,1881,0,,0,0,,,,,0,,0,0,0,129,169,0.885
L1912-00984,DURMEYER,Georges-Jacques,0,,1827,1827,Mulhouse,Alsace,"li a r. Officier retraité, ancien pasteur de l'Eglise réformée de France, an cien aumônier militaire du corps d'occupation. Tunis. Octobre 1881.",religion,religion,,Tunis,,,1,nichan_iftikhar,0,1,,,,,0,,0,0,0,232,169,0.8837
L1912-00985,DURMEYER,Louis-Gustavc-Alexis,0,,24 juillet 1.876,1876,Nolre-Dame-de-Coiiimier,,s (Isère). Instituteur à Midoun. Oct. ,education_science,education_science,,,1881,1881,0,,0,0,"lycée Carnot, Tunis, et Université de Paris; bachelier es lettres. Ancien rénétiteur au lycée Carnot.",lycée Carnot,baccalaureat,,0,,0,0,0,229,169,0.8623
L1912-00986,DURMEYER,,0,,nov. 1866,1866,Lyon,,"Greffier de la justice de paix de Tunis, c. Sud, S'-Henry, près de Tunis. Oct. 1881,",justice_law,justice_law,,Tunis,,,1,nichan_iftikhar,0,1,"lycée Biaise-Pascal, à Clermont-Ferrand; brevet d'arabe. Secrétaire en chef du Parquet de Tunis, 1883 à 1.890; greffier de la justice de paix de Bizerte, 1.890 à 1904; greffier de la justice de paix de Tunis, canton Sud ,1904.",lycée Biaise-Pascal,,,0,,0,0,0,403,169,0.9271
L1912-00987,DUSSOUILLEZ,Ferdinand-VictorLouis,0,,27 oct. 1878,1878,Paris,,"Chef du service des plantation de la Ville de Tunis, Pépinière municipale, route de L'Ariana, Tunis. ",,,,Tunis,27 fév. 1903,1903,1,nichan_iftikhar,0,1,"Ecole commerciale, 1892-93; diplômé de l'Ecole pratique d'agriculture du Chesnay, près de Montargis, 1894-95; ancien élève diplômé de l'Ecole nationale d'horticulture de Versailles, 1896-99. De 1900 à 1902, agent des plantations de caoutchouc du Rio-Company (Guinée française); de 1903 à 1905, chef jardinier de la Ville de Tunis; depuis 1.906, chef du service des plantations de la Ville de Tunis. Membre du jury des expositions d'horticulture en ""Tunisie; membre de la commission permanente de la Société d'horticulture de Tunisie. A écrit des articles horticoles dans la «Revue, horticole, apicole el avicole -tunisienne», articles reproduits par les journaux de France. Diplôme d'honneur au Concours agricole de Tunis. I1.» Elève d'Edouard André, l'architecte paysagiste qui a collaboré avec Alphand à. la création du Bois-de-Boulogne, des Bulles-Chaumont, du square des Batignolles, etc., à Paris.",,diplome_superieur,,0,,0,0,1,1110,169,0.9445
L1912-00988,DUVAL,Joseph,0,,1860,1860,Montpellier,Hérault,"agricole, gr. off. du Nichan-lftikhar. Proviseur au lycée Carnot de Tunis, Tunis. ",education_science,education_science,,Tunis,1886,1886,3,palmes_academiques;merite_agricole;nichan_iftikhar,0,1,lycées Louis-le-Grand et Saint-Louis; licencié ôs lettres.,lycée Carnot,,"professeur d'histoire, 1880; censeur, 1895; proviseur, 1898.",3,,0,0,0,320,169,0.9124
L1912-00989,DUVAU,Albert,0,,16 sept. 1851,1851,Soignolles,S.-ef-M.,"Directeur de l'Office de Colonisation de la Tunisie, propriétaire du «Clos des Jardins de Cartilage», viticulteur, ",agriculture,agriculture,"15, rue Es-Sadikia",Tunis,1884,1884,2,merite_agricole;nichan_iftikhar,0,1,"lycée de Sens et Faculté de droit de Paris; bachelier es lettres et licencié en droit. Expert agréé auprès des tribunaux de Tunis pour les expropriations; expert du Crédit Foncier de Tunisie, membre correspondant de l'Institut Colonial de Marseille. A été secrétaire général du Comice agricole, de la Tunisie, de la Société d'Agriculture, de l'Association agricole de la Tunisie, etc., actuellement secrétaire général du Syndicat obligatoire des Viticulteurs, président de la Section E de l'Assistance Mutuelle Tunisienne.",lycée de Sens;Faculté de droit de Paris;Institut Colonial,licence_droit;baccalaureat,,0,"à Paris : publications diverses, collaborateur à l'OEuvre de l'Assistance par le Travail; à Tunis : directeur du journal «La Démocratie», rédacteur au journal «La Vie Coloniale». Placement gratuit des. ouvriers agricoles français. Délégué des Chambres d'agriculture et de commerce de Tunisie à l'Exposition Universelle de Paris 1900. 3E",1,0,1,1165,169,0.9178
L1912-00999,EICHMULER,Georges,0,,25 oct. 1866,1866,Vienne,Autriche,"Médecin, 1.",medicine_health,medicine_health,"9, rue d'Italie, Tunis",Tunis,,,1,palmes_academiques,0,0,,,,,0,,0,0,0,190,173,0.8934
L1912-01000,EIGENSCHENCK,Henri- Kilien,0,,9 septembre 1851,1851,Monlargis,Loiret,Secrétaire général adjoint du Gouvernement tunisien. Janv. ,military;administration,military,,,1886,1886,2,palmes_academiques;nichan_iftikhar,0,1,"lycée de Nancy et Faculté de droit de Paris. Docteur en droit. Fut attaché au Ministère de l'Intérieur jusqu'à sa nomination à Tunis, demandée par M. Cambon,Résident Général, en 1886. Décédé et inhumé le 3 septembre 1899, à Tunis.",lycée de Nancy;Faculté de droit de Paris,doctorat_droit,,0,,0,0,0,415,173,0.9259
L1912-01001,EIGENSCHENCK,Charlotte,0,,,,,,"Fondatrice et directrice de l'Ecole de jeunes filles musulmanes, ",military;education_science;religion;engineering_architecture;administration;industry_crafts,military,"22, rue Monastiri, Tunis",Tunis,3 janvier 1886,1886,2,palmes_academiques;nichan_iftikhar,0,1,,Ecole de jeunes;Ecole Centrale,,,0,,0,1,1,1417,173,0.9373
L1912-01012,EL ANNABI,Béchir,1,,juin 1871,1871,,,"Ancien fonctionnaire, p'j'opriôtiaire agriculteur/Punis.",administration;agriculture,administration,,,,,2,nichan_iftikhar;ouissam_alaouite,0,1,collèges Alaoui et Sadiki. Brevet de capacité.,,,"instituteur de 1890 à, 1895, interprète de contrôle de 1895 à, 1900, interprète de mairie de 1900 à 1907. Membre de l'Association des anciens élèves du Collège Sadiki. A abandonné volontairement l'administration après dix-huit ans de services, pour s'adonner à l'agriculture el, à l'industrie.",3,,0,0,0,477,174,0.9159
L1912-01013,EL ANNABI,Sadok,1,,4 janv. 1875,1875,Tunis,,Secrétaire-interprète à la Municipalité de Bizerte.,administration,administration,,Tunis,,,1,ouissam_alaouite,0,0,"collège Sadiki, lycée Carnot et collège Alaoui; brevet élémentaire.",collège Sadiki;lycée Carnot;collège Alaoui,,instituteur et receveur des Postes et Télégraphes de 1895 à 1902; secrétaire commis à la Recette et interprète à la Municipalité de Bizerte depuis 1902.,2,,0,0,0,332,174,0.9238
L1912-01029,ELES,Emilio,0,,18 juillet 1874,1874,Sinigaglia,,"prov. d'Ancone (Italie). Vice-consul d'Italie, Bizerte. ",diplomacy,diplomacy,,Bizerte,2 janv. 1907,1907,0,,0,0,Faculté de droit de l'Université de Rome; docteur en droit.,Faculté de droit de l'Université de Rome,doctorat_droit,"élève-consul attaché au Ministère des Affaires Etrangères à Rome, vice-consul de 2° classe au Consulat général à NewYork, vice-consul de 1"" classe au Consulat général à Tunis.",1,,0,0,0,369,175,0.9262
L1912-01031,EL FOURATI,Mohammed,1,,,,,,"Membre de la Conférence Consultative pour le contrôle de Tunis, depuis 1907 ; secrétaire élu de la section indigène de. la Conférence Consultative (1911-1912).",politics_native_admin;diplomacy,politics_native_admin,,Tunis,,,3,legion_honneur;palmes_academiques;nichan_iftikhar,1,1,,,,,0,,0,0,0,261,175,0.9467
L1912-01032,EL FOURTI,Béchir,1,,1884,1884,Tunis,,Directeur du journal «Et Takadom».,press_letters_arts,press_letters_arts,,Tunis,,,0,,0,0,Grande Mosquée; diplômé de sciences pratiques à la Khaldounia. Professeur à la Grande Mosquée Ezzitouna.,Grande Mosquée;Khaldounia;zitouna,diplome_superieur,,0,,0,0,0,181,175,0.875
L1912-01046,EL KAROUI,Mohammed,1,,27 avril 1847,1847,Tunis,,"Chef du service des archives générales du Gouvernement tunisien, 8-",military,military,"11, rue EI-Monastiri, Tunis",Tunis,,,3,legion_honneur;palmes_academiques;nichan_iftikhar,1,1,ancienne école militaire du Bardo. Grades militaires : de caporal à colonel.,,,"aide de camp du général Kheïreddme et interprète du Comité exécutif de la commission financière; secrétaire particulier de Mohamed Khasna.dar; secret, de la Commission financière; interprète principal aux Affaires étrangères; chef du bur. des interprètes; chef du Secrétariat général du Gouvernement tunisien; directeur du collège Sadiki; archiviste du Gouvernement tunisien.",9,,0,0,0,693,176,0.9651
L1912-01049,EL-KHALSI,M'hamed,1,,1873,1873,Tunis,,"Négociant, articles d'Orientparfumerie, rue de la Kasba, 208, Tunis.",commerce,commerce,,Tunis,,,0,,0,0,Grande-Mosquée.,,,,0,,0,0,0,127,176,0.906
L1912-01052,EL LEZZAM,Abderrahmane,1,,,,,,Membre de la Conférence Consultative pour le contrôle de Bizerte depuis 1907.,politics_native_admin;diplomacy,politics_native_admin,,Bizerte,,,0,,0,0,,,,,0,,0,0,0,103,177,0.9567
L1912-01065,ELZEAR,,0,,,,,,"(Elzéar Bonnier, dit Pierre), littérateur français, né en 1848. Fils du jurisconsulte Edouard Bonnier, auteui de « Les écoliers d'amour » (1875); « h Cousin Florestan»; «Racine sifflé», pièces en un acte; «le Grand frère», jouée à l'Odéon en 1876; «Jack Tempête», pièce en sept actes (1882), jouée à ",diplomacy,diplomacy,,Tunis,,,0,,0,0,,,,,0,,0,0,1,674,177,0.9307
L1912-01066,EMONTS,Charles,0,,30 déc. 1864,1864,Paris,,Architecte; secrétaire de la Direction des Antiquités et Arts. Janv. ,engineering_architecture,engineering_architecture,,,1907,1907,2,palmes_academiques;nichan_iftikhar,0,1,"Ecole nationale des Arts Décoratifs de Paris (1"" prix de composition d'ornements), Ecole des HautesEtudes. Fondateur et ex-président de l'Association des anc.-élôves de l'Ecole nationale des Arts décoratlfs.TRAVAux: illustrations, plans et cartes pour les publications historiques et scientifiques du Ministère de l'Instruction publique; travaux pour le Muséum d'Histoire naturelle, BSAcadémie des Inscriptions, la Société des Antiquaires, etc. Collaboration à la restauration de nombreux monuments historiques. Modèles pour la céramique et l'orfèvrerie (Salons des Artistes français el de la Société nationale).",Ecole des HautesEtudes,,,0,,0,0,0,792,177,0.9675
L1912-01072,ENDIGNOUX,Auguste-Philippe-Adolphe-Marie,0,,6 août 1859,1859,Rome,,Propriétaireagriculteur à Gaffour. Nov. ,agriculture,agriculture,,,1882,1882,3,palmes_academiques;merite_agricole;nichan_iftikhar,0,1,,,,,0,,0,0,0,870,177,0.9463
L1912-01078,ENGERER,William,0,,20 avril 1850,1850,Malte,,"Propriétaire et courtier maritime, Sousse. ",commerce,commerce,,Sousse,1880,1880,1,nichan_iftikhar,0,1,collège de Malte; Goals Merchants; Ship agents.,collège de Malte,,,0,,0,0,0,171,178,0.9214
L1912-01079,ENNOURI,M'hamed,0,,1828,1828,Bône,Algérie,"chev. du Cambodge. Propriétaire, installé à Bi- zerte depuis 1868. Conseiller municipal i de cette ville depuis 1S90. i",politics_native_admin,politics_native_admin,,,,,1,nichan_iftikhar,0,1,,,,,0,,0,0,0,185,178,0.68
L1912-01081,ENRIQUEZ,Daniel,0,,5 août 1886,1886,Tunis,,Professeur de comptabilité.,education_science,education_science,,Tunis,,,0,,0,0,Ecole des Hautes Etudes commerciales. Ragioniere. Chef comptable de diverses sociétés industrielles et actuellement représentant de commerce. Collaborateur au «Journal des comptables».,Ecole des Hautes,,,0,,0,0,0,260,179,0.9563
L1912-01082,ENRIQUEZ,Guillaume,0,,14 mai. 1875,1875,Tunis,,"agricole, comm. du Nichan-lftikhar. Avocat à la Cour d'appel de Paris.",justice_law,justice_law,,Tunis,,,3,palmes_academiques;merite_agricole;nichan_iftikhar,0,1,"lycée Saint-Charles de Tunis; Faculté de droit de Paris; bachelier es lettres et docteur en droit. Juge de paix suppléant du X° arr. Membre du Comité exécutif du Parti radical et radical-socialiste; avocat conseil de la Société de secours mutuels des Ouvriers de la Boucherie en gros, de la Société de sec. mutuels des Ouvriers Boyaudiers, du Syndicat des Abatteurs de Porcs et, enfin, k La Vileite, de la Société de secours mutuels «La Solidarité Amicale des Ouvr.Emball. et parties similaires,de la. Ligue des Droits de l'Homme et d'un certain nombre de Jeunesses Républicaines.",lycée Saint-Charles;Faculté de droit de Paris,doctorat_droit;baccalaureat,,0,"«Les Propriétaires, la main-d'oeuvre et le Crédit agricole en Tunisie», 1 vol.; nombreuses conférences à l'Egalité, Université populaire des IX° et X' arr.",1,0,0,918,179,0.9663
L1912-01091,Epargne Tunisienne,L',0,,,,,,"Société coopérative française de consommation à capital variable. 1902. Siège social, ",,,"14, rue d'Espagne, Tunis",Tunis,,,1,ouissam_alaouite,0,0,,,,,0,,0,0,0,1757,181,0.9571
L1912-01093,EPINAT,Alexandre,0,,23 mai 1850,1850,Paris,,"agricole, comm. du Nichan-lftikhar. Propriétaire et industriel ,Mahdia. ",industry_crafts,industry_crafts,,Mahdia,1851,1851,3,palmes_academiques;merite_agricole;nichan_iftikhar,0,1,Pensionnat des Frères des écoles chrétiennes à Tunis. Ancien d i r e cteur de la Banque Transatlantique à Tripolide-B a r b a r i e. Président du cercle international de Malidia. Inventeur du broyeur dônoya.uteur pour la fabrication de l'huile d'olive. Suppléant du juge de paix; membre de la Chambre mixte du Centre et ancien vice-président de celte associa lion; ancien vice-président délégué de la Municipalité de Mahdia.,,,,0,,0,0,0,584,181,0.9633
L1912-01094,EPINAT,Charles,0,,28 juillet 1868,1868,Mahdia,,Colon et industriel; président de la Commission scolaire. Mahdia (Tunisie).,industry_crafts;agriculture,industry_crafts,,Mahdia,,,3,palmes_academiques;merite_agricole;nichan_iftikhar,0,1,"première école française de Mahdia, dirigée par M. Epinat père. Au Concours agricole de Sfax : médaille d'or pour la fabrication des huiles d'olives, médaille d'argent pour la, production du sel marin. Ex-interprète auxiliaire du Bureau des . renseignements . militaires de Mahdia. Actuellement agent consulaire de France; agent de la"" Compagnie de Navigation Mixte (Cie Touache).",,,,0,"fouilles archéologiques à Mahdia, Dimas et Chebba; divers rapports sur des découvertes archéologiques, publiés clans le «Bulletin Officiel de l'Institut».",1,0,0,741,181,0.9436
L1912-01097,ERRAIS,,0,,,,,,"(Mohamed ben), 188, Tunis, Cordonnier, rue Es-Sraïria, 1.7, Tunis.",,,,Tunis,,,1,ouissam_alaouite,0,0,"collège Alaoui, Ecole professionnelle (section du fer). Certificat d'études primaires.",collège Alaoui,certificat,,0,,0,0,0,169,183,0.933
L1912-01098,ERRERA,Giuseppe,0,,1.859,1859,Pantolleria,,"Médecin-chirurgien, rue de Carthage, 24, •La Goulelte. 28'nov. ",medicine_health,medicine_health,,Carthage,1901,1901,1,nichan_iftikhar,0,1,"Université de Naples. Docteur en médecine; médecin de la Société de M. S. degli opérai di Goletta, médecin du réseau T.-G.-M., médecin de S. A. le Bey du camp.",,doctorat_medecine,,0,,0,0,0,320,183,0.9411
L1912-01099,ESCANO,Ernest,0,,8 juin 1SC0,1860,Tunis,,"Représentant de commerce, commission, agréeur en céréales, dépositaire d'industrie et maisons de France, ",commerce,commerce,"9, av. Jules-Ferry, Tunis",Tunis,,,1,nichan_iftikhar,0,1,collège des Frères de Tunis. Membre du Conseil d'administration et caissier de l'hôpital colonial italien; membre fondateur et assesseur du Comité permanent des fêtes de Tunis.,collège des,,,0,,0,0,0,380,183,0.9656
L1912-01101,ESPIAUT,Henri-Edmond,0,,20 novembre 1862,1862,Nérac,L.-et-Gar.,"chev. du Christ du Portugal. Commissaire de police à, Tunis. ",,,,Tunis,29 nov. 1900,1900,3,palmes_academiques;nichan_iftikhar;christ_portugal,0,1,école primaire supérieure. Maréchal des logis de réserve. SUCCESS 1 : Commissaire spécial de la frontière espagnole de 1889 à. 1892; commissaire spécial de la Sûreté en Algérie de 1892 à 1897; commissaire- spécial des chemins de fer à Toulouse et Marseille de 1897 à 1900.,,,,0,,0,0,0,493,183,0.8972
L1912-01102,ESPITALIER,Jules,0,,1865,1865,Marseille,B.-du-R.,"Chef d'orchestre, Tunis. ",,,,Tunis,1900,1900,1,nichan_iftikhar,0,1,"Conservatoire de Marseille; premier prix de violon et de solfège en cours supérieur; exchef d'orchestre au Casino municipal de Tunis : membre cie divers jurys; membre de la Société des auteurs et compositeurs, Paris. Décédé à Tunis en 1910. «Es Sabah». Seul quotidien israélite du nord-africain; le plus fort tirage des journaux israélite de Tunisie, 24, rue Sidi-Sifiane, Tunis. 1"" nov. 1904. Journal d'informations et de nouvelles; organe des intérêts des israélites en Tunisie. Personnel : Un directeur-rédacteur en chef, deux rédacteurs, un reporter et un administrateur.",,,,0,,0,0,0,688,183,0.9401
L1912-01104,ESSALMI,,0,,,,,,"(Mohamed el Djilani ben Ahmed), 1.°' rabia 1268, Teboursouk. Cadi de Mateur.",justice_law,justice_law,,Teboursouk,,,0,,0,0,Djamà-ez-Zitouna. Motawa.,Zitouna,,"agriculteur, cadi a Nefta, . à Zaghouan et actuellement à Mateur.",2,,0,0,0,196,183,0.9052
L1912-01105,Essor,L',0,,,,,,"Société artistique et littéraire. Section tunisienne du «Théâtre Pour Tous», ",,,"6, rue d'Italie, Tunis",Tunis,1905,1905,0,,0,0,,,,,0,"dix-huit auditions littéraires et musicales gratuites. Représentatiqns de «Monsieur Badin», «Non-lieu», «Victoires et Conquêtes», «Le Commissaire est bon enfant», «Le Gendarme est sans pitié», «Un client sérieux», «Lidoire», «Les Oubliettes», «Le Misanthrope» (1"" acte) à la première fête au théâtre antique de Cartilage; le 5° acte de «Polyeucte»; à la 2"" fête de Carthage «La Mort de Cartilage»; «Crainquebille», 3 actes (au Rossini); le 6"" acte de «Louise» (création à Tunis); Le Théâtre d'Ombre. Concours gracieux offert à. toutes les fêtes de charité, de mutualité, de bienfaisance, etc.",1,0,0,1195,183,0.9452
L1912-01106,ESTIBAL,Jean-Romain.-Camille,0,,4 mai 1870,1870,Agen,L.-et-G.,"Chef de bureau à l'Administraton centrale de l'Armée tunisienne, en disponibilité, Percepteur de 2° classe à Cayèux-surI Mer (Somme); 14 sept. 1892. Officier d'administration de réserve du cadre auxiliaire des bureaux de l'Intendance; ancien secrétaire de contrôle civil; ancien administrateur de la ",administration,administration,"2, rue de la",Tunis,,,2,palmes_academiques;nichan_iftikhar,0,1,,,,,0,,0,0,0,764,183,0.9303
L1912-01107,ESTRAGNAT,Jules,0,,17 sept. 1.875,1875,,,"(Jules), 17 sept. 1.875,",,,,,,,0,,0,0,,,,,0,,0,0,0,34,184,0.796
L1912-01108,ETTIJANNI,Mohamed Cherif,0,,1884,1884,Publicisle et propriétaire,,"rue Eldjemâa, 8, Tunis.",,,,Tunis,,,0,,0,0,"école laïque de la rue de Suède à Tunis et Djamâ-ez-Zilouna. Directeur du journal «El Mouncef», qui fut interdit à cause de ses idées Irop avancées, puis du «Kiilib el Alein» el, actuellement du «El Tasamah». Lyon, off. du Nichanlftikhar. Pharmacien de 1"" classe, Tunis. 1902. Bachelier es lettres ; essayeur du commerce ; expert près les tribunaux ; ancien pharmacien de l'Assistance publique de Paris. Aide-major de 2° classe de réserve. Médailles d'nrffpnt. à",,baccalaureat,,0,,0,0,1,557,184,0.8997
L1912-01110,EXIGA-KAYSER,Charles-Jacques,0,,20 avril 1.859,1859,Jemmapes,Constantine,"coloniale avec agrafes «Algérie» et Tunisie», off. du Nichan-lftikhar ! Propriétaire à. Tunis. ",,,,Tunis,21 mai 1881,1881,2,medaille_coloniale;nichan_iftikhar,0,1,"collège de Bône el lycée de Constantine. Ancien officier interprète el contrôleur civil. A publié la traduction, en regard du texte arabe, du récit des divers combats livrés par Draguf contre les Espagnols dans l'île de Djerba. Etrangers. Voici, d'après une statisliaue récente, le nombre des étrangers résidant dans la Régence de Tunis: Allemands, 321; Américains, 29; Anglais (Maltais), 12.162; Autrichiens, 411; Belges, 146; Danois, S; Egyptiens. 37; Espagnols, 1.221; Grecs, 722; Hojiandais, 396; Italiens, 102.SS5; Norvégiens. 16 : Persans, 4 ; Portugais, 82 ; Roumains, 3; Russes, 71; Suédois, 3S; Suisses, 375; Turcs, 596. Soit un total de 11.9.523 étrangers. Le Contrôle des étrangers esl une des attributions de la Sûreté publique. Le décret du 13 avril 1.898 a réglementé l'établissement des étrangers dans la Régence. Tout étranger qui veut établir sa. résidence en Tunisie ou y exercer une profession, un commerce ou une industrie quelconque, doit, dans un délai de cinq jours à partir de son arrivée, faire devant l'autorité de police locale une déclaration de résidence en justifiant de son identité. Le Bey a le droit d'expulsion, mais les arrêtes d'expulsion doivent être contresignés par le Résident Général.",collège de Bône;lycée de Constantine,,,0,,0,0,1,1423,184,0.8989
L1912-01111,EYMON,Louis,0,,29 mars 1840,1840,,,"(Louis), 29 mars 1840. 'l'unis. Hôtelier (Hôtel Eymon), Porle-de-France. Tunis. ETUDES' : collèue Saint-Louis. Membre fondateur et conseiller de la Société des Hôteliers; membre actif de la Société d'Aviculture ; doyen des bô-. teliers de Tunis. «La correspondance des Beys de Tunis et des Les étrang",hospitality_services,hospitality_services,,Tunis,,,2,legion_honneur;couronne_italie,1,0,Université de Bologne; bachelier.,,baccalaureat,"rédacteur du journal la « Tribuna » de Rome et directeur du journal ]'«Unione», à 'l'unis.",1,,0,0,0,1374,184,0.8984
L1912-01112,FABRY,Paul-Auguste,0,,1855,1855,Marseille,,"publique, gr. cordon de l'Ahed et du Nichanlftikhar, off. des SaintsMaurice- ef-l.azare. -Procureur général près"" la. Cour d'Appel de C.aen 31 juillet 1884.",justice_law;military;religion,justice_law,,,,,2,legion_honneur;palmes_academiques,1,0,lycée de Marseille et Faculté de droit de Paris ; docteur en droit ; lauréat de la Fnp.ll 11.6 fin rlrnit. de Paris; prix d'honneur au Concours général.,lycée de Marseille;Faculté de droit de Paris,doctorat_droit,"substitut, juge d'instruction, vice-président, procureur de la. République el président du Tribunal civil de 'l'unis. Conseiller à. la. Cour d'Appel de Paris 1904 el procureur général près la. Cour d'appel de Ca.en (191.1), ancien président, de l'Institut de Carthage, ancien président de la section de l'Alliance française de Tunis Membre de la.Commission tunisienne des réformes judiciaires.",7,,0,0,0,822,185,0.9252
L1912-01113,FAGES DE LATOUR,Eugène DE,0,,30 janv. 1862,1862,Coutras,Gironde,"comm. du Dragon de l'Annam. Ingénieur en chef des P o n t s et Chaussées ; directeur général • des Travaux publics de la Régence, 58, l-innl 15nh.Ro. nat, Tunis. 15 sept. 1891 (comme ingénieur des Ponts el Chaussée à Sousse; nommé à. Tunis le 1"" sept. 1893).",military;engineering_architecture;administration,military,,Tunis,,,5,legion_honneur;leopold_belgique;palmes_academiques;merite_agricole;nichan_iftikhar,1,1,lycée d'Albi et Saint-Louis; Ecole Polytechnique; bachelier es lettres et es sciences. Commandant de territoriale du génie.,lycée d'Albi;Ecole Polytechnique,baccalaureat,"élève ingénieur le 1"" oct. 1882, ingénieur ordinaire le 1"" juillet 1.885, ingénieur en chef le 1"" mars 1904, Directeur Général des Travaux publics le 1"" nov. 1903.",3,mission au Tonkin en 18S5-S6 pour le compte du Ministère de la Marine; projet de l'arsenal de Port-Courbet dans la baie d'Olong; collaboration de dix ans aux études el aux travaux de l'asenal de SidiAbdallah (Bizerte).,1,0,3,1015,185,0.9169
L1912-01114,FAGOT,Charles-Louis,0,,13 fév. 1862,1862,Vertus,Marne,"Commissaire de police, au titre métropolitain ",,,"120, rue d'Autriche, Tunis",Tunis,5 février 1908,1908,1,medaille_militaire,0,0,,,,,0,,0,0,1,337,185,0.8825
L1912-01116,FARGEON,Jacques-Raoul,0,,7 mai 1889,1889,Tunis,,"Pul-ilîi-MQfp :i fmlic RTTinïrç ■ lvp.pe Carnot de Tunis ; gradué en droit. Ancien secrétaire de la rédaction du «Journal de Tunis»; actuellement r é d a cteur à la «Petite Tunisie socialiste»; secrétaire de la, rédaction du «Trait d'Union»; collaborateur au «Courrier de Tunisie». Directeur de la Se",,,,Tunis,,,1,nichan_iftikhar,0,1,,,,,0,,0,0,0,726,186,0.9161
L1912-01117,FARHAT,Chadly,0,,,,,,"d'honneur, comm. du Nichan-lftikhar. Caïd du Cap-Bon, ",politics_native_admin,politics_native_admin,"6, rue Mourad, Tunis",Tunis,,,2,legion_honneur;nichan_iftikhar,1,1,"collège Sadiki. Commandant, ancien aide de camp de S. A. le Bey. Ancien caïd du Kef. de Béja, de Mahdia. Nommé caïd en 1888.",collège Sadiki,,,0,,0,0,0,302,186,0.9098
L1912-01119,FATH,Charles,0,,16 avril 1859,1859,,,"coloniale, agrafe «Tunisie», Médaille de la Mutualité. Directeur du personnel de l'Imprimerie Rapide (Médaille d'argent de collaborateur à l'Exposition coloniale de Marseille, 1906). Juillet 1881. Membre du Conseil de surveillance et administrateur du «Bulletin» de l'Association Mutuelle Tunisienne.",administration,administration,,,,,2,nichan_iftikhar;medaille_coloniale,0,1,,,,,0,,0,0,1,443,186,0.9499
L1912-01121,FATTACIOLI,Jean-Martin,0,,6 mai 1870,1870,Baslelica,Corse,"Pharmacien de 1."" classe, av. de France, Tunis. Mars 1900.",medicine_health,medicine_health,,Tunis,,,0,,0,0,"collège d'Ajaccio, lycée de Marseille el Université de Montpellier.",collège d'Ajaccio;lycée de Marseille,,,0,,0,0,0,192,186,0.8696
L1912-01122,FAUCHE,Antoine-Victor,0,,20 juin 1S82,1882,Grenoble,Isère,"Professeur à l'école primaire supérieure de Sousse. Novembre 1902. Bachelier ôs lettres; brevet supérieur; certificat d'aptitudes pédagogiques. Ancien instituteur à. Sfax et à Bizerte et ancien maître-répétiteur au lycée Carnot à, Tunis. Entré dans l'administration le 25 nov. 1.902.",education_science,education_science,,Sousse,,,0,,0,0,,lycée Carnot,baccalaureat;brevet_superieur;certificat,,0,,0,0,0,340,186,0.907
L1912-01124,FAURE-DÈRE,François,0,,15 décembre 1877,1877,Ba,,"agricole Agriculteur,domaine de SaintSernin, près de Béja.Septembre 1898. Bachelier es lettres. Président de l'Association des Colons de Béja et de l'Association des Colons des Nefza; membre de la Chambre cl Agriculture du Nord; délégué de la Conférence Consultative (1"" collège, contrôle de Béja).",politics_native_admin;diplomacy;agriculture,politics_native_admin,,Béja,,,1,merite_agricole,0,0,,,baccalaureat,,0,,0,0,0,387,186,0.8873
L1912-01131,FËLICI,Noël,0,,oct. 1.878,1878,Ajaccio,,Huissier à Tala. ,justice_law,justice_law,,,1901,1901,1,nichan_iftikhar,0,1,"collège Fesch, d'Ajaccio, bachelier de l'enseignement secondaire classique et moderne. Ancien secrétaire de Contrôle civil..",collège Fesch,baccalaureat,,0,,0,0,0,221,187,0.931
L1912-01133,FENECH,,0,,21 sept. 1.848,1848,Malte,,"Vice-consul d'Aulriche-Hongrie (I. R.), Tunis. ",diplomacy,diplomacy,,Tunis,10 sept. 1869,1869,0,,0,0,Université de Malte. Conseiller municipal de Tunis de 1886 à 1890.,,,,0,,0,0,0,177,187,0.8144
L1912-01143,FERRAND,Henri,0,,6 sept. 1S62,1862,Clairvanx,Aube,"agricole, connu, du Mehan-Iflikhar. Chef du bureau de l'Assistance publique cl des Services pénitentiaires au Gouvernement tunisien, 4, imp. de la Blanchisseuse, Tunis. Nov. ",,,,Tunis,1887,1887,2,palmes_academiques;merite_agricole,0,0,"lycée d'Alger, F.colc nationale d'agriculture de Montpellier; bachelier ôs sciences. Ingénieur agricole.",lycée d'Alger,baccalaureat,,0,,0,0,0,390,188,0.9246
L1912-01144,FERRY,Jules-François-Camille,0,,,,,,"publique dans le cabinet Waddinglon (1.879); réorganisa. l'Université et prononça, la. dissolution des congrégations non furtorisêes. Président du Conseil en septembre 1880, il instaura pour la France une politique coloniale. C'est par la Tunisie que Jules-Ferry inaugura- l'accomplissement de son va",justice_law;military;politics_native_admin,justice_law,,Ferryville,,,1,palmes_academiques,0,0,,,,,0,,0,0,0,2183,188,0.9439
L1912-01145,FERRY,Oscar-Joseph,0,,17 oc,1706,,,"comm. du Nichan - Iftikhar. Médecin principal de 1™ classe; médecin chef de l'hôpital de Versailles.1"" mai 1907.",medicine_health,medicine_health,,,,,4,legion_honneur;medaille_coloniale;palmes_academiques;nichan_iftikhar,1,1,"lycée de Lille el Faculté de médecine de Paris; Ecole d'application du Val-deG r â. c e (1.878). Corps expéditionnaire de '1 imisie on 1SS1, comme médecin aide-major au 33* rég. d'inf. ((>• brigade de renfort); Algérie, 18S7-1.S91 : Boghar, Lagliouat, hôpital du Dey à. Alger; médecin chef de l'hôpital militaire du Belvédère jusqu'en juillet 1911.",lycée de Lille;Faculté de médecine de Paris,,,0,,0,0,0,626,188,0.8467
L1912-01147,FESLER,,0,,23 fév. 1870,1870,Tunis,,"Asent de l'Office postal (cadre local), ",,,"39 bis, av. de Paris/Punis",Tunis,,,1,nichan_iftikhar,0,1,,,,,0,"Fonde en 1889 une revue littéraire bi-niensuelle intitulée la. «Revue Africaine», rédigée en langues française et italienne, et dont Emile Zola accepte la Présidence du Comité d'honneur. Fait représenter en 1894. au «Politeama Tunisien», sa première pièce en 3 actes : «Pour le Tsar !»; Fonde on 1895 une Société d'Amateurs de l'Art dramatique dont l'illustre dramaturge Victorien Sardou accepte le parrainage, et qui, placée sous le haut patronage de S. A. Ali-Bey et de M. René Millet, résident général de France à Tunis, prend le nom de Société «Victorien Sardou». Est nommé Président de celle association, qui donne une série de représentations au profit d'oeuvres charitables; est nommé Vice-président de la Société «l'Art Dramatique»; traduit et fait jouer, en langue italienne, par la troupe Allumante : « 1.15, rue Pigalle », comédie d'Alexandre Bisson; critique dramatique et musical de 1'«Afrique Française», grand quotidien fondé en 1897 par Pierre Elzéar (Bonnier-Ortola.n) et Pellerin; assure, de 1S97 à 1899, la critique dramatique el musical de Y «Unione»; collabore successivement, toujours en qualité de rédacteur artistique, à. 1' «Echo cie 'l'unis», à la. «Régence», de Pierre Elzéar, à «La Bohème», au «Promeneur», à «Tunis», de Georges Candas. Entre - temps, fait représenter sur la scène du Théâtre municipal (direction J.-B. Donchel) un vaudeville en un acte intitulé : «Permission de la nuit», qui est joué ensuite cinq fois consécutives au Théâtre municipal de Bizerte. Cette pièce a été reçue o.u Théâtre Cluny de Paris et va être jouée prochainement. A fait jouer depuis, au Théâtre Rossi' ni : «Les Drames de Londres» (en coll. avec Pierre Elzéar) et, tout récemment, «Milord s'amuse», opérette en 2 actes, musique du Maestro Michel Strino, représentée au Pa.lmarium municipal et au Théâtre Rossini; vient d'achever une pièce en un acte : «Flambard», épisode dramatique de l'épopée napoléonienne. Correspondant du «Ruy-BÎas» et de la. «Revue et Gazette des Théâtres» (Paris), de la «Rivisla Teatra.le», de la. «Rassegna Melodrammatica » et du « Nuovo Thealro» (Milan); membre du Syndicat de la Presse tunisienne; membre de la Société des Auteurs et, Compositeurs dramatiques. La famille Fesler. esl une des plus anciennes familles françaises établies dans la Régence. On trouve un Faesler, originaire de Strasbourg, médecin du Consulat français et du'Bey de Tunis, en 1.770. C'est l'arrière-grand-pôre de M. Anlony Fesler, dont nous donnons cidessus la biographie et le. portrait. Antoine Faesler eut un fils, Michel, qui lui succéda dans tes fonctions de médecin principal du Bey de Tunis. Nous trouvons son nom mentionné dans une liste de Français résidant en Tunisie, à la date du 1"" janvier 1813, Il fut nomme"" gr. off. clu Nichan-lftikhar. Son.fils, Ml chel Fesler, né à Tunis, fut chef de h musique du Bey de Tunis.",1,0,2,3008,188,0.9464
L1912-01148,FESQUET,Adrien,0,,23 mai 1873,1873,Croi,Gard,Institu leur à Tunis. ,,,,Tunis,19 oct. 1893,1893,1,nichan_iftikhar,0,1,"Ecoli normale de Nîmes (Gard). ""Brevet supé rieur. SUCCESS* : instituteur au lycée Car not de Tunis, 1893 à. 1898; directeur d l'école .(payante de Mahdia, 1898-1899 directeur de l'école de Ferryville, 1899 à 1906; directeur de'l'école du Bardo, 1906 à 1910. Mention honorable a. l'Exposition de Marseille?, pour notice sur Ferryville et ses environs.",lycée Car;école de Ferryville,,,0,,0,0,0,465,189,0.9008
L1912-01149,FESQUET,Mathilde,0,,6 oct. 1.873,1873,Pantin,Seine,"Directrice de l'école de la rue Sidi-Saber, à Tunis. ",,,,Tunis,20 oct. 1898,1898,0,,0,0,Ecole normale d'institutrices de Nîmes (Gard); brevet supérieur; certificat d'aptitudes pédagogiques.,Ecole normale;école de la,brevet_superieur;certificat,"directrice d'école à. Ferryville, 1899 à 1906; directrice de l'école du Bardo, 1.906 à 1910.",4,,0,0,0,331,189,0.8553
L1912-01151,FEUILLE,Henri,0,,,,,,"Huissier près les tribunaux de Tunis, ",justice_law,justice_law,"3, rue de Rome,Tunis",Tunis,,,3,palmes_academiques;merite_agricole;nichan_iftikhar,0,1,,,,,0,,0,0,0,191,189,0.929
L1912-01154,FIESCHI,Mariano,0,,6 fév. 1.865,1865,Peheto-Bichisano,Corse,"Professeur au lycée Carnot, Tunis. ",education_science,education_science,,Tunis,15 fév. 1892,1892,1,nichan_iftikhar,0,1,,lycée Carnot;lycée de Reims,baccalaureat,,0,,0,0,0,200,190,0.9062
L1912-01155,FIGRE,Auguste,0,,7 juillet 1857,1857,Margny,Ardennes,Receveur des Douanes. Sousse. ,administration,administration,,Sousse,1884,1884,2,merite_agricole;nichan_iftikhar,0,1,,,,,0,,0,0,0,224,190,0.914
L1912-01157,FILIPFI,Antoine,0,,21 nov. 1.869,1869,Baslia,Corse,"Commis dirigeant à l'Office postal, Tunis. ",administration,administration,,Tunis,25 oct. 1890,1890,1,nichan_iftikhar,0,1,"lycée de Bastia. Commis dirigeant (cadre local) au secrétariat de la Recelte principale des Postes à Tunis; ancien président de l'Association amicale des Postes et Télégraphes; membre fondateur de l'Assistance Mutuelle Tunisienne; membre fondateur du «Prolétaire prévoyant»; membre de .1'«Avenir du Prolétariat»; ancien trésorier de la Caisse d'économie franco-tunisienne; ancien, membre du Conseil d'administration de la Société « La Corse». Reçu au surnumérariat des Postes el, Télégraphes de France en 1894, a donné sa dômision pour rester dans l'Office postal tunisien.",lycée de Bastia,,,0,,0,0,0,714,190,0.9558
L1912-01160,FINOCCHI,Jules-Dominique,0,,21 août 1.884,1884,Patriomonio,Corse,"Commis à. l'Administration centrale de l'armée tunisienne, 47, r. Al-Djazira., Tunis.",administration,administration,,Tunis,,,0,,0,0,"lycée de Bastia. Ancien achninisLrateur-gér' du journal «Le Scorpion»; membre du bureau de l'Association amicale des fonctionnaires de l'Administration centrale, de l'armée tunisienne.",lycée de Bastia,,,0,,0,0,0,343,191,0.93
L1912-01161,FINOCCHI,Louis,0,,3 avril 1882,1882,Patrimonio,Corse,"Receveur de l'Enregistrement, attaché en qualité de rédacteur à la Direction des Contributions diverses, rue Al-Djazira, 47, Tunis. Déc. ",administration,administration,,Tunis,1900,1900,1,nichan_iftikhar,0,1,"lycée de Bastia; bachelier es lettres philosophie et mathématiques; Faculté de droit d'Aix; licencié en droit. SUCCESS 1 : surnuméraire des Finances et de l'Enregistrement; receveur adjoint des Contributions .diverses; receveur çle l'Enregistrement. Secr. de la société «La Corse», 1902-1909; v.-prés. de l'Union des Employés des services financiers.",lycée de Bastia;Faculté de droit d'Aix,licence_droit;baccalaureat,,0,,0,0,0,580,191,0.9359
L1912-01162,FINZI,Joseph,0,,14 mars 1865,1865,,,Directeur de la succursale de la Banque de Tunisie à Sousse ! depuis 1892. . . •,finance_banking,finance_banking,,Sousse,,,1,nichan_iftikhar,0,1,,,,,0,,0,0,0,135,191,0.7957
L1912-01163,FISCHEL,Félix,0,,16 fév. 1868,1868,Alger,,"Entrepreneur de marbrerie, ",industry_crafts,industry_crafts,"13, route de L'Ariana",Tunis,,,1,nichan_iftikhar,0,1,"école nationale des Beaux-Arts d'Alger. Dirige une maison de commerce à. Tunis et deux maisons à Bône (Algérie)., Monument du sergent Blandan à Bouiarik (Algérie), monument de Gérôme Berlagna à Bône (Algérie), monument de Ferdinand Thomas à l'unis. Diplômé de l'Ecole nationale des Beaux-Arts.",,diplome_superieur,,0,,0,0,0,436,191,0.9218
L1912-01164,FISGHEL,Maurice,0,,mai 1.873,1873,Alger,,"- Iftikhar. Négociant (huiles, vins fins, grand Cardinal, spiritueux), ",commerce,commerce,"31, rue Bab-el-Khadra, Tunis",Tunis,,,2,palmes_academiques;nichan_iftikhar,0,1,,,,,0,,0,0,0,369,192,0.8641
L1912-01165,FITOUSSI,Elle,0,,1872,1872,,,"Avocat au barreau de Tunis, 1.",justice_law,justice_law,"1, rue de Russie, Tunis",Tunis,,,3,legion_honneur;nichan_iftikhar;ouissam_alaouite,1,1,"collège Alaoui. Docteur en droit de l'Université de Paris. Diplôme du grade supérieur pour la langue arabe, le droit musulman et la législation tunisienne. Ancien attaché à la Direction générale des Finances. Membre de la Conférence Consultative depuis 1907. Rapporteur général du budget de la section indigène de la Conférence Consultative (session de 1.91.0); avocat conseil du Syndicat de la Presse; membre du Comité tunisien de l'Action républicaine aux Colonies; membre du bureau directeur du Comité d'hivernage; président du «Sporting-Club», etc. Membre de la Commission de réforme de la législation minière clans la Régence. Auteur de « l'Etat tunisien, son origine, son développement, son historique et son organisation actuelle ».",collège Alaoui,doctorat_droit;diplome_superieur,,0,,0,0,2,911,192,0.9569
L1912-01166,FLACK,Félix,0,,,,,,"(Félix) (pseudonymes littéraires : Frisson, Flamdor et Ch.-F. de La Ferre), 26 déc. 1886, Tunis. Publicisle à Sfax. Ancien rédacteur au «Courrier Tunisien»; rédacteur, secrétaire de la direction de la «Dépêche Sfaxienne». Membre délégué pour la. Tunisie du Syndicat national de la Presse et des Gens ",,,,Tunis,,,0,,0,0,,,,,0,,0,0,0,865,192,0.9582
L1912-01168,FLAMANT,Albert,0,,0 sept. 1.875,1875,Pinligorski,Russie,"Contrôleur-adjoint de la. Garantie des ouvrages d'or et d'argent à Tunis, ",administration,administration,"47, rue AJ-Djazira, Tunis",Tunis,10 janvier 1888,1888,1,nichan_iftikhar,0,1,,,,,0,,0,0,0,435,192,0.8685
L1912-01169,FLAMANT,,0,,,,,,"Directrice de l'Ecole annexe de l'école Jules-Ferry, 1.",,,"6, rue de Russie, Tunis",Tunis,24 février 1892,1892,1,palmes_academiques,0,0,école primaire supérieure de jeunes filles de Grenoble; école normale de Grenoble (élève maîtresse); brevet élémentaire; brevet supérieur.,école normale,brevet_superieur,"institutrice dans le dé- parlement de l'Isère; institutrice à l'école Jules-Ferry, économe, puis directrice de l'école aimexe. Membre du Conseil de l'Instruction publique; membre du Conseil d'administration de l'Amicale primaire en Tunisie.",4,,0,0,0,603,192,0.9406
L1912-01170,FLEURETTE,,0,,1858,1858,,,"Médaille de la Mutualité. Entreposeur des Monopoles, Tunis. Entré dans l'Administration en novembre 1890.",,,,Tunis,,,2,nichan_iftikhar;medaille_coloniale,0,1,,,,,0,,0,0,0,168,193,0.9264
L1912-01171,FLEURY,,0,,23 juillet 1864,1864,Gerclies,S.-el-O.,"- Iftikhar. Industriel, ",industry_crafts,industry_crafts,"2, av. de Carthage, Tunis",Carthage,,,4,legion_honneur;palmes_academiques;merite_agricole;nichan_iftikhar,1,1,"lycée Fontanes, Ecole militaire de, Sainf-Cyr ; bachelier ôs ""lettres. Capitaine de réserve de cavalerie a l elal-major de la. brigade de cavalerie de Tunisie.",lycée Fontanes,baccalaureat,"sous-lieutenanl au 15"" chasseurs el au 3' spahis et lieutenant au V chasseurs d'Afrique. Conseiller municipal de Tunis depuis 1.898; prés, des «Enfants du Limousin» depuis 1894; prés, du Cercle d'Escrime français depuis 1899; prés, de la Société des Anciens Chasseurs d'Afrique depuis 1903; v.-prés. ùu Comité des fêles de Tunis jusqu'en 1907; membre du Comité d'Hivernage de la ""Tunisie.",7,"Création (lu service de diligences de 'l'unis à. Médenine par Sousse, Sfax et Gabès; de Nabeul à, Kelibia; de Gafsa à Gabès, etc. Création du service posta) pur automobiles de Sousse à Sfax el de Grailla à. Gabès. Mise en exploitation des tlionaires de Kurial et de Monaslir.",1,0,0,1134,193,0.8843
L1912-01172,FLOT,Louis,0,,7 nov. 1861,1861,Epinal,Vosges,"Artiste-peintre, ancien professeur au lycée Carnot de Tunis. Oct. ",education_science;press_letters_arts,education_science,,Tunis,1904,1904,2,palmes_academiques;nichan_iftikhar,0,1,,lycée Carnot;Ecole des Beaux-Arts,baccalaureat;diplome_superieur,"professeur de dessin au collège de Beaume-les-Dames, de La Fère, de Châlons-sur-Marne et de Tunis.",1,,0,0,0,438,193,0.9387
L1912-01181,FORETS,,0,,,,,,"(Direction des). La Direction des Forêts est un service dépendant de la Direction générale de l'Agriculture, du Commerce el de la Colonisation. Au point de vue forêts, la Tunisie est divisée en six circonscriptions : Tabarca, Aïn-Draham, El-Feïdja, Tunis, Le Kef, et Gafsa. A la tête de chaque circon",military,military,,Tunis,,,0,,0,0,,,,,0,,0,0,0,1893,194,0.9684
L1912-01182,FORESTIER,Georges,0,,28 sept. 1872,1872,Bordeaux,,"Négociant, 75, boni. Pereire, Paris. Conseiller du Commerce extérieur de la. France; président du Comité d'action républicaine radicale el radicale-socialiste; président de l'Association des officiers de l'Instruction publique et d'Académie; membre de la Chambre de commerce française de Milan; admin",commerce,commerce,,,,,3,palmes_academiques;merite_agricole;nichan_iftikhar,0,1,,,,,0,,0,0,0,879,194,0.9612
L1912-01184,FORGEMOL DE BOSTQUÉNARD,Léonard-Léopold,0,,,,,,"général français, né à Azerolles (Creuse), 1.821, mort à. Versailles, 1.897. Au sortir de Saint-Cyr el, de l'Ecole d'état-major sert en Algérie, colonel en 1.870, chef d'élal-major du 17* corps pendant la. guerre franco-allemande, généra) de brigade en 1871, divisionnaire en 1S79. Réprime l'insurrec",military,military,,Kairouan,,,1,leopold_belgique,0,0,,,,,0,,0,0,0,695,194,0.915
L1912-01185,FORTIN,Jules,0,,"1"" juillet 1844",1844,Le Mans,Sarthe,"coloniale (Algérie). Percepteur des Contributions directes en retraite, rue Legendre, 17, Tunis. ",administration,administration,,Tunis,5 nov. 1904,1904,1,medaille_coloniale,0,0,,,,,0,,0,0,0,264,196,0.8604
L1912-01186,FOUCAUD,Léon,0,,18 mars 1880,1880,Limoges,,"Artiste-peintre. 1.5. rue Bir-eli-iauja, tunis 3 déc. ",press_letters_arts,press_letters_arts,,,1905,1905,0,,0,0,"Ecole nationale d e s Beaux-Arts de Paris ; certificat d'aptitudes à l'enseig n e m e n l du dessin dans» les lycées el collèges, 1"" degré. Professeur au collège d'issoudun, puis à. l'Ecole professionnelle de Tunis ius qu'au 30 mai rJOh; illustration de 1 Album de la Presse ,1907; exposition de tableau s., mars 1907. FOUGHANA. C. c. de Tunis, caïdat, de la banlieue. D. A. Propr.: MM. Bouloux, Schmidt, Thilion, Dujardin, Bec, Boitard, Jambon, Brussian, etc.",collège d'issoudun,certificat,,0,,0,0,0,568,196,0.8945
L1912-01187,FOUCHER,Louis-Emile,0,,31 juillet 1853,1853,Orléans,Loiret,"de Russie, comm. de l'Epée de Suède. Colonel d'infanterie, commandant militaire du Sud Tunisien, en résidence à. Médenine. Engagé volontaire à 17 ans (13 août 1870), pour la. durée de la. guerre, au 41"" d'infanterie. Caporal le 19 déc. 1870 el sergent le 21. ",military,military,,,janv. 1871,1871,5,legion_honneur;palmes_academiques;merite_agricole;nichan_iftikhar;saint_stanislas,1,1,,Ecole de tir,,,0,,0,0,1,1527,196,0.9163
L1912-01188,FOUESNEL,Julien,0,,22 juin 1840,1840,Allaire,Morbihan,"(Morbihan), commandeur du Nichanlftikhar. Officier du port, Monaslir. ",military,military,,,25 novembre.1895,1895,0,,0,0,,,,,0,,0,0,1,242,196,0.9574
L1912-01189,FOULQUIER,Edisle,0,,30 août 1S44,1844,Saint-Marcel,Aude,"(Aude), off. d'Académie. Médecin à Bizerle. 1"" déc. ",medicine_health,medicine_health,,,1893,1893,1,palmes_academiques,0,0,Faculté de médecine de Paris. Président de la Société française de Bienfaisance de Bizerte.,Faculté de médecine de Paris,,,0,,0,0,0,213,196,0.8782
L1912-01191,FOURNIER,,0,,1854,1854,Peyrieux,Ain,"(Ain), chevalier de la Légion d'honneur.",,,,,8 novembre 1910,1910,1,legion_honneur,1,0,"Ecole Polyteclinique. Souslieu.tenanl,1876; lieutenant, 1"" octobre 187S; capitaine, 24 février 1881; chef de bataillon, 6 avril 1S96; lieutenant-colonel, 2S mai 1902; colonel, 26 déc. 19.05; général de brigade, 8 nov. 1910.",,,,0,,0,0,1,353,196,0.8005
L1912-01192,"• FRADET""",Martial,0,,26' juillet 1867,1867,Monsac,Dordogne,"(Dordogne), -chev. du Nichanlftikhar. Hôtelier. Hôtel des Ilivemeurs, avenue de Carthage et rue d'Autriche, Tunis. Mars 1905.",hospitality_services,hospitality_services,,Carthage,,,0,,0,0,"collège de Dax (jusqu'en rhétorique). Sergent-major de réserve. Régisseur d'immeuWes. Médaille de bronze de l'exposition d'aviculture de Tunis 1908. ,",collège de Dax,,,0,,0,0,0,331,196,0.8924
L1912-01196,FRANK,Louis,0,,,,,,"Quoique Belge de nationalité el neveu du célèbre"" médecin allemand Johann-Peter Frank, Louis Frank était, paraît-il, d'origine française; en tout cas, il montra toujours une vive affection pour la France. Lors de la. mémorable campagne d'Italie, le jeune homme, qui étudiait la médecine .'à Pavie, s'",medicine_health,medicine_health,,Tunis,,,0,,0,0,,,,,0,,0,0,0,1339,197,0.9804
L1912-01197,FRANZINI DTSSONCOURT,Fernand,0,,22 décembre 1863,1863,Virieu,Isère,"Propriétaire éleveur,. château d'Ocqueville par Néville (SeineInférieure. Ancien engagé volontaire au -ihussards, colonne du SudOranais; sousofficier au 16' dragons. A voyagé en Angleterre, Allemagne, Italie, pagne, Algérie et a fait plusieurs voyages d'études eh Tunisie. A décrit la détresse agrico",agriculture,agriculture,,,,,1,nichan_iftikhar,0,1,,,,,0,,0,0,1,667,197,0.9698
L1912-01198,FRÊMAUX,Paul,0,,27 juin 1858,1858,Marseille,,"Artiste musicien ; chef d'orchestre, Tunis. ",press_letters_arts,press_letters_arts,,Tunis,1895,1895,2,palmes_academiques;nichan_iftikhar,0,1,"Conservatoire national de musique de Paris; Premier prix de violoncelle a.u Conservatoire de Paris, 1875). SUCCESS 1 : Orchestre de l'Opéra de Paris, membre de la Société des concerts du Conservatoire, chef d'orchestre du théâtre et des concerts populaires d'Angers, du Havre, de Tunis; actuellement, directeur de l'Ecole de Musique de Tunis. A publié diverses compositions pour chant, piano, etc., etc.",Ecole de Musique,,,0,,0,0,0,560,197,0.9431
L1912-01199,FROMONT DE BOUAILLE,,0,,janv. 1870,1870,Alençon,Orne,Agriculteur à Ennàgre . (contrôle de Béja). Janv. ,agriculture,agriculture,,Béja,1897,1897,1,nichan_iftikhar,0,1,"Faculté catholique de Lille, annexe de Genecb. Propriétaire, colons. Remise en valeur du sol tunisien (nord) par une culture intensive; diplômé pour ses lôI gumineuses (holba) (Tunisie, 1.907).",,diplome_superieur,,0,,0,0,0,345,197,0.9096
L1912-01201,FUNARO,Guillaume,0,,6 mai 1842,1842,Pitiglia,,"publique,comm. du Nichanlftikhar. Médecin-chirurgien, ",medicine_health,medicine_health,"40, rue des Maltais, Tunis",Tunis,,,2,couronne_italie;palmes_academiques,0,0,"collège de Livourne, lycée Saint-Sébastien de Livourne, Université de Pise et Ecole des éludes suiiérieures de Florence. Médailles de 1"" et 3' année d'études à. Pise. Médecin d'une colonne mobile tunisienne, 1864-65; médecin fiscal du gouverneur de Tunis, 1865-67; médecin de régiment tunisien à Sousse, 1.867-76 (seul médecin à Sousse); exerce à. Tunis depuis 1877. V.-prés. de la. Société internationale des médecins de Tunis en 1.890; membre de la Commission nommé par la Résidence Générale pour la rédaction de la loi sur l'exercice de la médecine dans la Régence; prés, élu des Comités nationaux tunisiens pour les Congrès internationaux de médecine de Rome 1.894 el de Moscou 1S97; prés, de la Section des Sciences médicales de l'Institut de Carthage en 1900. Actuellement médecin consultant honoraire de l'hôpital colonial italien el de l'hôpital israélite de Tunis.A fait partie de divers conseils d'institutions italiennes : dôpula.tion scolaire, conseil d'administration du Collège italien, de l'hôpital, elc. Plusieurs conférences : sur l'Université populaire, sur les maisons ouvrières à amortissement par l'assurance; sur la. crémation; sur la. francmaçonnerie. Plusieurs travaux présentés à la Société des Sciences médicales de Tunis : sur le diabète en Tunisie; sur les lièvres médilerrannéennes, sur les maisons insalubres, sur l'acclimatation des Européens en Tunisie. Décoré de la. Médaille d'argent des «Bien Méritants de la Saule publique» (médaille italienne) pour services exceptionnels rendus pendant l'épidémie de choléra de 1867 à la population de Sousse. GGABÈS. Siège du Contrôle civil et du caïdat de l'Arad, à 250 kil. de Kairouan et à. .1.23 de Sfax, à 80 kil. de Médenine, à 700 mètres de la mer. Siège du comm' mil. du Sud. La. ville de Gabès esl située dans l'oasis de ce nom et est formée de trois agglomérations groupées autour de l'embouchure de l'oued Gabès. : Gabès-port, Menzel et Djarra.",collège de Livourne;lycée Saint-Sébastien;Ecole des éludes;Institut de;Collège italien,,,0,,0,0,0,2165,198,0.9241
L1912-01203,GABÈS,Oasis,0,,,,,,"(Oasis). « L'oasis de Gabès est une des mieux cultivées du sud tunisien. Ses hauts palmiers abritent de nombreux jardins où croissent avec abondance )es arbres fruitiers et où de clairs ruisseaux arrosent les verts carrés des maraîchers. « Ce sont, presque partout, trois étages de culture. « On est ",,,,Gabès,,,0,,0,0,,,,,0,,0,0,0,1984,199,0.9387
L1912-01204,GADRAT,Jean-Guillaume,0,,30 mars 1872,1872,Foix,Ariôge,Rédacteur à l'Administration générale du Gouvernement Tunisien (Section d'Etat). ,military,military,"35, rue AlDjazira, Tunis",Tunis,19 avril 1903,1903,2,palmes_academiques;nichan_iftikhar,0,1,lycée de Foix et Faculté de droit de Toulouse; bachelier ôs lettres et licencié en droit. Ancien publiciste.,lycée de Foix;Faculté de droit de Toulouse,licence_droit;baccalaureat,,0,,0,0,0,333,200,0.9256
L1912-01208,GAGEY,René,0,,8 juin 1875,1875,Londres,Angleterre,"Professeur de génie rural à. l'Ecole coloniale d'Agriculture de Tunis, ",education_science,education_science,"70, avenue de Paris, Tunis",Tunis,1898,1898,3,palmes_academiques;merite_agricole;nichan_iftikhar,0,1,,Ecole coloniale,,,0,,0,0,0,583,200,0.956
L1912-01209,GAIJI,Mohamed,0,,1818,1818,Bardo,,gr. cordon de l'Ahed. Général de brigade. La Marsa.,military,military,,Tunis,,,1,nichan_iftikhar,0,1,"dans le palais de son père, a.u Bardo. SUCCF.KS' : aide de camp rie Sadok-Bey. capitaine adjudant-major, commandant., général de brigade sous le ministère de S. Exe. El Aziz bon Aftour. Membre de la Sociélé de Géographie. Premier aide de camp du premier ministre. Auteur d'un livre d'histoire de la Tunisie avec enquête, intéressante sur les causes de la. révolution de 1280 de l'hégire, la. chute du minislère Mosfefa Khaznadar el l'avènement de klieïreddine-Pacha: sur la, situation (luMinistère au temps de LL. EE. M'hammed Khaznadar et Moslefa ben Ismaïl; auteur d'un autre livre sur la politique ; suivie par les princes de la famille Ilusseïnife et.leur biographie. A fait, dix: huit voyages en Europe et le plus sou! vent, à 'Paris. S'est beaucoup occupé de • rhétorique arabe et de questions polili; ques et historiques.",,,,0,,0,0,0,953,200,0.9282
L1912-01210,GAILLARD,Jacques,0,,20 nov. 1876,1876,,,"- Iftikhar. Publicisle ; directeur du «Cri de Tunis»; membre de la Conf. Consultative (4e circonscription, 3' collège), ",diplomacy,diplomacy,"3, av. de France, Tunis",Tunis,,,3,palmes_academiques;merite_agricole;nichan_iftikhar,0,1,"Institution Lafontaine à Bordeaux, lycée de Constantine, collège de Bône. Ancien secrétaire du Syndicat de la presse tunisienne; délégué général pour l'Algérie de la Société républicaine des conférences populaires de Paris; délégué de la S. P. A. de Paris; président de- la Société protectrice des Animaux de Tunisie. A fait appliquer les principe de la loi Gramonl en Tunisie; fondateur de la Société protectrice des Animaux, de la. Régence; campagne d'Algérie; co-fondateur du Syndical de la Presse tunisienne; fondateur de la Section tunisienne de la S. R. du C. P. Médaille d'or de la Société protectrice des Animaux de Paris; Médaille d'argent de la. S. R. du C. P.: Médaille d'argent à l'Exposition de Londres, 1.908 : Médaille d'argent de la. Société nationale d'encouragement, an Progrès. Médaille d'honneur de la. Société nationale d'encouragement au Bien.",lycée de Constantine;collège de Bône,,,0,,0,0,0,1170,200,0.9174
L1912-01213,GALEA,William,0,,,,,,"Tunis. Vice-consul de S. M. Britannique pour Sousse el Kairouan. depuis 188:1. Vice-consul cie S. M. le Roi de Suède depuis 187S. Propriétaire, Sousse.",diplomacy,diplomacy,,Tunis,,,0,,0,0,,,,,0,,0,0,0,168,201,0.9344
L1912-01215,GALLICO,Raffaelo,0,,1880,1880,Florence,Italie,"off. du Nichanlftikhar. Publiciste. Trésorier-adjoint ou Syndicat de la Presse tunisienne, délégué de la Ligue FrancoIlalienne de Paris à Tunis depuis 1896. A été rédacteur à l'«Unione» jusqu'à. ",press_letters_arts,press_letters_arts,,Tunis,1907,1907,1,palmes_academiques,0,0,,,,,0,,0,0,1,751,201,0.9175
L1912-01216,GALLINI,Jean-François,0,,12 nov. 1.861,1861,Ajaccio,Corse,"agricole, gr. off. du Nichanlftikhar. A v oca.t - défenseur depuis 18 9 4 à Sousse. ",justice_law,justice_law,,Sousse,1888,1888,3,legion_honneur;palmes_academiques;merite_agricole,1,0,"Faculté de droit de Montpellier ; bachelier es lettres et licencié en droit. Membre de la Conférence Consultative (3"" coll., Sousse) depuis 1891, élu en 1905, réélu en 1.909; doux fois secrétaire élu de celte assemblée; vice-président délégué de la Municipalité de Sousse; président, de la Société française de bienfaisance de Sousse; administrateur de «la. Dépêche Tunisienne»; ancien rédacteur en-'chef du «Journal de la. Corse», 1886-1888; ancien conseiller d'arrondissement d'Ajaccio, 1885-1891; conseiller général du canton de Vico (Corse).",Faculté de droit de Montpellier,licence_droit;baccalaureat,,0,,0,0,0,764,201,0.8907
L1912-01217,GALLUT,Armand,0,,1885,1885,Auch,Gers,"(Gers), off. de l'ordre portugais de N. S. de Concciçao. Ingénieur, directeur de l'entreprise J. el G. Hersent (travaux du port de Bizerte). Représentant de la Cie du Port de Bizerte, gérant des immeubles Hersent. Bizerte. Juillet 1.891.",engineering_architecture,engineering_architecture,,Bizerte,,,0,,0,0,Collège Sainte-Barbe et Ecole Cen- traie des Arts et Manufactures de Paris. Bachelier es sciences et bachelier es lettres. Ingénieur des arts el manufactures.,Collège Sainte-Barbe,baccalaureat,"ingénieur à la Cie du Canal de Suez, en Egypte; secrétaire du Conseil d'administration de la Cie B.-G. et Prolongements à Paris, inspecteur des services de cette même compagnie en Algérie; ingénieur de la. Cie du Port de Bizerte de 1.891 à 1896; directeur de l'usine de caoutchouc Michelin à. Cler'nioiil-Ferrand, directeur de l'exploitation de la Cie Gle des Eaux pour l'étranger, à Porto (Portugal), directeur des travaux de la ville de Dijon pour laquelle il a. fait l'adduction des eaux de Morcueil.",9,,0,0,2,948,201,0.929
L1912-01219,GAMET,Lucien,0,,20 mars 1874,1874,Givors,Rhône,"Souschef de bureau à. l'Administration Centrale de l'Année tunisienne. 1,8. avenue de Carthage. Tunis. Sept. ",administration,administration,,Carthage,1891,1891,1,nichan_iftikhar,0,1,"Institution de N. D. des Minimes, Lyon. Ecole Sainte-Marie, Vienne (Isère); Ecole Saint-Georges, Paris; Lycée Carnot, Tunis; Ecole supérieure de droit, Alger. Bachelier de l'enseignement secondaire classique. Certificat d'arabe parlé. Secrétaire de 2' classe au contrôle de Bizerte 1.905 et 1906. Ancien président de l'Association amicale des fonctionnaires de l'Administration Centrale de l'Arée tunisienne.","Lycée Carnot;Ecole supérieure de droit, Alger",baccalaureat;certificat,,0,,0,0,0,602,202,0.9448
L1912-01221,GANDOLFO,R.,0,,21 mars 18S2,1882,Tunis,,"Pharmacien, ",medicine_health,medicine_health,"17, rue d'Espagne, Tunis",Tunis,,,0,,0,0,"Lycée Victor Emmanuel II et de Constantine, école de médecine et pharmacie de Grenoble (Isère). Pharmacien-lauréat, 2"" prix de chimie (travaux pratiques) (1902-1903); 1"" prix de chimie (prix unique); 1"" prix de chimie (travaux' pratiques) (1903-1904); mention histoire naturelle (travaux pratiques); 1"" prix de chimie; 2"" prix d'histoire naturelle (1904-1905); premier interne des hôpitaux (concours 1904). Membre correspondant de la Société dauphinoise d'Ethnologie et d'anthropologie, membre de la Société d'horticulture tunisienne, membre de la société des Sciences médicales de Tunisie.",Lycée Victor;école de médecine,,,0,,0,0,0,673,202,0.9264
L1912-01223,GANDOLPHE,,0,,25 nov. 1839,1839,Tunie,,"Créa en 1.873 à Sousse la. première huilerie à vapeur de Tunisie; en 1875 l'industrie de la fabrication des scourlins en alfa, dans le genre de ceux fabriqués à Marseille. Médaille d'or et d'argent en 188S, Concours agricole de Tunis; médaille d'or à l'Exposition universelle de Paris; créa la premiè",military;diplomacy;finance_banking,military,,Sousse,,,3,palmes_academiques;nichan_iftikhar;francois_joseph,0,1,,,,,0,,0,0,0,1149,203,0.9536
L1912-01224,GANDOLPHE,Alfred,0,,12 mai 1849,1849,Tunis,,Ingénieur. Elève de l'Ecole Centrale de Lyon. Fil la campagne de 1870-71. avec toute l'Ecole Centrale de Lyon qui suivit les volontaires du Rhône. Fut décoré de la Légion d'honneur comme ancien défenseur de Belfort. Mort à Nice le 5 mars 1.906.,justice_law;engineering_architecture,justice_law,,Tunis,,,1,legion_honneur,1,0,,Ecole Centrale,,,0,,0,0,0,313,203,0.9033
L1912-01225,GANDOLPHE,Georges - Edouard,0,,5 avril 1838,1838,Tunis,,"Fut interprète militaire de 1"" classe de l'Armée d'Afrique. Sauva le Cousul de France, lors du bombardement de Sfax.",administration,administration,,Tunis,,,1,legion_honneur,1,0,,,,,0,,0,0,0,198,203,0.9237
L1912-01226,GANDOLPHE,Pascal,0,,,,,,"(Pascal), négociant à Tunis. Mort à Tunis le 4 décembre 17S1, tué par un fanatique, d'un coup de tranchet, dans une impasse de la. rue Sidiel-Mordjani, près, de la place de la Bourse, parce qu'il était sorti avec une cravate verte, couleur emblématique du prophète, inhumé à. Saint-Antoine-efcSainte-",commerce,commerce,,Tunis,,,0,,0,0,,,,,0,,0,0,0,342,203,0.9504
L1912-01227,GANDOLPHE,Pascal,0,,13 novembre 1814,1814,Négociant,,"Fut attaché à. la. chancellerie du Consulat général de France. Décédé à. Tunis le 13 avril 1879, inhumé à Tunis.",military;diplomacy,military,,Tunis,,,0,,0,0,,,,,0,,0,0,0,161,203,0.9326
L1912-01228,GANDOLPHE,Thomas-Félix,0,,21 décembre 1842,1842,Tunis,,"Sousse. Fut en 1884 nommé agent de la Cie Gle Transatlantique à Sousse, il fut avec M. Eugène. Van Gaver, le premier agent de celte Cie à Sousse. Conseiller municipal (1.885 à 1894) à. Sousse, trois fois vfice-présictent délégué. Membre de la Conférence Consultative (1891); président de la Chambre d",politics_native_admin;diplomacy,politics_native_admin,,Tunis,,,0,,0,0,,,,,0,,0,0,0,602,203,0.8897
L1912-01229,GANOUNA,Joseph-Cohen,0,,15 sept. 1881,1881,Sousse,,"Publicïste, 2. rue Hannon, Tunis. ",,,,Sousse,1889,1889,2,nichan_iftikhar;ouissam_alaouite,0,1,"Alliance Israélite et collège Alaoui. Brevet élémentaire, brevet supérieur. D'abord instituteur, puis comptable dans diverses maisons de nouveautés. Secrétaire de. rédaction de la «Petite Tunisie Socialiste», depuis 1900. A publié : « La Lettre de Cachet en Tunisie » (opuscule-1902); «Revue de l'année» en 1.905 (brochure).",collège Alaoui,brevet_superieur,,0,,0,0,0,445,203,0.9104
L1912-01232,GAROT,René,0,,17 oc,1706,,,"Médaille coloniale, off. du Nichanlftikhar. C o mmis des Monopoles, Sousse. ",military,military,,Sousse,16 juillet 1881,1881,3,legion_honneur;medaille_militaire;medaille_coloniale,1,0,,,,,0,,0,0,0,485,204,0.938
L1912-01233,GASTU,,0,,31 mars 1859,1859,Fort-Napoléon,province d'Alger,médaille coloniale. Entreposeur des Monopoles.,,,,,,,3,medaille_militaire;nichan_iftikhar;medaille_coloniale,0,1,"Lycée d'Alger. Sous-lieutenant de territoriale, démissionnaire. Entré dans radministratjion en décembre 1892, comme surveillant général; entreposeur aes Monopoles depuis le 1"" juil-, let 1894.",Lycée d'Alger,,,0,,0,0,1,348,204,0.8835
L1912-01234,GAU,Jules,0,,21 juillet 1841,1841,Labrnguière,Tarn,"En 1884, lors de l'organisation des premières Municipalités, M. Gau fui nommé conseiller municipal et viceprésident de la Municipalité, poste qu'il a conservé jusqu'à ses derniers moments. C'est comme vice-président de la Mu- nicipalité de Sfax que M. Gau s'est fait connaître, apprécier et aimer non",politics_native_admin,politics_native_admin,,Tunis,,,1,legion_honneur,1,0,,,,,0,,0,1,0,3835,204,0.9584
L1912-01235,GAUDENS-RAVOTTI,,0,,25 juillet 1845,1845,,,"Industriel Ce fui, lui aussi qui eut ù s'occuper de la construction du réseau d'égouls, île la construction du port, de l'éclairage électrique, des roules vcs le sud et le nord, etc., etc. el entrepreneur de travaux publics, av. de Carlhalie, 24, Tunis et Maxula-Radès. ",industry_crafts,industry_crafts,,Tunis,1877,1877,3,palmes_academiques;merite_agricole;nichan_iftikhar,0,1,,,,,0,,0,0,1,3267,205,0.94
L1912-01236,GAUDIANI,Antoine,0,,1867,1867,Ajaccio,Corse,"Avocat au barreau de lums, ",justice_law,justice_law,"66, rue de Naples, Tunis",Tunis,,,1,nichan_iftikhar,0,1,"lycée de Bastia, Facultés de droit d'Aix et de Par i s ; bachelier es lettres ; licencié en droit; ancien bâtonnier de l'Ordre des avocats, 1901-1903; ancien membre de la Conférence Consultative (3° coll. Soukel-Arba), élu en 1S96, 1900 et 1905. Secrétaire élu de celle assemblée en 1904-1905 el en 1907-1.90S.",lycée de Bastia;Facultés de droit d'Aix et de Par i s,licence_droit;baccalaureat,,0,,0,0,0,477,206,0.8145
L1912-01237,GAUDIANI,Dominique,0,,12 juin 1877,1877,,,"Contrôleur civil suppléant à Kairouan. Anc. chef du bureau de la Nationalité ù la Résidence générale. Chargé de mission an Maroc du 12 juillet 1904 au 1"" janv. ",military;administration,military,,Kairouan,1907,1907,2,palmes_academiques;nichan_iftikhar,0,1,,,,,0,,0,0,0,242,206,0.9063
L1912-01238,GAULT,,0,,,,,,"(lJippolyle-Fra.nçois-Eugène). Capitaine d'infanterie breveté hors cadres, ancien officier d'ordonnance du général commandant la Division d'Occupation de Tunisie. A fait un premier séjour en Tunisie en 1899, comme lieutenant au V tirailleurs, qu'il a quille pour aller a l'école iaipérieure de Guerre",military,military,,,,,0,,0,0,,,,,0,,0,0,0,307,206,0.9523
L1912-01240,GAUTIER,Raymond,0,,"1"" juillet 1865",1865,Villebon,S.-et-0.,Avocat -au barreau de Tunis. 1.,justice_law,justice_law,"1, rue du lribunaJ, Tunis",Tunis,,,1,nichan_iftikhar,0,1,"lycée Charlemagne, F a c u11 é de droit de Paris; Ecole clés langues orientales, diplômé de l'Ecoles des hautes éludes. Lieutenant d'artillerie territoriale.Ancien contrôleur civil suppléant à Bizerle, à Nabeul. ancien chef de lannexe de contrôle de Teboursouk. Exploitation directe de son domaine de Nemcha de 1897 à 1906. Inscrit au barreau de Tunis, le 1.5 janv. 1.907. Prés, de l'Association des colons français de Teboursouk. (6 oct. 1904-23 déc. 1905), v.-prés. de la même association depuis le commencement de 1.908.",lycée Charlemagne,diplome_superieur,,0,,0,0,2,685,206,0.8646
L1912-01241,GAVER,,0,,4 janvier 1855,1855,Marseille,,"Premier agent de la Compagnie générale Transatlantique à. Sousse (sept. 18S2), avec M. Félix Gandolphe. Mort en 1901. - GAVER (Ferdinand van) (te D'), 1.4 déc. 1.S29, Tunis. Médecin à. Marseille.",medicine_health;military,medicine_health,,Sousse,,,0,,0,0,"collège Saint-Louis, à, Tunis. Premier bachelier présenté par la Tunisie, reçu à Paris, où il compléta ses études. Ancien interne des hôpitaux de Paris (plusieurs médailles d'honneur) ; médecin chef des hôpitaux de Marseille; memb. et anc. prés, de la Société' médico-chirurgicale de Marseille, memb. de l'Association des médecins de France ; memb. du Comité médical des Bouchesdu-Rhône. Mort a. Sousse, le 20 nov. 1890, et inhumé à Marseille.",collège Saint-Louis,baccalaureat,,0,,0,0,0,696,206,0.923
L1912-01242,GAVER,,0,,9 août 1797,1797,Marseille,,"Négociant à Tunis. Etait chargé de nombreuses fournitures auprès du Bey (drap et armes pour l'armée beylicale, etc., toutes choses qu'il commandait en France). .11 fournissait, sur la demande du Consulat général de France, les «Jlaiis», métal nécessaire préparé pour la. frappe des monnaies d'or, d'a",military;diplomacy;commerce,military,,Tunis,,,0,,0,0,,,,,0,,0,0,0,856,206,0.9508
L1912-01243,GAVIOLI,Marc-Lucien,0,,,,,,"Médecin, rue Sainte - Suzanne, Tunis. 1"" mai 1900.",medicine_health,medicine_health,,Tunis,,,1,nichan_iftikhar,0,1,"Ecoles de médecine d'A1 g e r et de Modène (Italie); externe à la clinique chirurgicale de Modène; médecin hygiéniste diplômé. A publié, sous le titre «Vers le Hedjaz», dans «la uepecne tunisienne», en tauo, GAZ- — GËR aW une relation sur le pèlerinage de La Mecque, où il a fait cinq fois le voyage.",,diplome_superieur,,0,,0,0,1,435,206,0.8763
L1912-01244,GAZANIOL,Jules-Etienne,0,,1845,1845,Toulouse,,Evoque de Constantine et d'Hippone; évêque titulaire de Tebourba (Tunisie). ,religion,religion,,Tebourba,1891,1891,0,,0,0,,,,,0,,0,0,0,199,207,0.9086
L1912-01245,GELLÉ,Célestin,0,,3 nov. 1.868,1868,Villeseneux,Marne,"Professeur de sciences au lycée Carnot, Tunis. 1"" octobre 1898. Agrégé de physique.",education_science,education_science,,Tunis,,,1,nichan_iftikhar,0,1,,lycée Carnot,agregation,"professeur à. Cherbourg, Lisieux, Blida et Tunis. 1865, NapoléonVille (NouvelleOrléans , Etats-Unis d'Amérique), off.",3,,0,0,0,313,207,0.7873
L1912-01246,GENET,,0,,1861,1861,,,"agricole, comm. du Nichanlftikhar. Receveur des Contributions diverses, Tunis. Entré dans l'administration métropolitaine en avril 1887, détaché en Tunisie en nov. 1S93. d'Académie, off. du NichanIftikhar.Avocat au barreau de Tunis, ",justice_law;administration,justice_law,"10, rue d'Autriche, Tunis",Tunis,,,2,palmes_academiques;merite_agricole,0,0,Faculté de droit de Paris : bachelier ôs lettres; licencié en droit. Ancien bâtonnier,Faculté de droit de Paris,licence_droit;baccalaureat,,0,,0,0,0,410,207,0.9334
L1912-01247,GENILLON,François-Antoine,0,,29 septembre 1861,1861,Lyon-Guillotiôre,,"Etablissement apicole de «Sans-Souci», Tunis. ",,,,Tunis,1891,1891,2,merite_agricole;nichan_iftikhar,0,1,,,,,0,,0,0,0,349,207,0.9536
L1912-01248,GENNATAS,Charles,0,,20 juillet 1872,1872,Sainte-Thôcle,,"île de Céphalonie (Grèce). Médecin »\ Rio-Salado, près d'Oran. 1 octobre 19 0 0.",medicine_health,medicine_health,,,,,0,,0,0,"Université de Montpellier. Aide-major de 1"" classe de réserve. Interne des hôpitaux e l médecin d'hôpital coloni al d'Algérie 1894-1900 (Oran, Constantine). Membre de la Conférence Consultative fl"" coll. Le Kef. Mactar el Tala.1905-1909. Médaille d'honneur en argent des épidémies. Propriétaire-agriculteur au Kef.",,,,0,,0,0,1,464,207,0.8311
L1912-01249,GENTHON,Charles,0,,1860,1860,Génissieux,Drôme,"agricole, comm. du Nichanlftikhar. Inspecteur des Postes et des Télégraphes, ",administration,administration,"3, rue de Belgique, Tunis",Tunis,1903,1903,2,palmes_academiques;merite_agricole,0,0,,Ecole supérieure de Télégraphie,diplome_superieur,,0,,0,0,0,447,207,0.9271
L1912-01250,GENTIL,Maurice,0,,23 sept. 1866,1866,Paris,,Juge au Tribunal civil de Tunis.,justice_law,justice_law,,Tunis,,,0,,0,0,,,,"avocat, docteur en droit, 1889; suppléant rétribué à Kerrala (Algérie), 20 juillet ""1S92; juge de paix à Khenchela, 20 juin 1894, de 3° classe, 25 juillet 1895; juge de paix de TunisNord, 3 juillet 1897; juge rapporteur au Tribunal mixte, 13 mai |1899; juge à Tunis, 18 juillet 1.909.",6,,0,0,0,368,207,0.8465
L1912-01251,GENTILE,Raoul-Victor DE,0,,,,,,"(Raoul-Victor DE), 30 déc. de l'ordre des avocats de SaintPierre (Martinique), actuellement membre du Conseil de l'Ordre des avocate de Tunis. Conférencier aux Antilles et en Tunisie.",justice_law,justice_law,,Tunis,,,0,,0,0,,,,,0,,0,0,1,191,207,0.9658
L1912-01252,GEORGE,Paul-Antoine-Michel,0,,23 mars 1859,1859,Paris,,"Ingénieur, ",engineering_architecture,engineering_architecture,"91, av. de Paris (villa Marie-Louise),Tunis",Tunis,,,3,palmes_academiques;nichan_iftikhar;merite_agricole,0,1,école Centrale des Arts el Manufactures.,école Centrale,,"Attaché à. la construction de la ligne de Sidi-bel-Abbès à Ras-el-Mâ (Cie de l'Ouesl-Algérion); chef de district, chef de section, inspecteur de la voie, inspecteur du service central, ingénieur, chef d'exploitation du réseau tunisien à voie étroite; ingénieur chef du service du mouvement (Cie Bône-Guelma). Ancien président du groupe de'Tunis de l'Association amicale des Anciens Elèves de l'Ecole cenfraie.",5,,0,0,0,667,207,0.9324
L1912-01253,GEPT,Louis,0,,2 janvier 1869,1869,Canx,Hérault,"Sous-intendant mililiare chargé des embarquements, des transports et du recrutement, Tunis. ",,,,Tunis,8 nov. 1905,1905,0,,0,0,"lycée de Nîmes et de Marseille et Ecole Polytechnique, Paris.",lycée de Nîmes;Ecole Polytechnique,,"lieutenant d'arlil. aux batteries à cheval du 38' régiment à Nîmes '(1°' oct. 1892), capitaine à l'atelier de construction de l'artillerie à Lyon (30 déc. 1901), adjoint à l'Intendance militaire à. Paris (24 août 1903), sous-intendant militaire de 3' cl. (30 déc. 1905). Postes occupés en Tunisie : Gabès, puis Tunis.",6,,0,0,0,556,207,0.8884
L1912-01255,GÉRARD,Gaston-Marie,0,,15 août 1877,1877,Delouze,Meuse,"Directeur d'école, Soliman. ",education_science,education_science,,,9 décembre 1903,1903,0,,0,0,,Ecole normale,,"instituteur e:i France, département de la Meuse, ch; 22 oct. 1898 au 1"" déc. 1903; instituteur à Tunis du 9 déc. 1903 au 1.1. avril 1904; instituteur à Bizerle (école primaire supérieure) du 1.1 avril 1904 au 1"" octobre 1907. Instituteur à Soliman depuis le 1"" octobre 1.907.",8,,0,0,0,444,208,0.7979
L1912-01256,GÉRARD,Joseph,0,,8 juillet 1S01,1801,Marseille,,"agricole, comm. du Nichanlftikhar. Négociant à Sfax. ",commerce,commerce,,Sfax,1892,1892,2,palmes_academiques;merite_agricole,0,0,,,,,0,,0,0,0,296,208,0.928
L1912-01257,GERINI,Dante,0,,31 mars 1875,1875,Gonnesa,"Sardaigne, Italie","off. du Nichanllfikiiar, Médaille d'honneur décernée par le Roi d'Italie. Directeur technique el, propriétaire de mines, ",mining,mining,"91, rue de Portugal prolongée, Tunis",Tunis,9 fév. 1900,1900,2,couronne_italie;palmes_academiques,0,0,,,,,0,,0,0,1,2030,208,0.9682
L1912-01258,GERMONNEAU,Damase-François,0,,septembre 1870,1870,La,,"officier du Niclm.ilIffikliar. Agent commercial, représentant en métallurgie, 'J'unis. ",politics_native_admin,politics_native_admin,,Tunis,31 octobre 1894,1894,1,palmes_academiques,0,0,,,,,0,,0,0,0,329,208,0.9198
L1912-01262,GHILEB,,0,,1884,1884,Tunis,,"la Catholique, de l'ordre de Siru on Bolivar (Vénézula), de l'ordre de SaintStanislas, de 1 ' o r cl r e de FrançoisJoseph. Cheikh El-Medina. Président de la Municipalité, Tunis.",military,military,,Tunis,,,3,legion_honneur;nichan_iftikhar;isabelle_catholique,1,1,Université de la GrandeMosquée à Tunis.,,,"aide de camp de ieu Sadok-Bey de 18(34 à, 1877, vice-président de la Municipalité de 'l'unis en 1877, délégué tunisien à la Commission internationale des finances en 1S78, gouverneur du Kef en 1886, de Soliman en ISSS, de Bizerle en 1S92 et de Nabeul en 1890. Cheikh El-Medina el président de la Municipalité de Tunis depuis le 2S juillet 1902.",2,,0,0,0,723,209,0.9007
L1912-01266,GIGNAN,Clodomir-Ernest,0,,25 avril 1S59,1859,Portes,Gard,Chef d'escadron commandant la gendarmerie de Tunisie. Octobre 1905. Ancien élève de l'Ecole des mines d'Alais. Etait capitaine du génie lorsqu'il passa dans a gendarmerie en 1.894.,military;mining,military,,,,,1,legion_honneur,1,0,,Ecole des mines,,,0,,0,0,1,266,209,0.9309
L1912-01267,GILBERT,André,0,,,,,,"agricole, grand officier du Nichan-lftikhar. Premier secrétaire d'ambassade à Slockolm.",,,,,,,4,legion_honneur;palmes_academiques;merite_agricole;nichan_iftikhar,1,1,,,,"Stagiaire à Barcelone, janvier 1.S94; élève consul k la direction cl sConsulats, 1.8 déc. .1894; consul suppl. 1894; élève consul à la direction des fonctions de secrétaire à Montevideo, 5 nov. 1897; secrétaire d'ambassade de 3'- cl. pour prendre rang du 20 oct. 1S97 au 1.7 mars 1.899; chargé d'affaires à llucnos-Ayrcs, 30 juillet au 7 ocl. 1899; secrétaire à. Montevideo, 29 mars 1900, chargé d'affaires, 16 juin 1900 au i' mai 1901; secrétaire de 2' cl., 3 janvier' 1901: attaché à la direction clés Affaires politiques, 2 oct. 1901; chef de cabinet d'i Résident Général à Tunis, 16 avril 1902; délégué du ministre des Affaires élrangères au Congrès international de Géographie, Tunis, av-.-'i 1904; «.ll.-clie à, lu. Direction politique, 31 déc. 1.904; ù Madrid, 8 janv. 1909; secrétaire de 1."" classe à la disposition du Gouverne ment tunisien, 20 déc. 1908; premier se crétaire d'ambassade à Stockholm, ■ \~ fév. 1911.",20,,0,0,0,1114,209,0.842
L1912-01268,GILBERT,Gabriel-Alphonse,0,,6 mars 1.875,1875,Moiitiiûrail,Marne,"Commis des Postes, ",administration,administration,"13, rue d'Athènes, 'l'unis",,,,2,palmes_academiques;nichan_iftikhar,0,1,,,,"commis à Tunis, 1901, à Sousse, 1902-04, ù. Bizerle, 1.904, et Tunis. Anc. très. adj. de l'Association Amicale des employés de l'Office Postal, anc. v.-prés. et ad. secr. de la société «La Marne». A collaboré k des recherches archéologique en Tunisie dans la région d'El-Djem.",6,,0,0,0,451,209,0.8855
L1912-01269,GILLY,Marie-Emmanuel-Pierre,0,,fév. 1.886,1886,Montpellier,Hérault,Ancien publicisle k Tunis. ,,,,Tunis,8 déc. 1907,1907,0,,0,0,"pensionnat des Frères des écoles clrrétiennes de Bôziers (Hérault). A collaboré à «l'Ouest-Eclair», à «l'Eveil démocratique», à «Béziers-Journal» et à diverses revues. Correspondant de la «Presse Nouvelle». Ancien directeur politique de «l'Avenir», journal hebdomadaire, catholique, littéraire et social; attaché à «la Dépêche Tunisienne». Parent de Numa Gilly, l'auteur de «Mes Dossiers»,, anciens député socialiste du Gard.",,,,0,,0,0,0,545,209,0.9087
L1912-01270,GILTAIRE,Edmond,0,,,,,,"Contrôleur ci•vil suppléant, chef de l'annexe de Medjez-el-Bab.",administration,administration,,,,,0,,0,0,,,,,0,,0,0,0,82,209,0.964
L1912-01271,GIORGI,Charles,0,,2 oct. 185S,1858,Tasso,Corse,"Directeur administrateur de la société «La FloriIdienne», Tunis. ",administration,administration,,Tunis,15 juillet 1906,1906,1,nichan_iftikhar,0,1,,,,,0,,0,0,0,259,209,0.797
L1912-01272,GIORGI,Pierre-Louis,0,,25 oct. 1846,1846,,,"coloniale «Tunisie» Chef de bataillon en retraite, ",military,military,"8, rue Thiers, Tunis",Tunis,10 sept. 1881,1881,3,legion_honneur;palmes_academiques;medaille_coloniale,1,0,,,,,0,,0,0,0,401,210,0.9197
L1912-01273,GIRARD,Léon-Hippolvle-Adolphe,0,,1864,1864,Tire-sur-la-Lys,P.-de-C,Sous-inspecteur des Postes et Télégraphes à Sfax. 25 août 4899:,administration,administration,,Sfax,,,2,palmes_academiques;nichan_iftikhar,0,1,,,,"commis des Postes et Télégraphes en France, 1S99; commis des Postes à Tunis, rédacteur à la Direction de l'Office, souschef de section a la même Direction (exploitation électrique), chef, de section au même service, chef de section à la même Direction (comptabilité générale et colis postaux). 1907. Cours d'exploitation électrique à l'Office postal; préparation des candidats aux examens de commis dirigeant, de chef de section et de receveur de bureau principal.",4,,0,0,0,655,210,0.9456
L1912-01274,GIRAUD,Charles-Hippolyte,0,,1S60,1860,Paris,,"Propriétaire horticulteur, Orangerie Bradabi, au Mornag. Prés, de la Société d'Horticulture, de la Société des Amis des Arbres, de l'Union Coopérative des Jardiniers français; membre du Comilé directeur de la Société de Géographie Commerciale, de l'Institut de Carthage et de la Société d'Apiculture.",agriculture,agriculture,,Carthage,,,3,palmes_academiques;merite_agricole;nichan_iftikhar,0,1,,Institut de,,,0,,0,0,0,609,210,0.9597
L1912-01275,GIROU,Henry-Maurice,0,,5 août 1S73,1873,Paris,,"Publiciste, av. de Paris. Fils de Maurice Girou, professeur de lettres. Déc. ",education_science;press_letters_arts,education_science,,,1900,1900,1,palmes_academiques,0,0,"lycée de Constantine. Publiciste en France, en Algérie et en Tunisie depuis 1892.",lycée de Constantine,,"directeur du «Travailleur Africain », revue illustrée des mines ■ et industries; rédacteur à «la Tunisie Française», quotidienne; rédacteur - correspondant de «la Dépêche Sfaxienne», quotidienne. Ancien directeur du «FrancParleur», organe radical-socialiste, hebbomadaire et du «Franc-Tireur». Môdail-"" le d'or pour «le Travailleur» à l'Exposition Coloniale de Marseille 1906.",5,,0,0,0,621,210,0.9252
L1912-01276,GIROUD,Joseph,0,,7 novembre 1.867,1867,Lyon,,"Architecte, ",engineering_architecture,engineering_architecture,"6, avenue de Paris, Tunis",Tunis,,,1,palmes_academiques,0,0,"Ecole La Martinière à. Lyon, Ecole nationale dèsBeaux - Arts à Paris. Membre de la Conférence Consultative (8'circ.,3'coll.), élu en 1905 et 1909. Membre du bureau de la Région L y o nnaise, membre du Comité de la Société de Bienfaisance el du Comité des fêtes.",,,,0,"Villns dp In Rn. ciété de prévoyance des Fonctionnaires; immeubles.à Tunis, Ferryville, Bizerle, Sfax, Béja, Tabarca; la Tekia; école de la rue d'Italie. Membre du Conseil de perfectionnement de l'Ecole Emile-Loubet el du Conseil central d'hygiène. Expert près les tribunaux; expert pour les expropriations; expert près- le Crédit Foncier.",1,0,1,735,210,0.9333
L1912-01277,GIROZ,Charles,0,,13 janv. 1879,1879,Ronchamp,H.-Saône,Ingénieur à Metlaoui. Mai 1904.,engineering_architecture,engineering_architecture,,,,,1,nichan_iftikhar,0,1,"Ecole nationale d'Arts et ""Métiers de Châlons-sui'-Marne. Ingénieur.",,,"Dessinateur, industriel, conducteur de travaux de chemins de fer; actuellement ingénieur chef du service des installations à la Compagnie des Phosphates de Gafsa, à Metlaoui. TUAVAUX : Montage et lançage ^ .DUS les tabliers métalliques de la ligne MellaouiRedeyeff; installation des usines de séchage mécanique pour phosphate de la station centrale électrique aux mines de Metlaoui.",5,,0,0,0,582,210,0.9291
L1912-01278,GISTUCCI,Alexandre-Valère,0,,"1"" avril 1.874",1874,Bastilica,Corse,luge suppléant au tribunal civil de Sousse. ,,,,Sousse,20 déc. 1896,1896,2,palmes_academiques;nichan_iftikhar,0,1,"collège d'Ajaccio, Faculté de droit d'Aix-en-Provence ; licencié en droit.",collège d'Ajaccio;Faculté de droit d'Aix-en-Provence,licence_droit,"avocat au barreau de Sousse (1 Imars 1897-30 août 1904); bâtonnier de l'Ordre durant les trois der- niôres années de barreau; juge de paix suppléant à Sfax (1.6 mars); juge de paix titulaire à Kairouan jusqu'en janvier 1.909. Plaide dans l'affaire De Mores, pour un des accusés. Conférence sur Victor Hugo au théâtre de Sousse, lors des fêtes du centenaire.",6,,0,0,0,617,210,0.9163
L1912-01279,GLANDUT,Séraphin,0,,2 fév. 1863,1863,Theys,Isère,"Fabricant d'huiles d'olives, Sfax. ",industry_crafts,industry_crafts,,Sfax,16 oct. 1887,1887,1,nichan_iftikhar,0,1,Ecole d'Arts el Métiers d'Aix. Ingénieur. Médaille d'or à. l'Exposition Universelle de Paris 1900. Plusieurs autres récompenses.,,,,0,,0,0,0,259,211,0.909
L1912-01281,GLUCK,André-Robert,0,,29 juillet 1882,1882,Paris,,Directeur du domaine de Bir-Chana. Oct. ,,,,,1900,1900,0,,0,0,"lycées Condorcel el. Hoche et Ecole Coloniale cl'Agricullure de Tunis; diplômé de celle Ecole. Maréchal des logis d'artillerie de réserve. Ancien gérant pour M. Regnaull, ministre au Maroc, de sa propriété «Le Peuplier», à. Sfax; actuellement directeur du domaine de Bir-Cha.ua; fondé de pouvoirs de M.Laraque, propriétaire. Membre de la Société d'Horticulture, de celle d'Apiculture de Tunisie; membre de l'Association des anciens élèves des écoles d'agriculture en Tunisie el de celles des anciens élèves de l'Ecole Coloniale de Tunis; membre de l'Institut de Carthage, de la France hippique, etc. Gérant de l'agence postale de Bir-Cliana.",Ecole Coloniale;Institut de,diplome_superieur,,0,,0,0,0,742,211,0.9585
L1912-01282,GOBILLOT,Jacques-Philippe-Lucien,0,,18 sept. 1859,1859,,,Tunis. Déc. ,,,,Tunis,1890,1890,2,palmes_academiques;nichan_iftikhar,0,1,,,,,0,,0,0,1,595,211,0.9001
L1912-01283,GOIN,Georges,0,,19 oc,1906,,,"Transitaire, ",transport_maritime,transport_maritime,"24, rue Ïs-Sadikia, Tunis",Tunis,,,2,palmes_academiques;nichan_iftikhar,0,1,,,,,0,,0,0,0,247,211,0.8194
L1912-01284,GONNOT,Marie,0,,31 oct. 1.S59,1859,Vitryen-Charolais :s,,Directrice de l'Internai primaire de filles à MaxulaRadès. 30 sept. 19 0 3.,,,,,,,2,palmes_academiques;nichan_iftikhar,0,1,Ecole Normale d'institutrices de Maçon; Ecole normale sup é r i e u r e de Fonfenay-auxRoses ; professeur d'école normale. Meciauie ci argent a i exposition de Marseille en 1.906 et Médaille d'urgent au Concours de Tunis 1907 .,Ecole Normale;école normale,,,0,,0,0,0,415,211,0.8206
L1912-01285,GORDON,Gerlrude,0,,,,,,"(Gerlrude) (la D""""). Varsovie (Pologne). Médecin à. Tunis. ",medicine_health,medicine_health,,Tunis,1898,1898,0,,0,0,"Sorbonne, Faculté de médecine de Paris, cours d'encliyogénie comparée au Collège de France. Médecin municipal; médecin adjoint à l'hôpital Sadiki; médecin de la Société française de Bienfaisance, Thèse de doctoral : «L'appendicite chez l'en faut».","Faculté de médecine de Paris, cours d'encliyogénie comparée;Collège de France",,,0,,0,0,0,327,211,0.9413
L1912-01287,GORSSE,Louis,0,,19 avril 1865,1865,Cordes,Tarn,"Négociant, rue d'Aulriebe,Tunis. ",commerce,commerce,,Tunis,5 août 1890,1890,1,nichan_iftikhar,0,1,,,,,0,,0,0,0,175,211,0.9222
L1912-01291,GOUNOT,André,0,,déc. 1878,1878,Palerme,Italie,"Propriétaire agriculteur à Souk-el-Khemis, 2. rue d Angleterre, Tunis. Août 18 9 8.",agriculture,agriculture,,Tunis,,,1,merite_agricole,0,0,"Faculté des sciences de Palerme (Italie), Ecole d'Agriculture de Tunis. Fond, el prés. de l'Amicale des Anciens Elèves de l'Ecole coloniale d'Agriculture de Tunis (A. A. E. E. A. T.) ; secr .-gén. de la Caisse Régionale de Crédit Agricole; prés, du Conseil de surveillance de la Caisse rurale de Souk-el-Khemis ; v.-prés. dee Amis des Arbres; administ. de l'Association agricole de Tunisie, etc. A collaboré à divers journaux de Tunisie. A dirigé les publications de l'A. A. E. E. T. Membre de la Conférence Consultative (1"" collège, 4"" circonscription). Vice-président de la Municipalité de Souk-elKhemis. Médailles d'or et d'argent aux Expositions de Liège et Marseille et aux Concours agricoles de Béja, Mateur et Tunis, 1907. Fondateur de la Caisse rurale et de la Bibliothèque populaire de Souk-el-Khemis.","Faculté des sciences de Palerme (Italie), Ecole d'Agricultur;Ecole coloniale",,,0,,0,0,0,974,212,0.9412
L1912-01294,GOUTTENOIRE,Jean,0,,17 juin 1879,1879,,,"(Jean), 17 juin 1879, -Lay (Loire). Directeur de la Société générale des Huileries du Sahel Tunisien, Sousse. ",military,military,,Sousse,24 déc. 1900,1900,0,,0,0,,,,,0,,0,0,1,135,212,0.8842
L1912-01296,GOUVET,Ernesf-Alexis-Laurent,0,,22 janv. 1.860,1860,Constantine,,"Conducteur des Ponts et Chaussées; . architectc-voyer de la ville de Sousse, 18, boni. Emile-Loubet. ",engineering_architecture,engineering_architecture,,Sousse,1860,1860,4,palmes_academiques;merite_agricole;medaille_coloniale;nichan_iftikhar,0,1,"lycée de Marseille, collège de Sarlat. Attaché à. la Direction générale des Travaux publics depuis 1S85; conservateur du musée de Sousse; correspondant du Ministère de l'Instruction publique. Exposition de Marseille : médaille d'argent (Beaux-Arts).",lycée de Marseille;collège de Sarlat,,,0,,0,0,0,531,212,0.9275
L1912-01297,GOYET,Joseph-Antoine,0,,14 septem. 1.873,1873,Nîmes,Gard,"Commis à la Recette municipale de Tunis, route de Zaghouan (villa Saint-Jean), banlieue de Tunis. ",administration,administration,,Tunis,21 juillet 1896,1896,0,,0,0,lycée de Nîmes. Lieuten. de réserve au 4° zouaves.,lycée de Nîmes,,"Administration des Finances (1"" janv. 1898 au 30 oct. 1902); à la Recette municipale depuis le 1"" janv. 1902. Anc. prés, du Club. Athlétique de Tunis. Trois campagnes.",6,,0,0,0,409,212,0.8943
L1912-01298,GOZLAN,A.,0,,1866,1866,Industriel,,"60, rue de Naples.",industry_crafts,industry_crafts,"60, rue de Naples",,,,6,medaille_coloniale;palmes_academiques;merite_agricole;etoile_anjouan;nichan_iftikhar;saint_stanislas,0,1,"école chrétienne des frères et école de l'Alliance israélite de Tunis. Ex-clerc caissier chez M"" Guey- dan pendant dix-sept ans, puis industriel. Fourniture de briques, plâtres -et chaux. GRANDHURY (L.), 24 avril 1861, Fonlenay-le-Chateau, Médaille coloniale, off. 'd'Académie, chev. du Mérite agricole, off. de l'Etoile d'Anjouan, comm. du Nichan-lftikhar, chev. de Saint-Stanislas de Russie. Chef de bureau à la Résidence Générale, détaché a la chancellerie du Nichan-lftikhar, 18, avenue de Carthage, Tunis. Oct. 1892. Ancien chef-adjoint du cabinet du Résident Général. '",école de l,,,0,,0,0,0,668,212,0.9282
L1912-01301,GRASSET,Alfred-Louis-Benjamin,0,,18 sept. 1.866,1866,Périgueux,Dordogne,"Chef du service de la. taxe locative à la Municipalité, 16. av. de Paris, Tunis, 18 sept. ",,,,Tunis,1885,1885,2,palmes_academiques;nichan_iftikhar,0,1,"collège de Bordeaux. 1"" prix de chant. Paris, 1900; 1; prix de chant, Alger. SUCCESS 1 : commis de recette municipale à La. Goulelte, receveur municipal à Nabeul, puis à. Souk-el-Arba, chef de service de la taxe locative à la Municipalité de Tunis. Secrétaire de « la. Chorale ».",collège de Bordeaux,,,0,,0,0,0,497,213,0.8997
L1912-01302,GRÉBAUVAL,Lôonidas-Adolphe,0,,7 mars 1S56,1856,Baillolet,S.-Inf.,"Avocat au barreau de Tunis, rue de l'Alfa, Tunis. ",justice_law,justice_law,,Tunis,3juin 1886,1886,1,palmes_academiques,0,0,,,,,0,,0,0,0,279,213,0.9154
L1912-01306,GRENOUILLEAU,Marc,0,,1865,1865,Loches,,Juge de Paix à Sfax. Mai 1896.,justice_law,justice_law,,Sfax,,,1,merite_agricole,0,0,Faculté de droit de Paris ; licencié en droit. Lieutenant de zouaves (territoriale).,Faculté de droit de Paris,licence_droit,"attaché au Parquet de Clermont-Ferrand, avocat à Loches et à Clermont.",1,,0,0,0,267,213,0.9395
L1912-01307,GRENY,Hilaire-Albert,0,,7 oct. 1867,1867,Limoges,H.-Vienne,"Architecte; expert près les tribunaux, ",engineering_architecture,engineering_architecture,"12, rue Es-Sadikia, Tunis",Tunis,28 juillet 1900,1900,1,nichan_iftikhar,0,1,,,,"che! du contentieux dans une grande maison de construction; expert près les tribunaux. V.- prés. de la société «Les Enfants du Centre». Collaboration à des travaux importants, tels que : manufactures de porcelaines, de chaussures, etc.; chapelle (avec crypte) des Jésuites à Limoges; château gothique k Lambertye (Dordogne); château composite au Vigon (H.-Vienne); théâtre de Tunis et annexes, la rue Léon-Roches, à, Tunis.",8,,0,0,0,600,213,0.9419
L1912-01308,GRÉSILLON,Emile-Albert,0,,8 sept. 1865,1865,Essonnes,S.-et-O.,"Ancien publiciste à Tunis. Sergent de la réserve de la territoriale (zouaves). Ancien agent des Pêcheries de la Cie du Port de Bizerte (installa les pêcheries de Tunis, Porto-Farina, Tindja, Biban). Ancien rédacteur à « la Dépêche Algérienne » (Alger), au «Zerainma» (Phiîippeville), à. «la Dépêche T",press_letters_arts,press_letters_arts,,Tunis,,,0,,0,0,,,,,0,,0,0,0,588,213,0.9431
L1912-01309,GRESSE,Paul,0,,24 nov. 1868,1868,Châ,,"Instituteur au ijec OfcLllloi,, Tunis. Novembre 1886. Brevet supérieur, certificat d'aptitudes pédagogiques, certificat d'arabe parlé",education_science,education_science,,Tunis,,,3,palmes_academiques;nichan_iftikhar;ouissam_alaouite,0,1,,,brevet_superieur;certificat,"instituteur au collège Alaoui, à Bizer'te,Teboursouk, Medjezel-Bab et Zaghouan. Prés, de l'Amicale de l'Enseignement nrimairp.. 1906: délégué au Conseil de l'Instruction publique, 1907; secrétaire du groupe tunisois de la Mission laïque. Collaboration active au Bulletin de l'Amicale primaire; projet de service sanitaire scolaire; rapport sur la collaboration de l'école au reboisement de la Régence; projet de propagande coloniale par l'école. Deux médailles d'or et une médaille d'argent aux Expositions de Tunis el Marseille. Lauréat de la Ligue de l'Enseignement.",10,,0,0,1,820,214,0.8796
L1912-01310,GREZEL,,0,,1866,1866,,,"Inspecteur des Monopoles, Tunis. ",administration,administration,,Tunis,1899,1899,2,palmes_academiques;nichan_iftikhar,0,1,,,,,0,,0,0,0,190,214,0.9128
L1912-01313,GROSRENAUD,François-Joseph,0,,1871,1871,Seloncourt,Doubs,"Syndic de faillite, arbitreexpert, professeur de comptabilité, ",education_science,education_science,"23, rue d'Italie, Tunis",Tunis,1895,1895,2,francois_joseph;nichan_iftikhar,0,1,,,,,0,,0,0,0,247,214,0.9274
L1912-01314,GROSS,André,0,,2 août 1871,1871,Ernolsheim,Haut-Rhin,Receveur des Douanes à. Djerba. ,administration,administration,,Djerba,22 mars 1895,1895,1,nichan_iftikhar,0,1,,,,"commis, vérificateur et receveur des Douanes"". Trois campagnes militaires.",2,,0,0,0,208,214,0.9267
L1912-01315,GRUNDLER,Frédéric-Jules,0,,15 janv. 1.864,1864,Sainte - Marie - aux - Mines,Alsace,"Professeur de 4° B a.u Ivcée Carnot, Tunis. Oct. ",education_science,education_science,,Tunis,1892,1892,1,nichan_iftikhar,0,1,,lycée Janson-deSailly;lycée de Laval;lycée de Tunis,certificat,,0,,0,0,0,355,214,0.8956
L1912-01318,GUEDJ,Félix,0,,26 déc. 1885,1885,Sousse,,Avocat à Sousse.,justice_law,justice_law,,Sousse,,,0,,0,0,lycée de Tunis et Faculté de droit de Paris. Trésorier de la. Section soussienne de la. Ligue des Droits de l'Homme; publiciste.,lycée de Tunis;Faculté de droit de Paris,,,0,,0,0,0,191,214,0.9348
L1912-01319,GUËGAN,Jules-Fortuné,0,,9 sept. 1.855,1855,Sainl-Germam-en-Layc,S.- el-O.,"- Iftikhar. Médecin,S,imp. Flis,"" Tunis. Venu en Tunisie pour la première fois en 1882, comme aidemajor du corps expéditionnaire, Kroumirie ; reparti en 1883; venu pour la seconde lois en 1894, comme meciecin-major du 4e sphahis, Sfax.",medicine_health,medicine_health,,Tunis,,,3,legion_honneur;palmes_academiques;nichan_iftikhar,1,1,"lycée de Versailles; prix d'honneur de rhétorique; Faculté de médecine de Paris; reçu, après concours, à. l'Ecole d'application de médecine.militaire, au Valde-Grâce; bachelier es lettres et es scien. ces. .Médecin principal de 2' classe de réserve. A servi comme médecin militaire dans cinq régiments de cavalerie, . aux hôpitaux militaires d'Algérie et de Tunisie, au régiment de sapeurs-pompiers à Paris. Promu médecin-major de 1"" classe au chpix. A exercé les fonctions de médecin-chef à l'hôpital du Belvédère, à. Tunis ,et antérieurement à Sfax, Gabès, Sousse et Le Kef. En 1.901, a. fait l'intérim comme directeur du Service de Santé de la Division d'Occupation de Tunisie. Actuellement en retraite par anticipation et sur sa demande; médecin de l'Administration générale du Gouvernement tunisien; anc. directeur adjoint de la. Santé et de l'Hygiène publique de la. Régence; directeur du Service de Santé maritime. Campagne de guerre 1882-83. Tunisie. N'a cesst de collaborer à différentes revues médicales ou littéraires depuis 1881 (Bulletin médical, Caducci, etc.). Publications diverses à Tunis («Alcoolisme arabe», «Noies et impressions d'Egypte», etc.). Cité par te «Journal Officiel français» en 1884 (Acacl. des Inscr. et BellesLettres) pour les premières découvertes faites dans la vallée de la Medjerda (archéologie romaine et punique). A été membre de la Commission d'examen des inventions intéressant l'armée en 1890 (Ministère de la Guerre). Décoré de la Médaille'd'honneur (1"" cl.) des épidémies (choléra en 1892-93, à Nantes); médaille de l'Académie de Médecine.(1.908).",lycée de Versailles;Faculté de médecine de Paris,baccalaureat,,0,,0,0,1,2039,214,0.9254
L1912-01320,GUELLATY,,0,,16 avril 1880,1880,Boghari,Algérie,"Avocat au barreau de Tunis, ",justice_law,justice_law,"6, rue de la Commission, Tunis",Tunis,1883,1883,0,,0,0,"■ lycée Carnot, Faculté de droit de Toulouse ; bachelier es lettres et licencié en droit. Viceprésident de la société sportive « La Musulma-, ne »; ancien secrétaire du Cercle Tunisien. Collaboration au journal «Le Tunisien» : Etude sur la justice indigène en Tunisie.",lycée Carnot;Faculté de droit de Toulouse,licence_droit;baccalaureat,,0,,0,0,1,396,215,0.922
L1912-01321,GUELLATY,Omar,0,,10 août 1852,1852,Alger,,"Directeur de la Colonie agricole indigène de Lansarine d e p u i s sa création, en 1903. 1"" déce m b r e 1900.",,,,,,,3,legion_honneur;palmes_academiques;nichan_iftikhar,1,1,"lycée d'Alger et Ecole spéciale militaire de SaintCyr. Chef de bataillon en retraite. Membre du Cercle Tunisien. Campagne de 1870-71; insurrection algérienne, 71; expédition de l'Aurès; campagne du Tonkin, 1883-1885;'deux blessure. A servi pendant sept ans en France, cinq ans comme capitaine au Gouvernement militaire de Paris et deux ans comme major au 88', k Mirande.",lycée d'Alger,,,0,,0,0,0,659,215,0.9428
L1912-01323,GUÊNARD,Albert,0,,20 mai 1880,1880,Oran,Algérie,"Directeur du «Petit Bizerlin». Bizerle. Venu en Tunisie pour la première fois en 1891, avec son père qui, officier .. supérieur, demanda un congé pour occuper une situation de contrôleur civil à Bizerte. Son père est mort en 189 5. L'année suivante,sa famille se fixa à Tunis, où elle habite touiours",administration,administration,,Bizerte,,,0,,0,0,"prytanée militaire de La Flèche; bachelier es lettres (avec dispense d'un an et demi); a suivi le cours de SainlCyr à 17 ans; publiciste dès l'âge de 18 ans. A écrit une série de romans où il tient à démontrer les lois de l'évolution individuelle et l'évolution collective, auteur de «Rénovation», roman social.",,baccalaureat,,0,,0,0,2,754,215,0.9347
L1912-01324,GUÉNARD,Ernest,0,,,,,,"croix du Mexicme. Officier supérieur. Contrôleur civil de Bizerte. 18 91. Chef de bureau arabe en Algérie ; collabora à. de nombreuses revues ; releva des inscriptions archéologiques en Algérie et en Tunisie ; réorganisa complè• tement le contrôle de Bizerte, fit révoquer les caïds dont l'administra",administration,administration,,Bizerte,,,3,legion_honneur;palmes_academiques;nichan_iftikhar,1,1,,,,,0,,0,0,0,1083,216,0.9255
L1912-01325,GUÉNIER,Henri-Eugène,0,,22 nov. 1859,1859,Tunis,,"oiï. du Niella n-Iflikhar. Entreposeur aes Monopoles, Béja.",,,,Tunis,,,1,palmes_academiques,0,0,"école des Frères de la rue de la Casbah, école laïque, collège italien. Chef de gare à Souk-elArba (dix ans au Bône-Guelma); c o n cl u cleur aux Trav a u x publics pendant trois ans ; commerçanl pendant deux ans ; emnirwé. à in Direction des Monopoles depuis le 1"" avril 1891. Membre fond, de la Société française de Bienfaisance, de la Société internationale de musique «Juvenes Carfhaginis», d'une société musicale à. Souk-el-Arba; membre corr. de la. Société nationale de Tir; membre fond, de la Société «Les Français de l'Est», très, pendant quatre ans; membre fond, de la Ligue française de l'Enseignement, membre du Comilé de 'l'unis pendant un an; membre du Comité des fêtes organisées à. l'occasion de l'inauguration du port de Tunis; président de la Société. «L'Harmonie de Bizerle»; membre fondateur de la. section de Bizerte de «l'Avenir du Prolétariat», président depuis huit ans: fondateur des seclions régionales de Ferryville, Tindja et Mateur: membre fond, de ' la. Société de Bienfaisance ae Bizerle; membre fond, du Cercle bizerlin de la «Ligue de l'Enseignement»; très, et v.-prés, pendant quatre ans; membre corr. de la Mission laïque; membre du Comilé des fêtes organisées à l'occasion de la visite de M. Loubel. président de la République; a conçu te projet, d'une salle de réception dont il a été chargé d'exécuter d'édification; v.-prés. fondateur du «Foyer du Soldat et du Marin» de Bizerle; prés, fond, de la 1."" section tunisienne de la «Dotation de la. Jeunesse de France»; chef de la. section de la Mulualilé marilime de France; v.-prés. de la section bizertiiie de l'Association Mutuelle tunisienne; tous les ans désigné par le Conseil municipal pour l'organisation de la fêle du 14 juillet; membre de foules les sociétés locales. A fait partie de toutes les manifestations qui |;e sont produites à. Bizerle. Membre fond, de l'iiAclion Républicaine» à. Bizerte. Affaire de Oued-Zargua, en 188:1; en qualité de conducteur du train de secours, s'est trouvé daims celle affaire où, avec MM. Izoa.rd, Carcli el, Maccolta, il a. manqué d'être tué par les insurgés. Médaille d'argent de l'Avenir du prolétariat; diplôme d'honneur de la Dotation do la Jeunesse de France médaille de bronze de la. Ligue de l'Enseignement; diplôme d'honneur du Ministère' de l'Instruction publique; méd. de bronze de la Société nationale des conférences populaires; conférence sur la. Mutualité scolaire; fêtes des écoles; anniversaire des noces d'argent de la Mutualité scolaire. Fait tous tes ans des conférences sur la. Mutualité aux troupes de la garnison. A élé l'objet de leltres.de remerciements de la Résidence Générale et de l'Autorité militaire.",école des Frères;collège italien,diplome_superieur,,0,,0,0,2,2792,216,0.9254
L1912-01326,GUENIN,Jean-Regis,0,,19 nov. 1866,1866,Fay-le-Froid,H.-L.,"Commissaire dp police, chef de la 1"" brigade mobile, rue Sidi-Zohaïr. n"" 7, Tunis."" 1887.",,,,Tunis,,,1,nichan_iftikhar,0,1,,,,,0,,0,0,0,171,216,0.8538
L1912-01327,GUËRARD,Horace-Napoléon,0,,1860,1860,Ajacio,Corse,Directeur à Paris de la Banque de Tunisie.,finance_banking,finance_banking,,,,,0,,0,0,,,,,0,,0,0,0,91,216,0.871
L1912-01331,GUEYDAN,Adrien,0,,5 août 1857,1857,Corps,Isère,"ar ou. cm iNicnanIflikbar, off du Medjidié, chev. de Saint-Grégoire. 'Avocatdéfenseur,. U, rue d'Angleterre. Tunis. ",justice_law,justice_law,,Tunis,14 nov. 1882,1882,4,legion_honneur;merite_agricole;palmes_academiques;medjidie,1,0,"collège de BourgohiRondeau et Faculté de droit, de Grenoble ; licencié en droit; médaille d'argent en droit civil ; médaille de bronze en droit commercial au Concours de Grenoble. Ancien syndic des avocats-défenseurs, avocat-conseil du Gouvernement tunisien. Prés, de la société «La Dauphinoise» depuis environ douze ans.","collège de BourgohiRondeau;Faculté de droit, de Grenoble",licence_droit,,0,,0,0,0,573,217,0.8754
L1912-01332,GUEZ,Victor,0,,juillet 1877,1877,Sta,,"Commerçant k Sfax, Maison fondée en 1892. Importation, huiles, dalles, céréales, amendes.",commerce,commerce,,Sfax,,,0,,0,0,,,,,0,,0,0,0,125,217,0.8795
L1912-01333,GUILHON,Clém'-Jules,0,,24 nov. 1876,1876,,,Directeur do l'Ecole professionnelle Emile-Loubet. Tunis 3 décembre 1901.,,,,Tunis,,,2,nichan_iftikhar;ouissam_alaouite,0,1,diplômé et médaillé de l'Ecole normale des Arts el Métiers de Dellys (Algérie); école Normale supérieure d'enseignement primaire de Sainf-Cloud; certificat d'aptitudes a.u professoral des Ecoles normales. Ancien professeur à l'école primaire supérieure de.Rodez; ancien professeur au collège Alaoui.,Ecole normale;école Normale;collège Alaoui,diplome_superieur;certificat,,0,,0,0,0,476,217,0.9325
L1912-01334,GUILLEMART,Robert,0,,21 janv. 186S,1868,,,"Négociant; directeur des Magasins généraux du Centre du Sahel, av. Bouclier. Sousse. Président de la Chambre mixte de Commerce el. d'Agriculture du Centre; membre de la Conférence Consultative (2' collège, 6' cire); agent consulaire d'Aulriche-Hongrie. Lieutenant de zouaves, territoriale.",military;politics_native_admin;diplomacy;commerce,military,,Sousse,,,2,legion_honneur;palmes_academiques,1,0,,,,,0,,0,0,0,372,217,0.9341
L1912-01335,GUILLOCHON,Lucien,0,,27 août 1871,1871,Paris,,"villa, du ""Belvédère. Tunis.",military;education_science;administration,military,,Tunis,24 déc. 1897,1897,2,merite_agricole;nichan_iftikhar,0,1,,Ecole Coloniale,,,0,,0,0,1,625,217,0.9663
L1912-01336,GUILLON,Paul-Marie,0,,3 sept. 1875,1875,Senseii-Léharl,C.-du-N.,"Instituteur et receveur des Postes, El-Adjim (Djerba). ",education_science;administration,education_science,,Djerba,23 oct. 1901,1901,0,,0,0,école primaire; brevet élémentaire et certificat d'aptitudes pédagogiques. Caporal de réserve au V tirailleurs.,,certificat,,0,,0,0,0,252,217,0.8701
L1912-01337,GUILLOT,,0,,,,,,"publique, commandeur du Nichanlftikhar. Directrice honoraire de lôcolc secondaire Jules-Ferry ; propriétaire à Maxula-Ra.dès.",,,,,,,2,legion_honneur;palmes_academiques,1,0,,,,,0,,0,0,0,203,217,0.9587
L1912-01338,GUIOT,Charles,0,,20 mai 1866,1866,Halle,,"Substitut, du procureur de la République, Amiens (Somme).",justice_law;religion,justice_law,,,,,1,palmes_academiques,0,0,,,,"Avocat; suppléant rétribué à Saïda. 29 mars 1894; juge de paix à. Saint-Clond, 9 mal 1S96; 3' cl., août .1897; supp. à Sousse et juge au tribunal mixte, 5 mai 1898; juge rapporteur h Sousse, 3 juin 1899; juge au tribunal mixte de Tunis,!"" mai 1903; substitut à. Saint-Etienne, 14 sept. 1904; à Amiens, 9 mars 1907.",10,,0,0,0,437,217,0.8382
L1912-01339,GUITAT,Daniel,0,,21 nov. 1868,1868,Bône,Algérie,"Représentant de commerce et ancien imprimeur, 81, a.v. de Carthage, 'l'unis. ",commerce;industry_crafts,commerce,,Carthage,16 nov. 1898,1898,0,,0,0,"école communale laïque. Entré dans la typographie en 1881 ; a quitté l'art en 1894 pour s'adonner à la. comptabilité;' l'a repris en 1.899, à Sfax, Anc. prés, de l'Union syndicale clés Travailleurs du Livre (section de Tunis); correspondant du «Journal du Bâtiment et des Travaux de Lyon»; agent généralde M. L. Coularou, ingénieur à. Paris (ciment armé, système breveté S. G. D. G.).",,,,0,,0,0,0,531,217,0.9301
L1912-01340,GUNG'L,J.-N.,0,,30 juillet 1852,1852,Versailles,"S.""-et-0.","agricole, off. de l'Ordre royal du Cambodge, comm. du . Nichan - Iftikhar. Avocat au barreau de Tunis, ",justice_law,justice_law,"6, rue d'Angleterre, Tunis",Tunis,19 juillet 1905,1905,3,palmes_academiques;merite_agricole;nichan_iftikhar,0,1,"lycée de Versailles, lycée Napoléon (actuellement lycée Henri IV), Faculté de droit de Paris ; bachelier es lettres, licencié en ciron. L,ampagne ae i8ïu-ci a fans (garde nationale-mobile); camp, en Afrique 1872-74. Membre de l'Association des secrétaires de rédaction (Paris). Syndic du Syndicat de la. Presse tunisienne. Dans' le journalisme a, été rédacteur en chef de «l'Echo du Nord» (Lille), du «Progrès du Nord» (Lille), secrétaire de la rédaction de «l'Evénement» et du «Matin»; rédacteur en chef de «l'Action Française» à Tunis. Est critique artistique et théâtral à « la Dépêche Tunisienne»; Président de la. Société'«La Légion ». Ancien militaire de la légion étrangère.",lycée de Versailles;lycée Napoléon;lycée Henri;Faculté de droit de Paris,baccalaureat,,0,,0,0,1,945,217,0.9082
L1912-01341,GUTTIERES,,0,,1844,1844,,,Inspecteur principal des Douanes à Tunis. Entré dans l'administration en octobre 1884.,administration,administration,,Tunis,,,3,palmes_academiques;nichan_iftikhar;couronne_italie,0,1,,,,,0,,0,0,0,195,218,0.9552
L1912-01342,GUTTIERES,Ernest,0,,2 mai 1880,1880,Tunis,,Avocat au barreau de Tunis.,justice_law,justice_law,,Tunis,,,0,,0,0,"lycée italien de Tunis, Facultés de Rome ""et de Naples. Docteur en droit. Secr. de la Société ouvrière italienne, anc. secr. de l'hôpital israélite. Collaborateur à plusieurs journaux.",lycée italien,doctorat_droit,,0,,0,0,1,260,218,0.9497
L1912-01343,GUY,Raphaël,0,,1869,1869,Rennes,llle-el-Vilaine,"Architecte à Tunis. Anc. archit. urine, à. la Direction générale des Travaux publics; Tunis. 2 août 19 0 0.",military;engineering_architecture,military,,Tunis,,,2,merite_agricole;nichan_iftikhar,0,1,".lycées de Rennes, Laval, S'- Louis (Paris), Ecole nationale des Beaux-Arts; bachelier es sciences. Architecte diplômé parje Gouvernement Français. A été attaché comme architecte a la commission impériale du Japon à. l'Exposition de 1900.",,baccalaureat;diplome_superieur,,0,"théâtre de Sfax, hôtel de ville de Sfax, Institut Pasteur, Di rection de l'Agriculture, bureaux de postes, contrôles, écoles, etc.",1,0,0,607,218,0.927
L1912-01344,GUYON,Louis,0,,1778,1778,Saint-Nazaire,Gard,"Médaille de Chine. Chef comptable aux mines de Chouichia, par Soukel-Arba. ",finance_banking;mining,finance_banking,,,1907,1907,0,,0,0,,,,,0,,0,0,0,175,218,0.922
L1912-01345,GUYS,,0,,,,,,"(Hyacinthe-Constantin), viceconsul à Zante, an III, à Rotterdam, an VIII, consul a.u même poste an XI à. 1805, comme général à. Alep de 1.81.4à. 1821 el à. Tunis de 1.821. à 1825, agent du ministère des Affaires étrangères à Marseille de 1825 à sa mort, en 1837, H",military;diplomacy,military,,Tunis,,,0,,0,0,,,,,0,,0,0,1,271,218,0.7972
L1912-01346,HAAK,Gérard Van Den,0,,13 septembre 1.862,1862,Harlem,Hollande,Curé de Sa.int-Joseph-d'El-Mahrine. ,religion,religion,,,14 octobre 1896,1896,0,,0,0,,,,,0,,0,0,0,114,219,0.7615
L1912-01349,HACKSPILL,Henri-Albert,0,,23 août 1.878,1878,Aumale,,"Chef de district à la Cie Bône-Guelma., à Kairouan. ",,,,Kairouan,19 avril 1896,1896,1,nichan_iftikhar,0,1,école primaire et école primaire supérieure; lycée; certificat d'études élémentaires; brevet de capacité élémentaire.,,certificat,dessinateur chef de district intérimaire et chef de district titulaire.,1,,0,0,0,371,219,0.9159
L1912-01350,HADDAD,Nissim,0,,26 juin 1868,1868,Tunis,,"Commerçant en articles de consommation indigène (alimentation, habillement etc.), faisant partie de la Maison A. Haddad et fils, succursales à Sfax, Gabès,Sousse et Gafsa, av. de Paris,29, Tunis.",commerce,commerce,,Tunis,,,0,,0,0,"Collège italien. Négociant de 1883 à 1889, interprète-traducteur assermenté près le Tribunal mixte de 1889 à 1,898; négociant depuis 1898. Ancien directeur du journal «Le Défenseur».",Collège italien,,,0,,0,0,0,425,219,0.924
L1912-01354,HADJOUJ,Younès,0,,1.860,1860,Tunis,,chev. du Mérite agricole. Caïl-gouverneur de Mateur.,politics_native_admin,politics_native_admin,,Tunis,,,2,nichan_iftikhar;merite_agricole,0,1,"collège Sadiki à. Tunis et lycée Saint-Louis à, Paris. Interprète clans différents services du Gouvernement, tunisien, ancien caïd de Tozeur Caïd depuis 1S97.",collège Sadiki;lycée Saint-Louis,,,0,,0,0,0,283,220,0.9319
L1912-01360,HALFON,Albert,0,,,,,,"(Albert) (le D'), Tunis. Médecin et chirurgien, r. Bab-Carthagène. 6, Tunis. ",medicine_health,medicine_health,,Tunis,1902,1902,0,,0,0,Faculté de Turin. Ex-interne de la clinique médicale de Turin. Médecin-chirurgien titulaire a l'hôpital israélite de Tunis.,,,,0,,0,0,0,222,220,0.9553
L1912-01361,HALFON,Alb.ert-L.,0,,29 juillet 1880,1880,Tunis,,"Négociant en huiles d'olives, ",commerce,commerce,"5, rue d'Italie",Tunis,,,0,,0,0,,,diplome_superieur,,0,,0,0,0,289,220,0.9394
L1912-01362,HALFON,Joseph,0,,5 avril 1S87,1887,Monaslir,,"Directeur-propriétaire de l'exploitation oléicole franco-tunisienne, 8, . rue d'Italie, Tunis.",,,,Tunis,,,0,,0,0,,,,,0,,0,0,0,135,220,0.8427
L1912-01383,HANOUN,Léon,0,,29 mars 1856,1856,Alger,,"Représentant de banques, céréales, Mines. Souk-el-Arba. Oct. ",finance_banking;mining,finance_banking,,Souk-el-Arba,1883,1883,2,palmes_academiques;nichan_iftikhar,0,1,,,,,0,,0,0,0,296,222,0.9253
L1912-01384,HANRIOT,Eugène-Nicolas,0,,20 mai 1856,1856,Corny,Lorraine annexée,"- Iftikhar, off. de l'Ordre royal du Cambodge. Receveur générale des Finances tunisiennes, 'Tunis. 1"" mai 19 0 6.",military;administration,military,,Tunis,,,3,legion_honneur;palmes_academiques;nichan_iftikhar,1,1,"collège Sain t' Clément (Metz), Faculté de droit (Nancy), Ecole des Sciences morales et politiques (Paris), Faculté de droit (Paris). Bachelier es lettres el es sciences (1874), licencié en droit (1877); deux examens de doctorat (1895). Payeur principal de la Trésorerie et des Postes aux Armées.","collège Sain;Faculté de droit (Nancy), Ecole des Sciences morales et;Faculté de droit (Paris)",licence_droit;baccalaureat,"Surnuméraire, 187S; rédacteur ordinaire, 1880; adinisible à l'Inspection générale. 1.882; rédacteur principal, 1.891; sous-chef de bureau, 1S94; chef cie bureau, 1900; Administration centrale des Finances (Direction de la Dette inscrite et du Personnel). Membre de plusieurs sociétés professionnelles, amicales, ou mutuelles; ancien administrateur. de l'Association des Employés de l'Administration centrale des Finances. Quelques publications économiques dans diverses revues. Cours- préparatoires au concours de rédacteur k l'Administration centrale des Finances; 1892 à, 1897. Anc. secr. de la Commission extra-parlementaire de revision de la loi de 1.853 sur les pensions civiles, 1890-1891; anc. memb. de la Commission supérieure de classement, au Ministère de la Guerre, des sous-officiers candidats aux emplois civils, 1899 à 1906; anc. memb. ou prés, de diverses commission au même ministère.",17,,0,0,1,1473,222,0.897
L1912-01390,HARTMAYÉR,Jacob-Emile,0,,janv. 1834,1834,,,"Agricole, gr. cordon du N i ch an-I fuie h a. r. Capitaine en retraite. Consul de France honoraire. Ancien Vice -président délégué de la commission municipale de Houmt-Souk (Djerba). ",military;diplomacy,military,,Djerba,4 octobre 1884,1884,4,legion_honneur;medaille_coloniale;palmes_academiques;merite_agricole,1,0,,,,,0,,0,0,1,1718,224,0.8912
L1912-01391,HASSAN,Mehmed,0,,,,,,"(Mehmed) (le D'), 14 mai ""JS70, Sniyrne. Médecin, ",medicine_health,medicine_health,"29, rue Bab-Menara, Tunis",Tunis,4 mai 1902,1902,0,,0,0,lycée el école de l'Alliance Israélite à Sniyrne el Faculté de médecine militaire de Coiistanlinople.,lycée el;école de l;Faculté de médecine militaire de Coiistanlinople,,"capitaine de l'armée sanitaire turque el médecin à l'hôpital militaire de Smyrne. Membre du Cercle Tunisien. A publié une brochure sur «le diabète», rédigé en second le journal «Maternel.» el, en chef le journal «La. Foudre», en Grèce. Condamné poliliifi'i par le régime liainidien pour ses idées libérales.",6,,0,0,0,525,224,0.9341
L1912-01392,HASSID,Moïse,0,,17 décembre 1879,1879,,,"(Moïse). 17 décembre 1879, 'Tunis, agent de contentieux, ",,,"61, av. de Londres, bureaux, 14, rue de Constantine",Tunis,,,0,,0,0,"école de l'Alliance israélite, brevet élémentaire.",école de l,,,0,,0,0,0,176,224,0.8698
L1912-01393,HASSID,Victor,0,,22 sept. 1876,1876,,,"(Victor). 22 sept. 1876, 'Tunis. Directeur d'assurances el, directeur du Crédit Commercial Tunisien, ",finance_banking,finance_banking,"5, rue d'Italie, Tunis",Tunis,,,0,,0,0,Ecole de l'Alliance israélite de Tunis; certificat d'études.,Ecole de l,certificat,,0,,0,0,0,201,224,0.9292
L1912-01394,HAUT,Paul DE,0,,1882,1882,Paris,,Sous-directeur des Mines du Chouischia par Soukel-Arba (Tunisie).,administration;mining,administration,,,,,1,nichan_iftikhar,0,1,"Institut de chimie appliquée de Paris. Sous-directeur des mines de cuivre de Chouschia, Souk-el-Arba.",Institut de,,,0,,0,0,0,242,225,0.9299
L1912-01395,HAYAT,Israël-Eugène,0,,30 octobre 1S79,1879,Tunis,,"A Tunis, rue de Constantine, 14, et à La Goulette, avenue de Cartilage, 23.",medicine_health,medicine_health,,Tunis,,,0,,0,0,"Ecole clé l'Alliance Israélite et Lycée Carnot de Tunis, faculté de médecine de Mont- ■ pellier. Bachelier de l'enseignement classique. ( lettres-philosophie) ; docteur en médecine; ancien interne de l'hôpital Price-Albert de Monaco (concours Montpellier 1903). Médecin municipal de la ville de La Goulette, médecin adjoint de l'hôpital israélite de Tunis. Membre de la société des sciences médicales de Tunis. Travaux originaux sur la fièvre méditerranéenne. Auteur du premier travail français complet publié en France sur cette question (ouvrage de 120 pages, Montpellier 1903). Communications diverses sur la même question (1905-06-07), traitée au point de vue loca).",Lycée Carnot;faculté de médecine de Mont- ■ pellier,doctorat_medecine;baccalaureat,,0,,0,0,0,811,225,0.9321
L1912-01396,HAYDAR,Rachid,0,,1873,1873,La Marsa,,"d'honneur, off. du Ni:han - Iftikhar. Lieutenant-colonel dans l'armée beylicale; aide de camp de S: A. le Bey.",military,military,,La Marsa,,,1,legion_honneur,1,0,"collège Sadild. A été aide de camp de feu S. A. MohamedBey, aide de camp de S. A. le Bey régnant. A accompagné, comme aide de camp, le prince héritier Mnhamed-Bey à Paris en 1900; en 1904 accompagna le Bey de Tunis à Paris.",collège Sadild,,,0,,0,0,0,393,225,0.8743
L1912-01398,HEBRARD,Gabriel,0,,"1"" février 1870",1870,Agen,,"Commis des Contributions diverses, ",administration,administration,"14, rue Durand-Claye, Tunis",Tunis,31 mars 1889,1889,1,nichan_iftikhar,0,1,,,,,0,,0,0,0,144,225,0.8263
L1912-01403,HENRY,Albert-Lucien,0,,13 sept1874,1874,Charmois-l'Orgueilleux,Vosges,"(Vosges), oiï. du Nichan-Iftikhar. Médecin à Aïnel-Asker. 13 mai 19 0 0.",medicine_health,medicine_health,,,,,1,nichan_iftikhar,0,1,"collège de Remiremont (Vosges), Faculté de médecine de Nancy. Ex-préparateur d'histologie pendant trois ans.",collège de Remiremont;Faculté de médecine de Nancy,,"Médecin de colonisation à Tozeur de 1900 à 1903; à Aïn-el-Asker depuis 1903 (poste créé). «Etude histologique de la fraction décrôtoire de l'épiclidyme chez les vertébrés supérieurs». Faculté de Nancy, 1900, prix de thèse. Vaccinations dans le Djerid. A publié : «Le Djerid; climatologie, notes médicales, etc.»; «Echomélie du genre hémimôle» (Soc. des Se. méd. de Tunis et Revue de médecine de l'Afrique du Nord, 1903); «le Collargol en thérapeutique», Tunis, 1903; «Les théories actuelles sur le paludisme» (Maloine, Paris); «Le paludisme, conception officielle et conceptions dissidentes» (A. Maloine, Paris, 1908); «Bourgeonnement muliaire dans Tostéosarcome» (Bibliographie anatomique, Nancy, 1908).",14,,0,0,1,972,225,0.886
L1912-01404,HENRY,,0,,23 décembre 1850,1850,Nancy,Meurthe-et-Moselle,"(Meurthe-et-Moselle), .' officier de l'Ordre du NichanIftikhar. Rentier, ",,,"7, rue d'Italie (passage de B énervent), Tunis",Tunis,1890,1890,0,,0,0,,,,,0,,0,0,1,167,225,0.7447
L1912-01405,HENRY,Eugène,0,,,,,,"Vétérinaire, ",medicine_health,medicine_health,"31, rue Bab-elKliadra, ancien vétérinaire de l'armée",,,,1,legion_honneur,1,0,,,,,0,,0,0,0,136,226,0.9265
L1912-01406,HENRY,Eugène-Jean-Baplisle,0,,22 juillet 1881,1881,Arzew,Oran,"- Iftikhar. Vétérinaire, inspecteur aux abattoirs de la ville de Tunis, 18 9 0.",medicine_health;administration,medicine_health,,Tunis,,,1,nichan_iftikhar,0,1,lycée Carnot ; bachelier es lettres ; Ecole vétérinaire de Toulouse. Adjudant de réserve. Expert agréé près les tribunaux de la Régence de Tunis.,lycée Carnot,baccalaureat,,0,,0,0,0,314,226,0.8647
L1912-01407,HERCULAIS,Louis-Alexandre,0,,10 fév. 1754,1754,Grenoble,Isère,Chargé de mission en Barbarie (Tunisie) par le Comité du Salut Public en 1795.,,,,,,,1,legion_honneur,1,0,,,,"garde-niarino (1770), souslieutenant au régiment d'Orléans-cavalerie (1772), capitaine au régiment de Chartres-dragons (1777). Dans l'Inde en 17S1, il fut nommé, le 25 avril 1787, major à la suite des troupes employées à Pondichéry et, de retour en Europe, quelque temps après, il passa avec :;utorisution au service de l'Espagne. Le 1"" juillet 1792, il fut nommé colonel du 2' régiment des grenadiers de la marine. Au commencement de la révolution, il devint chef de brigade des armées de la République dans le Finistère et fut chargé d'une mission auprès des puissances barbaresques. Cette mission comportait un traitement de 20.000 fr. 1511e avait pour objet l'inspection des Consulats, le règlement de toutes les affaires en litige, l'obtention de la neutralité des puissances barbaresques pendant la guerre de coalition', la liberté de nos approvisionnemenlsdo rachat de nos esclaves, enfin une enquête secrète sur la conduite des consuls d'Alger et de Tunis, Vallière et Devoize, désignés tous deux comme suspects. D'après M. Eug. Plantet, auteur de la ((correspondance des beys de Tunis et des consuls de France avec la cour », page 243. I-Ierculais « aurait embrouillé les affaires dans les deux Régences, révoqué injustement les deux consuls, abusé même des fonds dont il était comptable et fut destitué par arrêté du Comité de Salut public du 20 nivôse an V » (1797). Rentré en France, il protesta contre les accusations dont il avait été l'objet et commanda la colonne des grenadiers de la marine détachée, en l'an IX, en Italie et prit sa retraite en 1808. Mort le 30 août 1S42 à Paris, jouissant du grade honorifique de maréchal de camp depuis 1816. Le général de division Renson, grand officier de la Légion d'honneur, . directeur général du personnel et du matériel au ministère de la Guerre, né le 8 mai 1818 à Neuf-Brisach, a demandé et a été autorisé à ajouter à son nom patronymique celui d'AIlois d'Herculais et a s'appeler à. l'avenir Rensond'Allois d'Herculais (décret du 2S mars 1876).",15,,0,0,1,2207,226,0.9473
L1912-01409,HERSON,Louis-Charles,0,,20 juin 1843,1843,Alger,,"gr. croix du Nichan-Iftikhar. Ecole spéciale militaire de Saint-Cyr, 1863-1865, numéro d'entrée 26, numéro de sortie 21 sur 260 élèves. Souslieutenant au 2° zouaves (1SG5); a fait partie de la colonne de Géryville commandée par le colonel de Colomb; combat de Ben-Atab (mars 1866); reconnaissance de ",military,military,,,,,5,legion_honneur;medaille_coloniale;palmes_academiques;merite_agricole;nichan_iftikhar,1,1,,école des cadets;Ecole de Tir,,,0,,0,0,0,4121,226,0.9151
L1912-01411,HILSGHER,François,0,,18 mai 1803,1803,Olmitz,M o r avie,"(M o r avie), officier du NichanIftikhar. Brasseur à TunisBelvédère. 1"" mai 1901. Médaille d'or : Kairouan 1907, Tunis 1907, Anvers 1909, Paris 1909; grand prix et médaille d'or: Amsterdam 1909,Milan 1909, Florence 1909; hors concours : Bizerte 1908. Grand Prix à l'Exposition d'hygiène de Tunis, 191",,,,Kairouan,,,0,,0,0,,,,,0,,0,0,1,343,227,0.8437
L1912-01413,HJALMAR,Sigurd,0,,juin 18C5,1865,Christiania,,"Consul de Danemark et négociant à Tunis. 1"" fév. ",diplomacy;commerce,diplomacy,,Tunis,1896,1896,1,nichan_iftikhar,0,1,Ecole des hautes études commerc. de Christiania (Christiania I-Iandelsgymnasium). A été chargé d'une mission commerciale du Gouvernement norvégien en Tunisie.,Ecole des hautes,,,0,,0,0,0,292,228,0.9495
L1912-01420,HOQUETIS,Marie-Henri-Albert,0,,10 mars 1870,1870,Mazères,Ariège,"Aumônier chez les Petites Soeurs des Pauvres, asile des vieillards, Tunis. ",religion,religion,,Tunis,6 sept. 1894,1894,1,nichan_iftikhar,0,1,"école de « l'Immaculée-Conception » de Caousou, Toulouse (H.-Gar.); grand séminaire de Constantine. SUCCESSIV 1 : vicaire à la pro-cathédrale de Tunis, aumônier militaire à Gafsa.",,,,0,,0,0,0,375,229,0.854
L1912-01423,HOUDE,Gaston,0,,24 sept. 1866,1866,Jestieux,Aisne,Avacat et agriculteur. ,agriculture,agriculture,"15, rue d'Italie, Tunis, 1894",Tunis,,,0,,0,0,"collège Rollin à Paris, Faculté de Droit de Paris, licencié en droit. Notaire à Arras (Pas-de-Calais) (de 1892 à 1.894); avocat à la cour d'Aix; avocat à Tunis. Président de la Caisse de Crédit agricole d'Ain-el-Asker et Bir-M'cherga. Création du domaine agricole et viticole Rhedir-es-Soltane, à Aïn-el-Asker, 300 hectares en culture dont 18 en vigne. Elevage du mouton. Médaille d'argent pour ses vins à l'exposition de Bruxelles 1897; Paris 1900, laines.","collège Rollin;Faculté de Droit de Paris, licencié en droit",licence_droit,,0,,0,0,0,569,229,0.9093
L1912-01426,HOURTICOT,Marius,0,,12 janv. 1SS2,1882,Lyon,,"Teinturier-dégraisseur. Spécialiste pour la confection. Fusage de la Plume d'autruche, 21, r. d'Italie, Tunis. Sept. ",,,,Tunis,1902,1902,0,,0,0,,,,,0,,0,0,0,203,230,0.9298
L1912-01427,HSIN,,0,,27 mai 1875,1875,Kerkennah,,Directeur-propriétaire du journal quotidien arabe «Arroehdya».,,,,,,,1,nichan_iftikhar,0,1,collège et lycée Sadiki.,collège et;lycée Sadiki,,interprète au Service Topographique du 19 fév. 1894 au 19 fév. 1903.,2,Editeur de la carte de la Tunisie en langue arabe et de «L'histoire depuis Adam jusqu'à nos jours ».,1,0,0,356,230,0.8949
L1912-01428,HUARD,Ferdinand-Isidore,0,,17 mars 1854,1854,Landes,Loir-et-Cher,kh n r_ Receveur des Postes et Télégraphes à TunisB a b-S o u i k a. Janvier 18 8 5.,administration,administration,,,,,2,palmes_academiques;nichan_iftikhar,0,1,"Petit séminaire Saint-François de Salles de Blois. Poète ; lauréat de nombreuses sociétés littéraires ; V..- prés. de « ïa Cigale » , société musicale, en 1RR7- v-nréK de -t'ÀUiance française; v.-prés. fond, de l'Institut de Carlbage; prés. lion, de la Société des Alsaciens-Lorrains deTunisie; prés. gén. fond, de l'Assistance -Mutuelle Tunisienne; fond, et réd. en chef de la «Revue Tunisienne» de 1.8S5 à 18S9; auteur de trois volumes de poésies : « L'Envolée », 1890 ; « Les Fleurs d'Orient», 1902; «Reflets et Mirages », 1.902, albums de poésies tunisiennes, avec illustrations de Lucien Tardieu, fond., dir. et réd. en chef de la «Mutuelle Tunisienne», organe de l'Assistance Mutuelle Tunisienne. Conférences nombreuses sur la poésie, le Loir-et-Cher et sur la Mutualité. Délégué du Gouvernement du Protectorat nu Congrès de la Mutualité coloniale et des pays de protectorat Alger-Tunis. 1.905. Médaille d'honneur de la Société nationale d'Encouragement au Bien; Médaille d'argent à. l'Exposition coloiiiiale de Marseille, 1906, titujla.ire de nombreuses médailles et diplômes d'honneur remportés dans des concours littéraires. Lauréat des «Annales politiques et littéraires». Fondateur de «Mutuelleville». (V. ce mot.)",Institut de,diplome_superieur,,0,,0,0,0,1436,230,0.8893
L1912-01429,HUC,Albert-Victor-Isidore,0,,15 mai 1848,1848,Tunis,,Rédacteur a la Municipalité de Tunis.,,,,Tunis,,,0,,0,0,"Ecole des Frères à Tunis; collège de Saint-Pons (Hérault). Négociant à Tunis (bijouterie); colon, co-propriétaire du domaine de Schuiggui (Tunisie). Ancien président et membre fondateur de la Société de Bienfaisance française de Tunis. Ancien vice-président de l'Harmonie Française; président de l'Association des petits fonctionnaires; ancien président de la Section tunisienne du Comité de colonisation de Paris; ancien rédacteur au «Pilori Tunisien», à la «Justice» et au «Promeneur»; ancien conseiller municipal de Tunis, 1885-1889; ancien trésorier de la Chambre de Commerce de Tunis (1"" élection T8S5-1S91).",Ecole des Frères;collège de Saint-Pons,,,0,,0,0,1,709,230,0.9255
L1912-01431,HUGUENET,Louis-Michel,0,,31 oct. 1852,1852,Paris,,Médaille de Chine. Officier d'administration principal d'étatm a j o r ; a été attaché à l'ElntMajor de la Division d'occuisa lion de Tunisie. Tunis. ,,,,Tunis,28 nov. 1905,1905,2,legion_honneur;nichan_iftikhar,1,1,,,,"à l'état-major des subdivisions de Gronville et Saint - Malo ; du 13' corps d'armée ; de la subdivision de Bône, du gouvernement militaire de Lyon, du gouvernement de la place forte de IDunkerque, des subdivisions de Caen, du Havre, de Falaise cl de l.isieux, du corps expéditionnaire de Chine, du 13° corps d'armée, de la Division d'occupation de Tunisie. S campagnes, dont 2 de guerre.",5,,0,0,0,670,231,0.9033
L1912-01435,HUMBERT,Charles,0,,1862,1862,,,Receveur principal des Contributions diverses. Tunis. ,administration,administration,,Tunis,1888,1888,3,palmes_academiques;nichan_iftikhar;merite_agricole,0,1,,,,"receveur municipal à Monastir, rédacteur au secrétariat général du Gouvernement tunisien et receveur municipal à Sfax depuis mars 1894.",1,,0,0,0,523,232,0.9288
L1912-01436,HURSTEL,,0,,22 fév.1846,1846,Strasbourg,,"Paris. Admis à l'Ecole de SaintCyr, en sortit en oct. 1866 pour entrer à l'Ecole d'Elat-major. Pendant la guerre de 1870, lieutenant d'état-major stagiaire au 2"" cuirassiers, en cette qualité a fait la campagne à l'armée du Rhin, passe ensuite à l'armée de la Loire où il est promu capitaine le 7 fév",military,military,,,1884,1884,1,legion_honneur,1,0,,Ecole de SaintCyr,,,0,,0,0,0,864,232,0.8966
L1912-01439,IGOLEN,Charles,0,,25 oct. 1.867,1867,Pernes,Vaucluse,"agricole, comm. du Nichan-Iftikhar.",,,,,,,2,merite_agricole;nichan_iftikhar,0,1,"Ecole Polytechnique. Sous-lieutenant d'artillerie, 1887; lieutenant en second, 1889; lieutenant en premier, 1891; capitaine au 2"" génie, 1895; placé hors cadres, 1.897; chef adjoint du Service Topographique en 1897. Chef de ce service en 1899. Mort à Tunis, le 12 octobre 1903. île sont après Kélébine : El-A.tlaya, Ouled-Yanek, Ouled-Kassem, El-Abbassia. et Raml a. Iles. Les îles de la Tunisie sont: 1° En suivant la côte de l'ouest à l'est et en partant de la frontière algérienne: L'ensemble de ce petit archipel tunisien est situé entre 8°40' et 9° long. E. et entre 34°37' et 34°50' lat. N. Le plateau sous-marin d'où émergent ces îles forme le cap le plus avance de la Tunisie vers l'Est. De très intéressantes observations scientifiques ont été relevées par la mission Doumet-A'danson, sur l'ensemble de la côte orientale tunisienne, comprenant les Kerkennah. 1. L'île de Tabarca, en face la ville du même nom. Nous emprunterons à une étude de M. Allemand-Martin, parue dans la. «Géographie» en 1904, les faits pouvant intéresser plus spécialement la colonisation et relatifs à ces îles. 2. L'île de La Galite, à Fouest-nordouest de Bizerte. 3. Les Galitons, petits îlois à proximité de l'île de La Galite. « Le plateau sous-marin environnant les Kerkennah, les rattache au continent par des fonds de 5"" au plus vers le Nord; sa longueur est de 45 milles c-nviron de fonds de moins de 3° et de 45 milles de fonds de moins de 10"". La largeur, face à la côte tunisienne, atteint environ 30 milles par des fonds inférieurs à 3"", et 35 milles par des fonds inférieurs à 10""; l'avancement extrême formé par là ligne des fonds de 20"" s'étend a près de 42- milles de la terre ferme; et celle ceinture de hauts-fonds se prolonge jusqu'à la frontière tripolitaine. » 4. L'île Cani, au nord-est de Bizerte. 5. L'île Pilau, en face du Ras-el-Djebel. (5. L'île Plane, en face de Porlo-Fdrina. 7. Les îles Oîgiinures, dites Djamourel-Kebir et Djamour-es-Srir, à l'ouestnord-ouest du cap Bon. 2"" En suivant la côte tunisienne du nord au sud: S. Les îles Kouria et Couighiera, en face de Monastir. 9. Les îles Kerkenna,h,à l'est de Sfax. 1.0. L'île Kneïss, entre Mahris et la Skhira. 1.1. L'île de Djerba, à l'est de Gabès. On voit que l'accès de ces îles est difficile aux bateaux de tonnage élevé. 12. L'île Djilidji, dans le golfe de BouGhrara, près de Djerba. 13. L'île El-Bipane, dans le lac du même nom. Il est cependant possible de mouill0,;' en sécurité, à une distance assez faible de la côte, sur tous les bancs, devant les plages ; et les bâtiments échoués peuvent être assurés de sauver leurs passagers.",Ecole Polytechnique,,,0,,0,0,0,2720,233,0.9275
L1912-01443,IMBERT,Marie-Antoine-Paul,0,,,,,,"Commandant en retraite. Avocat au barreau de Tunis, ",justice_law;military,justice_law,"18, rue de Rome, Tunis",Tunis,,,5,legion_honneur;medaille_coloniale;palmes_academiques;nichan_iftikhar;medjidie,1,1,"lycées de Clermont-Ferrand et de Moulins (Allier); bachelier es lettres; docteur en droit. Chef de bataillon dans la réserve: a été 33 ans dans l'armée active, 1.873 a 1906, après avoir servi 20 ans en Algérie et en Tunisie, 2' zouaves et 4"" tirailleurs; a été rapporteur pendant 2 ans près les Conseils de guerre de Grenoble et d'Orléans et commissaire du Gouvernement près le Conseil de guerre de Tunis pendant près de 3 ans. Etant sous-lieutenant au 2' zouaves à Oran, a fait partie des colonnes expéditionnaires chargées de réprimer les mouvements insurrectionnels dans le Sud-Oranais, de juillet 1881 à mars 1SS3. A fait la campagne de Tunisie du 1,1 avril 1S81 au 30 juin do la même année; a pris sa retraite avec 18 campagnes dont 2 de guerre.",,doctorat_droit;baccalaureat,,0,,0,0,1,1132,235,0.9215
L1912-01451,INERNY,Mac,0,,,,,,"(Mac) (Augustin-Joseph) ,1-Ielsiion, Cornouailles (Angleterre). Ingén', 1.",,,"18, rue d'Autriche, Tunis",Tunis,1898,1898,0,,0,0,"Collégiale School Plymouth ; French Collège Blaekrock. Dublin; Ecole Technique (P. Morgan) à. Swansea. Membre de l'Institut des Mines et de la métallurgie et des Ingénieurs des mines à Londres. Représentant de la maison Vivian et Sons depuis 1.S93; directeur des mines du Djebel-el-Kohl; directeur de la tuilerie-briqueterie de Sidi-bou-Sa.ïd. A organisé le système, aujourd'hui universellement pratiqué à Tunis, d'achat de minerais avec connaissance de poids, de teneur et paiement sur pince. Tuiles de Sidi-bou-Saïd : diplôme d'honneur. Exposition de travaux britanniques, Londres 1908.",Collège Blaekrock;Institut des,diplome_superieur,,0,,0,0,0,710,236,0.9217
L1912-01456,INGRAND,Gérard,0,,11 avril 1872,1872,Asques,Gironde,"Juge d'instruction, ",justice_law,justice_law,"24, rue Bir-el-Hadjar, Tunis",Tunis,1897,1897,2,palmes_academiques;nichan_iftikhar,0,1,"lycée de Mont-de-Marsan; licencié en droit. SUCCESS 1 : avocat, clerc d'avoué à Bordeaux, attaché au Parquet de Tunis, juge de paix à Grombalia et juge suppléant chargé de l'instruction à Tunis.",lycée de Mont-de-Marsan,licence_droit,,0,,0,0,0,357,237,0.9356
L1912-01463,INVERSIN,Louis,0,,7 février 1875,1875,Annecy,Haute-Savoie,"Surveillant-métreur aux Travaux de la Ville. Avenue de Carthage, 14, Tunis. ",,,,Carthage,24 décembre 1884,1884,2,nichan_iftikhar;ouissam_alaouite,0,1,"collège Alaoui et lycée Carnot. Brevet élémentaire et brevet d'arabe. Lieutenant de territoriale. Ancien représentant d'entreprise de travaux publics. Membre fondateur des sociétés de gymnastique «la Gauloise» (1894) et «l'Africaine», président de l'association des Anciens Elèves' du Collège Alaoui, en. 1.902; ex-président du '« Tunis-Vélo », (1903-1904), président en second de «l'Orientale», société française de gymnastique, fondée en 1902; vice-président de l'Union des Sociétés de gymnastique d'Algérie et de Tunisie (1909); détient le championnat de la marche (43 kil.) depuis 1904; membre du Jury au Concours de Sôtif (1909). A collaboré au bulletin de l'Association des A. E. C. A. Représentant agréé de la Direction générale des Travaux publics pour les entreprises Amoudruz, construction des casernements de la Baie-Ponty de l'arsenal de Bizerte, adduction d'eau de la ville de Mateur, etc.",collège Alaoui;lycée Carnot,,,0,,0,0,0,1086,242,0.933
L1912-01464,INVERSIN,H.,0,,,,,,"Viticulteur, arboriculteur, entrepreneur de travaux agricoles, rue de Portugal, 17, Tunis. 1882, comme intendant agricole au domaine de l'Enfida. Ancien élève du jardin botanique de Genève. Fondateur de la Société Suisse à Tunis en 1884.",industry_crafts;agriculture,industry_crafts,,Tunis,,,1,merite_agricole,0,0,,,,,0,"Créateur des premiers vignobles en Tunisie et d'importants domaines, de nombreuses installations d'eau, etc. Médaille d'or du Ministre de l'Agriculture.",1,0,0,441,242,0.9722
L1912-01465,ISAAC,Maurice-Jean-Victor,0,,16 oc,1606,,,"médaille de bronze de la Mutualité. Chef de l'Office du Travail à la Direction de l'Agriculture, mars 1906.",,,,,,,1,palmes_academiques,0,0,"Lycée Louis-leGrand, de Paris; doct. en droit. Ane. attaché au Ministère des Colonies; réd. au Ministère du Commerce; secr. du - Ministre du Commerce; secr. du Ministre de l'Intérieur; anc. prés, de l'Amicale de la Direction de l'Agriculture.",Lycée Louis-leGrand,,,0,,0,0,0,448,242,0.9342
L1912-01466,ISNACK,Victor,0,,3 juillet 1870,1870,Vaucouleurs,Meuse,"Colon, domaines de l'Alsace, de la Lorraine et de la Toulaise, à Rohia, par Le Ksour. ",agriculture,agriculture,,,1903,1903,2,merite_agricole;nichan_iftikhar,0,1,"collège de Toul. Ancien soûs-officier au 23"" dragons; ancien agent des Finances. Directeur du Syndicat d'irrigation de Rohia. Membre du Jury dans différents conconis agricoles.Deux médailles de bronze (Concours agricole de Sousse); Médaille d'argent (Concours national agricole de Nancy); Médaille d'argent (Concours agricole de Tunis).",collège de Toul,,,0,,0,0,0,542,242,0.8845
L1912-01470,JACQUIER,,0,,27 janv. 1857,1857,Lons-le-Saulnier,Jura,"d'honneur, comm. du Nichan-Iftikhar. Lieutenantcolonel au 71' d'infanterie. Mars 1906.",military,military,,,,,3,legion_honneur;nichan_iftikhar;saint_stanislas,1,1,"Collège Stanislas de Paris et Ecole spéciale militaire de Saint-Cyr; bachelier es lettres et es sciences. Entré à Saint-Cyr en 1876, sorti en 1S78 comme sous-lieutenant au 21' bataillon de chasseurs à pied, lieutenant et capitaine au 1.9' bataillon de chasseurs, chef de bataillon au 41' régiment d'infanterie, puis au 4* zouaves. A commandé le détachement du 4* zouaves (3' bataillon) à l'expédition du Maroc contre les BeniSnassen.",Collège Stanislas,baccalaureat,,0,,0,0,0,631,244,0.9079
L1912-01471,JACQUIER,Eugène,0,,3 nov. 1861,1861,Grenoble,Isère,"militaire, off. du NichanIftikhar. Econome-comptable à l'Ecole Coloniale d'Agricullure,Tunis. Janv. ",finance_banking,finance_banking,,Tunis,1886,1886,2,legion_honneur;medaille_militaire,1,0,,Ecole Coloniale;Ecole normale,,"zouave, caporal, sergent rengagé et adjudant; surveillant, puis économe à l'Ecole coloniale d'agriculture. Mention honorable du Ministre de l'Intérieur (dévouement incendie).",3,,0,0,0,577,244,0.9575
L1912-01472,JAEGGY,Ernest,0,,2 fév. 1S7S,1878,Soleure,Suisse,"Chirurgien - gynécologue, ",medicine_health,medicine_health,"7, rue de Sparte, Tunis",Tunis,1907,1907,0,,0,0,"Facultés de Genève, Vienne et Berne. Docteur en médecine. Ancien chef de clinique de la Maternité de Berne. JALTA. (V. Djalta.)",,doctorat_medecine,,0,,0,0,0,249,244,0.926
L1912-01475,JAULMES,Henri,0,,26 août 1867,1867,Paris,,Professeur de lettres (premières) au lycée Garnol de Tunis. Octobre 1894.,education_science,education_science,,Tunis,,,2,palmes_academiques;nichan_iftikhar,0,1,,lycée Garnol,,"agrégé de grammaire, profeseur aux lycées d'Annecy et de Tunis. Ancien vice-prés, de l'Amicale secondaire.",2,,0,0,0,286,244,0.9417
L1912-01476,JEANGOLAS,Louis,0,,10 avril 1858,1858,Saint-Cloud,Algérie,"Inspecteur de l'Office postal, ",administration,administration,"20, rue Es-Sadikia, Tunis",Tunis,,,3,palmes_academiques;merite_agricole;nichan_iftikhar,0,1,,,,"receveur au Bardo, à Béja, à Souk-el-Arba, à Gabès et à Bizerte. JEFNA. (V. Aïn-Jefna.)",2,,0,0,0,294,244,0.9077
L1912-01477,JOUBERT,Jules-Frédéric,0,,15 novembre 1859,1859,Gap,H.-A.,"Conducteur-mécanicien à l'Imprimerie Borrel, Tunis. 1881. Ancien élève du lycée de Gap. Adjudant de la Compagnie des Sapeurs-Pompiers de Tunis ; membre fondateur de la caisse de secours mutuels [des Sapeurs-Pompiers. Médaille de dévouement de la Compagnie «L'Union». « Journal des Travaux (Le) », nov",military,military,"8, rue Léon-Roches, Tunis",Tunis,,,1,nichan_iftikhar,0,1,,lycée de Gap,,,0,,0,0,0,948,244,0.935
L1912-01480,JOYEUX,Emile,0,,1872,1872,Voulon,Vienne,Directeur de l'école de la Baie-Ponty. ,,,,,17 avril 1898,1898,0,,0,0,,école de la;école normale,brevet_superieur,"instituteur à Poitiers, à Saint-Sauvant, Loudun, Tunis, Teboursouk. Juifs. (V. Israélites.)",2,,0,0,0,325,245,0.9241
L1912-01481,JULIEN,Cyprien-Edouard-Paul,0,,13 déc. 1872,1872,Les Môes,B.-Alpes,"Industriel, rue des Villas, Tunis. ",industry_crafts,industry_crafts,,Tunis,1898,1898,0,,0,0,,Institut de,,,0,,0,0,0,946,245,0.949
L1912-01482,JUNÈS,Sauveur,0,,11 janv. 1871,1871,Sousse,,"Courtier maritime, transitaire, agent de la Compagnie des Bateaux à vapeur du Nord, a Sfax. «Justice (La)». Organe des revendications des israélites tunisiens, luttant pour l'extension de la juridiction française et des Pouvoirs et Devoirs de la France en Tunisie. Hebdomadaire, ",commerce;transport_maritime,commerce,"1, rue Hannon, Tunis (4° année)",Sousse,,,0,,0,0,,,,,0,,0,0,0,461,245,0.9095
L1912-01485,KADDOUR,Mohamed,0,,1882,1882,Sfax,,Secrétaire-interprète au caïdat de Sfax.,administration,administration,,Sfax,,,1,nichan_iftikhar,0,1,collège Sadiki.,collège Sadiki,,,0,,0,0,0,121,247,0.9045
L1912-01502,KËRAMBRIEG,,0,,1868,1868,Paris,,"Lieutenant de cavalerie, démissionnaire. Propriétaire à la Soukra,près de Tunis. ",military,military,,Tunis,1897,1897,2,palmes_academiques;nichan_iftikhar,0,1,"lycée Henri IV ; ' bachelier es lettres. Réformé par suite .de blessure reçue en service commandé à l'école de cavalerie de Saumur. Président de l'Association cies prnneunsi.es iimisiens; v.- près, cie l'Institut de Carthage; membre du Comité directeur de la Section tunisienne de la Société de Géographie commerciale de Paris; membre du Comiétô d'Hivernage, du Comité des Sites et Monuments, chargé dernièrement par la Direction de l'Agriculture d'un rapport sur les primeurs de Tunisie en vue de la nouvelle loi d'introduction en franchise en France des fruits et légumes de Tunisie. Plusieurs récompenses comme Président des primeuristes de 'Tunisie.",lycée Henri;école de cavalerie;Institut de,baccalaureat,,0,,0,0,1,855,248,0.9147
L1912-01506,KHAIRALLAH,Ben Moslefa,0,,23 sept. 1S67,1867,Tunis,,"Interprète-traducteur assermenté près le Tribunal mixte, ",administration,administration,"5, rue Al-Djazira",Tunis,,,3,legion_honneur;nichan_iftikhar;ouissam_alaouite,1,1,"collèges Sadiki et Alaoui, brevet élémentaire de français, diplôme supérieur d'arabe.",,diplome_superieur,"instituteur à. l'annexe du Collège Alaoui, professeur au collège Sadiki, interprète au Tribunal mixte. Président de l'Association des Anciens Elèves du Collège Sadiki. Membre du Cercle tunisien.'",4,,0,0,0,486,249,0.9492
L1912-01513,KHAZNADAR,Mustapha,0,,,,,,"Ancien ministre du bey Ahmed et de MohamedBey. Il exerça son pouvoir pendant plus de'40 ans (1.837-1873) sur les beys et par sa cupidité, et par son influence néfaste a précipité la ruine de la Tunisie. Le bey Ahmed, sur ses conseils, jeta des millions dans des constructions gigantesques dont on ret",,,,,,,0,,0,0,,,,,0,,0,0,0,454,249,0.9929
L1912-01515,KHEIREDDINE,,0,,,,,,"Le général Kheïreddine a été un des ministres les plus en vue sous les règnes de Mohamed-Bey et de Mohamed Sadok. C'est lui qui, d'accord avec notre consul Léon Roches et le consul anglais Richard Wood, conclut le «pacte fondamental» (1857) proclamant l'égalité de tous devant la loi. Sous le règne d",military;diplomacy,military,,Tunis,,,0,,0,0,,,,,0,,0,0,0,763,249,0.9817
L1912-01517,KHIAT,Albert,0,,16 novembre 1886,1886,Tunis,,"Secrétaire de M"" Désirées, rédacteur au journal quotidien le «Courrier de Tunisie».",,,,Tunis,,,1,nichan_iftikhar,0,1,"Lycée Carnot, Université d'Alger, Université d'Aix-en-Provence, gradué en droit, bachelier en droit.",Lycée Carnot,baccalaureat,,0,collabore à diverses oeuvres sociales et philanthropiques.,1,0,0,329,250,0.946
L1912-01518,KHIAT,Joseph,0,,16 décembre 1.876,1876,Tunis,,"Rédacteur du «Takkadoum». Directeur de l'Office de publicité, ",,,"25, avenue Jules-Ferry, Tunis",Tunis,,,0,,0,0,,Lycée Carnot,,,0,,0,0,0,184,250,0.9346
L1912-01519,KHIAT,Simon,0,,10 février 1881,1881,Tunis,,"Ancien avocat an barreau de Tunis. Bachelier ôs lettres et es sciences, breveté d'arabe, licencié en droit. KHIARY (Azouz), 8 mars 1.8S5, Tunis. Publiciste, secrétaire de rédaction au journal «El-Ha.dira», rue du Miel, impasse El-Guera.dba, 1.5, Tunis.",justice_law;press_letters_arts,justice_law,,Tunis,,,1,ouissam_alaouite,0,0,"Collège Alaoui et Grande Mosquée. Directeur-rédacteur en chef du journal «El-Aâlcm» (l'Univers), ex-«La Ga'îtô des Ames» (Tarouih-en-Noufouss).",Collège Alaoui;Grande Mosquée,licence_droit;baccalaureat,,0,,0,0,0,444,250,0.9085
L1912-01526,KLEPPER,Georges,0,,19 janvier 1865,1865,Bordeaux,,- Iftikhar. Contrôleur civil faisant ■fonctions de vice-c o n s u 1 de France à Béja. Château de Gazelles (Gironde). ,administration,administration,,Béja,14 janvier 1887,1887,4,palmes_academiques;merite_agricole;nichan_iftikhar;croix_rouge,0,1,"lycée de Bordeaux; bachelier es lettres ; certificat d'arabe parlé. A voyage en Allemagne, en Angleterre, en Algérie et Tunisie jusqu'en 1890. SUCCESS 1 : attaché aux archives de la Résidence Générale de France à Tunis (26 avril 1890); secrétaire de contrôle civil de 2"" classe à Medjez-elBab (13 nov. 1890); secrétaire de contrôle civil de 1"" classe au même poste (1"" janvier 1894); contrôleur civil suppléant de 3° classe à Bizerte (20 oct. -1894); chef d'annexé à Medjez-el-Bab (17 mai 1S95); chargé par intérim des fonctions de contrôleur civil et de vice-consul de France à Béja (26 août 1895); contrôleur civil suppléant de 2"" classe chargé des fonctions de -contrôleur civil et vice-consul de France à Béja fi"" janv. 1896); contrôleur civil suppléant de 1"" classe maintenu dans ses fonctions au même poste (1"" janvier 1897); contrôleur civil de 3* classe faisant fonctions de vice-consul de France au même poste (21 juillet 1900); contrôleur civil de 2"" classe au même poste (2-2 juillet 1905); contrôleur civil de 1™ classe (1"" janvier 1909) au même posté. Président d'honneur de la Section de Béja des Amis des Arbres en Tunisie, du Cercle de la Ligue de l'Enseignement, de la Lyre de Béja; du Comité des Fêtes de Béja, de la Société de Gymnastique, Tir, Escrime et Préparation militaire de Béja. Inspecteur permanent des Dispensaires de la Société de Secours a.ux blessés militaires à Tunis et memh. du Conseil d'administration de la Société «Croix-Rouge»; délégué à Béja du Touring-Club de France; membre du Comité du Concours Hippique de Tunis; membre de la Société des Courses de Tunis; de la Société des.Girondins,de la Société d'Aviculture; de la Société d'Horticulture; de la Société des Amis des Arbres en France; v.-prés. d'honn. de la société musicale indigène «El I-Ioussaynin». Régénération cie la race des. poneys de Béja. Fondateur de la Société des Amis des Arbres en Tunisie. Plantation du bois d'eucalyptus de Medjezel-Bab et du parc du contrôle civil' de Béja. Brochure sur la nécessité du reboisement en Tunisie; membre du Jury nu Concours général de Tunis en 1907. Mission de quatre mois dans l'oasis d'ElOudiane pendant l'épidémie cholérique de 1.893; chargé d'assurer l'organisation du voyage dû Résident Général dans l'Extrômé-Snd tunisien en 1.895; adjoint au premier' attaché militaire de la. Résidence Générale pour accompagner dans leur voyage en Tunisie les membres du Congrès pour l'avancement des sciences en 1896; fondateur de la société musulmane de bienfaisance de Béja; fondateur de la société musulmane de bienfaisance des Nefzas; six témoignages officiels de satisfaction, quatre lettres officielles de félicitations. Concours agricole de Béjn en 1.905. grand diplôme d'honneur pour exposition scolaire. Concours général de Tunis en 1.907, 2"" prix poneys do deux à trois ans ; 3° prix poneys de quatre ans et au-dessus: Médaille d'argent poneys de quatre ans et audessus; prix d'ensemble, médaille d'argent du Ministère de l'Agriculture; 2"" prix, ponnettes de deux, à trois ans; hors concours, médaille d'argent du Ministère de la Guerre pour chevaux de croisements divers Exposition de Marseille 1.907; médaille de bronze pour fondation de la. Société des Amis des Arbres en Tunisie.",lycée de Bordeaux,baccalaureat;diplome_superieur;certificat,,0,,0,0,1,3551,250,0.9317
L1912-01527,KLOTH,Charles-Rodolphe-Tliôodore,0,,9 sept. 1853,1853,,,Horloger-bijoutier. 1.,,,"7, avenue de France, Tunis",Tunis,1880,1880,1,nichan_iftikhar,0,1,,,,,0,,0,0,0,186,251,0.8502
L1912-01540,KRAYENBUHL,Jules-François,0,,28 décembre 1.859,1859,Lausanne,Suisse,"Agriculteur, Aïn-el-Asker. Oct. ",agriculture,agriculture,,,1885,1885,2,nichan_iftikhar;merite_agricole,0,1,,Faculté de droit de Lausanne,,,0,,0,0,0,334,253,0.9404
L1912-01543,KRISKIS,Martin,0,,17 décembre 1S59,1859,Alger,,"Agent général de Compagnies d'assurances. Régisseur d'immeubles, rue d'Allemagne. Tunis. ",military;finance_banking,military,,Tunis,8 juillet 1885,1885,0,,0,0,"Etudiant de l'école de droit d'Alger. Ex-secrétaire du Comité d'organisation du 1"" Congrès républicain, radical et socialiste de Tunisie, ex-secrétaire du Conseil d'administration de l'Epargne Tunisienne, société civile coopérative de consommation. A publié : «La Colonisation française et les Biens Habous publics et privés» (mars 1901), broch. éditée au profil de la Société française de bienfaisance à 0 fr. 25 et qui indiquait les mesures à prendre d'urgence pour faire tomber ces biens dans le domaine de la colonisation française.",école de droit,,,0,,0,0,0,693,253,0.9432
L1912-01556,LABBASSI,Mohamed Dehmani,0,,juillet 1868,1868,Tunis,,Directeur d'école franco-arabe et receveur des Postes et des Télégraphes à. Kalâa-Kebira.,education_science;administration,education_science,,Tunis,,,4,palmes_academiques;nichan_iftikhar;ouissam_alaouite;medaille_coloniale,0,1,Ecole normale de Tunis (collège Alaoui); brevet élémentaire; diplôme de Médaille de bronze au Concours agricole de Tunis 1907; Médaille d'argent à l'Exposition coloniale de Marseille. Ane. memb. du Comité de la Khaldounia de Tunis.,Ecole normale;collège Alaoui;Khaldounia,diplome_superieur,,0,,0,0,0,421,254,0.9509
L1912-01557,LABBÈ,,0,,3 sept. 1869,1869,Lille,,"Juge au tribunal mixte, Tunis. SUCCESS* : avocat, docteur en droit, juge de paix à Gabès, mai 189S; juge suppléant à Sousse, 12 juillet 1899; à Tunis, 18 avril 1902; juge d'instruction, 7 oct. ",justice_law,justice_law,,Tunis,1904,1904,2,palmes_academiques;nichan_iftikhar,0,1,,lycée Carnot,doctorat_droit,,0,,0,0,0,519,254,0.8777
L1912-01558,LACOMBRADE,Paul-Roger,0,,27 jany. 1S79,1879,Capdenac,Aveyron,Ancien chei du Secrétariat et. du Contentieux à l'Office postal tunisien. ,,,,,8 nov. 1904,1904,2,palmes_academiques;nichan_iftikhar,0,1,"lycée de Rochefort-sur-Mer, Faculté de droit -de Paris, Ecole des sciences politiques; bachelier es lettres; diplômé de l'Ecole des Sciences politiques; docteur en droit es sciences politiques et économiques; docteur en droit ôs sciences juridiques. Rédacteur à l'Administration centrale des Postes et Télégraphes, Sous-Secrétariat d'Etat à Paris. A publié: «Construction et exploitation des lignes téléphoniques en France», in-8* de 300 pages. «Des lettres missives, étude juridique», in-8° de 330 pages. «Cours de droit administratif», in-18 de 350 pages. Conférences : «Le féminisme et l'Administration»; «La Conférence de La Haye» (A. G. du Personnel des Postes et Télégraphes de France, 1904). Médailles d'argent aux Expositions de Marseille et de Bordeaux.","lycée de Rochefort-sur-Mer;Faculté de droit -de Paris, Ecole des sciences politique;Ecole des Sciences",doctorat_droit;baccalaureat;diplome_superieur,,0,,0,0,0,959,254,0.9402
L1912-01559,LACORRE,,0,,29 oct. 1872,1872,Saint-Pierre-de-Nogaret,L.-et-G.,"Directrice de l'école primaire supérieure de Bizerte. 1"" oct. ",education_science,education_science,,Bizerte,1897,1897,2,nichan_iftikhar;medaille_coloniale,0,1,,Ecole normale,brevet_superieur;certificat,"institutrice à Evron (Mayenne), directrice de l'école primaire de Saint-Saturnin (Mayenne), institutrice à J'écoie ,'lules-Ferry.' à Tunis, directrice de l'école primaire supérieure de Sfax. Prés, de la. Société de 'Toulouse : «La nationale Universitaire». Médaille d'argent à l'Exposition coloniale de Marseille.",5,,0,0,0,609,254,0.9467
L1912-01560,LACORRE,Pierre,0,,23 août 1870,1870,Gontaud,L.-et-Gar.,"Directeur de l'école de Bijouville, à Bizerte. ",,,,Bizerte,24 nov. 1892,1892,2,nichan_iftikhar;ouissam_alaouite,0,1,école normale d'instituteurs d'Agen; brevet supérieur; certificat d'aptitudes pédagogie qués.,école normale;école de Bijouville,brevet_superieur;certificat,"instituteur à Bizerte, à Mactar, directeur d'école, receveur des Postes à Mactar, Djemmal, Mateur, instituteur au collège Alaoui, à l'école franco-arabe de Sfax, directeur d'école à Bizerte. V.-prés. du Comité de l'Assistance Mutuelle Tunisienne à Bizerte; v.-prés. de la Société de Bienfaisance de Bizerte; délégué du Touring-Club de France.",4,,0,0,0,596,254,0.9596
L1912-01561,LACROIX,Aimé,0,,13 nov. 1855,1855,Mar- 1 seille,,"Inspecteur du B.-G. à 1 Souk-Ahras (Algérie), 3 avril 1907.",administration,administration,,,,,3,palmes_academiques;nichan_iftikhar;medaille_coloniale,0,1,lycée d'Alg e r.,lycée d'Alg,,"chef de gare à Valence et à Lyon ; inspecteur au B.-G. à Bône, SoukAhras, Tunis et Souk-Ahras. Médaille d'or à. l'Exposition coloniale de Marseille. Lieutenant à la 2° section technique de chemins de fer de campagne jusqu'au moment de son passage en Algérie.",6,,0,0,0,443,255,0.9319
L1912-01562,LACROIX,Emile,0,,30 nov. 1863,1863,Marseille,,"olT. du NichanIftikhar. Publiciste. Rades, près Tunis, et ",press_letters_arts,press_letters_arts,"29, rue Pavô-d' Amour, Marseille",Tunis,,,1,palmes_academiques,0,0,"lycée d'Avignon;' bachelier ôs lettres.Rédacteur, secrétaire de rédaction et rédacteur en chef de diff é r e n t s journaux de France, Algérie, Tunisie. Exploration du SudOranals, 1881. Propriétaire et rédacteur en chef de la «Petite Tunisie Socialiste», de Tunis.",lycée d'Avignon,baccalaureat,,0,,0,0,0,443,255,0.8524
L1912-01565,LAFFAGE,Antoiûn-Louis,0,,14 août 1858,1858,Alger,,"chev de l'Ordre royal du Cambodge et de plusieurs autres ordres. Professeur de musique, compositeur, éditeur, Tunis. ",education_science,education_science,,Tunis,1882,1882,2,palmes_academiques;nichan_iftikhar,0,1,,lycée Carnot;Ecole de Musique,,,0,,0,0,0,1033,255,0.9404
L1912-01566,LAFFORGUE,Francis-François-Emmanuel-Joseph,0,,10 août 1S74,1874,Bagnères-de-Bigorre,Hautes-Pyrénées,"Professeur de lettres au Lycée Carnot, ",education_science,education_science,"35, rue Al-Djazira, Tunis",Tunis,15 octobre 1899,1899,2,francois_joseph;nichan_iftikhar,0,1,"collège de Nogent-le-Rotrou (Eure-etLoire), Lycée Janson de Sailly, Paris, Licencié es lettres.",collège de Nogent-le-Rotrou;Lycée Janson;Lycée Carnot,,"répétiteur au Lycée Carnot .(1899-1900), rédacteur au Gouvernement Tunisien (1900-1905), rédacteur adjoint au Directeur des Services administratifs de la Municipalité de Tunis (1905-1906), professeur de lettres à l'école professionnelle Emile-- Loubet. A publié «l'Epopée de Carthage», en collaboration pour la musique avec Paul Lafitte (oeuvre représentée à l'hôtel des Sociétés Françaises en novembre 1900). Conférences diverses. No- tes d'art,, de littérature et de théâtre aux divers journaux de Tunis.",5,,0,0,1,829,255,0.9256
L1912-01567,LAFITTE,Paul-André-Alexandre,0,,10 nov. 1863,1863,Catus,Lot,"d'Italie, comm. du NichanIftikhar, off. du Medjidié. Chef des services parisiens de rédaction de «la Dépêche Tunisienne», ",,,"2, rue Meyerbeer, Paris",,,,4,palmes_academiques;merite_agricole;couronne_italie;medjidie,0,0,"lycée de Toulouse, Faculté des lettres de Lyon.",lycée de Toulouse;Faculté des lettres de Lyon,,"imprimeur a lïjzerie, uirecieur uu «relit Bizerlin», rédacteur en chef de «la Dépêche Tunisienne »', chef de l'Office du Travail à Tunis. Ane. prés, d'honn. du Cercle de la Ligue de l'Enseignement à Bizerte, anc. commiss. de la Société française de Bienfaisance de Tunis; anc. vice-prés, du Syndicat de la Presse tunisienne. A PUKLIÉ : (d'Epopée de Carthage» (en vers). Ancien conseiller municipal et d'arrondissement dé Toulouse ; ancien représentant de Bizerte à la. Conférence Consultative. Médaille de bronze à l'Exposition de Liège; médaille d'argent à i'Exposition de Marseille.",11,,0,0,1,957,256,0.9511
L1912-01568,LAFONT,Hassen,0,,3 déc. 18S3,1883,Bône,,Interprète judiciaire.,administration,administration,,,,,0,,0,0,collège Sadiki. Ancien commis de l'Office postal tunisien. Diplôme supérieur d'arabe.,collège Sadiki,diplome_superieur,,0,,0,0,0,153,256,0.9028
L1912-01570,LAGRANGE,Horace,0,,9 octobre 1874,1874,,,Sous-chef de bureau à la Direction générale des Finances. Tunis. Nov. 1902:,military;administration,military,,Tunis,,,2,palmes_academiques;nichan_iftikhar,0,1,"lycée et Faculté de Bordeaux. Docteur en ■droit; médaille de vermeil, thèse de doctorat.",lycée et,,"receveur de l'Enregistrement dans la Métropole, sousinspecteur de l'Enregistrement, souschef de bureau à la Direction générale des Finances tunisiennes:",1,"Essai sur la taxation des valeurs mobilières comparée à celle de la propriété du sol; notes sur les Landes; correspondant de l'Inst. colon, de Bordeaux.",1,0,0,597,256,0.9479
L1912-01572,LAINE,Pierre-Antoine-Charles,0,,29 juin 1855,1855,Saint-Pierre,Martinique,"Docteur en médecine, avenue de la Gare, Mateur (Tunisie). 1"" octobre 1900.",medicine_health,medicine_health,,,,,1,nichan_iftikhar,0,1,"Collège de la Martinique, Facultés de Toulouse et de Bordeaux, Ecole de Médecine navale de Brest. Bachelier es lettres et es sciences. Ex-médecin de la Marine et - des Colonies ; médecin municipal de Mateur; médecin de nombreuses sociétés de secours mutuels aux Petites Antilles; de plusieurs Compagnies d'assurances sur la vie et les accidents. A fait partie de l'expédition militaire du Foula-Djalou en 1881; visites sanitaires et vaccinations dans le Fouta-Toro en 1S82. Exploration clans la Sénégambie, Cazamance et Carabane en 1884.",Collège de la;Ecole de Médecine,doctorat_medecine;baccalaureat,,0,,0,0,0,719,256,0.9228
L1912-01573,LAKBEGHE,Moslefa Bou,0,,févr. 1880,1880,Tunis,,Directeur de l'Agence des Habous à Bizerte et à Mateur depuis 1902.,,,,Tunis,,,1,nichan_iftikhar,0,1,collège Sadiki.,collège Sadiki,,"Secrétaire-interprète à l'Administration des Habous et chef du bureau des renseignements de ladite administration; membre du comité de surveillance des infirmeries indigènes de Bizerte et Mateur, membre fondateur de la société musulmane cie bienfaisance de Bizerte, membre de l'Association, des Anciens Elèves du Collège Sadiki; membre sociétaire de la Caisse locale du Crédit agricole mutuel de la. région de Mateur.",4,,0,0,0,589,256,0.9491
L1912-01574,LAKHOUA,Ahmed,0,,1869,1869,Tunis,,"caïd de la Regba, à Ghardimaou.",politics_native_admin,politics_native_admin,,Tunis,,,1,nichan_iftikhar,0,1,collège Sadiki et lycée Carnot.,collège Sadiki;lycée Carnot,,"se•'orétaire-interprète des contrôles civils du Kef et de Grombalia, khalifat de 1"" classe à Enfidaville, à""Mahdia, caïd des Oulad-bou-Salem et des Chihia à Souk-el-Khemis, président de la commission de voirie de Souk-el-Khemis.",1,,0,0,0,368,256,0.9339
L1912-01575,LAKHOUA,,0,,15 sept. 1872,1872,Tunis,,"off. du NichanIftikhar. Secrétaire-interprète à la Municipalité de Tunis, ",administration,administration,"9, rue du Dey, Tunis",Tunis,,,1,palmes_academiques,0,0,"collège Sadild. Brevet élémentaire, brevet d'arabe. Secrétaire à la Direction générale de l'enseignement public en Tunisie de 1890 à 1892; secrétaire-interprète à la Municipalité de Tunis depuis 1S92 ; secrétaire de l'Associât, des Anc. Elèves du Collège Sadiki; membre du Comité directeur de la «Khaldounia»; membre du Comité directeur de la société «En-Naeeria ». A fait la traduction du Dictionnaire de la Législation municipale de la ville de 'J'unis.",collège Sadild;Collège Sadiki;Khaldounia,,,0,,0,0,0,618,257,0.9389
L1912-01577,LALLIERMONET,Hjlaire,0,,7 février 1.850,1850,Ajaccio,Corse,"Médailles de sauvetage, Médailles de la Mutualité. Commissairepriseur à Tunis. Venu en Algérie en août 1858.",,,,Tunis,,,4,palmes_academiques;nichan_iftikhar;legion_honneur;medaille_militaire,1,1,,,,"expéditionnaire dans les greffes des justices de paix d'Orléansville et de Miliana (de juin 1863 à août 1870); Sous-lieutenant en premier de la milice mobile en 1870, à Miliana; a renoncé, le 28 septembre 1.870, à son grade pour s'engager au 1"" régiment de tirailleurs. Nommé caporal le 2 octobre, il est dirigé sur Orléans. Près de SainfAignan, il arrête deux Prussiens, dont un officier, déguisés en mobiles, et les l'ait prisonnniers. A fait l'objet, en décembre 1870, d'une proposition pour la croix de la Légion d'honneur, proposition restée sans effet en raison des troubles de la Commune, et en 1871 d'une proposition pour la Médaille mi-, litaire. A la fin de la guerre; réformé comme sergent-fourrier, il obtient, le 19 juin 1872, par congé de réforme n° 1, pour blessures et infirmités contractées pendant le service, une gratification renouvelable de 205 francs à laquelle il renonce en faveur de la libération du territoire. Courtier assermenté et arbitre-expert près le tribunal de première Instance de Pliilippeville- (1881-1902). Greffier intérimaire à la justice de paix (du 2 mars au 29 septembre 1885). Conseiller municipal de Pliilippeville (18S41894) et adjoint au maire (quatre ans). Juge de paix suppléant non rétribué (mai 1S87 ù juin 1896). Commissairepriseur à Bizerte (de mai 1902 à juin 1906). Huissier à Tunis (de juin 1906 à décembre 1909); enfin, depuis 1909, commissaire-priseur, également à Tunis. Fondateur et membre de la section b'iidéenne de la Ligue de l'Enseignement (1874); présid. de la Société Ouvrière de secours mutuels « l'Union » (1886-1888) ; prés, d'honneur à vie de cette société depuis 1.888; fondateur du journal « Les Petites Affiches du département de Constantine» et du premier musée commercial d'Algérie (1886); délégué général à vie de la Société des Sauveteurs, fondée par lui ; administrateur et ordonnateur du bureau de bienfaisance ; vice-consul du Pérou (1886-1902) ; membre correspondant du 3' Congrès national de la Mutualité, tenu à Paris en 18S9, et un de ses secrétaires; membre fondateur et président d'honneur de la Société des Anciens militaires; v.-prés. d'honn. de la Compagnie des Sauveteurs du Rhône (1896); membre de la. Société des Volontaires de 1.870-7:1, créée en 1.872; fondateur du groupe philippevillois des combattants de 1870-71 (1896); memb. fond, et v.-prés. de la Section cïu «Souvenir Français»; fondât, de la Section de Vétérans de 1870-71 de Pliilippeville; fondateur de la Société des Vétérans (section de Bizerte, 1902); v.-prés. actif de la Ligue de l'Enseignement, cercle de Bizerte (1.902); nommé par le Comité central de Paris délégué de la. Société le «Souvenir français» pour la région de Bizerte (1902); membre fond, et v.-prés. cl'honn. du Cercle bi/.erlin de la Ligue de l'Enseignement; prés, d'honn. de la Société des Vétérans des Armées de Terre et de Mer ; prés, cl'honn. de la Société «l'Algérienne», de Bizerte (1906); prés, de la. Société des anciens combattants de 1S70-71, contre l'Allemagne, Tunis (1909). Grande Médaille d'or de la Société ouvrière de secours mutuels l'Union (1886); Méa. d'honn. pour sauvetages dans les incendies (1887); Gr. Médaille d'or du Progrès, décernée par S. M. le Roi d'Itabe (1887); Croix de Mérite du Comité des Récompenses de la Société des Sauveteurs des Alpes-Maritimes (1888); Médaille d'honn. de la Mutualité (1889); Méd. d'or gr. module, décernée par le Concours Algérien de la Mutualité (1.890); Méd. d'or de la Société des Sauveteurs (1891); Dipl. d'honn. du Comité Central du Souvenir Français (1896); Méd. d'honn. de la Société les Sauveteurs du Rhône (1S97): Méd. d'honn. du Comité central des Vétérans de 1870-71 (1898); Méd. d'honn. de la Société humanitaire et hygiénique de Londres (1899); Méd. d'ar'g. du Comité central du Souvenir Français (1904): Diplôme de la Ligue de l'Enseignement (1905); Rappel de diplôme à l'occasion du Congrès d'Angers de la Ligue de l'Enseignement (1906); Diplôme, avec 1 Méd. d'honn. en or, décerné par le",63,,0,0,1,4210,257,0.919
L1912-01579,LAMBERT,Basile,0,,5 décembre 1861,1861,Laquarte,,Médecin et agriculteur. Sousse.Octobre 18 9 3.,medicine_health;agriculture,medicine_health,,Sousse,,,1,merite_agricole,0,0,"séminaire de Luxeuil, collège des jésuites de N.-D.-deMont - Roland, Dôle (Jura), Faculté de Besançon ; bachelier es lettres et es sciences; Facultés de médecine de Lyon et de Paris ; lauréat de l'Ecole de Médecine de Besancon. Externe, puis interne des hôpitaux; interne à l'asile d'aliénés de Dôle; reçu, le premier, interne de Charenton par concours au Ministère de l'Intérieur, mai 1890; ancien aide de clinique ophtalmique à Paris; aide-major de 1"" cl. de réserve; médecin à Sousse, établi en celle ville au début de l'épidémie cholérique de 1893; a contracté le choléra en soignant les malades; guéri, il continua ses soins aux cholériques. Tenta de fonder un • sanatorium à Sousse. Anc. v.-prés. du Syndicat du Sahel et membre de la Conférence Consultative, 1S96; anc. prés, de la Chambre mixte du Centre et secr. gén. de la Conférence Consultative ; anc. membre du Conseil de perfectionnement de l'Ecole d'Agriculture, de la Commission de colonisation, du Conseil supérieur de l'Assistance publique; membre du Comité d'études de la Société archéologique de Sousse ; a découvert les deux belles mosaïques de Neptune du musée de Sousse, ainsi que des masques.",collège des;Facultés de médecine de Lyon et de Paris;Ecole de Médecine,baccalaureat,,0,"thèse sur « Les idées hypocondriaques clans le délire des- persécutions»; nombreux articles dans la plupart des journ. tunis.; oeuvre de la Société archéol., à la Conf. Consultative, à - la Commission de colonisation, à Sousse, etc. Grand rapport médico-légal sur l'état mental du marabout Amor ben Othman (marabout de Kasserine) et d'un assassin de de Mores, etc. Membre fondateur de la Ligue de l'Enseignement en Tunisie. L'un des trois qui votèrent à la Conférence Consultative pour le développement de l'enseignement laïque. .Diplôme d'honn. de l'Exposition d'hygiène de Tunis.",1,0,1,1903,258,0.9486
L1912-01580,LAMINE BEN HADJ M'BAREK,,1,Hadj,1884,1884,Tala,,"Libraire, souk El-Attarine, Tunis.",commerce,commerce,,Tunis,,,0,,0,0,Université de la Djemâa-ez-Zilouna.,,,,0,,0,0,0,116,258,0.9333
L1912-01582,LAMOLINERIE,Jean-Pierre,0,,24 mars 1.860,1860,LT-lonor-de-Cas,T.-el-Gar.,"Publicisle, Tunis. Juillet 1901.",,,,Tunis,,,0,,0,0,"annexe de l'Ecole normale primaire de Monlauban et Ecole d'administration militaire de Vincennes. Sergent-major. A fondé en 1892 « Le Robinson des Bois», journal forestier; «Le Liège» (1.S95), journal de l'industrie bouclioniti ère, et «la Tribune franco-arabe», journal de l'émancipation arabe de l'Afrique du Nord. LAMTA ou (Lempfa). C. c. de Sousse, caïdat- de Monastir, à 50 kil. de Sousse, 27 de Monastir, 6 de Moknine, 4 de Ksar-1-Iella.I, et à 1 kil. de la mer. 5S0 hab. 25'"" d'altitude. Culture maraîchère et oliviers; usines à chaux; fabriques d'huile, de tissus de laine; conserve cie poissons secs. D. A.",Ecole normale,,,0,,0,0,0,728,258,0.9197
L1912-01583,LAMOUROUX,Pierre-Louis,0,,"1"" sept. 1875",1875,Villeneuve-sur-Lot,L.-el-G.,"Négociant, ",commerce,commerce,"20, rue d'Angleterre, Tunis",Tunis,,,0,,0,0,Ecole des Hautes Etudes commerciales de Paris ; bachelier es lettres et es sciences. Ancien négociant à Paris. Auteur de nombreux rapports sur les productions de la Tunisie. Correspondant de diverses revues techniques et de Syndicats industriels.,Ecole des Hautes,baccalaureat,,0,,0,0,1,367,258,0.9225
L1912-01584,LANÇON,Emile,0,,14 août 1843,1843,Lyon,,"! Iftikhar. Colon-cultivateur, Tunis. 30 i avril 1883. fabricant de soieries à Lyon.A été un des premiers pionniers de la colonisation française en Tunisie; c'est à lui que l'on doit la colonisation de la plaine du Morïiag et de la vallée du Khanguet-el-Hadjadj Par sa propagande et son travail a ame",industry_crafts;agriculture,industry_crafts,,Tunis,1904,1904,2,merite_agricole;nichan_iftikhar,0,1,,,,,0,,0,0,0,462,259,0.9248
L1912-01585,LANDEROIN,Séraphin- Marie - Joseph,0,,27 décembre 1.865,1865,Pou'illé,Loiret-Cher,"publique, off. du NichanIftikhar. Directeur d'école, Bizerte. 1"" mars 1892. Ancien élève de l'Ecole normale de Blois; brevet supérieur; certificat d'aptitudes pédagogiques; diplôme de maître de gymnas. tique.",education_science,education_science,,Bizerte,,,2,palmes_academiques;ouissam_alaouite,0,0,,Ecole normale,brevet_superieur;diplome_superieur;certificat,"directeur d'école à Mazangé professeur au collège Alaoui, directeur d'école à Béja, à Gabès; à Bizerte depuis le 1"" janv. 1903. Fond, du Cercle gabésien de la Ligue de l'Enseignement et présid. de ce Cercle jusqu'à son départ de Gabès; prés, du Cercle bizertin de la Ligue de l'Enseignement depuis 1904; prés. fond, et actif du «Foyer du Soldat et du Marin» de Bizerte; prés, fond, et actif de sociétés musicales, en France; la.uréat de la Ligue depuis 1.903; Médaille de bronze pour l'Exposition scolaire de Tunis en 1895; médaille d'argent à l'Exposition universelle 1.900; deux médailles de bronze à l'Exposition de Marseille 1906.",11,,0,0,1,956,259,0.9348
L1912-01586,LANGELLA,Jean-Antoine,0,,25 déc. 1869,1869,La Calle,Algérie,"(Algérie), ofl. du NichanIftikhar. Agent maritime et transitaire à. Tabarca. ",transport_maritime,transport_maritime,,,1881,1881,0,,0,0,,,,,0,,0,0,0,226,259,0.9225
L1912-01587,LANGLOIS,Marie-Adolphe-Chery,0,,15 juillet 1848,1848,Heippes,Meuse,Oct. ,education_science,education_science,,Tunis,1893,1893,2,palmes_academiques;nichan_iftikhar,0,1,,lycée Carnot,,,0,,0,0,1,379,259,0.8967
L1912-01588,LANNE,Elie,0,,22 mars 1870,1870,Auxerre,Yonne,"(Yonne), off. d'Ac. Anc. médecin-major de 2' cl., adjoint au Directeur du Service de Santé de la Division d'occupation. ",medicine_health,medicine_health,,,20 fév. 1907,1907,0,,0,0,"Faculté de Médecine de Lyon; Ecole du Service de Santé militaire""; a fait partie du cadre de cette Ecole de 1901 à 1904 .",Faculté de Médecine de Lyon,,,0,,0,0,0,308,259,0.8955
L1912-01590,LAPAUZE,Germain-Ernest,0,,"13"" mai 1868",1868,Cornac,Lot,"Commissaire de police à. Souk-el-Arba, 12 nov. ",,,,Souk-el-Arba,1889,1889,0,,0,0,,,,,0,,0,0,0,155,259,0.8096
L1912-01591,LARGUÈGHE,Khlil,0,,4 juillet 1.874,1874,,,"Bab-DiecVkl. 59, Tunis. De parents a 1 g êriens, originaires de Bône (Constantine).",education_science,education_science,,Tunis,,,3,nichan_iftikhar;ouissam_alaouite;palmes_academiques,0,1,"collège Alaoui, ■ à Tunis; brevet supérieur; lauréat de l'Alliance Française. V.-prés. de l'Association amicale des anciens élèves du collège Alaoui; memb. actif du Cercle Républicain; memb. de l'Orphelinat de l'enseignement primaire ; memb. actif du Photo-Cercle et de la Mission laïque; memb. du Conseil de l'Amicale de l'enseignement primaire, puis trésorier et bibliothécaire; memb. actif de «la Chorale»; memb. de la Section tunisienne de la Société de Géographie commerciale de Paris. A fait plusieurs voyages d'études dans les différentes parties de la France. Délégué par la Direction de l'Enseignement au Congrès internalio- pal de l'Enseignement), lors de l'Exposition universelle de 1900. . LAVAU (René), 4 déc. 1870, Libourne (Gironde), off. d'Académie, off. du Nichan-Iftikhar. Négociant exportateur :",collège Alaoui,brevet_superieur,,0,,0,0,1,1014,259,0.9162
L1912-01592,LARROUYAT,Pierre,0,,15 juin 1851,1851,Larreule,B.-Pyr.,Pharmacien à Tabarca. Août 1883.,medicine_health,medicine_health,,,,,4,legion_honneur;nichan_iftikhar;palmes_academiques;ouissam_alaouite,1,1,"Facultés de Bordeaux et de Toulouse. Premier pharmacien français diplômé avant fondé une pharmacie française à Tunis. Fondateur d'une société d'exploitation d'alfa à Senel-el-Meknassi. Médaille de bronze. Exposition de Paris 1899. huiles, vins et primeurs, av. de Carthage, 41, Tunis. 15 août 1898. Sergent-major de réserve au LASRAM (Mohammed), 23 nov. 1S66, chev. de la Légion d'honn., comm. du Nichan-Iftikhar, off. d'Académie, chev. du Mérite agr. Anc. chef de bureau à la Direction de l'Agriculture.lO, rue de Hollande, Tunis. collège Sadiki à Tunis, Ecole normale de Versailles, brevet supérieur; certificat d'aptitude à l'enseignement des langues vivantes. Ancien professeur au Collège Alaoui. Ancien directeur de l'Administration des Forêts d'oliviers du Nord de la Régence; ancien président de la «Khaldounia» ; secrétaire du Comité de la Colonie agricole de Lansarine; membre du «Cercle tunisien».",collège Sadiki;Ecole normale;Collège Alaoui;Khaldounia,brevet_superieur;diplome_superieur;certificat,,0,"A traduit, en collaboration avec M. Serres, une «Chronique tunisienne de Mohamed ben Youssef » et « Le voyage au pays, des Snoussia du cheikh El 1-Iachaïchi»; auteur d'une brochure sur la «Khaldounia.» et de diverses communications au Congrès de Marseille de 1906. Secrétaire particulier de S. A. le prince Mohammed el Hadi-Bey pendant son voyage à Paris en 1S87. Délégué du Gouvernement Tunisien au Congrès Colonial de Marseille de 1906. 4° zouaves. Prés, du Groupe de l'alimentation de l'Ass. Commerciale et Industrielle de la Régence; v.- prés. de la Société des Girondins ; très, de In Snr.iéi.p. rlp.q Primeurisles; anc. prés, de la Société de Gymnastique «La Gauloise»; Tr prix de tir en 1.896 à-la. Fête fédérale de Gymnastique de Sainl-Etienne. A fait partie, en 1908, d'une mission qui se rendit auprès des Ministres français et des membres de la Commission des Douanes de la Chambre des Députés pour obtenir l'entrée en franchise en France des fruits et primeurs de Tunisie. Lauréat aux Exposil. de Paris (1908), de Londres (1909) el de Bruxelles (19:10). Président de la classe I du groupe V (Produits de la Tunisie) et Hors Concours, membre du Jurv, à l'Exposition d'hygiène de Tunis 1911. ((L'Avenir du Centre». Organe des intérêts politiques el économiques du Centre tunisien : Sousse et le Sahel, Kairouan et Tala, place Pichon, Sousse.",1,0,0,2374,260,0.9239
L1912-01593,LAURET,Emmanuel-Joseph,0,,2 janvier 1865,1865,Alger,,Contrôleur Directeur politique : M. Petit; rédacteur en chef : C. Bizet. Abonnement : 10 francs par an. civil suppléant; chef de l'annexe de Djerba. ,administration;press_letters_arts,administration,,Djerba,7 sept. 1891,1891,2,nichan_iftikhar;merite_agricole,0,1,lycée d'Alger ; diplômé de l'Ecole nationale d'arts et métiers de Dellys (Algérie) ; certificat d'arabe parlé; brevet,lycée d'Alger,diplome_superieur;certificat,,0,,0,0,0,388,260,0.8425
L1912-01594,LAVERDET,Henri-Hippolyle,0,,9 fév. 1878,1878,Dun-sur-Auron,Cher,"Ingénieur agronome, sous-chef de bur. à la Direction générale de l'Agriculture, du Commerce et de la Colonisation, Tunis. Juin 1901.",military;engineering_architecture,military,,Tunis,,,2,merite_agricole;nichan_iftikhar,0,1,"collège de SaintAmond, lycées de Bourges et d'Orléans, Institut agronomique (stage de 3' année); bachelier es lettres-sciences. Essayeur du Commerce. SUCCESS 1 : chimiste au Laboratoire de chimie agricole et industrielle (Direction de l'Agriculture); professeur, chef des travaux pratiques à l'Ecole Coloniale d'Agriculture ; rédacteur et sous-chef de bureau à la Direction de l'Agriculture; anc. v.-prés. du groupe de Tunis de l'Association amicale des anc. élèves de l'Institut agronomique; secr. de l'Institut de Carthage. d'arabe régulier.",collège de SaintAmond;Institut agronomique;Ecole Coloniale;Institut de,baccalaureat,"Secrétaire de contrôle (23 janv. 1895); secrétaire lions cie contrôleur suppléant (10 août 1896); contrôleur suppléant de 3"" cl. (14 juillet 1900); de 2' cl. (1"" janv. 1905).",4,,0,0,1,985,260,0.9222
L1912-01596,LAVIGERIE,Charles-Marlial-Allemand,0,,1.825,1825,,,"(Charles-Marlial-Allemand). Cardinal français, né à Bayonne en 1.825, mort à Alger en 1892. Docteur es lettres et en théologie.",,,,,,,0,,0,0,,,,"professeur de littérature latine à l'Ecole des Carmes et d'histoire ecclésiastique à la Sorbonne (1854-1861); fondateur de l'oeuvre des Ecoles d'Orient. Mission du Liban. Evêque de Nancy (1.863); archevêque d'Alger (1867). Fondateur en Algérie des orphelinats pour enfants indigènes et de l'ordre des Pères Blancs (1868),qui furent chargés des missions d'Afrique. En 1.882, après l'établissement du Protectorat français en Tunisie, le pape Léon XIII donna à. Mgr Lavigerie les titres de Primat d'Afrique et de Métropolitain de Carthage. En 1888, il parcourut l'Italie, la France, l'Angleterre et la Belgique et fonda la Société antiesclavagiste. En 1871, candidat aux élections de l'Assemblée nationale, il ne fut pas élu. A cette même époque, il écrivit au comte de Chambord une lettre ouverte le suppliant de rentrer en France, mais, en 1S90, dans un toast qui fit beaucoup de bruit, il se rallia, à. la République, et cette politique du ralliement fut du reste approuvée par Léon XIII. TBAV. : Exposé des erreurs doctrinales du jansénisme. Essai sur l'école chrétienne d'Edesse.Décrel du Concile provincial d'Alger. Oîuvres choisies. Documents sur la fondation de l'oeuvre antiesclavagiste. C'est sous le cardinal Lavigerie que furent construits la cathédrale et les couvents de Cartilage. Il est inhumé dans la. cathédrale de Carthage, et sur son tombeau sa. statue, en marbre blanc, a clé érigée.",21,,0,0,0,1550,261,0.9628
L1912-01597,LEAL,Charles-Henri,0,,27 août 1852,1852,Mulzerville,,"d'Italie, off. de l'Osmanié, off. du Venezula. Commissaire spécial h. cl. des Chemins de fer et des Ports; directeur de la Sûreté publique en Tunisie, Tunis. ",transport_maritime,transport_maritime,,Tunis,30 avril 1897,1897,6,legion_honneur;palmes_academiques;nichan_iftikhar;couronne_italie;osmanie;merite_agricole,1,1,"lycée de Nancy, de 1860 à 1870. Officier cie cavalerie dé réserve et de territoriale de 1876 à 1906. lycée de Constantine, Ecole préparatoire des arts d'Aix-en-Provence. Prés, d'honn. et fond, de la Société Philodramatique de Mahdia; prés, de la société musicale «Union» de Mahdia; fond, en Tunisie d'une section de la Société nationale de l'Art à l'école. LE BOEUF (Henri-Jules), 2 nov. 1865, Verdun (Meuse), chev. de la Légion d'honneur, off. de l'Instruction publique, chev. du Mérite agricole, Médaille d'honneur d'argent de la Mutualité, off. du Nichan-Iftikhar. Commandant d'infanterie (tirailleurs algériens). 29 juin 1891. Prylanée milit. de La Flèche.",lycée de Nancy;lycée de Constantine,,"Commissaire spécial à Nantes, Saint-Nazaire, Calais, Dieppe, Annemasse, Lyon (préfecture du Rhône) el Marseille. Fond, et v.-prés. cVbonn. de. la Société fraternelle de secours mutuels du personnel de la police tunisienne. Engagé volontaire pour la durée de la guerre au 18* bataillon de chass. à pied en août 1870 a pris part aux batailles de Villersexel et cI'Avricourt; blessure à la poitrine. Engagé volontaire en 1871 au S* régiment de chasseurs à cheval; libéré en 1876. A fait, en malité de sous-lieutenant de réserve au L3° régiment de chasseurs à cheval, la îampagne de Tunisie. LE BAS (Jules), 26 juin 1869, Constan,ine, off. du Nichan-Iftikhar. Chef de Drigade des Monopoles à Bizerte. 1888. sous-lieutenant au 120* d'infanterie à Sedan, 18S9; lieutenant au 4' bataillon d'Afrique à Gabès, 1891; officier de renseignements à Aïn-Draham, 1894; à Matmata, 1895; à Kebili, 1896; chef du Bureau des Affaires indigènes de Médenine, 1S97; de Gabès, 189S; capitaine, 1899; sous-chef du Service des Affaires indigènes et du personnel militaire de la Résidence Générale de France à Tunis, 1906. Membre du Comité directeur de la Section tunisienne de la Société de Géographie commerciale de Paris; correspondant de l'Association des anciens élèves du Prytanée militaire de La Flèche à Tunis.",23,"«Notes et documents sur les voies stratégiques et sur l'occupation militaire du Sud Tunisien à l'époque romaine» (Imprimerie Nationale, 1903); «La colonisation romaine de l'Extrême-Sud Tunisien» (in «Revue Tunisienne», 1903); «Rôle social de l'officier dans la mutualité française» (Imprimerie de «l'Avenir de la Mutualité», à Bordeaux., 1905); «Historique de la conquête pacifique des territoires militaires de Tunisie.» («Revue Tunisienne», 1907, et librairie Bcrger-Levrault, à Nancy); «La voie rom. cie Tacape à Aquaî Tàccipilnaî» (Imprimerie Nationle, 1906). Membre de la Commission interministérielle d'étude du recrutement des indigènes en Algérie, 1908. Etant chef du Bureau des Affaires indigènes de Kebili, a fait rapporter du Sahara, par les cavaliers du maghzen de ce poste, les corps du marquis de Mores et de l'interprète tunisien Abd el Hak, massacrés le 9juin 1896, à El-Ouatia (sur la route de Djeneïen à Ghadamès), par des Touareg et des Cliamba dissidents. A fait partie de la délégation française de la. Commission de délimitation de la frontière tunisotripolitaine. Correspondant honoraire du Ministère de l'Instruct. publique. Campagne du Maroc, 1911.",1,0,0,3613,261,0.9387
L1912-01598,LECA,Henri,0,,18 janv. 1884,1884,Philippeville,Algérie,"Répétiteur au lycée Carnot, ",,,"1, rue du Lycée, Tunis",Tunis,8 oct. 1905,1905,0,,0,0,"collège de Pliilippeville, lycée de Constantine et Lakanal (Sceaux), Faculté des lettres de l'Université de Paris; 3' accessit au concours général de philosophie (juin 1901); licencié es lettres. Sergent de réserve au 4° tirailleurs algériens. Répétiteur au lycée Carnot depuis le 5 nov. 1906. Membre de «l'Essor». A fondé, avec quelques jeunes volontés, une revue littéraire et artistique : «Tanit», à tendances décentralisatrices et folklorisles. Chroniqueur théâtral et dramatique à «la Tunisie Française».",collège de Pliilippeville;lycée de Constantine;Faculté des lettres de l'Université de Paris;lycée Carnot,,,0,,0,0,0,637,261,0.9286
L1912-01599,LECA,Toussaint,0,,14 juin 1884,1884,Marignana,Corse,Secrétaire de la Municipalité de Kairouan. ,,,,Kairouan,1898,1898,7,ouissam_alaouite;legion_honneur;palmes_academiques;merite_agricole;couronne_italie;medjidie;nichan_iftikhar,1,1,"collège Alaoui. Fond, et prés, du «Stade Kairouanais»;secr. du Cercle des Fonctionnaires Français à Kairouan. «L'Echo de Bizerte», journal républicain démocrate, organe des intérêts commerciaux, industriels et agricoles de Bizerte (2° année). Dir.-adm.: M. G. SaintPaul. Abonn.: 6 fr. par an. Le numéro, 5 centimes. LEGORE-GARPENTIER (Edmond). 6 avril 1.S60, Paris, off. de la. Légion d'honneur, off. d'Académie, chev. du Mérite agricole, chevalier de la Couronne d'Italie, comm. du ■ Medjidié, gr. off. du Nichan - Iftikhar. Directeur de «la Dépêche Tunisienne». Tunis, 2. av. de Paris, et Maxula-Rade s. 8 juillet 18 8 8. collège de Bône.",collège Alaoui;collège de Bône,,"directeur du «Petit Bônois», uirecieur uu nretu luiusien» et directeur de «la Dépêche Tunisienne». Prés, d'honn. du Syndicat de la Presse tunisienne; prés, de la Compagnie des Eaux Thermales et du Domaine de Korbous; de la- Société des Eaux Naturelles d'Aïn-Garci; administrateur délégué de la Société anonyme de l'Imprimerie Rapide de Tunis. """,6,"L'Indicateur Tunisien (13° année). Membre de la Conférence Consultative (2° coll., 4"" cir.) Secrétaire élu de cette assemblée en 1905. Délégué au Conseil supérieur du Gouvsrnement, 1910-11. Vice-président délégué de la Municipalité de Rades. «Le Courrier de Bizerte». Journal bihebdomadaire, organe des intérêts de Bizerte et du Nord de la. Tunisie, 10"" année. Rue de Russie, Bizerte. Directeur : M. Fages. Abonnement : 8 fr. par an. Imprimerie Nouvelle.",1,0,0,1585,262,0.9085
L1912-01600,LEFEBVRE,Louis-Georges,0,,29 avril 1863,1863,Paris,,"Professeur de piano, ",education_science,education_science,"4, rue d'Angleterre, Tunis",Tunis,27 déc. 1897,1897,2,palmes_academiques;nichan_iftikhar,0,1,,,,"Professeur à l'Institution du Parangon de Joinville-le-Pont, 1.S90 à 1897; professeur à l'Ecole Jules-Ferry (piano et solfège); professeur de piano à l'Ecole de Musique. Compositions diverses pour piano. Membre de l'Association artistique. Concerts et auditions d'élèves.",7,,0,0,1,547,262,0.9278
L1912-01601,LÉGER,Bernard,0,,1871,1871,,,commis a la Direction des Finances. ,administration,administration,,Tunis,1890,1890,3,merite_agricole;nichan_iftikhar;croix_rouge,0,1,,,,,0,,0,0,0,1173,262,0.9065
L1912-01604,LEJOSNE,Henri-Joseph,0,,23 sept. 1857,1857,Fleurbaix,Pasde-Calais,"- Iftikhar. Directeur général de l'Agriculture, du Commerce et de la Colonisation. ",military;administration,military,,,9 mai 1897,1897,2,palmes_academiques;nichan_iftikhar,0,1,,,,,0,,0,0,0,341,263,0.899
L1912-01605,LELU,Lucien-Victor,0,,8 mars 1865,1865,Samois,S.-et-M.,"Professeur de mathématiques, ",education_science,education_science,"53, rue de Marseille, Tunis",Tunis,3 oct. 1897,1897,2,palmes_academiques;nichan_iftikhar,0,1,"collège de Fontainebleau; ancien boursier de licence cl d'agrégation à la Facullô des Sciences de Paris; bachelier es sciences; licencié es sciences mathématiques (reçu le 1"" à la Sorbonne le 27 juillet 1890); licencié es sciences physiques (29 juillet 1891). SUCCESS 1 : répétiteur, puis professeur de classes élémentaires au collège de Fontainebleau; boursier à la Sorbonne; professeur aux collèges d'Epernay, d'Ajaccio, de Verdun et Sadiki (Tunis). Anc. v.-prés. de l'Amie, sec. tunisienne.",collège de Fontainebleau,baccalaureat,,0,,0,0,0,669,263,0.9084
L1912-01606,LEMAIRE,Georges,0,,,,,,"(Georges) (le D'), Médecin à Béja, fils d'un ancien préfet de la Nièvre.",medicine_health,medicine_health,,Béja,,,0,,0,0,"collège de Juilly, Faculté de médecine de Paris.",collège de Juilly;Faculté de médecine de Paris,,"Externe des hôpitaux; interne des hôpitaux de Versailles; médecin-interne à l'hôpital Sadiki. De mars à juillet 1909. fit un voyage en Tripolilaine, dont il donna le compte rendu dans une conférence faite sous les auspices de la Société de Géographie commerciale de Tunis. Avec MM. Magnier et Amblard, il parcourut la chaîne des djebels tripolitains et reconnut entre autres la présence d'une chaîne volcanique à cônes éteints, au-dessus du djebel Ghariane. Il poussa jusqu'à Sinaoun.",7,,0,0,1,634,263,0.9785
L1912-01607,LEMANSKI,Witold-Charles,0,,26 oct. 1862,1862,Rive-de-Gier,Loire,"- Iftikhar, Médaille d'argent de la Mutualité. Médecin, ",medicine_health,medicine_health,"35 bis, rue Es-Sadikia, Tunis",Tunis,,,2,palmes_academiques;nichan_iftikhar,0,1,"lycée de Lyon, Faculté de médecine de Paris ; bachelier es lettres et es sciences. Au concours, médecin titulaire de l'hôpital civil français; médecin aide-major de 1"" cl. de territoriale; médecin de l'Ecole professionnelle Emile-Loubet; membre du Conseil d'hygiène de Tunis. Memb. de la Société internationale des médecins; v.-prés. du Cercle d'escrime français. Ecole des Chartes; bachelier os sciences et es lettres. Correspondant du Muséum d'histoire naturelle de Paris. Fit des explorations géologiques en Cochinchine, en France, en Algérie, en Tunisie et en Turquie. Par les soins du Ministère de l'Instruction publique, son journal de voyage a été publié. Décédé à Bône. le 31 déc. 1895. Inhumé à Nargis (Loiret).",lycée de Lyon;Faculté de médecine de Paris;Ecole des Chartes,baccalaureat,,0,"«De la voie rectale et de son utilisation en thérapeutique», brqch. de 70 p., Paris. 1893; «Projet de maison de Santé», broc, de 16 p., Tunis (Picard et Cie); «Une trachéotomie et un tubage chez les musulmans», broc, de 20 p., Tunis, 1898 (Picard et Cie); «Le bouton d'Orient (bouton tunisien)», broc, de 20 p., Tunis 1898 (Picard et Cie); «Hypnotisme et aïssaouas», broc, de 8 p., Tunis, 1898; «Deux cas de néphrite rhumatismale avec urémie convulsive», in «Bulletin médical», août 1S9S. Paris; «L'hvgiène infantile», broc, de 98 p., Tunis, 1898 (Picard et Cie); «Psychologie de la femme arabe», in «Revue Tunisienne», janv. 1899, Tunis; «Traitement du paludisme chez l'enfant», in «Bulletin médical de l'hôpital civil français», 1899; «Les indications des injections hypodermiques de quinine»; «Formulaire aide-mémoire de la Faculté de médecine et des médecins des hôpitaux de Paris». Roux et Lemansky, ' 5' édit., Paris, 1902 (Steinheil); «L'hygiène du colon ou vade-mecum de l'Européen aux colonies», in-8° cav. de 660 p., Paris. 1903 (Steinheil), etc.. etc. Anc. secr. de M. Pa.ul Endel, rédacteur d'art nu «Figaro»; secr. de 1885 à 1891, de Francisque Sarcey. A Tunis publiciste et, critique théâtral sous les pseudonymes de Strapontin, Jean de. la Rampe : à. «la Tunisie Française», au «Promeneur», au «Colon Français», àepuis dixans; a également,collaboré à. «la Tunisie Française» sous les pseudonymes de Fracasse et de Pierrette. LE MESLE (Georges-Paul), 1828, Paris, olf. de l'Instruction publique, comm. du Nichan-Iftikhar.Géologue paléontologiste. Fut chargé de missions en Tunisie en 1887-1888 et 1890-1891.",1,0,1,2590,263,0.9278
L1912-01609,LEONI,Paul,0,,2 fév. 1S76,1876,Azilone,Corse,Contrôleur des Contributions diverses à Sousse. Nov. ,administration,administration,,Sousse,1898,1898,0,,0,0,"petit séminaire d'Ajaccio; bachelier es lettres (!."" partie). SUCCESS 1 : agent des Ponts et Chaussées, commis des Con tribu lions diverses, ancien conseiller municipal de Monastir.",,baccalaureat,,0,,0,0,0,293,264,0.9093
L1912-01610,LEPINEY,Charles-Pierre,0,,1854,1854,Alger,,"off. du Mérite, nru'icole. off. du Niclia.n-lfiikhar. Chef de bureau à la Direction générale de l'Agriculture, du Commerce et de la Colonisation, Tunis. 1"" niai 1901.",military;administration,military,,Tunis,,,2,palmes_academiques;medaille_coloniale,0,0,lycée d'Alger et Ecole nationale d'agriculture de Grignon; diplômé de cette Ecole. Ingénieur agricole. logis d'artillerie de la territoriale.,lycée d'Alger,diplome_superieur,"propriétaire à Médôa, 1877 à 1.885; régisseur du domaine d'Aïn-Schrouna, ferme Altairac, Maison-Carrée (Alger), 1S85 à 1S93; professeur d'agriculture et de viticulture à l'Ecole de Rouiba, 1891 a 1901; directeur de l'Ecole coloniale d'agriculture de Tunis, 1"" mai 1901. A créé le domaine de Tibharine, près de Médéa (Algérie); vignoble, verger, aspergière, prairie, céréales, reboisement (500 hect.). Conseiller municipal de Maison-Carrée, 1898-1901. A obtenu : Médaille d'argent (vins). Exposition universelle Paris 1S78; Médaille d'or nu concours de la prime d'honneur, Concours général agricole d'Alger, 1.881; Médaille d'argent, (volailles), Concours d'Alger, 1881; membre de la mission phylloxerique envoyée par le Gouvernement général de l'Algérie dans l'Aude et l'Hérault pour l'élude des vignobles envahis par le phylloxéra. Nommé expert communal du Service philloxerique de l'Algérie par arrêté préfectoral de sept. 1883; Médaille d'argent (vins) et de bronze (eaux-de-vie) Concours de Bel-Abbôs, 1885; diplôme de mérite. Ligue du Reboisement d'Algérie, 1883; diplôme d'honneur (vin blanc), Exposition universelle d'Amsterdam, 1883; rappel de diplôme d'honn. (Exposition des vins nouveaux), Société d'Agriculture d'Alger, membre du jury, 1.884; Médaille d'argent (aména.gemcnt de forêt), Concours agricole de Blida (Algérie), 1SS4; membre du jury de ce Concours ; membre du jury du Concours agricole de Boufarik (Algérie), 1887; délégué régional à. l'Exposition universelle de Paris, 18S9; commissaire (section des machines) Concours agricole de Mascara (Algérie): commissaire organisateur du concours des charrues indigènes à Maison-Carrée; commissaire (section des machines) Concours général agricole d'Alger, 1.899; membre du jury au Concours général agricole de Paris, 1902; Médaille d'argent ""(collaboration) à l'Exposition universelle de Liège, 1905; Médaille d'or (collaboration) à l'Exposition Coloniale Nationale de Marseille, 1906; diplôme d'honneur avec félicitntions du jury pour collections de raisins conservés Exposition de la Société d'Horticulture de Tunisie, oct. 1.907; membre du jury nu Concours général agricole de Tunis, avril 1907; membre dujury nu Concours agricole de Bizerle, avril 1908.",33,,0,0,1,2615,264,0.9349
L1912-01611,LEROY,Louis,0,,,,,,"(Louis), 25 noût ISSl, La.llaMarnia (Algérie). Ingénieur électricien, attaché à la. maison Nestler, rue Gambetla, Sousse. ",engineering_architecture,engineering_architecture,,Sousse,1885,1885,0,,0,0,lycée Carnot de Tunis; Faculté des .Sciences de Grenoble; Institut électro-technique de Grenoble.,lycée Carnot;Institut électro-technique,,,0,,0,0,0,240,264,0.9194
L1912-01612,LESCAR,,0,,,,,,"Fabricant d'huile d'olives, agriculteur, négociant en cotonnades et autres tissus, droguiste, etc. Elève des écoles arabes de Sousse. Directeur de la Société des Négociants et du Commerce de Rousse: médaille d'argent Exposition de Marseille 1.906; médaille d'or Exposition d'Anvers 1907; Concours gén",commerce;industry_crafts;agriculture,commerce,,Sousse,14 janv. 1890,1890,1,nichan_iftikhar,0,1,"institution de Micé-Mauras (Bordeaux); bachelier es lettres. A. passé avec succès les examens de greffier devant le Tribunal de Sousse. Ancien notaire à Saint-Michel-de-Bannières (Lof); ancien secrétaire de Contrôle remplissant les fonctions de greffier-huissier à Kairouan. Très, de la Ligue de l'Enseignement laïque à Mahdia; prés, de la Société nationale de l'Art à l'Ecole. Ancien conseiller municipal en France.",,baccalaureat,,0,,0,0,0,1093,264,0.9124
L1912-01613,LESCOT,Pierre-Marie-Joseph,0,,4 avril 1869,1869,Bohoin,Aisne,"Chirurgien-dentiste, «Institut dentaire», ",medicine_health,medicine_health,"1, rue de Rome, Tunis",Tunis,1894,1894,0,,0,0,,Institut dentaire;Ecole des BeauxArts,,,0,,0,0,0,173,265,0.9064
L1912-01614,LESCURE,Paul,0,,déc. 1869,1869,Mauriac,Cantal,Sous-directeur des Finances tunisiennes. Déc. ,administration,administration,,,1892,1892,2,palmes_academiques;nichan_iftikhar,0,1,,,doctorat_droit,"surnuméraire de l'Enregistrement en 1.890, receveur en 1.894, sous-inspecienr de 1.902 à. 190S; rédacteur aux Finances tunisiennes : stagiaire 1892, titulaire 1.895, sous-chef 1.899, chef 1903 el sous-direeleur 1911.",6,"((Du double régime foncier de la Tunisie» (Paris, Lnrose, 1900); collaborateur au « Dictionnaire de l'Administration française», par Maurice Block; collaborateur au «Traité alphabétique des droits d'enregistrement, de timbre et d'hypothèque», pnr Mnguôro.",1,0,0,742,265,0.8788
L1912-01615,LESSEPS,Mathieu DE,0,,1.774,1774,,,"(Mathieu DE), né à Hambourg en 1.774, fut attaché à la. légation de Tanger en 1.7S1, chancelier à. Tanger on 1795, à. 'Tripoli en 1797, revint à Tanger en 1.799, géra le consulat d'Alexandrie en 1.800, de Cadix de ISO'I à, 1.803. d'Alexandrie de 1803 à. 1806, de Livournc de 180B à 1809; fut commissa",justice_law;diplomacy,justice_law,,Tunis,13 nov. 1906,1906,1,palmes_academiques,0,0,"lycée de Quimper, Facultés de Rennes et de Paris. Docteur en droit.",lycée de Quimper,doctorat_droit,"avocat à la Cour d'appel de Rennes ; rédacteur, puis rédacteur principal à la Préfecture de la Semé, trésorier des Bleus de Bretagne. A publié : «L'Histoire de la Bourse du 'Travail de Paris».",3,,0,0,0,1018,265,0.8741
L1912-01616,LETOURNEUR,Reilé-Charles-Albcrl,0,,2 oct. 1S76,1876,Lille,Nord,"- Iftikhar, Médaille de la Mutualité- Avocat à la Cour d'appel de Paris,"" avocat-conseil du Ministère de l'Agriculture, ",justice_law,justice_law,"9, rue CasimirPerier,P a ri s",,,,2,merite_agricole;nichan_iftikhar,0,1,"lycée Henri IV, ' Faculté de droit de Paris, Institut Commercial de Paris; bachelier ôs lettres, licencié en droit, diplômé supérieur de l'Institut Commercial de Paris.","lycée Henri;Faculté de droit de Paris, Institut Commercial de Paris;Institut Commercial",licence_droit;baccalaureat;diplome_superieur,"Souschef de cabinet du Ministre de l'Agriculture, 1905-191.0; professeur de droit à l'Institut commercial de Paris. 1"" v.-pr. de l'Association générale de la Presse technique; prés, du Comité d'organisation du 1"" Congrès international de Moto-Culture, Amiens, 1909; commissaire général de l'Exposition d'hygiène de Tunis, 1911; Fondateur et rédacteur en chef du «Monde agricole», revue technique bi-mensuelle. Médaille d'or à l'Exposition internationale de Quito (Equateur); grand prix à l'Exposition franco-britannique, Londres, 1908.",8,,0,0,2,1021,265,0.9111
L1912-01617,LEVI,Guglielmo,0,,19 janv. 1868,1868,Livourne,,"Médecin - chirurgien - accoucheur, rue des Glacières, 43, Tunis. 23 juillet' 1894.",medicine_health,medicine_health,,Tunis,,,0,,0,0,Faculté de Turin.,,,chef de clinique et aide-professeur à la Maternité de l'Université de Padoue; chirurgien gynécologue titulaire à l'hôpital italien de Tunis; directeur de cet hôpital;.directeur de l'hôpital israélite. Auteur de plusieurs monographies de gynécologie publiées dans le «Bulletin de la Société des Sciences médicales de Tunis».,5,,0,0,0,495,266,0.9393
L1912-01618,LÉVY,,0,,,,,,"Nom d'un Israélite, protégé anglais, soi-disant, propriétaire voisin de VEnfida (v. ce mot), qui, en 1880, invoqua, à. l'enconlre de la Société Marseillaise, acheteur du domaine au général Khéreddme,le droit de «chefaa» (préemption), d'où des procès qui se terminèrent par la défaite de Lévy et de se",military,military,,Tunis,,,0,,0,0,,,,,0,,0,0,0,377,266,0.9343
L1912-01619,LËVY,,0,,,,,,"Compositeur-typographe et publiciste, rue de Marseille, 11.",press_letters_arts,press_letters_arts,,Tunis,,,2,nichan_iftikhar;ouissam_alaouite,0,1,"école de l'Alliance Israélite, collège Alaoui. Prés, de la Société mutuelle ouvrière israélite; nnc. dir. de la section littéraire de la Société d'assistance'fraternelle israélite; anc. secr. de la. rédaction du «Phonographe» ; corresp. du «Courrier de Bizerte»; rédacteur à «la Petite Tunisie socialiste»; collaborateur au «Courrier de Tunisie»; directeur du «Trait d'Union», etc.",école de l;collège Alaoui,,,0,,0,0,0,539,266,0.9505
L1912-01620,LEYGONIE,,0,,18 48,1848,Mausac,Corrèze,"off. du NichanIftikhar. Directeur général de la Compagnie Fermière des Casinos municinaux de Tun'is, Tunis, Ibis, avenue de Carthage. 19 déc. 190 5.",military;administration,military,,Tunis,,,1,palmes_academiques,0,0,collège de Brive ; bachelier.,collège de Brive,baccalaureat,"clerc d'avoué, professeur, commissaire de police à Paris pendant trente-deux ans. «Libéral (Le)». Journal quotidien socialiste indépendant, 65, riie de Naples. Tunis (2° année). Télôph. : 598. Dir. pol.: M. O. Rutily; réd. en chef : M. René Bouyac. Abonn"" : un an, 1.8 fr. Le numéro, 5 centimes. NLiberté (La)». 1.906. Premier org. politique bi-hebdoniadaire des revendications des israélites tunisiens rédigé en judéo-arabe. 1, rue I-Iannon, Tunis. Correspondants clans les principaux centres de la Tunisie. Directeur-fondateur : M. Smadja. Abonnement : 1.0 fr. par an. Le numéro, 5 centimes. <(Libre penseur (Le)» Il libero pensatore. Avril 1911. Organe mensuel cie la Fédération des groupes de la libre pensée de Tunis. Réd. et adm., 6, rue de la Commission. Abonn' : 1 fr. 50 par an. Le numéro, 10 cent. Administ.: Jules Irnor. Imprimerie Commerciale (Rombi el. Cie).",25,,0,0,1,1144,266,0.8473
L1912-01621,LIBY,Henri-Auguste-Marcel,0,,4 avril 187.6,1876,Montmédy,Meuse,"Propriétaire, agriculteur, plantation d'oliviers, élevage de moutons. La Moselle, par Maharès, près de Sfax. ",agriculture,agriculture,,Sfax,1900,1900,2,merite_agricole;nichan_iftikhar,0,1,,,,,0,,0,0,0,277,267,0.9463
L1912-01623,LIËGEY,Edouard,0,,,,,,Ancien médecin-dentiste à Tunis. Mars 1883.,medicine_health,medicine_health,,Tunis,,,1,palmes_academiques,0,0,"lycée de Nancy, Facultés -de Médecine de Paris et de Nancy, Académie militaire de Saint-Pétersbourg, Faculté de Médecine de Bordeaux. Ancien chirurgien dentiste de l'hôpital civil de Tunis ; ancien membre de la Commission des titres médicaux; ancien membre de la Société des Sciences médicales de Tunis. A quitté la Tunisie en mars 1908.",lycée de Nancy;Faculté de Médecine de Bordeaux,,,0,,0,0,0,446,267,0.9502
L1912-01626,LIOTIER,Paul-Joseph,0,,29 juin 1.866,1866,Avignon,Vaucluse,Substitut du Procureur de la République à Sousse. ,justice_law;religion,justice_law,,Sousse,6 avril 1897,1897,2,palmes_academiques;nichan_iftikhar,0,1,lycée d'Avignon ; cours de l'E c o 1 e de Commerce de Lyon; a fait e n s u i l e son droit à Montpellier (Hérault) ; bachelier es lettres; diplômé et lauréat de l'Ecole de Commerce de Lvon: licencié en droit. Lieutenant de territoriale au 4* zouaves.,lycée d'Avignon;Ecole de Commerce,licence_droit;baccalaureat;diplome_superieur,"avocat à Montpellier, puis à Paris; suppléant du juge de paix à Collo (Algérie); juge de paix à Gabès, à Sfax, à Tunis (canton Nord), à Tunis (canton Sud); substitut à Sousse le 13 oct. 1906. A prononcé les réquisitoires dans les affaires de Kasserine et Argaut. ,",5,,0,0,1,700,268,0.8901
L1912-01628,LIVET,Henri,0,,24 avril 1871,1871,Lyon,Rhône,"agricole, off. du Cambodge, off. du Nichari-Iflikhar.Contrôleur civil à Soukel-Arba. Oct. ",administration,administration,,,1885,1885,3,palmes_academiques;merite_agricole;nichan_iftikhar,0,1,lycée de Lyon et de Tunis.,lycée de Lyon,,"secrétaire de Contrôle, attaché à la Résidence Générale, sous-chef de cabinet du Résident Général, contrôleur civil suppléant à Tala, Bizerte, Tunis, Sousse, chef d'annexé à Medjez-el-Bab el Teboursouk, contrôleur civil à Gabès. .",1,,0,0,0,450,268,0.9427
L1912-01629,LOCHE,Fernand DE,0,,21 juin 1845,1845,Meylan,Isère,"Colon, domaine de M'zawak.prôs de Ksour-es-Saf. ",agriculture,agriculture,,,1887,1887,3,merite_agricole;nichan_iftikhar;medaille_coloniale,0,1,,,,"Substitut à Briançon (I-l.-Alpes), juge au tribunal civil dé Bourgoin (Isère) de 1869 à 1.SS3. A fait, comme capitaine dans la. légion des Hautes-Alpes, la campagne de 1870. Médaille de bronze au Concours agricole de Paris 1891. el à l'Exposition universelle de 1900; Médaille d'or au Concours agricole de Sfa.x 1904; Médaille de bronze à l'Exposition coloniale de Marseille 1906.",8,,0,0,0,546,268,0.9105
L1912-01630,LOCHE,Paulin,0,,27 sept. 1.864,1864,Pérols,Corrèze,Receveur municipal à Sousse. ,administration,administration,,Sousse,18 fév. 1885,1885,2,palmes_academiques;nichan_iftikhar,0,1,Faculté des leltres de Clermont-Ferrand; brevet do capacité de l'enseignement primaire ; certifient d'aplitudes'pédngogiques; brevet d'arabe régulier.,,,"instituteur public à Tunis. Monastir, Sousse, 'Tébourba et Zaghounn. En 1.S95, secrétaire do contrôle civil à Zahghouan; en 1896, secrétaire faisant fonctions de contrôleur civil suppléant à Tala, Gafsa et Kairouan; en 1904, nommé receveur municipal à Sousse. Memb. fond, de la Bibliothèque populaire de Kairouan: membre et prés, de la Ligue de l'Enseignement à Kairouan; memb. de la Ligue de l'Enseignement et de la Ligue des Droits de l'Homme à Sousse. Médaille de bronze à l'Exposition de Tunis 1895. Gérant le contrôle civil de Gafsa et juge de paix suppléant au moment de la. catastrophe de Metlaoui, en 1900, il réussit à établir l'identité des victimes européennes et indigènes; il fut félicité par le Résident Général pour sa belle conduite en cette circonstance.",11,,0,0,0,1077,268,0.9431
L1912-01631,LOCHET,François,0,,12 avril 1861,1861,Fouilly-sur-Loire,Nièvre,"Secrétaire à la Chancellerie du Nichan - Iftikhar, Tunis, 1"" juin 1904. L i e u t enanl territorial au 1.1"" bataillon d'artillerie à Conslantine.",,,,Tunis,,,2,medaille_militaire;nichan_iftikhar,0,1,,,,"entrepreneur de travaux publics. Services militaires : 20 ans, maréchal des logis, maréchal des logis chef, adjudant; comptable à l'Armée tunisienne; secrétaire à la Chancellerie du NichanIftikhar. Membre de la. société «les Médaillés militaires» de France.",6,,0,0,1,526,269,0.9453
L1912-01632,LODS,Ernest,0,,18 août 1S65,1865,Hêricourl,H.-Saône,Directeur- d'école francoarabe. La Marsa. ,,,,La Marsa,3 déc. 1884,1884,2,palmes_academiques;nichan_iftikhar,0,1,,,,,0,,0,0,0,296,269,0.924
L1912-01633,LODS,Louis,0,,20 août 1S65,1865,Aibre,Doubs,"el Sadiki de Tunis; à Kairouan; directeur de l'école de Tozeur. Médailles d'argent et de bronze à l'Exposition coloniale de Marseille 1906, Médaille de bronze de la Société d'Horticulture de Tunisie 1907. S'occupe d'agriculture depuis 15 ans; a créé une propriété de 60 liecl. à Salakla (contrôle civ",education_science,education_science,,Tunis,15 nov. 1884,1884,3,palmes_academiques;nichan_iftikhar;ouissam_alaouite,0,1,,école de Tozeur,,,0,,0,0,0,586,269,0.9285
L1912-01634,LOGEROT,François-Auguste,0,,1825,1825,Noyers,Loir-et-Cher,"Général de division, ancien commandant du Corps d'occupation de la Tunisie.",military,military,,,,,1,legion_honneur,1,0,"Ecole militaire de Saint-Cyr; sert en Algérie, en Crimée : lieutenant-colonel en 1870 ; se distingue à la bataille de Coulmiers; de• vient colonel et en 1875 général de brigade. Prit part à la campagne de Tunisie comme chef d'une des colonnes ; commanda le Corps d'occupation, puis en 1884 le VIII* corps; fut ministre de la Guerre du 12 déc. 1887 au 8 avril 1888 et commandant du VII' corps d'armée; dans la réserve en 1890. Sousse a donné à une de ses rues le nom du général Logerot.",,,,0,,0,0,0,660,269,0.9256
L1912-01635,LOGOTHETTI,,0,,2 déc. 1852,1852,Klansenburg,Transylvanie,"Consul général d'Autriche-Hongrie à Tunis, et château de Bilovie en Moravie (Autriche). ",military;diplomacy,military,,Tunis,1911,1911,1,palmes_academiques,0,0,lycée de Moravie el Académie orientale à Vienne.,lycée de Moravie,,"Secrétaire de légation à Constantinople; juge au Tribunal mixte d'Alexandrie (Egypte); délégué de l'Autriche-Hongrie à la Commission européenne du Danube, à Galalz; consul général à Barcelone, à Milan, à Hambourg et à Tunis, avec rang de ministre plénipotentiaire.",4,,0,0,0,495,269,0.9486
L1912-01637,LOIR,Adrien,0,,14 déc. 1862,1862,Paris,,"publique, off. du Mérite agricole, comm. du Nichan-Iftikhar. ",,,,,1892,1892,3,palmes_academiques;merite_agricole;nichan_iftikhar,0,1,"lycée Lakanal de Paris et Université de Paris. Médecin. Neveu, élève et préparateur de Pasteur. Fut chargé d'étudier la lutte contre le charbon en Australie el la destruction des lapins. Fondateur et directeur du laboratoire Pasteur à Tunis. Anc. prés, de l'Institut de Carthage. Actuellement directeur du Service de Santé au Transva.al. Parti de Tunisie en 1899.",lycée Lakanal;Institut de,,,0,,0,0,0,505,269,0.9385
L1912-01638,LOIZON,Louis-Joseph,0,,5 fév. 1.S41,1841,Jaulnay,Vienne,Vice-présiclent honoraire du Tribunal de Tunis. ,justice_law,justice_law,,Tunis,1888,1888,2,palmes_academiques;nichan_iftikhar,0,1,,,,,0,,0,0,0,568,269,0.9171
L1912-01639,LORIN,Henri,0,,2 juillet 1866,1866,Bayonne,B.-Pyr.,"comm. de l'Ordre espagnol d'Alphonse XII. Professeur de géographie coloniale à la Faculté des Lettres de Bordeaux. 1895 (parti en 1897). Plusieurs voyages depuis lors, . le dernier en 1908. Elève à l'Ecole normale supérieure (promotion 1886); agrégé d'histoire et de géographie; docteur es lettres; l",education_science,education_science,,Tunis,,,2,palmes_academiques;nichan_iftikhar,0,1,,Faculté des Lettres de Bordeaux;Ecole normale;Institut en,licence_droit;agregation,,0,,0,0,0,991,269,0.9368
L1912-01640,LOTH,Gaston,0,,20 nov. 1866,1866,Quimperlé,Finistère,"off. de l'Ordre du Cambodge. Inspecteur d'Académie n. c, directeur du collège Alaoui, Tunis. 1"" oct. ",administration,administration,,Tunis,1894,1894,4,palmes_academiques;merite_agricole;nichan_iftikhar;ouissam_alaouite,0,1,"lycées de Pontivy et de Quimper, Facultés de Rennes et de Paris; docteur es lettres; lauréat de l'Académie française.",collège Alaoui,,"Répétiteur aux lycées de Cou tances el de Rennes, professeur au collège de Vannes et aux lycées d'Aurillac, de Cherbourg, d'AVlençon el de Tunis. Anc. secr. gén. de la Ligue de l'Enseign., prés, de la Mission laïque, anc. prés, de l'Institut de Carthage. Articles dans «le Journal des Débats», «la Dépêche Coloniale», «la Dépêche .Tunisienne», «la Revue encyclopédique», «la Revue générale dès Sciences pures et appliquées». Collaboration au Larousse illustré, à l'Encyclo. pôclie coloniale. Auteur de plusieurs ouvrages : «Le peuplement italien en Tunisie et en Algérie»; «Arnoldo Soler, consul d'Espagne à Tunis (1808-1812)» ; «Histoire de la. Tunisie»; «La Tunisie el VCEuvre du Protectorat»; «Petite histoire de France el de l'Afrique du Nord» (2 vol., en collaboration avec M. Aurôs). Médailles d'or aux Expositions de Liège, Marseille et Nogenl-sur-Marne.",15,,0,0,0,1242,270,0.9395
L1912-01644,LOVY,F.,0,,1864,1864,Sainte-Marie,Doubs,Médecin. 5. rue F.K-Knrlilrin Tnnic 18 9 2.,medicine_health,medicine_health,,,,,1,legion_honneur,1,0,"Faculté de médecine de Paris. Interne des hôpitaux de Paris en 18S9. Peu après son arrivée en Tunisie, nommé médecin chef de l'hôpital musulman Sadiki, poste qu'il a. quitté, sur la demande de S. A. le Bey, pour remplir auprès de lui les fonctions cie premier médecin, lonctions qu il exerce encore. LUGCHINI (Pierre), 26 mars 1882, Vescovato (Corse). Commis des Monopoles à Gabès. Mai 1900. lycée national de Bastia. Sous-lieutenant de réserve au 4* zouaves. Très, de l'Association amicale corse. Rédacteur correspondant de «la Dépêche corse».",Faculté de médecine de Paris;lycée national,,,0,,0,0,0,683,270,0.9025
L1912-01645,LUCIANI,Pierre-Paul,0,,7 janv. 1867,1867,Parlinello,Corse,"Pharmacien de 1"" cf., ",medicine_health,medicine_health,"9, avenue de Carthage, Tunis",Carthage,1894,1894,2,palmes_academiques;nichan_iftikhar,0,1,"collège d'Ajaccio, lycée cVAlger, Ecole supérieure de pharmacie d'Alger, Faculté de pharmacie de Toulouse. 1"" prix d'histoire naturelle, médaille d ' a rgent de l'Ecole supérieure d'Alger. Pharmacien a i d emajor de 1™ cl. de la réserve. De LWi à 1904, pharmacien à Sfax, et de 1904 à ce jour, à Tunis. Membre du Comité du Cercle de Tunis de la Ligue de l'Enseignement, secrétaire de la Section tunisienne de la Ligue des Droits de l'Homme et du Citoyen; membre du bu- reau de l'Assoc. Commerc. et Indust. de la Régence. Auteur d'un travail sur la règlement de la pharmacie en Tunisie.","collège d'Ajaccio;lycée cVAlger;Ecole supérieure de pharmacie d'Alger, Faculté;Ecole supérieure d'Alger",,,0,,0,0,2,751,270,0.92
L1912-01646,LUMBROSO,Abramino,0,,6 avril 1869,1869,Mahdia,,"Négociant à Sfax, maison fondée en 1.S98; succursales à Mahdia et Tunis. Importation et exportation : sparterie, éponges, huiles. Commission. Médaille d'or Paris 1900; médaille de bronze Marseille 1906; médaille de bronze Londres 1908.",commerce,commerce,,Mahdia,,,0,,0,0,,,,,0,,0,0,0,278,271,0.8713
L1912-01647,LUMBROSO,Achille,0,,6 mars 1858,1858,Mahdia,,"d'Italie, off. du Nichan-Iftikhar. Négociant à Gabès.",commerce,commerce,,Mahdia,,,2,couronne_italie;nichan_iftikhar,0,1,"Istituto Cohen et Istituto Tecnico e di Marina mercantile, Livourne (Italie), Agent consulaire de S. M. le Roi d'Italie à Gabès depuis dix-neuf ans. Prés, d'honn. de la Société di mutuo soccorso fra gli opérai italiani de Gabès. A publié une longue nouvelle «A villa Albina» dans le journal «l'Unione», de Tunis. Diverses poésies et articles dans les journaux littéraires d'Italie. Agent correspondant de la Chambre italienne de Commerce à Tunis et du Palrono.lo degli Emjgranti à Tunis. Appartient à une famille italienne de Livourne.",,,,0,,0,0,0,661,271,0.9468
L1912-01648,LUMBROSO,Alexandre,0,,18 déc. 1.859,1859,Tunis,,"Dentiste, rue des Maltais, 3S, Tunis.",medicine_health,medicine_health,,Tunis,,,0,,0,0,,,,,0,,0,0,0,81,271,0.8713
L1912-01649,LUMBROSO,Eugène,0,,1.853,1853,Mahdia,,Industriel à Mahdia. Agent de la Compagnie ■!.■ Navigation Italienne. Médailles d'or el d'argent pour les huiles d'olives.,industry_crafts,industry_crafts,,Mahdia,,,1,couronne_italie,0,0,,,,,0,,0,0,0,189,271,0.9572
L1912-01650,LUMBROSO,Giacomo,0,,27 janv. 1847,1847,Mahdia,,Rentier à Sousse; agent consulaire d'Allemagne depuis 1887.,diplomacy,diplomacy,,Mahdia,,,0,,0,0,,,,,0,,0,0,0,103,271,0.8737
L1912-01651,LURIE,Jules-Pierre,0,,fév. 1.877,1877,Joncquières,Vaucluse,Instituteur à Teboursouk. ,education_science,education_science,,Teboursouk,5 nov. 1904,1904,1,ouissam_alaouite,0,0,"Ecole professionnelle de Nîmes, collège de Manosque ; brevet élémentaire ; brevet supérieur; diplôme de maître de gymnastique; certificat d'aptitudes pédagogiques. Ancien instituteur à l'école annexe du collège Alaoui. Conseiller -municipal de Teboursouk.",collège de Manosque;collège Alaoui,brevet_superieur;diplome_superieur;certificat,,0,,0,0,0,363,271,0.9332
L1912-01656,MACCOTTA,Giuseppe,0,,1.864,1864,Pantelleria,,"Médecin et chirurgien, rue Es-Sadikia, Tunis. ",medicine_health,medicine_health,,Tunis,10 sept. 1864,1864,2,palmes_academiques;couronne_italie,0,0,"école élémentaire «Prince de Naples»,Tunis; lycées de Milan, Cavour, de Turin et Université de Pise.",,,externe des hôpitaux de Pise; aicle de la clinique dermosiphilopa.tbique de Pise; directeur de l'hôpital italien de Tunis; médecin delà Société italienne ouvrière de Tunis. Médecin de plusieurs Compagnies d'assurances.,6,,0,0,0,618,272,0.9285
L1912-01657,MACHUEL,Louis-Pierre,0,,2 juin 1848,1848,Alger,,Directeur général honoraire de l'Enseignement public en Tunisie; inspecteur général de l'Instruction publique. 2 fév. 18 8 3.,military;administration,military,,,,,5,legion_honneur;palmes_academiques;merite_agricole;nichan_iftikhar;isabelle_catholique,1,1,"lycée d'Alger ; bachelier es lettres nourvu du certificat d'aptitudes à l'enseignement de l'arabe. SUCCBSSIV' : professeur au collège arabe-français de Constantin e, au lycée d'Alger, à la chaire publique d'arabe d'Oran. Membre de la Société Asiatique, de la Société Historique el Archéologique d'Alger. Prés, d'honn. de diverses sociétés tunisiennes.",lycée d'Alger;collège arabe-français,baccalaureat;certificat,,0,"« Méthode pour l'élude de l'arabe parlé»; ((Une première année d'arabe»; «L'arabe sans maître»; «Grammaire pour l'étude de l'arabe régulier»; «Manuel, de l'arabisant (recueil de lettres)»; «Manuel de l'arabisant (recueil d'actes)»; «Grammaire de Silveslre de Sacy » (3° édil.); «Traduction du poème 1,annal el Adjem»; «Méthode de lecture el de langage en trois livrets»; ((Monographies sur l'enseignement public en Tunisie :""1SS5, 1889, 1.900, 1.906». Chargé d'unp mission en 'Tunisie en 1SS0.",1,0,1,1195,272,0.8647
L1912-01658,MACHWITZ,,0,,,,,,"(Raphaël - Constan linStephane), 24 fév. 1858, La Motle-Beu. vron (Loir-et-Cher). Receveur municipal à Tunis, rue de Sparte, 14. ",administration,administration,,Tunis,24 janv. 1886,1886,0,,0,0,lycée de Tours; bachelier es sciences. SUCCESS 1 : receveur des Domaines en Algérie et administrateur des Domaines à Tunis.,lycée de Tours,baccalaureat,,0,,0,0,0,285,272,0.8848
L1912-01659,MACLER,,0,,2 août 1849,1849,Bône,Algérie,"Ingénieur civil, entrepreneur de travaux publics, ",engineering_architecture;industry_crafts,engineering_architecture,"7, rue d'Italie (passage de Bénévent), Tunis",Tunis,24 fév. 1893,1893,1,nichan_iftikhar,0,1,"collège de Bône. SUCCESS 1 : chef de section de la Société de Construction des Balignolles, ' entrepreneur de travaux publics, propriétaire minier. Campagne de 1.870, en qualité de sous-lieutenant, armée des Vosges, première brigade des francstireurs réunis Corislanline-Philippeville. Membre de la Chambre de Commerce de 'l'unis de 1898 à 1902; secrétaire élu de celle compagnie 1899-1900.",collège de Bône,,,0,,0,0,1,605,272,0.9052
L1912-01665,MAGNANI,Henry,0,,27 déc. 1876,1876,Longiano,Italie,"(Italie), off. du NichanIftikhar. Compositeur de musique; chef d'orchestre du Casino municipal de Tunis. ",,,,Tunis,1893,1893,0,,0,0,,,,,0,,0,0,0,182,273,0.8827
L1912-01666,MAGUEUR,Pierre,0,,24 avril 1.856,1856,,,"La Bachellerie (Dordogne). Publicisle, rue d'Autriche, Tunis, 15 mai 1893.",,,,Tunis,,,1,nichan_iftikhar,0,1,Ecole primaire. Rédacteur en chef de la «'Tunisie Minière».,,,,0,,0,0,0,202,273,0.8896
L1912-01667,MAGUY,J.-B.,0,,9 août 1854,1854,Vy-lesLure,H.-Saôno,"Méclaiille coloniale agrafe «Algérie», off. du Nichan-Iftikhar. Professeur de musique à Sfax. 1"" janv. ",education_science,education_science,,Sfax,1885,1885,3,medaille_militaire;medaille_coloniale;nichan_iftikhar,0,1,,,,"chef de fanfare fondateur de la musique du 4"" tirailleurs de 1885 à 1896, fondateur de la «Philharmonique» de Sousse; professeur de chant dans les écoles de 1SS5 à. 1.896; directeur de «l'Harmonie Sfaxienne»; fondateur el, directeur de la. section orchestrale de «l'Adelphie musicale et littéraire»; directeur do la section «Esludianlina» de la même société.",6,,0,0,0,549,273,0.9215
L1912-01671,MAHMOUD-BEY,,0,Bey,,,,,"(ben Husseïn ben Ali), Bey de Tunis, de la dynastie husseïn i te, régna de 18:15 à 1824, il était un des trois fils de Hussein, le fondateur de la. dynastie. C'est sous le règne de Mahmoud que le Congrès de Vienne -nvoya la flotte anglaise faire une démonstration sur les côtes do la Régence. Le Bey ",,,,Tunis,,,0,,0,0,,,,,0,,0,0,0,351,274,0.9496
L1912-01674,MAI,René,0,,,,,,"Boulogne-sur-Mer. Ingénieur des Télégraphes, Chef du service technique de l'Office des Postes el Télégraphes, pass. Ben-Ayed, 'Tunis. Mars 1907.",engineering_architecture,engineering_architecture,,Tunis,,,0,,0,0,Université de Paris; licencié es sciences mathématiques el es sciences physiques.,,,,0,,0,0,0,247,274,0.9141
L1912-01675,MAIRE,Charles-Aristide,0,,6 juin 1.867,1867,Lalergemenl-Sainte-Marie,Doubs,"' Commissaire aux délégations judiciaires, 60, .'rue de Naples, à Tunis; collège de Pontarlier, lycée de Besançon ; cerlifical de grammaire; bachelier es science s. Sous-chef artificier d'artillerie de réserve. commissaire spécial des chemins de fer el (lpc îïnrl.ç i~\i> Lyon-Marseille. Membre fonda",transport_maritime,transport_maritime,,Tunis,,,2,palmes_academiques;nichan_iftikhar,0,1,,collège de Pontarlier;lycée de Besançon,baccalaureat,,0,,0,0,1,773,274,0.8888
L1912-01681,MALET,François,0,,8 mars 1872,1872,Graulhet,Tarn,"Directeur de l'expérimentation agricole à la Direction de l'Agriculture, du Commerce et de la Colonisation, Tunis. 15 mars 18 95.",,,,Tunis,,,3,palmes_academiques;merite_agricole;nichan_iftikhar,0,1,collège et lycée de 1 Académie dAlbi. Ingénieur agronome (Institut agronomique de Paris). S75 Bachelier. Ancien chef de cabinet du directeur de l'Agriculture.,collège et;lycée de;Institut agronomique,baccalaureat,,0,,0,0,1,439,275,0.914
L1912-01682,MALFILATRE,Henri,0,,,,,,"Retraité militaire, Gabès. ",finance_banking,finance_banking,,Gabès,13 juillet 1890,1890,1,nichan_iftikhar,0,1,,,,,0,,0,0,0,209,275,0.9307
L1912-01684,MALINAS,Albert,0,,29 janv.1.84S,1848,Lunel,Hérault,"Médecin. principal de 1"" classe de l'armée, en retraite. 18. r. dt Rome, Tunis, el, Korbous. Venu en Tunisie une 1"" fois en sept. 1886 jusqu'en fév. 1892 et une seconde fois en janv. ",medicine_health,medicine_health,,Tunis,1903,1903,5,legion_honneur;palmes_academiques;nichan_iftikhar;etoile_anjouan;medaille_militaire,1,1,,"collège de Lunel;lycée de Montpellier;Faculté de médecine de Montpellier, Ecole du Service de San;Facultés de Médecine de Strasbourg, 1867-70, et 'de Paris, 1",doctorat_medecine;baccalaureat,"médecin aide-major de 2' cl. aux hôpitaux de la division d'Alger (Miliana-Teniet-el-Haad); médecin aide-major de 2° cl. au 7° hussards; médecinmajor de 2' cl. au 11* cuirass. et au 7' bataillon d'artillerie de forteresse; médecin-major de 2' cl. des hôpitaux en . Tunisie, 18S6-88 (Gafsa, Sousse, AïnDraham); médecin-major de 1"" cl. du 4' zouaves. 1889-92, puis au 97"" d'infanterie; médecin chef du sanatorium deNosi-Comba pendant l'expédition de Madagascar 1S95, et de l'hôpital de Fianaranlson. 1896, puis, à sa rentrée, hôpital militaire de Versailles comme médecin principal de 2' cl.; médecin chef de l'hôpital mixte de Nantes et de l'hôpital militaire de Chambéry comme médecin principal de 1"" cl.; médecin chef de l'hôpital militaire de Lille, 1901-02, el directeur du Service de Santé de la Division d'occupation de Tunisie, 1963-08. Admis à faire valoir ses droits à la retraite le 29 janv. 1908. Memb. de l'Association française de Chirurgie; viceprésident de la Section Scientifique de l'Institut de Carthage; memb. du Comité directeur de la Société de Géographie commerciale (section tunisienne). Nombreuses publications parues' dans divers journaux, el, recueils scientifiques ayant mérité soit des félicitations du Ministre de la. Guerre, soil la citation nu «Bulletin Officiel», parmi lesquels ont été surtout remarquées : « Elude clinique sur un eus de fracture compliquée ciu crâne »; « De l'orchite paludéenne primitive comme ninnilestai-ion hâtive de l'impnludisme » ; « Péritonite aiguë d'origine blennorrhagique» ; «Le sanatorium de Nosi-Conibn» (campagne de Madagascar, 1895); «L'hôpital provisoire de Finnnrnnlson et, le sud Belsilco» (Madagascar, 1896); «Fracture du sinus frontal par contusion de la région teinporo-soiircillière droite pur coup de pied de cheval, emphysème progressif, suffocation imminente, trachéotomie, guérison»; «Tuberculose nùliaire aiguë phnrynjo-laryngie » (maladie d'isàinberl); «Rapport"" à M. le Résident Général de France à Tunis, au nom de la Commission des Etablissements pénitentiaires», 1.903, à la suite (le l'épidémie de typhus el, de In. mort du D' MoIhen.u, qui décida le Ministre des Affaires F. Iran gères à la. construction de la nouvelle prison civile. «.Mutualité coopérative»; «Projet, d'assistance médicale indigène en 'Tunisie», in «Revue Tunisienne» et tirage à part, aux frais du Gouvernement du Protectorat, (avec In collaboration du D' Toslivint, niédecinmajor de. 2' cl. attaché à la Direction du Service de Santé militaire); «Statistique médicale indigène clans le territoire soumis à. l'autorité militaire depuis 1904» (statistique de 1903), avec la collaboration du médecin-major attaché à la Direction du Service (le Santé el, des médecins des postes du Sud 'Tunisien. Campagnes : contre l'Allemagne (siège de Strasbourg); ambulances des postés et avant-postes); ambulances de l'armée de la Loire; contre la Commune, Paris, hôpital du Gros-Caillou ; en Algérie (1.872-74), deux camp.: en Tunisie (188692), six camp.; à Madagascar (1.895-96), deux camp.; en Tunisie (1905-08), cinq camp.; soil dix-sept campagnes. Entré au. service le 7 oct. 1867 comme élève du Service de Santé à l'Ecole de Strasbourg; en cette qualité, pendant le siège, a été proposé avec un certain nomlire de ses camarades pour la. Médaille militaire [qui n'a pu leur être accordée, ses élèves ayant été nommés officiers (médecins s'ous-aides-majors) à litre provisoire]. Une épée d'honneur lui a élé offerte par la. commune de Tenielel-Haad (Alger), en 1874, pour services médicaux rendus à la colonisation. Lettre d'éloges de M. le Résident Général de France à Madagascar pour services médicaux rendus pendant, une grave épidémie de typho-malarienne qui décimait la province du Bofsileo (1906).Médaille de bronze de l'Académie de Médecine (épidémie) en 1893.,",61,,0,0,1,4713,275,0.9157
L1912-01687,MANISCALCO,Joseph,0,,19 juillet 1858,1858,Liculn,,"Entrepreneur de travaux pnblics, av. Slcphen-Pichon. '28, Tunis. ",industry_crafts,industry_crafts,,Tunis,1878,1878,1,nichan_iftikhar,0,1,,,,,0,"n. exécuté des travaux pour le compte du génie militaire de 1881 à 1887, au Kef, à Sonk-'el-Djemna, etc.; construction du contrôle civil et des abattoirs de Bizerte, de la poudrière de Mateur; des caves ()u domaine de Si cl i - Tabet. A construit 22 fermes pour former le centre du Goubellal, près de Medjez-el-Bab; diverses constructions pour des particuliers, entre autres le groupe des immeubles Ribel, av. .IulesFerry, et les portes d'entrée du parc du Belvédère, pour le compte de la ville de Tunis, etc.",1,0,0,688,276,0.926
L1912-01690,MARCESCHEAU,,0,,,,,,"(A,rniand-.lean-Baptisle-Louis). Elève vice-consul (1816). vice-consul à Larta (1821). à Tunis (1.825), consul à Baliin (1.S28). à Dublin (1837), consul général à Chuquisaca (1842), chargé d'affaires eii Bolivie (1843). coiv sul général à Tunis (1.S48). retraité en 1849. . La Ville do Tunis a donné ",military;diplomacy,military,,Tunis,,,0,,0,0,,,,,0,,0,0,0,397,277,0.8167
L1912-01692,MARCHIONI,Louis,0,,1871,1871,,,"Méd. d'argent de la. Mutualité. Receveur des postes de Mahdia. 1"" avril 1896.",administration,administration,,Mahdia,,,1,nichan_iftikhar,0,1,"Lycée de Bnstia.; diplôme de grammaire. Sergent au 4"" zouaves, réserve. Conseiller municipal de Mahdia.",Lycée de Bnstia,diplome_superieur,"Commis à la Direction rie VOflice postal. Tunis; receveur des Postes, Mahdia. Prés. fond, de l'Assistance mutuelle tunisienne du groupe de Mahdia; secr. gén. bon. de celle Société; Prés, du Comité de patronage de la Bibliothèque populaire de Mahdia; viceprés, de In Société de Bienfaisance de Mahdia; délégué de l'Amicale des Postes. Rapports et causeries divers sur des questions de mutualité.",8,,0,0,0,671,277,0.9232
L1912-01695,MARINI,Félix,0,,,,,,"Capitaine au long coursxa.pilaine do port, Sousse. ",military;transport_maritime,military,,Sousse,1905,1905,1,nichan_iftikhar,0,1,,,,,0,,0,0,0,193,277,0.9275
L1912-01696,MARINI,Germain-Françojis-Scipion- Léon-Philippe,0,,4 juin 1876,1876,Colomieu-Lasplanes,II. - Gar.,(II. - Gar.). Médecin municipal à Mahdia. ,medicine_health,medicine_health,,Mahdia,7 oct. 1902,1902,0,,0,0,"lycée et Faculté de Médecine de Toulouse; bachelier es leltres-malhémathiques et, es lettres-philosophie; -icencié es sciences-chimie générale, chimie appliquée, minéralogie; trois diplômes de la Faculté des Sciences (prix du certificat P. C. N.).",lycée et;Faculté de Médecine de Toulouse;Faculté des Sciences (prix du certificat P,baccalaureat;diplome_superieur;certificat,"aide-major de 2' cl. de réserve; interne à l'hôpital civil français de Tunis, 19021906. Médecin cie toutes les sociétés fraternelles de secours des diverses administrations. Médecin de l'Office postal, de la Compagnie des chemins de fer, de la gendarmerie. Thèse sur « la Népbropexie» par un procédé nouveau.",6,,0,0,0,728,277,0.9173
L1912-01698,MAROT,Raymond-Emmanuel,0,,22 janvier 1857,1857,Casleljaloux,L.-et-Gar.,"Commis des Ponts et Chaussées à la Direction générale clos Travaux publics, Tunis. 1"" juin 1893.",military;administration,military,,Tunis,,,1,nichan_iftikhar,0,1,,,,"quartier - maître fourrier des Equipages de la flotte, officier de port à Tunis pendant environ seize ans. Prés, fond, de la sectëon des vétérans des armées de terre el de mer 70-7:1. Dix années de navigation au long cours et n l'Etat. Sénégal, fleuves de La Platn,mer des Indes, îles Marcareignes, etc., etc.",4,,0,0,0,512,278,0.9282
L1912-01699,MARQUET,Louis,0,,juillet 1.S7.I,1871,Saint-Martin-d'Eslreaux,Loire,Directeur clé l'école franco-arabe de Sousse. ,,,,Sousse,13 oct. 1898,1898,2,nichan_iftikhar;ouissam_alaouite,0,1,Ecole normale d'instituteurs de la Loire ; brevet supérieur ; certificat d'aptitudes pédagogiques. Officier d'administration de 2' cl. (Service de Santé).,Ecole normale,brevet_superieur;certificat,"Instituteur en France, puis au collège Alaoui. 'Instituteur-receveur des Postes et Télégraphes.",2,,0,0,0,425,278,0.9085
L1912-01701,MARSAL,Henri,0,,27 avril 1.872,1872,Paris,,Oléiculteur à Kalâa-Srira. ,agriculture,agriculture,,,1898,1898,1,nichan_iftikhar,0,1,,,,,0,,0,0,0,96,278,0.864
L1912-01702,MARTEL,François-Joannès,0,,18 mai 1854,1854,Monlbrison,Loire,"Principal clerc d'avocat, 1.1. bis, rue de Constanlme, Tunis. ",justice_law,justice_law,,Tunis,11 sept. 1891,1891,0,,0,0,"lycée de. Lyon, Faculté de droit de Paris; bachelier es lettres.",lycée de;Faculté de droit de Paris,baccalaureat,"journaliste, clerc d'avocat. A fondé avec Prax «le Messager Tunisien», à Tunis; a. fondé «le Progrès de Sfax» et a collaboré, à la fondation de «la Dépêche Sfaxienne», qu'il n dirigée seul pendant deux ans.",3,"« Histoire des légions du Rhône pendant la guerre de 1870-71», publiée en 1SS2 par «l'Express de Lyon», en collaboration avec M. Charles Mauret el le vicomte de Seysselles. Ancien délégué du 3' coll., cire, de Sfax, à la Confôrence Consullalive.",1,0,0,684,278,0.8848
L1912-01703,MARTIN,Joseph,0,,27 déc. 1.858,1858,Sauvelerre-la-Lémance,L.-et-Gar.,"agricole, oïl. cm NichnnIffikhnr. I n spcclcur primaire à, Bizerte. 1"" mai 18 9 2.",,,,Bizerte,,,3,palmes_academiques;merite_agricole;ouissam_alaouite,0,0,Ecole normale de la Gironde; diplômes de l'Enseignement pri-' maire.,Ecole normale,diplome_superieur,"instituteur clans le Lot-et-Garonne. 1877-92; instituteur à. Tunis, 1.892; maître adioinl chargé du cours d'histoire et de littérature au collège Alaoui (école normale), 1892-93; directeur de l'école et receveur des postes à Medjez-el-Bab, 1893- 96; directeur de l'Internat primaire de Maxula-Radôs, 1897-191.0. Prés, de la loge «La Volonté»; vice-prés, de la Société «Les Cadets de Gascogne».- A créé le premier internat primaire en Tuni- sie, à Maxula-Ra.dès, 1897.",9,,0,0,1,755,278,0.8862
L1912-01704,MARTIN,Paul,0,,"1"" déc. 1881",1881,Beauvoir-sur-Niorl,Deux-Sèvres,Instituleur à Fouchana. ,,,,,1905,1905,0,,0,0,"école normale d'Alger; brevet supérieur; certificat, d'aptitudes pédagogiques.",école normale,brevet_superieur;certificat,,0,,0,0,0,180,279,0.9268
L1912-01705,MARTINEAU,Charles-Pierre-V.ictor.loseph-Louis,0,,4 déc. 1861,1861,Le Mans,Sa.rlhe,"Anc. juge rapporteur au Tribunal mixle, propriétaire de Bordj-Fahrout, à L'A-' riana. Juin 1885.",justice_law,justice_law,,,,,1,nichan_iftikhar,0,1,"lycée du Mans, Ecole de Droit et Ecole des Hautes Eludes, Paris; licencié en droit.",lycée du;Ecole de Droit;Ecole des Hautes,licence_droit,"avocat à. la. Cour de Paris. 1883; avocat au barreau de Tunis, 18S5; juge de paix suppléant à. La Goulette, 8 mars 1.890: juge de paix suppléant à Souk-el-Arba, 22 sept. 1890; juge de paix suppléant Tunis-Nord, 18 octobre 1892 ; juge de paix titulaire TunisNord, 3 déc. 1894; juge rapporteur au Tribunal mixle, 3 avril 1.897; passa le 26 oct. 1.908 juge au Tribunal civil pour siéger à la 3"" Chambre.",10,"«De la compétence des juges de paix en Tunisie». En 1883, rédacteur à la «Gazette du Palais», de Paris; rédacteur au (( Journal des Tribunaux de Tunisie ». Décédé le 7 juin 1909, à L'Ariana.",1,0,0,911,279,0.8976
L1912-01706,MARTINIER,A.,0,,1888,1888,,,"(A.), ",administration,administration,"5 bis, rue d'Italie, Tunis",Tunis,1888,1888,0,,0,0,,,,,0,,0,0,0,296,279,0.9476
L1912-01707,MARZAG,Louis-Marcel,0,,23 août 1877,1877,Bordeaux,Gironde,"Mention honorable du Ministère de l'Intérieur pour acte de dévouement. Commissaire de police attaché à la Direction de la Sûreté publique, Tunis. ",,,,Tunis,1902,1902,2,palmes_academiques;nichan_iftikhar,0,1,Lycée et Ecole supérieure de Commerce .de Bordeaux.,Lycée et;Ecole supérieure de Commerce,,professeur à l'Ecole française de Commerce de Snlonique (Turquie) de 1899 à. 1902; secrétaire de l'Association des professeurs français de Salonique de 1.900 à 1.902.,2,,0,0,0,489,279,0.9278
L1912-01709,MASSARI,Emile,0,,21 janv. 1850,1850,Pontremoli,,prov. de Massa-Carrora (Italie). Publicisle. rue de Naples. Tunis. 28 nov. 18 91.,,,,Tunis,,,0,,0,0,"lycée de Parme. Anc. sous officier de l'armée italienne. Après 14 ans de service dans les chemins de fer de la Haute-Italie, il démissionna, étant chef de gare, pour s'adonner au journalisme. Il dirigea les journaux «11 Présente» et (dl Corriere di Parme» et fut rédacteur à «la Riforma» de Rome. A fondé et dirigé à Tunis les journaux «La Lanterna», «la Gazelta tunisina», «l'Africa lalina» el «la Colonia», puis rédacteurgérant de «la Tunisie libérale», du «Courrier de Tunisie», de «la Semaine», etc. A été plus de dix ans rédacteur au journal italien «l'Unione», de Tunis.",lycée de Parme,,,0,,0,0,0,710,280,0.9277
L1912-01710,MASSÉ,Jean-Daniel,0,,juillet 1872,1872,Bordeaux,,"Médaille c o mmémoralive de l'expédition du Dahomey. Juge de paix du canton de Nogentsur-Ma.rne, à. Nogenl-surMa.rne et à Châleau-deTaupessa.rgues, p a r T o r n a c (Gard).",justice_law,justice_law,,,,,3,palmes_academiques;merite_agricole;nichan_iftikhar,0,1,"lycée de Montauban, Université de ■ Paris (Faculté des lettres et, Faculté de droit). Bachelier es lettres, licencié en droit.","lycée de Montauban;Faculté des lettres et, Faculté de droit)",licence_droit;baccalaureat,"conseiller de préfecture honoraire, chef adjoint du secrétariat du Ministre de l'Agriculture, juge de paix à Nogent. Membre de l'Association syndicale des secrétaires .de rédaction des journaux et revues. Explorations et campagnes au Sénégal et au Dahomey (en guerre), 1892-93. Lieutenant d'infanterie"" de réserve. Nombreuses collaborations littéraires, politiques, économiques ou historiques : ((Revue dé Paris», «Revue hebdomadaire», «Nouvelle revue», «Le Censeur», el aux grands journaux quotidiens : «Gil Blas», «Aurore», «Echo de Paris», «Le Gaulois», «Le Journal», «Le Malin». Ouvrages publiés : « Poèmes d'Afrique », 1894, et «Aimer», 1.897, Lemerre, édit. «Législation du travail et les lois ouvrières», gr. in-8°, 970 p. (prix : 15 fr.), Berger-Levrault, édit,. ((Pour choisir une carrière, .guide pratique pour l'accès à toutes les professions». in-S"" carré. 440 p.,.2' édit. (prix : 4 fr.50),Libr.Larousse. «Entre locataires et propriétaires, guide pratique de droit usuel en matière cie location», m-S° carré, 136 \y. (prix : 1 fr. 20), Bibl. Larousse, 2' édit., 6' mille). « Les petits procès de justice de paix», conférence sur la Tunisie. Libr. Larousse.",22,,0,0,2,1642,280,0.9394
L1912-01711,MASSÉ,Louis,0,,14 août 1865,1865,Bédarieux,Hérault,"(Hérault), off. d'Académie. Juge au Tribunal de Tunis.",justice_law,justice_law,,Tunis,,,1,palmes_academiques,0,0,,,,"avocat à. Montpellier; juge suppl. à Reli/.nne (Algérie), mars 1890 ; juge de paix à Djelfa et à Arzew; juge suppléant et juge d'instruction à Conslnnline, 12 oct. 1.895: substitut à Moslaganem. 22 juillet 1.899: juge à Sninl-Cluacle. 20 mars 1900: juge d'instruction, 29 murs 1901: procureur, 14 oct. 1.902; juge au Tribunal mixte de 'Tunis. 1"" nov. 1908: juge rapporteur, 24 juillet 1909.",11,,0,0,0,495,280,0.8375
L1912-01712,MASSELOT,,0,,24 mai 1867,1867,Bougie,Algérie,Contrôleur civil suppléant à Mactar. Oct. ,administration,administration,,,1891,1891,2,palmes_academiques;nichan_iftikhar,0,1,"collège Chnplal, Paris; lycées d'Alger et de ""Toulon; bachelier; breveté d'arabe. Lieutenant do réserve affecté nu Serv. des Affaires indigènes.",collège Chnplal,baccalaureat,"secrétaire de Contrôle à. Sfax el, Souk-el-Arba; contrôleur suppléant, n Kairouan, Sousse, Grombalia; chef de l'annexe de Tozeur; contrôleur civil suppléant à Tunis. Etude, publiée en 1903, sur «Les palmiers clans les oasis du Djerid».",6,,0,0,0,555,280,0.9306
L1912-01713,MASSIGAULT,Justin,0,,,,,,"Publicisle el, administrateur français, né à Ourouerles-Bonrclelins (Cher) en 1S38. Il fui successivement professeur, journaliste, el, en 1S70-71 il 'devint préfet de la llnuleVienne. Très républicain, il quitta l'administra lion el fonda des journaux : «l'Indépendance», à Bordeaux en .1871: «la. Ch",education_science;administration;press_letters_arts,education_science,,Tunis,,,0,,0,0,,collège Saint-Charles;lycée el,,,0,,0,0,0,4244,280,0.9432
L1912-01717,MATHIEU,Charles,0,,4 septemb. 1868,1868,I-ladoV,Vosges,Directeur de l'école supérieure de garçons de Bizerte. ,,,,Bizerte,17 octobre 1898,1898,2,nichan_iftikhar;ouissam_alaouite,0,1,"Ecole normale de Mirecourf (Vosges); brevet supérieur; certificat d'aptitudes pédagogiques,",Ecole normale;école supérieure de garçons de Bizerte,brevet_superieur;certificat,"ing- MAT — M AU titufeur a. Gremifontaine (Vosges); instituteur adjoint à Bizerte; instituteur à Djemmal, au collège Alaoui, à Enfidavijle et directeur de l'école de Mateur. Anc. v.-prés. du Cercle de Mateur de la Ligue de l'Enseignement-; prés, du Cercle de l'Union.",6,,0,0,0,533,281,0.937
L1912-01718,MATHIEU,Gustave,0,,2 mai 1842,1842,Le Puy,,Procureur de la République à Sousse. ,justice_law;religion,justice_law,,Sousse,1890,1890,1,nichan_iftikhar,0,1,,,,"juge de paix à Saïda, mars 1884; à Aïn-Temouchent; suppléant rétribué à Oran, 1.885; substitut à. Bain a, 1887, et à Tlemcen, 1888. Nommé substitut à Sousse en 1890, procureur en 1.S97, retraité en 1908. Décédé le 27 avril 1908.",8,,0,0,0,347,282,0.8314
L1912-01720,MATTEI,Aétius,0,,6 fév. 1.861,1861,Sfax Tunisie,,"coloniale (Tunisie), comm. du Nichan-Iftikhar. Entreposeur des Mononoles à Sfax.",,,,Sfax,,,3,palmes_academiques;medaille_coloniale;nichan_iftikhar,0,1,"collège Chaplal à Paris, de 1872-78; certificat d'études secondaires. Sergentmajor au corps el dans la rés e r v e. A été négociant, agent de la Compagnie Générale 'Transatlantique. Anc. mnsp.illpv municipal de Sfax. Ancien président de la société «La. Corse»; ancien président de «l'Harmonie Sfaxienne» ; vice-président de la Société de Bienfaisance française; prés, de la «Mutuelle»; viceprés, de la Société Hippique de Sfax, etc. Membre de la Conférence Consultative lors de son ancienne organisation.",collège Chaplal,certificat,,0,,0,0,0,665,282,0.9293
L1912-01721,MATTÉI,César,0,,6 mai 1860,1860,,,"Maître de port et agent sanitaire, avenue Massicault, Mahdia. ",,,,Mahdia,1889,1889,1,nichan_iftikhar,0,1,Lycée de Baslia. S.-officier de réserve.,Lycée de Baslia,,,0,,0,0,0,191,282,0.892
L1912-01722,MATTEI,Paul,0,,3 mars 1854,1854,Coggin,,Directeur pour lu. Tunisie de la Compagnie d'assurances «La Providence» (incendie el accidents). Anc. président de la société «La Corse».,finance_banking,finance_banking,,,,,1,palmes_academiques,0,0,,,,,0,,0,0,0,199,282,0.9494
L1912-01723,MATTEIS,Albert DE,0,,17 juillet 1S69,1869,Tunis,,"h a r. Avocat au barreau de Tunis, ",justice_law,justice_law,"18, rue de Russie, Tunis",Tunis,,,2,palmes_academiques;nichan_iftikhar,0,1,,,baccalaureat,,0,,0,0,0,289,282,0.9112
L1912-01724,MAUBACQ,Henri-Ernëst-Louis,0,,juillet 1.852,1852,Péronne,Somme,Greffier du Tribunal civil de Tunis. Juin 1888.,justice_law,justice_law,,Tunis,,,1,nichan_iftikhar,0,1,collège de Boulogne-sur-Mer. En retraite proportionnelle depuis 1SSS.,collège de Boulogne-sur-Mer,,"commis-greffier à la création du Tribunal de Sousse; greffier à Nabeul, Gronibalia,Tunis (canton Sud) et Sousse (Tribunal civil).",2,,0,0,2,360,282,0.9176
L1912-01725,MAUGER,Félicien-Henri,0,,27 mai 1S70,1870,Doudeauville,S.-Inf.,"Instituteur, Mahdia. Oct. ",education_science,education_science,,Mahdia,1908,1908,0,,0,0,Ecole normale de Rouen ; brevet supérieur ; certificat d'aptitudes pédagogiques.,Ecole normale,brevet_superieur;certificat,,0,,0,0,0,182,283,0.8634
L1912-01726,M AURAS,Félix,0,,21 septembre 1.858,1858,Marseille,,"Algérie-Tunisie, propriétaire, Kairouan, 1882. Vice-président délégué de la Municipalité de Kairouan, membre de la Chambre mixte de commerce et d'agriculture du Centre.",,,,Kairouan,,,3,merite_agricole;nichan_iftikhar;medaille_coloniale,0,1,,,,,0,,0,0,0,287,283,0.9334
L1912-01728,MAURIN,Georges-ConstanHoachim,0,,24 février 1.870,1870,Grenoble,Isère,"Chef de bureau à la Direction générale des Finances, boulevard BabBenat, n"" 47,'Vunis. ",military;religion;administration,military,,,7 fév. 1897,1897,2,palmes_academiques;nichan_iftikhar,0,1,,Faculté de droit cl'Aix-en-Provence,licence_droit;baccalaureat,"surnuméraire de l'Enregistrement, des Domaines el du Timbre d'Angouléme et d'Aix-en-Provence; receveur de l'Enregistrement, des Domaines et du Timbre à Vezzani (Corse)-et à Montlieu (Charente-Inférieure); receveur de l'Enregistrement et des Contributions diverses à Kairouan (Tunisie); sous-inspecteur de l'Enregistrement, des Domaines el du Timbre; sous-chef de bureau à la Direction générale des Finances.",5,,0,0,0,768,283,0.9511
L1912-01729,M A U R Y,Armand-Pierre-Louis-JeanBaptisle,0,,5 fév. 1871,1871,Le Louznc,Corrèze,"Agriculteur et publicisle; secrétaire de rédaction à «la Tunisie Française», Tunis et Sor.k-elKhemis. 5 fév. 18 9 6.",agriculture,agriculture,,Tunis,,,1,nichan_iftikhar,0,1,"petit séminaire de Servières (Corrèze). Viceprésident du Conseil de surveillance de la Caisse agricole de Soukel-Khemis. ""Auteur ae piusieurs articles dans diverses revues économiques et sociales. Médaille de bronze du minisire de la Guerre (gymnastique).",,,,0,,0,0,0,488,283,0.9276
L1912-01731,MAZET,Antoine-Antonin,0,,12 janvier 1863,1863,Saint-Hilaire,Allier,"Huissier, ",justice_law,justice_law,"15, rue Es-Sadiida, Tunis",Tunis,,,1,nichan_iftikhar,0,1,,,,"principal clerc d'avocat- cléfens., greffier de paix, huissier à Sousse.",2,,0,0,0,230,283,0.9112
L1912-01732,MAZET,Pierre,0,,22 mars 1867,1867,SaintHilaire,Allier,"Greffier à Gafsa. Avril 1893. Brevet de capacité. • Sous-officier de cavalerie de réserve. Président de In Sociélé des Anciens sous-officiers, v.-prés. de la, Sec- - lion de In Ligue des droits de l'Homme, membre des Comités de la figue de l'Enseignement el de différentes autres sociétés (courses, g",justice_law;military,justice_law,,Gafsa,,,1,nichan_iftikhar,0,1,,,,,0,,0,0,2,396,283,0.9382
L1912-01733,MAZIËRES,Marc-Alfred DE,0,,août 1875,1875,S'-Eugône,,"Aaenf commercial de la Compagnie des chemins de fer de ParisLyon-Méd., en Algérie-Tunisie. A Alger. 1"" août 1906.",transport_maritime,transport_maritime,,,,,3,palmes_academiques;nichan_iftikhar;merite_agricole,0,1,"lycée d'Alger, Ecole supérieure d e droit d'Alger ; bachelier es sciences complet; bachelier de rhétorique: licencié en droit : diplôme de droit musulman, de législations algérienne el tunisienne el, do coutumes indigènes; lauréat de l'Ecole de droit d'Alger (législation algérienne). Service militaire au 12' d'artillerie de forteresse à Alger en 1.896; indisponible comme appartenant à. une compagnie de chemins de 1er.",lycée d'Alger;Ecole supérieure d e droit d'Alger;Ecole de droit,licence_droit;baccalaureat;diplome_superieur,"Attaché au Parquet, du Tribunal d'Alger, 1896-98. Nommé avocat-défenseur à Suint-Louis du Sénégal en 1905, n'a pas rejoint pour raison privée. Agent du contentieux du P.-L.- M. à Alger de 1890 à 1906, agent commercial des chemins de fer P.-L.-M. à M'unis de 1.906 à 1909 el ensuite à. Alger. Secr. gén. a.dj. de la Soc. de Géographie comm. de Paris, secl. tiin.; membre du Comité de la Société d'Horticulture de Tunisie; memb. du Comité de la Ligue maritime française, section tunisienne; memb. correspondant de l'Action coloniale et maritime française ; memb. de la Société d'Apiculture de Tunisie; corresp. de l'Association Agricole de Tunisie; memb. fond, de l'Association amicale et de prévoyance des employés civils d'Algérie. TIÙVAUX : Notices diverses sur le commerce et l'agriculture en 'Tunisie, notamment : «L'exportation des produits agricoles tunisiens en Allemagne», ((Le commerce d'exportation des produits agricoles tunisiens en Suisse»; «Les emballages et les débouchés des raisins de table»; «Le raisin de taille, sa conservation, son, commerce», etc. Voyages en Suisse en :l'907 et à Londres eh 1908 au sujet des débouchés que pourraient trouver dans ce pays les produits tunisiens. Avocat (prestation ' de serment en 1.906). Diplôme-de collaborateur au Concours général agricole de Paris 1908; Médaille d'argent de la Société de Géographie commerciale, seclion tunisienne, concours annuel de 1907 :'. «Le Djerid».",23,,0,0,1,2121,284,0.9152
L1912-01734,MAZOYER,Emile,0,,21 janv. 1863,1863,SavJgny-en-Revcr,S.-el-Loire,"Inspecteur général des Postes et d e s Télégraphes, Paris. Ancien directeur de l'Office postal tunisien. Juillet 1901.",military;administration,military,,,,,2,legion_honneur;couronne_italie,1,0,"coilège de Louhans, Ecole supérieure des Posles et des Télégraphes. (S.-et-Lojre). A n ubli é : « La Poste, le 'Télégraphe et le Téléphone» (Naucl et Rollin, édit.). A pris pari aux Congrès de l'Union postale universelle de Berne (1900) et de Rome (1906). Ancien maire de Fonlonny-aux-Roses (Seine). A quille In Tunisie le 1"" août 1908.",Ecole supérieure des Posles et des Télégraphes,,,0,,0,0,0,614,284,0.9264
L1912-01736,MEARY,,0,,20 janvier 1879,1879,Saint-Gooirs,Isère,Directeur de l'Ecole de garçons de Kairounn. ,,,,,15 oct. 1901,1901,0,,0,0,,Ecole de garçons;Ecole normale,brevet_superieur,"instituteur à Gabès, à Sousse el à M'unis. Anc. membre cl, secrétaire (lu Conseil d'mlminislr. de l'Amicale primaire. A l'ail partie on 1900 du peloton des officiers do réserve de la. 28"" division, en est sorti avec le n° 1 sur 85.",5,,0,0,0,493,284,0.8548
L1912-01738,MECHIRKI,Mohamed,0,,18S5,1885,M'unis,,"Interprète au Gouvernement tunisien, ""18. rue Ben-NecMcma. M'unis.",administration,administration,,,,,0,,0,0,"collège Sadiki el Université Ez-Zi tonna, dipl ô m e supôrieur d'arabe, de traduction el de législation tunisiennes. Secr é la ire aux Services j u d ieinires du Gouvernement tunisien de 1907 à 1.908 et interprète depuis 1908. Très, de I la S o c i é l é de ivÏEC — rvîÈD gymnastique «La Musulmane»; secrétaire général de la société indigène de musique «Eniincerin» ; el nncien secrétaire de la Société cie Bienfaisance musulmane de Tunis; fond, de VAssisInnce médicale, filiale de celle sociélé, en février 1.910, etc. TUAVAUX : Traduction du «Dernier des Abencérages», de Chateaubriand (1909); monographie de «La Musulmane» (1011); 'Tolstoï (contes, morceaux choisis, pensées) et le théâtre dramatique « La puissance des Ténèbres» (1911). Médaille de vermeil de la Société nationale d'Encouragement au Bien. MEGHREF (v. El-Mechref).",collège Sadiki,,,0,,0,0,2,944,284,0.8833
L1912-01743,MÉDINA,,0,,31 déc. 1860,1860,Monastir,Tunisie,"Industriel el, agent consulaire d'Italie à Monastir. Famille établie en Tunisie avant 1.800.",diplomacy;industry_crafts,diplomacy,,Monastir,,,1,merite_agricole,0,0,"Livourne (Italie). Agent de la Navigazione générale Italiana; agent de la Cie Gle Transatlantique; président du Conseil d'administration de la. Société anonyme Monastiérienne pour l'extraction • oe l'huile de grignons par le sulfure de carbone, dont il a été le fondateur. A créé lé plus important domaine du Centre tunisien : plantation de 1.S.000 oliviers, dit «Enchir-Sai'd», sur la rouie de Sousse à Sfax, du kilomètre 165 au kilomètre 177, domaine qui lui appartient. 45 récompenses or, argent, diplômes d'honneur. Grands Prix poulies produits de ses usines. Huileries et savonneries à Monastir. - Medjba. La medjba est un impôt personnel et de capilalion dû par tous les indigènes tunisiens mâles, ayant, atteint leur majorité, sauf ceux nés et résidant à Tunis, Sousse, Kairouan, Monastir et Sfax, les cai'ds, les khalitais, les Marocains, les étudiants; les cheikhs, les algériens, sujets français, • les soldats, les prédicateurs, les aminés des vivres, les agents de la Djemaïa, les infirmes, etc. La medjba, qui a été successivement de 24 fr., de 20 fr., de 23 fr., a été réduite à partir du 1"" janvier 1910 à 18 fr.",,diplome_superieur,,0,,0,0,0,1313,286,0.948
L1912-01750,MEINIER,Marius-Emile-Louis,0,,21 août 1.S70,1870,La Goulette,Tunisie,Comptable à la Recette Municipale de Tunis. (Ses parents sont arrivés en M'unisie en 1856.),finance_banking,finance_banking,,La Goulette,,,1,nichan_iftikhar,0,1,,,,,0,,0,0,0,184,286,0.912
L1912-01757,MÊME,René,0,,3 nov. 1864,1864,Bocé,,"canton de Baugé (M.-el-L.), off. du NichanIffikhar. Receveur dos Douanes à La Goulette. 11 fév. 1885 (comme militaire nu 4' chasseurs d'Afrique).",administration,administration,,La Goulette,,,0,,0,0,"Ecole primaire super, de Paris-Montmartre. Entré dans l'administration des Douanes à sa libération du service militaire, en 1.889.",,,,0,,0,0,0,317,287,0.8932
L1912-01758,MÉNAGE,,0,,,,,,Entreposeur des Monopoles à Sousse. Entré dans l'administration en janvier 1891. Décédé à Sousse en 1911.,,,,Sousse,,,1,nichan_iftikhar,0,1,,,,,0,,0,0,0,145,287,0.8942
L1912-01759,MENATTI,Atlilio,0,,30 oct. 1861,1861,Fresirio,Italie,"d'Italie, off. du Nichan-lflikhar. Médecin-chirurgien à Mahdia. ",medicine_health,medicine_health,,Mahdia,10 janv. 1888,1888,2,couronne_italie;nichan_iftikhar,0,1,Université de Rome. Capitaine médecin clans la réserve. Président de la Sociela operaia ltaliana di mutuo soccorso.,,,,0,,0,0,0,285,287,0.9185
L1912-01762,MENOTTI,Antoine,0,,17 mars 1847,1847,,,Syndic de faillites et arbitre de commerce à Sousse. ,,,,Sousse,1888,1888,1,nichan_iftikhar,0,1,,,,,0,,0,0,1,221,287,0.8294
L1912-01763,MENSOUR,,0,,1833,1833,Tunis,,Négociant; aminé du souk El-Allarine de Tunis.,commerce,commerce,,Tunis,,,0,,0,0,,,,,0,,0,0,0,83,287,0.893
L1912-01764,MENSOUR,,0,,1863,1863,Tunis,,"Négociant au souk El-Attarine, Tunis.",commerce,commerce,,Tunis,,,0,,0,0,,,,,0,,0,0,0,71,287,0.887
L1912-01765,MENVIELLE,Jean,0,,10 sept. 1.S72,1872,Bagnères-de-Bigorre,H.-Pyr.,off. du Nichan-Iftikhar. Médecin à Nabeul. Mai 1902.,medicine_health,medicine_health,,Nabeul,,,2,palmes_academiques;nichan_iftikhar,0,1,"F ac u 1 l é mixte de médecine et de pharmacie de Toulouse. Médecin et pharmacien ; ex-interne des hôpitaux de Toulouse ; lauréat de l'a Faculté de médecine ; prix de 4° année .de méd., prix de t h è s e. Aidemajor de 2' cl. de territoriale. Président du groupe de Nabeul de la Mutuelle Tunisienne. Tu AV. Construction et organisation à Nabeul, avec le concours des Habous, de la première infirmerie indigène de la Régence : 45 lits.",Faculté de médecine,,,0,,0,0,0,585,287,0.8919
L1912-01773,MERCIER,François,0,,8 nov. 1S71,1871,Sôtir,Algérie,Receveur des Postes à Djerba. Fév. ,administration,administration,,Djerba,1885,1885,1,nichan_iftikhar,0,1,,lycée de Conslanline,,,0,,0,0,0,403,288,0.8808
L1912-01774,MERCIER,Norbert,0,,,,,,"noire tanneur à Tunis, actuellement négociant à Alger. 18 9 9. S.-off. secr. d'état-maj. dans la rés.",commerce;industry_crafts,commerce,,Tunis,,,2,nichan_iftikhar;etoile_noire_benin,0,1,,,,"agent général des compagnies d'assurances «Aigle» (incendie et v i e) et <(Zurich» (accidents); administrateur des mines de iviienana, près criM-Arouça; anc. près, de la soc. provençale «Lou Mistraou»; ancien syndic-expert près les tribunaux de Sousse el de Tunis.",5,,0,0,0,459,288,0.9348
L1912-01775,MERLIN,Alfred-Maurice-Joseph,0,,13 mars 1S76,1876,Orléans,,"Directeur des Antiquités et Arts, plateau Charles-Quint, Tunis. Mai 1901. ETUDIÏS : Ecole normale supérieure de Paris, Ecole française de Rome; agrégé d'histoire et de géographie; docteur"" èslelli'es: lauréat du prix Bordin à. l'Académie des Inscriptions en 1907. Fouilles à. Dougga en 1901 et 1902; ",,,,Tunis,,,2,palmes_academiques;nichan_iftikhar,0,1,,Ecole normale,agregation,,0,,0,0,1,535,288,0.9195
L1912-01784,METLAOUI-GARE,V. Philippe - Thomas.,0,,,,,,"Philippe - Thomas.) MÉTRAL (Armand-Roger), Alger. Ingénieur, directeur du réseau de la Compagnie des Tramways de Tunis, ",engineering_architecture,engineering_architecture,"2, rue d'Alger",Tunis,28 mai 1910,1910,0,,0,0,,,,"directeur de divers réseaux de tramways en France; en dernier lieu directeur du réseau des tramways de Nancy. 'TUAVAUX : a été pendant son séjour à Nancy membre de la Commission de réception à l'Exposition internationale de l'Est de la France; membre du Conseil de la Société Industrielle de l'Est (section Trans- ports); membre du Comité des Fêtes de la ville de Nancy. ' Electrification des Tramways de Saint-Quentin; création de nouvelles lignes de tramways à Nancy el dans sa banlieue. Diplôme et.médaille de collaborateur à. l'Exposition de l'Est de la France, Nancy, 1909.",10,,0,0,0,805,288,0.9479
L1912-01788,MICHAUD,,0,,,,,,"ingénieur en chef des Ponts et Chaussées, fut directeur géné. rai des Travaux publics de la Régence de Tunis, du 26 février 1887 au 16 septembre 1.893. Il- succéda à M. Grand et eut pour successeur M. Pavillier.",engineering_architecture,engineering_architecture,,Tunis,,,0,,0,0,,,,,0,,0,0,0,220,289,0.9458
L1912-01790,MICHAUX,Lucien,0,,28 juin 1868,1868,Paris,,"Ingénieur des Ponts et Chaussées, ingénieur en chef des chemins de fer à la Direction générale des Travaux publics, adjoint au"" Directeur général, 72. av. Jules-Ferry, Tunis. 1"" juin 1906. ETUDES.: Ecoles Polytechnique et des Ponts et Chaussées; licencié es sciences et en droit. Capitaine du génie t",military;engineering_architecture;administration;transport_maritime,military,,Tunis,,,4,legion_honneur;palmes_academiques;merite_agricole;nichan_iftikhar,1,1,,,,"ingénieur à Mayence, Chartres et Nancy. Prés"", de la Société des Alsaciens-Lorrains de Tunisie.",2,,0,0,0,576,289,0.9462
L1912-01791,MICHAUX,René,0,,15 fév. 1879,1879,SaintQuentin,Aisne,"Commissaire do police, chef du service des moeurs. M'unis. ",,,,,25 août 1898,1898,1,nichan_iftikhar,0,1,"collège de Soissons. Brigadier de réserve au 4"" chasseurs d'Afrique.",collège de Soissons,,": élève-secrétaire de police (15 avril 1901), secrétaire titulaire (15 oct. 1906), commissaire de police (1"" juin 190S).",2,,0,0,0,356,289,0.8647
L1912-01792,MICHEL,Edmond - François-Richard,0,,avril 1872,1872,Bayeux,Calvados,Inspecteur principal du Crédit foncier de France; délégué en Tunisie pour l'organisation des services du Crédit Foncier auprès du Gréci it Foncier d'Algérie et de Tunisie (6 nov. 1909).,administration,administration,,,,,2,palmes_academiques;merite_agricole,0,0,écoles secondaires à Caen (Calvados).,,,"Membre correspondant de la société de Statistique de Paris; délégué des Normands de Paris; percepteur surnuméraire, vérificateur, rédacteur au Crédit Foncier de France. Auteur d'éludés statistiques, 3 vol. «Les habitants, la propriété», édité chez Rorger-Levrault. Ouvrages couronnés par l'Académie des Sciences morales et politiques. Diverses communications dans les Congrès de l'Association Normande. Médaille de vermeil de la Société des Agriculteurs de France; Médaille de vermeil de l'Association Normande.",9,,0,0,0,875,289,0.8846
L1912-01795,MIFSUD,Hector,0,,22 nov. 1.S7S,1878,Tunis,,"Avocat, rue de la Commission, 25, Tunis.",justice_law,justice_law,,Tunis,,,0,,0,0,"collège Saint-Charles de M'unis, Institution Lavigerie de Carthage, Ecole supérieure de droit d'Alger, l'acuité de droit de Paris; licencié en droit. Avocat conseil des Consulats généraux. d'Angleterre et d'Autriche-Hongrie.","collège Saint-Charles;Ecole supérieure de droit d'Alger, l'acuité de",licence_droit,,0,,0,0,0,314,290,0.9364
L1912-01797,MILLET,René,0,,,,,,"(René); était ministre plénipotentiaire à. Stockholm quand il fut nommé résident général de France en 'Tunisie. 11 avait alors quarante-cinq ans. il prit possession de son poste le 19 novembre 1.894 et il passa six ans en Tunisie. 11 inaugura les lignes de Sousse el du Cap-Bon, le port de Sfax et le",military,military,,Sousse,,,0,,0,0,,Collège électoral;Ecole coloniale,,,0,,0,0,0,3818,290,0.9662
L1912-01798,MILLOUD,Henry-Claudius,0,,6 mai 1870,1870,M elle y,Ain,"on publique, off. du NicbanIf Likhar. Censeur du lycée Carnot, Tunis. 18 janvier 18 9 5.",education_science,education_science,,Tunis,,,1,palmes_academiques,0,0,lycée et Faculté des Lettres de Lyon ; licencié es lettres ; a.nc i e n boursier d'agrégation.,lycée et;Faculté des Lettres de Lyon;lycée Carnot,,"maître auxiliaire au lycée de . Lyon, répétiteur, puis censeur à Tunis.",2,,0,0,1,352,290,0.8735
L1912-01799,MINANGOIN,Narcisse,0,,23 sept. 1848,1848,Rodez,Aveyron,"agricole, on. au îMicnanel-Anouar, gr. off. du NichanIftikhar. Inspecteur de l'agriculture et délégué phylloxerique de la Régence ,",administration,administration,"22, rue de Marseille, Tunis",Tunis,,,2,palmes_academiques;merite_agricole,0,0,élève diplômé de l'école d'agriculteur de la Saulsaie (Ain). A pris part à la eu erre dp 1.870 comme lieutenant au 40' de marche (campagne de Paris).,,diplome_superieur,"agriculteur à Esnon (Yonne) de 1875 à 1892; professeur d'agriculture à Beaune (Côted'Or) de 1892 à 1895; attaché au Ministère de l'Agriculture et mis à la disposition du Gouvernement tunisien le 22 juin 1S95. Prés, de la Société d'Agriculture de Brienon (Yonne), 1875-92; fond, du Syndicat Agricole de l'arrondissement de Joigny.",5,"((La culture de l'olivier en Tunisie»; «Les cépages tunisiens»; «La fabrication des raisins secs»; «L'ensilage en Tunisie»; «Les labours de printemps». Collaborateur au «Journal d'agriculture pratique» depuis 1875. Lauréat cie la prime d'honneur de Joigny en 1.8S5. 43 récompenses et médailles clans les concours régionaux, 11 premiers prix, médailles d'or. Membre du jury dans les concours et expositions agricoles.",1,0,0,1201,291,0.8878
L1912-01800,MINCK,Olto-Henrik,0,,18 mars 1871,1871,Stockholm,Suède,"Propriétaire de scieries et de forêts en Suède; consul de S. M. le Roi de Suède en Tunisie, ",diplomacy,diplomacy,"17, av. de France, M'unis",,,,1,legion_honneur,1,0,Stockholm. Ancien délégué commercial clu Gouvernement suédois.,,,,0,,0,0,0,291,291,0.8894
L1912-01802,MINICONI,Jérôme-Henry,0,,27 août 1861,1861,Ajaccio,Corse,Huissier et syndic à Sousse. Janv. ,justice_law,justice_law,,Sousse,1888,1888,2,palmes_academiques;nichan_iftikhar,0,1,"collège d'Ajaccio ; bachelier es sciences. Sousofficier de réserve. Prés, de lu. société «La Corse»; v.-prés. de la société «Les droits de l'homme»; v.-prés. de la Société des courses. A été membre du Jury clu Concours de Sousse, 19:10.",collège d'Ajaccio,baccalaureat,,0,,0,0,0,389,292,0.8733
L1912-01806,MIRANDE,,0,,5 déc. 1861,1861,Giielma,,"Ancien secrétaire de l'administration de «la Dépêche Tunisienne»,S'¬ il enri, près de Tunis. Janvier 18 8 4.",,,,Tunis,,,2,merite_agricole;nichan_iftikhar,0,1,admis après concours à l'école forestière des Barres (Loiret) en 1.891. Officier d'administration de 2' cl. (armée territoriale).,,,". géom être attaché aux Travaux pubb'cs,1884-85; ffons d'agent sédentaire a la Direction des Forêts 1.886-91; conducteur adjoint aux Travaux publics,1892-97. Propriétaire à Tunis. Créateur clu petit centre de villégiature dit «Saint-Henri», près de Tunis, en 1896.",5,,0,0,1,645,292,0.8983
L1912-01807,MIRANDE,Jules,0,,,,,,"Receveur de l'Enregistrement, receveur-contrôleur des Contributions diverses. M'unis. 1"" août 1905. Licencié en droit.. Maréchal des logis de dragons de réserve.",military;administration,military,,,,,1,nichan_iftikhar,0,1,,,licence_droit,,0,,0,0,0,203,292,0.9685
L1912-01808,MOATTI,,0,,1865,1865,Sousse,,Négociant el industriel à Sousse.,commerce;industry_crafts,commerce,,Sousse,,,1,nichan_iftikhar,0,1,"collège italien de Tunis. Administra leur de la. Société anonyme Monasliérienne pour Vextraction de l'huile des grignons par le sulfure de carbone, société au capital de 180.Onu francs.",collège italien,,,0,,0,0,0,289,292,0.9134
L1912-01809,MOATTI,Siméon,0,,1860,1860,Sousse,,Négociant el industriel à Sousse.,commerce;industry_crafts,commerce,,Sousse,,,0,,0,0,,,,,0,,0,0,0,64,292,0.93
L1912-01810,MOCQOERIS,,0,,27 août 1.865,1865,Paris,,"Ingénieur de la Construction à la Compagnie Bône - Guolma, T u n i s. ",engineering_architecture,engineering_architecture,,,1893,1893,3,merite_agricole;nichan_iftikhar;etoile_anjouan,0,1,,,,,0,,0,0,0,479,292,0.8788
L1912-01811,MOCQUERYS,Georges,0,,1865,1865,Evreux,Eure,"Dentiste, nie EnnleLoubet, SI a x. (Tournées périodiques depuis dix. ans dans le Sud tunisien et la Tripolitaine). 18 9 2.",medicine_health,medicine_health,,,,,1,nichan_iftikhar,0,1,"lycée d'Evreux, hôpitaux de Paris, élève libre de l'Ec o 1 e dentaire. Sous-officier au 3"" zouaves.",lycée d'Evreux,,"chef de prothèse dentaire et premier opérateur clans deux grands cabinets de chirurgie de Paris. Membre du comité de plusieurs sociétés locales (Ligue: de l'Enseignement, secours mutuels, 1 Assistance mutuelle tunisienne); anc. .secr. gén. clu Cercle républicain, Sfax). Entomologiste. A créé une collection des insectes du Sud Tunisien : coléoptères et, hyménoptères. Mention honorable à l'Exposition de Marseille (groupe enlom.ologique) ; médaille d'or à l'Exposition d'hygiène de Tunis (1.91.1). Exploration de la Tripolilaine, de Tripoli à Ben-Gardnne. Campagne du Tonkin, 1884-86. Administrateur ""du journal «le Sfax Républicain».",11,,0,0,2,975,292,0.8992
L1912-01812,MODIGLIANI,,0,,1.877,1877,,,"Agent maritime el négociant en céréales, Tunis.",commerce;transport_maritime,commerce,,Tunis,,,1,nichan_iftikhar,0,1,"lycée italien de Tunis. Directeur de la. Maison A. Modigliani, fondée en 1868 par feu A. Modigliani. C'est une des premières maisons qui, à 'Tunis, donnèrent un vigoureux essor au commerce des huiles.' céréales et laines entre la Régence et la. France; depuis une dizaine d'années, elle a. adjoint à son commerce une. branche maritime très importante pour les affrètements en ce qui concerne les grains, minerais, phosphates, etc.",lycée italien,,,0,,0,0,0,558,293,0.9636
L1912-01814,MOHAMED-BEY,,0,Bey,,,,,"(ben Hussein ben Mahmoud), Bey de Tunis, de la. dynastie husseïnile, régna, de 1855 à 1850 .11 donna en 1,857 une constitution à la Tunisie : le Pacte fondamental (v. ce mot). II fit restaurer les aqueducs romains de Carthage el. amena, ainsi l'eau de Zaghouan à Tunis.",,,,Tunis,,,0,,0,0,,,,,0,,0,0,0,281,293,0.9103
L1912-01815,MOHAMED EL HADI-BEY,,1,Bey,,,,,"Bey de Tunis, de la dvnnslie husseïnile, régna de .1902 à 1.906;' il était le second fils'd'AliRey. C'était un prince de hauie culture intellectuelle et de belle prestance. 11 n va il. une intelligence déliée.un caractère énergique el, était, un éruclit. 11 reçut à. J'unis le président Loubel en 190",,,,Tunis,,,4,legion_honneur;nichan_iftikhar;palmes_academiques;merite_agricole,1,1,,,,,0,,0,0,0,666,293,0.9374
L1912-01820,MOLCO,Emile,0,,,,,,"d'Italie, rue de l'Eglise, n"" 4, Tunis. ",,,,Tunis,1887,1887,1,couronne_italie,0,0,"lycée Dante, Florence (Italie), Faculté de Bologne et Institut des Hautes Etudes sociales à. Florence. Licenza liceale (diplôme des études secondaires).",lycée Dante;Institut des,diplome_superieur,"Interne à la clinique obstétricale et gynécologique de Florence; chirurgien titulaire à l'hôpital italien; directeur de l'hôpital italien; anc. prés, de la Société des sciences médicales de Tunis; médecin de la. ferme-école de Djedeïda; secrétaire de l'Alliance Israélite de M'unis.",7,"«Recherches sur la circulation sanguine des muscles dans la série animale»."" Plusieurs ouvrages et communications do chirurgie générale, d'obstétrique el do. gynécologie.",1,0,0,753,293,0.9525
L1912-01821,MOLINARI,César,0,,1852,1852,,,"Receveur des Contributions diverses, M'unis. ",administration,administration,,,1895,1895,1,nichan_iftikhar,0,1,,,,,0,,0,0,0,196,293,0.8562
L1912-01822,MOLINARI,Philippe-Antoine,0,,5 avril 1S59,1859,Sarlône,Corse,"Chef de bureau à-la Recette municipale, M'unis, rue clu Maroc, 12. 16 janv.. ",administration,administration,,,1898,1898,1,nichan_iftikhar,0,1,,,,,0,,0,0,0,325,293,0.8914
L1912-01823,MOLINIER,Joseph,0,,5 oct. 1.873,1873,Ta,,"yrac, par La. Salvetat-Peyraies (Aveyron), off. clu Nichan-Iftikhar. Curé à, Porto-Farina. depuis 1.906.",religion,religion,,,,,1,nichan_iftikhar,0,1,"grands séminaires de Rodez el de Cartilage. SUCCESS 1 : curé de Grombalia. d'avril 1900 a nov. 1904 et aumônier militaire au CampServiôre jusqu'en sept. 1.903; aumônier de Seillonville. près de Nabeul, de nov. 1904 à déc. 1906. Fut décoré du NichanIftikhar sur la demande de l'Autorité militaire.",,,,0,,0,0,0,455,293,0.905
L1912-01825,MONCHICOURT,Charles-Félix,0,,17 déc. 1873,1873,Paris,,Contrôleur civil suppléant ffons de contrôleur civil et de vice-consul de France à Kairouan. Nov. ,administration;diplomacy,administration,,Kairouan,1898,1898,3,palmes_academiques;merite_agricole;nichan_iftikhar,0,1,"lycée Louis-Ie-Grand, Ecole de droit; licencié es lettres, licencié en droit; Diplôme supérieur d'histoire et de géographie en Sorbonne.",lycée Louis-Ie-Grand;Ecole de droit,licence_droit;diplome_superieur,"contrôleur civil stagiaire à Mactar, à Tunis, attaché au bureau du Contrôle à în. Résidence Générale, contrôleur suppléant à la Résidence Générale, souschef du même bureau.",2,"Diverses publications relatives à la géographie et à l'histoire de la Tunisie et de l'Afrique du Nord. A pris part, en avril 1.906, à l'affaire de Kasserine-Tala.",1,0,0,754,294,0.9492
L1912-01828,MONTEFIORE,Lucien,0,,14 juin 1881,1881,Tunis,,"Médecin-chirurgien, ",medicine_health,medicine_health,"5, rue Amil( car",Tunis,,,1,nichan_iftikhar,0,1,écoles italiennes > de Tunis. Faculté de médecine de Bologna (Italie).,Faculté de médecine de Bologna (Italie),,"interne des hô- pitaux de Bologna; méd.-chir. adjoint de l'hôpital italien. Vice.-prés, du Cercle s sportif «Jean-Louis»; -membre de la Société de Bienfaisance italienne, de la 1 «Anlichi Allievi».",4,,0,0,0,409,294,0.895
L1912-01830,MONTIGNANT,,0,,9 août 1866,1866,Paris,,"militaire dû Cambodge, chev. de l'Ordre impérial du Dragon de l'Annam, chev. de l'Ordre royal cl'u Cambodge. Kim-T'iez-Kam-Tho de S. M. le Roi d'Annam, Kim-Khanh de 3' cl. de S. M. le Roi d'Annam. Retraité. Agent représentant de la Cie des Minerais de Liège, ",,,"56, av. de Carthage, M'unis",Carthage,5 oct. 1906,1906,2,medaille_coloniale;medaille_militaire,0,0,"école municipale Lavoisier, rue Denfert-Rochereau, Paris.",,,"engagé volontaire le 3 oct. ISSi, retraité le 4 janv. 1907 comme inspecteur de 3' cl. de la garde indigène de l'Indo-Cbinc; a. servi aux : 30"" d'inf. de ligne, 4' d'inf. de Marine, 1"" tirailleurs tonkinois, 9° d'inf. de marine et à la garde indigène de l'Indo-Chine. Campagnes: Tonkin, du 20 fév. 1887 au 16 juin 1.889; Annam, Tonkin, Haut-Laos, du 2 sept. 1890 nu 6 mars 1906; campagne contre le Sinm 1893-94. TIUVAUX : chargé clu Bureau topographique de la région supérieure de l'Annam, 95-96; travaux de triangulation de la région comprise entre Hué et Tourane, 1.S96; travaux d'études d'un tracé de chemin de fer de la côte d'Annam (province de Na-Tinh) à la chaîne annninilo-lnolienne, 1897; mission de délimitation do la frontière nnnnmilo-laolienne entre Savannakhat, Quang-'Vri et Kuong-Bing, 1.899.",17,,0,0,0,1292,295,0.9071
L1912-01831,MONT-LOUIS,Paul-Louis-Mars,0,,,,,,"(Paul-Louis-Mars), 16 juin 187:1. ,Clerinonl-Ferrancl .Agriculteur et 'publicisle. Juill. ",agriculture,agriculture,,,1894,1894,0,,0,0,"lycée BiaisePascal à Clermont-Ferrand, lycée Janson-de-Sailly à Paris; bachelier es lettres, troisième accessit d'histoire au concours général des lycées de Paris. A débuté en Tunisie comme fonctionnaire (commis dos Douanes en 1894, démissionna en 1897). Secrétaire de l'Amicale de la Presse tunisienne du Centre et du Sud. A collaboré à presque tous les journaux indépendants et républicains depuis 1897 : «Progrès du Centre», «Le Promeneur», «Le Petit Colon». Articles et conférences sur les réformes à apporter à l'impôt du canoun et sur les décrets relatifs à cet impôt el tombés en désuétude. Correspondant du «Républicain». A obtenu, à. la suite de ses campagnes, une certaine amélioration dans la. perception de l'impôt, dont les oliviéristes ont profilé. A lutté pour obtenir un décret réglementant le pacage dans les olivettes du Sahel; l'a obtenu à la satisfaction de tous les agriculteurs. S'est occupé également de la sécurité dans le Sahel. Mont de piété. En 'Tunisie, c'est la Banque franco-tunisienne qui est propriétaire clu monopole des monts de piété de Tunisie, placés sous le contrôle du Gouvernement de la Régence. Celle Banque a des succursales à Sousse,Mahdia,Sfax, Gabès, Béja, Bizerte et Le Kef. Cet établissement prête sur tous les objets mobiliers, n l'exclusion de ceux qui ne sont pas admis par le Mont de Piété de Paris. Le directeur des Monts de Piété est M. Daninos.",lycée BiaisePascal;lycée Janson-de-Sailly,baccalaureat,,0,,0,0,0,1513,295,0.9589
L1912-01833,MORALY,,0,,oct. 1879,1879,Tunis,,Journaliste arabe.,press_letters_arts,press_letters_arts,,Tunis,,,0,,0,0,"Ecole normale et collège Sadiki: brevet d'arabe. Juge suppléant à Gabès en 1901, greffier à Gafsa en 1905 et ffons de juge suppléant. Directeur el rédacteur en chef de «Al Mounir» depuis mai 1.907. Membre actif de l'Association des anciens élèves du collège Sadiki.",Ecole normale;collège Sadiki,,,0,,0,0,0,353,295,0.9443
L1912-01834,MOREL,,0,,6 fév. 1868,1868,Certilleux,Vosges,Instituteur-receveur des postes et des télégraphes à Mactar. ,education_science;administration,education_science,,,28 juillet 1886,1886,0,,0,0,,,,,0,,0,0,0,131,295,0.8745
L1912-01835,MORELLI,Alphonse,0,,17 sept. 1.877,1877,Propriano,Corse,"Médaille de la. Mutualité. Négociant à Ferryville. Juin 1902. Ancien caissier au Magasin Général de Tunis et, ancien Président de la Mutualité commerciale; membre de la Mutuelle Tunisienne et de la Mutuelle de France et des Colonies.",military;commerce,military,,Ferryville,,,0,,0,0,,,,,0,«Rapport de la délégation des employés de commerce concernant la loi au repos hebdomadaire».,1,0,1,390,295,0.9286
L1912-01836,MORELLI,Joseph,0,,30 mars 1863,1863,,,Buraliste et conseiller municipal à La Goulette. ,politics_native_admin,politics_native_admin,,La Goulette,28 fév. 1886,1886,1,nichan_iftikhar,0,1,,,,,0,,0,0,0,156,295,0.8587
L1912-01837,MORENO,Raffaelo,0,,25 déc. 1844,1844,Tunis,,"Banquier el négociant, ",commerce;finance_banking,commerce,"12, rue d'Angleterre, Tunis",Tunis,,,1,couronne_italie,0,0,"Ecole privée et collège de l'abbé François Bourgade. Juge au tribunal consulaire italien jusqu'à la suppression des juridictions; anc. président de la Chambre de commerce italienne; député scolaire nommé par le Gouvernement italien pour les écoles de Tunis; membre du Conseil supérieur de l'hôpital israélite; administrateur de la Banque commerciale tunisienne et de la Société tunisienne des Pétroles, conseiller d'escompte à la Banque de l'Algérie, conseiller municipal de Tunis.",collège de l'abbé,,,0,,0,0,0,612,296,0.9768
L1912-01838,MORENO,Ugo,0,,7 sept. 1875,1875,,,Avocat au barreau de Tunis.,justice_law,justice_law,,Tunis,,,2,nichan_iftikhar;couronne_italie,0,1,"lycée italien de Tunis, Faculté de droit de Rome. Docteur en droit. Prés, de la Société de patronage des émigranls italiens en Tunisie (Patronato degfl emigranti in Tunisia); v.-prés. clu Comité local de la «Dante Alighieri», société pour la diffusion de la langue italienne; membre du Conseil d'administration de la Société de Bienfaisance italienne de M'unis; avocat conseil de la Société de l'hôpital colonial italien ; membre du Conseil d'administration de l'hôpital israélite.",lycée italien;Faculté de droit de Rome,doctorat_droit,,0,,0,0,0,602,296,0.9632
L1912-01839,MORIN,Maurice,0,,10 déc. 1856,1856,Chambôry,Savoie,"Commis des Douanes, rue Jules-Ferry, 4, Sousse. ",administration,administration,,Sousse,28 sept. 1881,1881,4,legion_honneur;medaille_militaire;medaille_coloniale;nichan_iftikhar,1,1,,,,,0,,0,0,0,420,296,0.8841
L1912-01840,MORIN,René-Alfred,0,,18 mai 1863,1863,Romorantin,Loir-et-Cher,"Ingénieur et ancien colon dans la réaion de Béia. 1"" déc. 190 4.",engineering_architecture;agriculture,engineering_architecture,,,,,0,,0,0,"lycée d'Orléans, lycée S'-Louis cie Paris, Ecole centrale des Arts et Manufactures; bachelier es sciences ; ingénieur des Arts et Manu facture s.",lycée d'Orléans;lycée S'-Louis;Ecole centrale,baccalaureat,"conducteur des travaux à la fondation des murs et cmais du Dort de Dunkerque par voir- comprimé (entreprise Hersent); ingénieur expert du Bureau Veritas; conseiller clu commerce extérieur de la France; chef de section, aux travaux de la Compagnie de la Crau et des Marais de Fos ; dessinateur, puis sous-ingénieur des bords à la Cie Frais;inet, à Marseille; directeur des ateliers \w\veng, à Tarbes; chargé du service de •enforcement des ponts métalliques clu ces'eau des chemins de fer andalous à Vlalaga (Espagne) ; ingénieur - directeur des transports maritimes Est-M'unisien el colon, propriétaire du domaine de Ruiguiball, près de Béja ('Tunisie).",9,,0,0,1,944,296,0.9066
L1912-01841,MORIZOT,Albert-Henri,0,,12 mars 1SGS,1868,Châteaurenard,B.-du-Rh.,"Asriculteur et avocat. Djerba. 1"" fév. ",justice_law,justice_law,,Djerba,1898,1898,1,nichan_iftikhar,0,1,"lycée d'Avignon, Faculté de droit d'Aix; bachelier es lettres ; licencié en droit. Receveur de l'Enregistrement en France (18931.89S), en-disponibilité, sur sa demande, depuis 1901; receveur de l'Enregistrement et des Contributions diverses en Tunisie (1898-1901). Anc. prés, du Cercle civil et du Comité de l'Avenir du Prolétariat à. Djerba.",lycée d'Avignon;Faculté de droit d'Aix,licence_droit;baccalaureat,,0,"«Développement des libertés publiques dans TExlrême-Sud». Etudes et articles sur les questions agricoles, économiques et sociales de l'Extrême-Sud, publiés dans divers journaux. Correspondant de «l'Action Française» pour VExtrême-Sud. Membre de la Conférence Consultative (S' cire, 1"" coll.). Propriétaire-agriculteur à Zarzis.",1,0,0,823,296,0.906
L1912-01842,MORNAG,HAUT-,0,,,,,,"(HAUT-) CRËTËVILLE. C. o. de Tunis, caïdat de la. banlieue. &&■ (S) sur la ligne B.-G. de M'unis (21 kil.) à La Laverie (7 kil.). (V. Créléville.) La région clu Morna.g comprend la. vaste plaine qui s'étend nu sud de Tunis. C'est, là qu'ont, élê créés les principaux vignobles de la Tunisie. Celle be",,,,Tunis,,,0,,0,0,,,,,0,,0,0,0,563,296,0.9561
L1912-01844,MORPURGO,Léonidas,0,,2 déc. 1863,1863,Livourne,Italie,"d'Italie, officier du NichanIftikhar. Médecin-chirurgien, ",medicine_health,medicine_health,"14, rue Al-Djazira",,,,2,couronne_italie;croix_rouge,0,0,,lycée à;Ecole supérieure de médecine do Florence,,,0,"Publications dans les journaux de médecine, surtout sur la fièvre méditerranéenne el sur une épidémie de typhus dans Vannée 1.901, etc. Député scolaire (mandat électif donné par le suffrage des pères de famille envoyant des enfants aux écoles joints aux membres des sociétés italiennes). Diplôme à l'Exposition de Milan 1.906. La ' Croix-Rouge italienne, réglée comme la Croix-Rouge française par la Convention internationale do Genève de 1863, n pour but le secours des malades et blessés en guerre; en Italie, elle s'occupe en temps de' pnix de In lutte contre la lièvre paludéenne dans la campagne romaine; elle prête son matériel ""et son assistance on cas de tremblement de terre, inondation, etc.",1,0,1,1494,296,0.9406
L1912-01846,MOSTAFA,,0,,1.833,1833,Tunis,,"Négociant, aminé du souk El-Allarinc à l'unis. s",commerce,commerce,,Tunis,,,0,,0,0,,,,,0,,0,0,0,85,297,0.6697
L1912-01847,MOTTE-DARIÉS,DE LA,0,,,,,,"(DE LA), capitaine français, gentilhomme originaire de Marseille, fût le premier consul de France, nommé par lettres patentes clu roi Henri III, le 28 mai 1577.",military;diplomacy,military,,,,,0,,0,0,,,,,0,,0,0,0,173,297,0.9598
L1912-01849,MOUCHARD,Louis-Marie-Lucien-Vicor,0,,13 déc. 1871,1871,Elbeul,S.-Inf.,"Directeur de la Cie du Gaz et des Eaux de Tunis, i, rue Es-Sadikia. M'unis. ",,,,Tunis,30 avril 1896,1896,3,palmes_academiques;merite_agricole;nichan_iftikhar,0,1,Ecole Polytechnique.,Ecole Polytechnique,,"sous-lieutenant du génie, 91-92; élève ingénieur des Postes el Télégraphes, 9294; ingénieur des Postes et Télégraphes à Marseille 94-96; ingénieur de l'Office postal tunisien, 1896-1906.",4,,0,0,0,456,297,0.8863
L1912-01851,MOULARD,Eugène,0,,3 juin 1877,1877,Cliazelles-sur-Lyon,Loire,"(Loire), off. clu NichanIftikhar. Commis-greffier au Tribunal mixte, Sousse, 18 déc. ",justice_law;administration,justice_law,,Sousse,1883,1883,0,,0,0,"écoles primaires de Tunisie. Sergent au 4' tirailleurs (réserve). SUCCESS 1: commis au Tribunal mixte à Sousse, 1900-04; à Tunis, 1904-05. et à Sousse, ffons de greffier, 1906-08.",,,,0,,0,0,0,330,297,0.8829
L1912-01854,MOURGNOT,Paul,0,,10 janvier 1873,1873,Monlaslruc,M.-Gar.,"Ingénieur chef du Service Topographique, ",engineering_architecture,engineering_architecture,"60, rue Sidi-ben-Arous, M'unis",,,,2,palmes_academiques;nichan_iftikhar,0,1,Ecole Polytechnique. Capitaine du génie (réserve).,Ecole Polytechnique,,,0,,0,0,0,246,297,0.9064
L1912-01855,MOUSSARD,Georges,0,,26 janv. 1868,1868,Bône,Algérie,Substitut du procureur de la République à Tunis. ïuill. ,justice_law;religion,justice_law,,Tunis,1903,1903,2,palmes_academiques;nichan_iftikhar,0,1,"lycée d'Oran, Ecole de droit d'Alger; licencié.en droit; trois fois lauréat aux concours de l'Ecole de droit. Caporal.",lycée d'Oran;Ecole de droit,,,0,,0,0,0,284,297,0.9396
L1912-01857,MOUTET,Louis-Victor-Maxime,0,,"1"" juillet 1867",1867,Lusignan,Vienne,"Médaille d'argent du Ministère de l'Intérieur, off. du NichanIftikhar. Médecin-major de 1"" cl. au 4"" tirailleurs, La Goulette. ' (Actuellement au Maroc.) 20 mai 1902.",medicine_health,medicine_health,,La Goulette,,,2,legion_honneur;palmes_academiques,1,0,"lycées de Douai et de Poitiers, Ecole de Médecine de Poitiers, Fa.culté de Mérlnr-ino r\n PnT^ic Ecole d'application du Service de Santé du Val-de-Grâce; lauréat de l'Académie de Médecine.",Ecole de Médecine,,"médecin traitant à. l'hôpital clu Belvédère, médecin chef de l'hôpital de Gafsa, médecin chef de l'hôpital de Gabès. A rempli de 1906 à 1907 les fonctions de médecin municipal de Gabès et depuis celui de médecin de l'Office postal et de l'Union des travailleurs français de La Goulette.",3,"vaccinations pratiquées en Algérie, au -'Tonkin (haute région où jamais médecin vaccinateur n'avait pénétré), dans le contrôle de Gabès. Campagnes : SudAlgérien, de 1.893 à 1.896; Tonkin. de 1.899 à. 1901; Tunisie, à partir de 1902, et Maroc, 1.911.",1,0,0,1025,298,0.8933
L1912-01862,MUCCHIELI,Félix-Antoine,0,,2 janv. 1865,1865,Ghisoni,Corse,"Inspecteur au Bône-Guelnia, ",administration,administration,"24, rue EsSadikia, M'unis",,31 déc. 1882,1882,1,nichan_iftikhar,0,1,école primaire supérieure de Ghisoni.,,,"facteur, facteur-chef, souschef de gare, chef de gare principal, inspecteur. Prés, de la Fraternelle des chemins de fer français (section de Tunis); memb. clu Conseil supérieur d'administration de «l'Assistance Mutuelle Tunisienne» depuis sa fondation; memb. du bureau de la société «La Corse».",4,,0,0,0,538,299,0.9377
L1912-01865,MULGEY,Benoît,0,,"1"" sept. 1875",1875,Chissy-lès-Mâcon,S.-et-Loire,"Commis aux Monopoles, Tunis. Oct. ",administration,administration,,Tunis,1894,1894,0,,0,0,,,,,0,,0,0,0,655,299,0.9563
L1912-01868,MURACCIOLE,Valentin,0,,4 avril 1865,1865,M'ox,,Commissaire de police à Monastir. ,administration,administration,,Monastir,20 janv. 1893,1893,1,nichan_iftikhar,0,1,,,,,0,,0,0,0,248,299,0.894
L1912-01869,MURACCIOLI,Paul,0,,18 janv. 1879,1879,Oscana,Corse,Entreposeur des Monopoles à Tabarca. ,,,,,12 oct. 1892,1892,1,nichan_iftikhar,0,1,école d'Ocana.,,,"brigadier du génie monté de 1892 à 1895 en Tunisie; surveillant principal dos Monopoles. Membre du «Prolétariat», de V«Assistance Mutuelle Tunisienne», de la «Ligue de l'Enseignement».",3,,0,0,0,345,299,0.9062
L1912-01870,MUSCAT fils,C,0,,mai 1866,1866,Tunis,,Entrepreneur de charpente et menuiserie. La maison Jean Muscat a été fondée en 1.S60 : menuiserie et quincaillerie.,industry_crafts,industry_crafts,,Tunis,,,0,,0,0,lycée de Marseille.,lycée de Marseille,,,0,"menuiserie et meubles du Palais de Justice, charpente, menuiserie et mobiliers pour plusieurs casernements à Bizerte, Ferryville, hôpital de Sidi-Abdallah; mobilier pour la Marine nationale, l'Ecole professionnelle, Institut Pasteur, l'Ecole coloniale d'agriculture.",1,0,0,454,299,0.9493
L1912-01872,MUSSALI,,0,,1857,1857,,,"coloniale, off. du NichanIftikhar. Inspecteur des oudjaks.",administration,administration,,,,,2,legion_honneur;medaille_coloniale,1,0,"lycées Henri IV et Cliarlemagne ; bachelier es lettres. Capitaine commandant au 4' chasseurs d'Afrique, en retraite. Camnn.irnp.s de VAures, J.svy, et ae Tunisie, ISBI.",,baccalaureat,,0,,0,0,0,320,300,0.8519
L1912-01875,MUSY,Jean-Elisée,0,,18 août 1.854,1854,Cbn,,lles (Ain). Instituteur-receveur au Goubellal. Avril 1897.,education_science;administration,education_science,,,,,0,,0,0,Ecole normale de Bourg (Ain); brevet complet.,Ecole normale,,"instituteur en France pendant douze ans, puis en congé; instituteur-receveur en M'unisie depuis sept ans. Secr. de la Société d'élevage de la. vallée de la. Medjerda; observateur météorologique; conseiller municipal en France pendant huit ans.",6,,0,0,1,407,300,0.95
L1912-01878,NABETH,Sauveur,0,,23 août 1.87.1,1871,Guelma,Algérie,"Syndic de' faillites à Sousse, rue Général-Bertrand. ",military,military,,Sousse,5 nov. 1900,1900,0,,0,0,collège de Pliilippeville. Brigadier d'artillerie de forteresse de réserve.,collège de Pliilippeville,,"greffier-notaire, interprète pour la langue arabe près le Tribunal civil de Guelma. el le Tribunal mixle de Sousse. Anc. prés, de la «Patriote», société française d'escrime, de gymnastique el de tir.",3,,0,0,0,413,301,0.9275
L1912-01880,NADAL,Paul-Georges,0,,30 oct. 1S67,1867,Paris,,"Co-propriélaire de Salines, ",military;commerce;industry_crafts,military,"3, rue du Pirée, M'unis",Tunis,1888,1888,1,nichan_iftikhar,0,1,,,,,0,,0,0,0,690,301,0.9199
L1912-01882,NAIAC,Gustave-Pierre-Antoine,0,,26 juin 1.876,1876,Albi,Tarn,"Instituteur-receveur, Menzel-'Teinino. ",education_science;administration,education_science,,,4 janv. 1897,1897,1,nichan_iftikhar,0,1,"Ecole normale d'instituteurs d'Albi; brevet supérieur. SUCCÈS' : instituteur adjoint à Moknine, instituteur ù 'Tozeur, Soliman, Munchar, Pont-du-Fahs; membre de la commission de voirie de Tozeur de 1898 à 1901. Môduiiles d'argent et de bronze à l'Exposition coloniale de Marseille 1906; Médaille de bronze au Concours général agricole de,M'unis 1.907.",Ecole normale,brevet_superieur,,0,,0,0,0,501,301,0.8346
L1912-01885,NATAF,Elie,0,,4 fév. 1888,1888,Tunis,,"Avocat, ",justice_law,justice_law,"8, rue d'Alger, M'unis",Tunis,,,0,,0,0,"lycéo Carnot, Faculté de droit""d'Aix; bachelier de l'enseignement secondaire; licencié en droit.","Faculté de droit""d'Aix",licence_droit;baccalaureat,,0,,0,0,0,173,301,0.8972
L1912-01892,NÈGRE,CAP-,0,,,,,,"Boucher à M'unis. 13 juillet 1900. ""NEBEUR. C. c. et caïdat de Kef, mine de fer. Conc. du 11 janv. 1906. Altitude 5S0 mètres. 1.130 hab. Société des mines de fer de Nebeur, représentée par M. Donegani,",mining,mining,"12,rue de Hollande, à Tunis",Béja,,,1,nichan_iftikhar,0,1,,,,,0,,0,0,0,570,302,0.9088
L1912-01893,NEGRONI,Vital,0,,"1"" oct. 1862",1862,Calacuccia,Corse,Entreposeur des Monopoles à Kairouan. Mars 1888.,,,,Kairouan,,,1,nichan_iftikhar,0,1,"Collège Paoli, à Corté. NEBEUR (village). C. c. et caïdat du Kef, petit centre situé sur la route du Kef à Souk-el-Arba, à 21 k. du Kef. D.A. Altitude 580 mètres. Climat tempéré. Sources nombreuses dans les environs; culture de l'olivier, plantes maraîchères, vignes et céréales. Marchés au Kef, Souk-el-Arba et Sidi-Meskine. Relais de la voiture de Souk-el-Arba au Kef.",Collège Paoli,,,0,,0,0,0,505,302,0.9544
L1912-01896,NESTLER,Charles-Herniann,0,,1852,1852,Bonn,Allemagne,"(Allemagne), off. d'Acadô- < mie, chev. du Mér. agr. Née. en mater. ; de construction, fers, fonte, quincaillerie, machines industrielles et agriool.; application générale de l'électricité; Sousse. 188 2. Prés, du Cercle soussien de la Ligue de l'Enseignement laïque.",military;industry_crafts,military,,Sousse,,,0,,0,0,,,,"membre de la Chambre de Commerce du Sud (1892); secr. de la Chambre du Sud el membre • le In Conférence Consultative (1894), membre de la Chambre mixte du Centre (1.900), secr. de la Chambre mixle el membre de la Conférence Consultative (1.902).",4,"élévation eL distribution d'eau au camp militaire de Sousse; élévation de l'eau de mer, canalisation et réservoirs de chasse des égoûls de Monastir; élévation des eaux de nier el el, réservoirs de chasse des égouls de Sousse; conduite d'eau de Sidi-Jabeur à Mahdia. (1.5 le). Médaille d'argent et diplôme à la foire de Kairouan; médaille el diplôme de la Ligue de l'Enseignement.",1,0,0,963,303,0.9303
L1912-01899,NICHAN-EL-AHIÏD-EL-AMAN,,1,,,,,,"n-el-Ahed-el-Aman en deux ordres distincts; elle mentionne en effet le Niclian-el-Aanian, qu'elle appelle «ôrdro de la foi», et. qui d'après elle mirait été institué on 1859 par Mohamed os Sadok. « Il no comprenait qu'une classe de grand'croix, écrit-elle. Les princes et les ministres de l'Etal avai",military;administration,military,,,,,3,nichan_iftikhar;nichan_ed_dem;nichan_el_abed,0,1,,,,,0,,0,0,0,3499,303,0.9538
L1912-01900,NICOLAS,Alfred,0,,1807,1807,Tunis,,"publique, chev. du Mérite agi-., off. clu Nich.-lflikhar. Prof, d'arabe au lycée Carnot, Tunis.",,,,Tunis,,,2,palmes_academiques;nichan_iftikhar,0,1,"collège Saint-Louis de Carthage dès sa création.et collège Saint-Charles n. M'unis, 1SS0-84; diplôme supérieur d'arabe; brevet supérieur de français; certificat d'aptitude pédagogique. Médaille d'argent à l'Exposition universelle 1900, étant directeur des écoles de garçons de Bizerte.",collège Saint-Louis;collège Saint-Charles;lycée Carnot,brevet_superieur;diplome_superieur;certificat,"directeur d'école à Djerba, à Kairouan, à. M'unis ol à Bizerte; secrétaire de l'Alliance Française à. Bizerte; bibliothécaire-archiviste de lu. Soc. de Géographie commerciale de Paris, seclion tunisienne; conseiller municipal à Djerba, 1893-94; délégué au Congrès de l'Enseignement à Paris, 1900. Auteur clu Dictionnaire FrançaisArabe (idiome tunisien), édité chez M. Weber, rue de Conslanlino, à. M'unis.",9,,0,0,0,868,304,0.9274
L1912-01901,NICOLAS,Armand,0,,1863,1863,Lussae,Charente,"représentant, de commerce, ",,,"23, rue d'Italie, à M'unis",,,,2,medaille_militaire;nichan_iftikhar,0,1,,,,,0,,0,0,0,143,304,0.918
L1912-01902,NICOLAS,Louis-Emile-Lazare,0,,15 avril 1849,1849,Paris,,Mai 1888 (Algérie : mai 1862).,,,,,,,1,palmes_academiques,0,0,"pensionnat de Saint-Nicolas, rue de Vaugirard, Paris, jusqu'à 12 ans.",,,"compositeur-typographe, metteur en pages, correcteur, prole,maîlre imprimeur. A créé pour autrui plusieurs imprimeries en Algérie. A instauré l'Imprimerie Rapide à Tunis; directeur de 1SS8 à 1903; a constamment tenu le triple record des soldats français dans son personnel (27 vers la lin du siècle écoulé, d'après une. circulaire nominative adressée aux chefs d'unités militaires), celui des pères de famille (plus de 60 enfants, d'après une autre circulaire nominative), enfin celui de l'élévation des salaires, doublant pour le moins celui moyen de la place et gratifiant seul les heures supplémentaires (0 fr. 25). Reçut une commandite de 1.0.000 fr. en 1888 et rendit, en collaboration avec M. Lecore-Carpenlier, 250.000 fr. en 1901. Fit partie de la Commission de réception de Jules Favre à Constantine (procès des Bureaux arabes) sous lé régime déchu. Engagé volontaire le 8 septembre 1870 au 3"" zouaves, a fait la campagne de l'Est, sous Bourbaki, avec le 3' régiment de marche, devenu le 4* régulier, à, Tunis; a enterré les morts à Villersexel; a soigné les varioleux au pied- du fort de Joux (ou du Larmont?), où ont été tirés les derniers coups de fusil et de canon de la campagne; a exhumé, au même endroit, les chefs allemands enterrés dans la neige et réclamés par leur patrie. Caporal de vétérans. Secrétaire, trésorier, vice - président, président, fondateur, créateur, protagoniste toujours, d'oeuvres émaneipatrices : unions de travailleurs, ligues d'enseignement, sociétés d'habitations, éludes sociales, syndicats de défense ou de résistance; simple membre toujours dans - les sociétés mutuelles d'assistance. — Délégué du département de Constantine au Congrès National Ouvrier de Lyon, 1878 : onze discours et une étude coloniale où sont exprimés des sentiments analogues à. ceux de Victor Hugo au Banquet de l'Abolition de l'Esclavage présidé par Schoelcher, un an ou deux après; trois fois vice-président; trois fois secrétaire; proclamé «Christ Algérien». Auteur de : FRAGMENTS D'OÏUVRE ÉLUOU nu ES PAR UN RÊVEUR SOCIALISTE; épigraphe : « Aperire lorrain yenlilms. Créer, par une méthode économique d'une application certaine, l'aisance universelle, et, simultanément, ouvrir, dans le sens le plus large du mot, l'école à tous, afin que les hommes y acquièrent le savoir el, par le savoir, un surcroît de bien-être, lesquels, par leur heureuse conjonction, rapprocheront les coeurs et les classes clans la même patrie, puis les nations et les âmes sur la surface entière du globe, en substituant au soldat le pionnier,- en fondant graduellement le règne de la paix parmi les hommes par la solidarité des intérêts et la fraternité dans la justice.» De : DE L'EAU DANS LE PAYS DE LA SOIF ; épigraphe : « La Tunisie, ancienne Ifrikia, est un coin béni du globe ; Vimpéri'tie humaine, seule, est responsable du mal dont parfois elle souffre.» De : SUPPRESSION TOTALE, PROGRESSIVE MAIS RAPIDE, DE L'IMPÔT DE CÀPtTATION DIT ""MEDJBA, PAR LES ABRIS- A BESTIAUX, SANS BOURSE DÉLIER ; même épigraphe que ci-dessus. De : HYGIÈNE ET COLONISATION PAR LA RETENUE DES EAUX, LES ABRIS A BESTIAUX, LES TRAVAUX RUSTIQUES ET L'ÉDUCATION DES FELLAHS; épigraphe : ((Le huitième fléau de l'Afrique a sa source dans l'esprit d'Ecole dégénéré: ne faire que des.travaux d'un prix élevé; telle est..la doctrine. Un ingénieur qui.voudrait s'en affranchir serait- circonvenu.. Et pourtant ! du provisoire -prévu pour dix, vingt, cinquante ans de :durée. permettrait de quintupler les travaux et d'exécuter ceux définitifs avec les richesses acquises pendant la durée du provisoire. Or, avec «un» on gage «vingt» » (Médaille d'argent à l'Exposition d'Hygiène de Tunis 1911.) De : ESSAI D'UNE FIGURATION RATIONNELLE DES LETTRES ET SIGNES DE LA LANGUE ARABE REPRODUITS EN CARACTÈRES LATINS, en collaboration avec Isaac Lévy, extrait de la «Revue Tunisienne». Nombre de pamphlets (René de Sescendres et autres pseudonymes, mais le plus souvent le nom patronymique lui-même). A mis en pages ou corrigé les épreuves de cent journaux : a collaboré à deux cents. Rédacteur en second de quotidien à l'occasion. Plus de cinquante fois inventeur, mille fois novateur : attend d'être mort pour «voir» la plupart de ses idées mises en application. Le flotteur se déclanchant de l'intérieur des sous-marins en cas de sinistre, qui est à la fois point de repérage et tube d'aératior. et d'approvisionnement, a été par lui offert à l'humanité dans les quarante-huit heures quj ont suivi le désastre du «Farfadet». Le téléphone portatif dont se sert le BôneGuelma est également une offre de lui (faite simultanément à quatre autres autorités). — Une bouche d'égout absolument inodore, d'un coût insignifiant, de manipulation archi-simple et rapide, fonctionnant avec quelques litres d'eau, indispensable dans les villes qui en sont faiblement alimentées; un lit radicalement antivermine, démontable, portatif en pelits paquets, un racloir-balayeur pour rails de tramway, évitant de laisser les deux tiers des détritus sur la. chaussée, ont reçu chacun une médaille d'argent à l'Exposition d'Hygiène de M'unis 1911. — Possède les dessins, qu'il ne livrera qu'après signature d'un contrat bien en règle, d'esquifs unis ou multiplans (façon' de dire) qui fileront sûrement plus vite sur l'eau que les locomotives sur je rail. Rimaille parfois : Serait intelligent... s'il n'était par trop bête ; Volontaire français (non pas prétorien), Défendit la patrie anxjours de la défaite ; 'Servit les travailleurs ; fut Christ algérien ; . Cerveau fêlé, songeur, coeur aimant; âme en quête . D'un.idéal humain ; vivant galérien; . Henrenxlorsque son crâne affronte la tempêté... ■ Vit le jour à Paris, mais peu faubourien; . - Croyait porter uri.moude , n sa chétive tête : ■ Convient finalement qu'il n'aboutit à rien... Caresse un rêve ardent : des souffrants la conquête. . ■Rcycur fit Fragments d'oeuvre; aujourd'hui.terrien. De V eau dans le pays de la soif •— malebête ! — Cent autres beauz rêves ; académicien (!)... Fraternité (mensonge !), il te fait grande fêté, A toi, Progrcs,ide même... Au total : Vaurien,",72,,0,0,0,6278,304,0.9391
L1912-01903,NICOLE,Gustave,0,,19 déc. 1866,1866,Havre,S.-Inf.,Agent d'assurances. ,finance_banking,finance_banking,"32, av. de Madrid, Tunis",Tunis,1898,1898,2,merite_agricole;nichan_iftikhar,0,1,,,baccalaureat,,0,,0,0,0,1025,305,0.9297
L1912-01904,NICOLLE,Charles-Jules-Henri,0,,1 sept. 1861,1861,,,"(Charles-Jules-Henri) (le D'), 2.1 sept. 1861), Rouen (S.-lnf.). Directeur de l'Institut Pasteur, à Tunis. 1"" janv. ",religion,religion,,Tunis,1903,1903,0,,0,0,,Institut Pasteur;Ecole de Médecine,,,0,,0,0,0,230,306,0.9168
L1912-01905,NICOUD,Henri,0,,25 juin 1881,1881,Paris,,"Instituteur, 9, imp. Sidi-Ali-Lasmar, Tunis. Juin 1889.",education_science,education_science,,Tunis,,,1,ouissam_alaouite,0,0,"collège Alaoui, Ecole normale de M'unis; brevet supérieur, certificat d'aptitude pédagogique, certificat d'arabe.",collège Alaoui;Ecole normale,brevet_superieur;certificat,instituteur adjoint. Est sorti de l'Ecole normale en 1900 et fut. nommé à l'école francoarabe de Sousse en 1902 ; à l'Ecole primaire supérieure de Sousse en 1903 ; à l'Ecole primaire supérieure de Bizerte en 1.904 ; instituteur à 'Tunis en 1907 ; directeur d'école à Médenine.,7,,0,0,0,503,306,0.8993
L1912-01906,NIEWENGLOWSKI,Gaston-Henri,0,,0 février 1.871,1871,Mont-de-Marsan,Landes,"publique, chev. du Mérite agricole. P r ofesseur au lycée Carnot, Le Kram. Oct.",,,,,1907,1907,3,palmes_academiques;merite_agricole;saint_stanislas,0,0,"collège Rollin, lycée Louis-le-Grand, Faculté des Sciences et Faculté de Médecine de l'Université de Paris ; bachelier es lettres ; bachelier es sciences; licencié es sciences ; docteur en médecine; admissible à 1 Ecole normale supérieure et reçu à l'Ecole Po-. Ijdechnique de Paris, et a démissionné; lauréat au Concours général (trois nominations); aide-major de territoriale.",collège Rollin;lycée Louis-le-Grand;Faculté des Sciences et Faculté de Médecine de l'Université;Ecole normale;lycée Carnot,doctorat_medecine;baccalaureat,"maître de conférences au collège de Sainte-Barbe; préparateur de chimie à la Faculté des Sciences de l'Université de Paris; chargé du service médical du P. C. N. de Paris; professeur au collège ' Stanislas'; professeur à l'école Duvignau, de Lannéau; professeur d'hygiène générale à l'école dentaire française. V.-prés. de la Société d'instruction populaire supérieure; v.-prés. lion. fond, de la Société d'instruction et d'éducation populaire du canton de Sceaux; memb. du conseil de l'Association Philotechnique de Paris.",9,"A dirigé de 1892 à 1908 la revue mensuelle illustrée «La Photographie»; a. été de 1904 à 1908 rédacteur en chef de la «Revue des Sciences photographiques», rédacteur à «la Nature», à «la Vie scientifique», à «la. Revue scientifique», à «la Science an XX' siècle», à «la Gazelle médicale de Paris», à la «Fç-lografia artislica», à. «la. Revue de photographie», etc. A collaboré "" an «Nouveau Larousse illustré»; y a rédigé tous articles relatifs à la Photographie el à la Radiographie. OUVRAIIES : «Précis de Physique» (en collaboration avec D. Combets); «la Photographie el la Photochimie» (Bibliothèque scientifique internationale); «Chimie des manipulations photographiques» (encyclopédie scientifique des aide-mémoire); «'Technique el application des Bayons X.» (Des- ■ forges, édit., Paris): «le Radium» (Desforges! édit., Paris); «Traité élémentaire de photographie pratique», «Traité complémentaire de photographie pratique», «Les applications de la photographie» (Garnier, édil.); «Pour nos soldats, conseils pratiques, hygiène el morale clu service militaire» (Paris, Société d'éditions scientifiques); «La lutte contre la tuberculose», «Le champignon des.maisons», «Les 'mathématiques et la médecine» (Desl'orges, édit., Paris), etc. Communications à l'Académie des Sciences sur la lumière noire, les radiations invisibles émises par les sulfures phosphorescents, el à- la Société française de photographie. Application des tractions rythmées de la langue au traitement des insolations, cie. A été successivement agréé par le Conseil supérieur d'Hygiène do France pour occuper les fonctions de directeur des bureaux municipaux d'hygiène de Troyes, Brest, Ajaccio, Fougères.",1,0,1,2805,306,0.9244
L1912-01907,NISARD,Sion,0,,mars 1868,1868,M'unis,,M'unis.,justice_law,justice_law,,,,,0,,0,0,Ecoles d'Alger; certificat de législation algérienne el droit musulman; licencié en droit.,,licence_droit;certificat,,0,,0,0,0,152,306,0.9475
L1912-01909,NORO,Jean,0,,,,,,"publique, off. du Nichan-Iftikhar, off. du Medjidiê de Turquie. Publiciste, ",press_letters_arts,press_letters_arts,"2, rue d'Ajaccio, Tunis",Tunis,,,3,palmes_academiques;nichan_iftikhar;medjidie,0,1,"Cours de Louis-le-Grand, Ecole des Beaux Arts de Paris.",Ecole des Beaux,,"maître d'études à Paris, sténographe, courriériste dans les journaux d'art. Officier à la guerre franco-allemande et à la guerre turcomonténégrine, professeur aux écoles d'art industriel de la ville de Paris, fondateur des cours industriels à Alger, trois ans, cours de dessin à Sfax, dix ans. Livres publiés : «L'art el les artistes de l'Italie du Nord», «La bouche de la Vérité». M'ableaux : «L'entrée de Bourbaki en Suisse», «Les blessés de l'armée de Salemen-Pacha», «Une confrontation judiciaire», «Cartons des vitraux de Saint-Malo et de différentes églises», «La cueillette des olives à Sfax», appartient à la Chambre de Commerce, «Floréal», à. la Municipalité, «Rue des Forgerons et Petite danse,à Tunis».Collaborateur a «la Dépêche Sfaxienne», à «la Tunisie Française» et à «l'Avenir du Centre». A été correspondant dessinateur clans tout l'Orient, au «Genevois», au «Graphie», à «l'Emancipation», au «Monde inconnu». Décédé en 191.0.",8,,0,0,0,1241,307,0.9605
L1912-01912,NOVAK,Nicolo,0,,19 août 1853,1853,Lésina,Dalmatie,Vice-consul cVAutriche-Hongrie. Négoc' industriel à Mahdia. ,diplomacy;industry_crafts,diplomacy,,Mahdia,1871,1871,3,nichan_iftikhar;francois_joseph;palmes_academiques,0,1,Académie de Commerce et de navigation.,,,"lieutenant au long cours de la marine marchande austro-hongroise en 1873; négociant industriel depuis 1880; associé de la Maison Epinat et Novak. Un des fondateurs de la pêche aux alaches à Mahdia en 1871; introducteur à. I Mahdia de la première huilerie système français en 1884 et créateur de la saline de Zouila en 1901. Trente médailles or, argent et diplômes d'honneur. Grand prix pour ses huiles d'olives et sel marin.",8,,0,0,0,662,307,0.9242
L1912-01921,OLIVIER,Paul-Louis-Joseph,0,,1.863,1863,Rouen,S.-Inf.,"Médaille d'honneur en argent. Contrôleur civil suppléant, chef de l'annexe de Tabarca.' 1891. Capitaine de réserve.",military;administration,military,,,,,3,medaille_coloniale;merite_agricole;nichan_iftikhar,0,1,,,,"engagé volontaire en 1881 au 2"" zouaves, officier le 5 mars 1SS6, lieutenant démissionnaire du 2* zouaves en 1890, secrétaire de Contrôle civil en 1.890, - contrôleur civil suppléant à Grombalia (1895), à Tunis (1896), chef de l'annexe de Djerba (1897), contrôle du Kef 1901, contrôleur de Tala 1904, annexe de Tozeur 1906,annexe de Tabarca 1909. Campagne de 1881-1882. Officier au 2' zouaves jusqu'en 1890.",4,"«Grombalia : étude sur l'hydraulique de la région». A Tunis, découverte du drain de La Soukra. A Djerba,remise en état de la forêt d'oliviers. A Tala, réussit à arrêter le grave mouvement des populations indigènes dont le signal avait été donné par le massacre de Kasserine (1.906). A Tozeur, s'est attaché au reboisement du Djerid. A reçu une médaille d'honneur en argent pour sa conduite lors des événements de Kasserine.",1,0,0,1124,311,0.9166
L1912-01923,OMESSA,Pierre,0,,28 fév. 1859,1859,Corse,,"de Portugal. Publicisle, rue d'Espagne, 14, Tunis. Membre de la Conférence Consultative (3' cire.,3"" coll.), élu en 1905, réélu en 1907. Délégué du 3' collège au uonseu supérieur du gouvernement (1.9111912); délégué général de la Société des Corses et des amis de la Corse; ancien directeur du «Sémap",military;politics_native_admin;diplomacy,military,,Tunis,,,4,palmes_academiques;nichan_iftikhar;medjidie;christ_portugal,0,1,,collège au,,,0,,0,0,0,704,312,0.9392
L1912-01927,ORDINAIRE,Maurice,0,,7 fév. 1862,1862,Saint-Quentin,,"du Trésor sacré du Japon,de SaintStanislas de Russie, de l'Etoile du Bénin, du Cambodge, de l'Annam et du Nichan - elAnaouar.Diree- teur de l'Office du Gouvern. M'unisien à Paris, docteur en droit, ancien chef de cabinet des ministres des Colonies et du Commerce et du Pré-. sident du Sénat, ancien d",military;politics_native_admin,military,,,,,2,legion_honneur;nichan_iftikhar,1,1,,,doctorat_droit,,0,,0,0,0,738,313,0.915
L1912-01930,ORLIAC,Jean,0,,9 mars 1861,1861,,,"Ancien imprimeur, niiiis. 12 avril 188 2. Lieutenant de réserve au 4"" zouaves. Militaire pendant quinze ans, retraité comme adjudant. Présfdent de la Société des Anciens Sous-Officiers pendant six ans ; prés, de la Société de Tir depuis sa fondation (1898). Campagne de Tunisie isss a is«4. Meaanie c",military;industry_crafts,military,,Tunis,,,3,legion_honneur;medaille_militaire;nichan_iftikhar,1,1,,,,,0,,0,0,1,489,314,0.8645
L1912-01931,ORTONA,Cesare,0,,19 oc,1906,,,"(Cesare), 19 oct. 1875. Médecin-chirurgien, ",medicine_health,medicine_health,"15, rue Es-Sadikia, M'unis",,1900,1900,0,,0,0,"Faculté de Médecine de Rome, docteur en médecine. Président de la Société de Géographie italienne de Rome.","Faculté de Médecine de Rome, docteur en médecine",doctorat_medecine,,0,,0,0,0,206,314,0.9242
L1912-01932,OSMAN,Mustapha,0,,1861,1861,M'unis,,Caïdgouverneur de Teboursouk.,politics_native_admin,politics_native_admin,,Teboursouk,,,2,osmanie;nichan_iftikhar,0,1,collège Sadiki à M'unis.,collège Sadiki,,"interprète de la mission du commandant Ducoeur dans le Haut-Dahomey (Boucle du Niger) (1893) : surveillant général de la Ghana (1.895) : khalifat à Porlo-Farina (caïdat de Bizerte) (1898): caïd des Ouladbou-Salem (Souk-el-Khemis) (1900): caïd de La Regba, à Ghardimaou (1905). Ancien lires, de la Société de Prévoyance indigène du caïdat de La Regba; prés, de la Municipalité de Teboursouk; diplôme de prés, d'honneur de l'Assistance Mutuelle Tunisienne (groupe de Ghardimaou); diplôme d'honn. de membre du jury de l'Exposition de Tunis (1.907).",7,,0,0,0,686,314,0.9151
L1912-01933,OSTROWSKI,Wladyslas-Pierre,0,,24 juin 1864,1864,Varsovie,Pologne,"Horloger constructeur, M'unis. ",industry_crafts,industry_crafts,,,14 août 1895,1895,0,,0,0,"Ecole technique d'horlogerie. Deux diplômes au Concours d'horlogerie de Varsovie en 1883 et 1.893. Parle diverses langues, notamment : le polonais, le français', le russe, l'allemand et l'italien.",,diplome_superieur,,0,,0,0,0,314,314,0.8882
L1912-01934,OTTAVY,Octave,0,,9 déc. 1S67,1867,Soccia,Corse,"Entrepreneur de travaux publics et particuliers, Ferryville. Janv. ",industry_crafts,industry_crafts,,Ferryville,1902,1902,3,palmes_academiques;medaille_coloniale;nichan_iftikhar,0,1,"Institution Saint-Marc, Soccia. Lieutenant dans la réserve de l'armée active nu V tirailleurs; adjudant, d'infanterie de marine en retraite. Fond, et prés, du Conseil d'administration. de la • ((Lyre Ferryvilloise», prés, et fond, de la société «La Corse», à Ferryville, v.-prés. d'honn. de la société de gymnastique «La Vaillante» à Ferryville. Membre de la Chambre de Commerce de Bizerte. Prés, de «l'Avenir du Prolétariat» (Comité de Ferryville) depuis six ans. A fait les campagnes du .M'onkin et de Madagascar. Félicitations au corps d'occupation de Madagascar pour belle conduite devant l'ennemi. Médaille de propagande de «l'Avenir du Prolétariat».",,,,0,,0,0,0,886,314,0.95
L1912-01983,OUZIEL,Clément,0,,oct. 1867,1867,Sofia,,"Directeur de l'Alliance Israélite, ",,,"1, rue Malt'a-Srira",Tunis,1900,1900,2,palmes_academiques;nichan_iftikhar,0,1,,,,,0,,0,0,1,461,317,0.9595
L1912-01985,PACE,Mario,0,,8 fév. 1.863,1863,Livourne,,"n-Il'likha.r.Vice-consul d'Espagne ; négociant) •< commissionnaire, Sousse. ",diplomacy;commerce,diplomacy,,Sousse,1886,1886,1,nichan_iftikhar,0,1,"Institut teclmolo gique; licencié. Agent de la Compagnie d'assurances contre l'incendie «La Foncière». Anc. prés, de la Croix-Verte el secr. de diverses associations.",Institut teclmolo,,,0,,0,0,0,309,318,0.8789
L1912-01987,PACHIS,Evangelos,0,,13 avril 1875,1875,Halki,archipel de M'urquie,"Médecin, spécialiste oculiste, Sfax. ",medicine_health,medicine_health,,Sfax,22 fév. 1905,1905,1,nichan_iftikhar,0,1,Facultés d'Athènes et de Paris; diplôme de la Faculté d'Athènes et certificats des cours de perfectionnement de la Faculté de Paris.,,diplome_superieur;certificat,,0,,0,0,0,291,318,0.9151
L1912-01989,PADOVANI,Pierre,0,,17 avril 1869,1869,Ortale,arr. de Corté,"(arr. de Corté), Corse, Médaille du Tonkin, chev. clu Dragon de l'Annam, Médaille d'honneur du travail. ol'f. du NiclianIftikhar.Chef de gare à Djedeïda. Fév. 1890, venant d'Algérie.",transport_maritime,transport_maritime,,,,,0,,0,0,lycée de Baslia.,lycée de Baslia,,"sousofficier dans l'armée active, proposé pour officier à 22 ans pour faits de guerre au Tonkin, versé dans la section technique des chemins de fer à 25 ans. Cie Bône-Guelma; cinq ans de service militaire, 1882-87.; secrétaire de commune mixte, 1888; au B.-G. depuis le 9 juillet 1.889; chef de gare depuis 1892; chef de gare à Mateur à l'ouverture de la ligne de Bizerte, 1.894; chef de gare à Soukel-Khemis el receveur supplémentaire des.Postes en 1896; chef de gare à Duvivier, 1897; chef de gare à Djedéïda depuis 1S99. Membre de l'Association Mutuelle tunisienne. Campagnes du Tonkin comme sous-officier au 1"" zouaves, janv. 1.8S5 à oct. 1887. Médaille de bronze pour la culture maraîchère.",15,,0,0,0,956,318,0.8811
L1912-01990,PAILHÉ,Jules,0,,24 oct. 1.873,1873,Lourdes,H.-Pyr.,28 mai 1902. Anc. juge suppléant au tribunal de Sousse.,justice_law,justice_law,,Sousse,28 mai 1902,1902,1,nichan_iftikhar,0,1,"lycée de Montpellier, Faculté de droit de Montpellier; bachelières lettres; licencié en droit.",lycée de Montpellier;Faculté de droit de Montpellier,licence_droit,"juge de paix suppléant à Souk-el-Arba, juge de paix à Kairouan, juge suppl. au Tribunal de Sousse. Anc. prés, de l'Assist., mutuelle tunisienne à Souk-elArba; présid. du même groupement à Sousse.",5,,0,0,0,440,318,0.9517
L1912-01993,PAOLI,Jean,0,,9 janv. 1865,1865,Orto,Corse,"Avocat au barreau de Tunis, ",justice_law,justice_law,"12, rue de Hollande, M'unis",Tunis,,,3,legion_honneur;palmes_academiques;nichan_iftikhar,1,1,,,licence_droit,,0,"Ouvrage sous un pseudonyme sur le conflit franco-allemand de 1905; collaborateur au ((Journal des Sciences militaires», où il a publié : «Avant-postes»; «L'infanterie en liaison avec la cavalerie» ; «Colenso (guerre sud-africaine)». Nombr. conférences faites aux officiers : M'ra.nsvaal, guerre russo-japonaise, Maroc. Campagnes : Extrême-Orient, Tonkin (deux (ins), Maroc (Casablanca).",1,0,0,829,319,0.9321
L1912-01994,PARIENTE,Seintob,0,,1869,1869,Pariente,,"après avoir dirigé successivement les écoles de l'Alliance Israélite à Choumla, Rouslchouk et Smyrne, fut mis, en-août 1893, à la tête de l'école de garçons de M'unis. En 1.900, il quitta ce posté, où il laissa, les meilleurs souvenirs, pour prendre la. direction des colonies juives de Palestine; il",administration,administration,,,,,0,,0,0,,école de garçons,,,0,,0,0,0,742,319,0.9597
L1912-01995,PASCAL,,0,,,,,,"ancien préfet, ancien conseiller d'Etat, colon en Tunisie. Gérant de la première Société du Grand Hôtel de Tunis; décédé en France en avril 1888.",agriculture,agriculture,,Tunis,,,0,,0,0,,,,,0,,0,1,0,153,319,0.8922
L1912-01996,PASQUIER,Maurice,0,,12 février 186S,1868,Benl'eld,Bas-Rhin,"Sous-inspecteur de l'Enregistrement et des Domaines; Chef du Service des Domaines à. ta Direction de. l'Agriculture, ",administration,administration,"20, rue Es-Sadùra, Tunis",Tunis,,,3,palmes_academiques;merite_agricole;nichan_iftikhar,0,1,lycée de Bordeaux; bachelier es lettres.,lycée de Bordeaux,baccalaureat,"receveur des Domaines en Algérie, 1893-94; rédacteur au Gouvernement tunisien, 1894-95; entré au Service des Domaines en 1895. Contjrôle.ur., sous-inspecteur, enfin chef clu Service depuis avril 1906.",5,,0,0,0,544,319,0.8956
L1912-01997,PASSEZ,Arnold,0,,31 mai 1871,1871,Argançon,Aube,"off. du NichanIftikhar. Chef mécanicien à la Cie B.-G., villa Passez, Montfleury, rue de Yalmy, Tunis. 18 9 7.",,,,Tunis,,,1,palmes_academiques,0,0,Ecole professionnelle . de M'r o y e s. A professé un cours à l'école professionnelle de T'unis. Membre du bureau de l'Amicale du nersonnel dirigeant du B.-G. V.-prés. de ta Société régionale «La Marne».,,,,0,,0,0,0,388,319,0.8359
L1912-01998,PASTORET,,0,,1852,1852,,,"Inspecteur des Douanes, M'unis 1887. Entré dans l'administration métropolitaine en avril 1873, détaché en Tunisie en-juillet 18S7.",administration,administration,,,,,1,nichan_iftikhar,0,1,,,,,0,,0,0,0,209,319,0.9367
L1912-01999,PASTOUR,,0,,,,,,"(Jules-Alexandre) (Je D'), 26 septembre 1.879, Constantine (Algérie). Médecin à Monastir. 1"" sept. ",medicine_health,medicine_health,,Monastir,1908,1908,0,,0,0,lycée de Constantine. Facultés d'Alger et de Paris.,lycée de Constantine,,"externe des hôpitaux de Paris ; interne-major des hôpitaux d'Alger; aide d'analomie. i Médaille de bronze de l'Assiftance publique de Paris; lauréat'de la Société de Médecine d'Alger. TRAVAUX • « Corps étrangers de l'oesophage » (thèse); « Le massage gynécologique». Di./rrses communications à la Société de Médecine d'Alger. Aide-major de 2"" cl. 'je réserve.",10,,0,0,0,545,319,0.8996
L1912-02000,PATEL,Hermann,0,,28 oct. 1S53,1853,Quingey,Doubs,"Huissier (syndic), r. d'Espagne, 16, l'unis. Avril 1883.",justice_law,justice_law,,,,,1,nichan_iftikhar,0,1,Ecole normale de Lons-le-Saunier (Jura).,Ecole normale,,"commis de greffes commerciaux et civils et principal clerc d'avoué; syndic, des huissiers à Sousse et M'unis.",2,,0,0,0,300,319,0.9201
L1912-02002,PATOU,Louis-Frédéric-Juies,0,,4 nov. 1865,1865,Le Pouzin,Ardèche,"publique,.comm. du Nichamlftikhar. Professeur de sciences mathé- matiques au lycée Carnot, ",education_science,education_science,"6, rue de Grèce, Tunis",Tunis,1895,1895,1,palmes_academiques,0,0,"collège de Privas, lycée de Grenoble, Faculté des Sciences de l'Université de Grenoble; licencié es sciences mathématiques el physiques; agrégé es sciences, mathématiques. Anc. répétiteur aux lycées de Tournon el de .Irenoble. Viceprés, de la société régionale des «Enfants du Vivarais»; anc. prés, de l'Amicale secondaire tunisienne.",collège de Privas;lycée de Grenoble;Faculté des Sciences de l'Université de Grenoble;lycée Carnot,agregation,,0,"«Petit traité mathématique el pratique des opérations commerciales el financières», en 2 vol., ((Arithmétique commerciale», 1903; «Algèbre financière», 1905, ouvrages édiles par Vuiberl et Nuny. Paris. Représentant élu du personnel de l'Enseignement secondaire au Conseil de l'Instruction publique de la Régence.",1,0,1,881,319,0.9223
L1912-02003,PATRIARCHE,Albert,0,,15 mai 1865,1865,,,"- Iftikhar. Mécanicien' principal aux Monopoles. 1"" juin 1890.",,,,,,,3,palmes_academiques;merite_agricole;nichan_iftikhar,0,1,Ecole nationale d'Arts el Métiers de Châlons-sur-Mame. Brigad. d'arlill. terr. Entré dans les manufactures de l'Etat en 1.884 comme dessinateur. Président du groupe de 'Tunisie de la Société des anciens élèves des Ecoles d'Arts et Métiers. Médaille d'argent à l'Exposition de Marseille 1906.,,,,0,,0,0,0,468,320,0.9309
L1912-02004,PATRICOT,,0,,,,,,"(le D'), médecin-dentiste, ",medicine_health,medicine_health,"5 bis, rue ci Italie, Tunis",Tunis,,,0,,0,0,"Faculté de médecine de Lyon et Ecole dentaire de Genève; bachelier es lettres et es sciences, Docteur en mé. decine; diplôme de chirurgien dentiste. Médecin-dentiste du Syndicat de la Presse tunisienne. «Patriote» (La). Société française de gymnastique, de tir et d'escrime. 26 déc. 1898.",Faculté de médecine de Lyon et Ecole dentaire de Genève,baccalaureat;diplome_superieur,,0,,0,0,1,1106,320,0.9257
L1912-02007,PAULIN,Félix-Gabriel,0,,19 juillet 1873,1873,Etrichy,Cher,"Ancien directeur de l'école professionn e 11 e EmileLoubet, à Tunis.",,,,Tunis,,,2,palmes_academiques;nichan_iftikhar,0,1,"Ecole professionnelle. Ecole normale et Ecole des Beaux-Arts de Bourges, Ecole du Louvre; certificat d'aptitude à l'enseignement du dessin dans les lycées et collèges (1"" de are), dans les écoles normales et primaires supérieures; certificat d'aptitude à l'enseigne- ment du travail manuel dans les écoles normales et primaires supérieures; certificat d'aptitude pédagogique; brevet supérieur de l'enseignement primaire. Chargé en 1898 de l'organisation et de la direction de la première école professionnelle de 'Tunisie, puis, en 1906, de l'organisation et de la direction de l'Ecole professiomi. Emile-Loubet. Fonctionnaire de l'Université depuis 1892 (enseignement primaire el enseignement secondaire).",Ecole normale;Ecole des Beaux-Arts,brevet_superieur;certificat,,0,,0,0,1,897,320,0.8995
L1912-02008,PAUTHIER,Joseph-Charles-Lucien,0,,19 nov. 1.865,1865,Bolundoz,Doubs,"publique, ol'f. du NichanIftikhar. Professeur au lycée Carnot, M'unis. Nov. ",education_science,education_science,,,1892,1892,1,palmes_academiques,0,0,,lycée Carnot,,,0,,0,0,0,208,321,0.8992
L1912-02009,PAVARD,,0,,25 déc. 1850,1850,Alger,,"Aumônier du lycée Carnot, M'unis. Déc. ",religion,religion,,,1889,1889,2,palmes_academiques;nichan_iftikhar,0,1,,lycée Carnot,,,0,,0,0,0,231,321,0.9157
L1912-02010,PAVILLIER,,0,,,,,,"Ingénieur en chef des Ponts el Chaussées, en retraite, Marseille. Directeur général des 'Travaux publics de la Régence de M'unis de 1893 à 1903. 11 succéda à M. Michaux el eul comme successeur M. de Pages.",military;engineering_architecture;administration,military,,,,,2,legion_honneur;nichan_iftikhar,1,1,,,,,0,,0,0,0,277,321,0.9677
L1912-02013,PEAN,Baptiste,0,,27 mars 1864,1864,Aulaines,Sarlhes,"off. du Medjidiô. Inspecteur à la Direction générale des Finances, M'unis. ",military;administration,military,,,11 mars 1900,1900,4,palmes_academiques;merite_agricole;nichan_iftikhar;medjidie,0,1,"lycée du Mans (Sarthe), Faculté de Droit de Paris; bachelier es lettres; licencié en droit. Capitaine au 1.5* bataillon territorial de zouaves.",lycée du;Faculté de Droit de Paris,licence_droit;baccalaureat,"surnuméraire de l'Enre 1 gistrement à Versailles, receveur à Maure (ille-el-Vil.), receveur-rédacteur à la direction -de Versailles (S.-et-O.); sous-inspecteur puis inspecteur à la Direction générale des Finances, à Tunis. Décédé à M'unis le 12 août 1910. .",4,,0,0,0,629,321,0.9239
L1912-02016,PEIRON,Eugène,0,,28 sept. 1.860,1860,Lyon,,2,justice_law;military,justice_law,,Tunis,8 oct. 1890,1890,1,nichan_iftikhar,0,1,,"lycée de Lyon;Facultés de Droit el, des Lettres de Lyon",,"avocat, attaché au Parquet de M'unis, suppléant, à la Justice de paix M'unis-Sud. 1893; juge de paix à Gabès .1.897. à Sfax 1897, à Sousse 1898, juge rapporteur à Sousse 1903, juge au tribunal mixte à M'unis . 1906. Anc. prés, de la Société llipnique du Siihel. anc. prés, clu Cercle de la Ligue de l'Epseigneinent à Sousse. anc. v.-prés. de la Fédération des Cercles tunisiens de la. Ligue de VEnseignem'.",7,,0,0,0,635,322,0.901
L1912-02019,PELLET,,0,,,,,,"- SOREL (César-Lucien), 9 noiil 1.8(i6, Aux. Brenels, canton de Neufr-.hûffil fSuissel. ol'f. d'Académie, off. du NichanIftikhar. Négociant à M'unis. 18 9 3.",commerce,commerce,,,,,1,palmes_academiques,0,0,"Ecole industrielle de Zug (S u i s s e). Créateur de la succursale delà maison Pétola à Alger. Co-fondateur de la maison Pellet, Azerm et Cie, de M'unis : quincaillerie, fers, métaux divers, outillace -pour entrepreneurs et industriels. V.-prés. de la Chambre de commerce de M'unis; prés, de la Société régionale la «FrancComtoise»; a.nc. v.-prés. de la Société des Travailleurs Français; anc. v.-prés. du groupe D de l'Assistance Mutuelle Tunisienne; co-fondal. clu journal «La Liberté 'Tunisienne»; anc. memb. de la Conférence Consultative. Nombreuses récompenses aux exposil. régionales.",,,,0,,0,0,1,765,322,0.8885
L1912-02020,PELLETIER,Louis-J.,0,,30 mars 1857,1857,Pans,,"Propriétaire - agriculteur ' à M a l e u r, en résidence à Muxula -Rades. 189 0. Docteur en droit. Président de l'Association des Colons français de la région de Mateur ; membre de la Conférence Cnnsultive depuis 1896 ; vice-président de la Chambre d'Agriculture de M'unis; conseiller municipal à Mat",politics_native_admin;agriculture,politics_native_admin,,,,,2,palmes_academiques;merite_agricole,0,0,,,doctorat_droit,,0,,0,0,0,388,322,0.8056
L1912-02021,PËLONI,Jean-Martin,0,,,,,,"Entreposeur des Monopoles de 1"" ci. en reirane, à T u n i s. Oct. 18 8 9.",,,,,,,2,palmes_academiques;nichan_iftikhar,0,1,Collège F e se h d'Ajaccio ; brevet élémentaire.,Collège F,,"commis expéditionnaire au viceroctoral de la. Corse, 1868-70; maître - répétiteur au lycée de B asti a, 1870; instituteur adjoint, 1.871; instituteur titulaire el, dh-eelomd'éoole publique, 1871-1889; en congé de disponibilité avec appointements, 1S891.89:1; du A juin 1891. à sa. retraite, en. treposeur des Monopoles ù, Nabeul et, à Grombalia.. A dirigé, en 1890-1891, une exploitation oléicole créée à Grombalia en 1.888 par son frère M. Jean Péloni, entrepreneur à Tunis. A publié' une méthode d'enseignement simultané de lecture, d'écriture, de dessin, de calcul et de' langage' : en un livret,, cinq cahiers et cinq tableaux muraux, en vente chez les éditeurs J. Bricon et A. Lescot, 1.0, I rue de l'Eperon, Paris (VIe). Membre de < la Commission municipale de Nabeul en 1.891. el 1892. i",17,,0,0,2,1021,322,0.8673
L1912-02022,PËLONI,Jean-Pierre,0,,26 août 1852,1852,Baslilica,Corse,"Entrepreneur de travaux publics et propriétaire minier,, ",industry_crafts;mining,industry_crafts,"40, rue des Silos, M'unis",,1885,1885,2,palmes_academiques;nichan_iftikhar,0,1,'école normale d'Ajaccio; brevet supérieur.,école normale,brevet_superieur,"conducteur des Ponts el Chaussées; fabricant de chaux hydrauliq. à Irav (Orne), 1879-82, à Roanne, 1882-85; entrepreneur de travaux de 1885 à ce jour. Prés, clu Syndicat, des Entrepreneurs français de la Régence de M'unis; prés, de ï'Assodation Commerciale et Industrielle de la. Régence de T'unis. A dirigé en France, comme chef de section, les travaux de construction de la. ligne ferrée de Mortagne à. Laigle. entre Tourouvre et Laigle. En M'unisie, a. construit la jetée du port de Mahdia; de nombreux travaux de routes et chemins de fer; l'école coloniale d'Agriculture de M'unis; les bâtiments de l'a pyrotechnie et des approvisionnements de la. flotte à l'arsenal de Skli-Abdallah; les travaux en béton armé des casernes de Bizerte; un pont de -iO mètres de portée en béton de ciment armé à Béja, etc. Membre de la Chambre de Commerce de M'unis, 1890-190.1; secrétaire élu de ce corps 1890-92; vice-prés, de cette assemblée. 1892-96; membre de ta. Conférence Consultative de 1.890 à 1896.",24,,0,0,0,1261,323,0.9461
L1912-02024,PÉPIN,Paul,0,,4 sept. 1.862,1862,Messevsnr-Grosne,S.-el-Loire,Ancien substitut clu Procureur de la République à M'unis.,justice_law;religion,justice_law,,,,,1,palmes_academiques,0,0,,,,"avocat, 1.8S5: juge suppléant à Châ.lons. 1SSS; substitut à Tournon, 1891, à Bourg, 1892, à Chambéry, 1.896; procureur de la République à Langres, 1901; juge à. Alger, 1904; juge d'instruction, 1.904;' substitut à. M'unis, 1.904; à Saint-Etienne, 1.906; procureur de la République à Chatons, 1908.",10,,0,0,0,445,323,0.8535
L1912-02025,PERCIE DU SERT,Fleury,0,,1.869,1869,Annonay,Ardcche,"agricole, off. clu Nichan-Iftikhar. Industriel à M'ebourba. Juin 1900.",industry_crafts,industry_crafts,,,,,2,merite_agricole;nichan_iftikhar,0,1,Université de Gand (Belgique). Vice-président de la Commission municipale de M'ebourba.,,,,0,,0,0,0,246,323,0.9203
L1912-02026,PEREZ,Ernest,0,,18 juillet 1861,1861,Djerba,,"Courtier maritime; commission, i-epré■ sentation, consignation. Maison fondée en 1884.",commerce,commerce,,Djerba,,,0,,0,0,,,,,0,,0,0,0,127,323,0.8738
L1912-02027,PERGOLA,Julien,0,,26 oct. 1869,1869,Constantine,Algérie,"Avocat au barreau de sousse, ancien bâtonnier, rue d'Italie. n° 3, et villa Andrée,Sousse. 18 9 7.",justice_law,justice_law,,Sousse,,,2,palmes_academiques;nichan_iftikhar,0,1,"lycée Sainl-Louis (2* prix au Concours général pour la composition française); licencié en droit. Dans, le procès de l'assassinat clu marquis de Mores, il était l'avocat du colonel Rebillet, chef d'étatmajor à Tunis, pour lequel il intervenait contre M. Delahaye, député de l'Indre, témoin à. charge. A été le défenseur de quarante-six accusés dans l'insurrection de Kasserine el sa. plaidoirie a duré, trois jours. A.publié chez Ollendorff : «Crime de mère» (7e édition); «La Morte» et. en août, 1908, «les Aigles Corses» (7e édition).",lycée Sainl-Louis,licence_droit,,0,,0,0,0,743,323,0.9167
L1912-02028,PERNOT,Armand,0,,3 mai 1865,1865,,,Inspecteur des Contributions diverses à. Sousse. Nov. ,administration,administration,,Sousse,1896,1896,1,nichan_iftikhar,0,1,,,licence_droit,,0,,0,0,0,230,323,0.8693
L1912-02029,PERPETUA,Giulio,0,,21 mai 1848,1848,Livourne,Italie,"et Lazare, chev. de la. Couronne d'Italie. Représentant de commercé, ",,,"34, rue d'Italie, M'unis",,,,5,nichan_iftikhar;saints_maurice_lazare;couronne_italie;palmes_academiques;medaille_coloniale,0,1,"Gymnase de Livourne, lycée de Torre-Pellue, Instiluto di Marina. Merc. à Livourne; licencié en droit de la Faculté cl'Aix, 1890; brevet normal supérieur à. Pise; brevet supérieur de l'Institut de la Marine marchande à Livourne; brevet de langue française.",lycée de Torre-Pellue;Institut de,licence_droit;brevet_superieur,"directeur des écoles de la London Jews Society, 1872-91; représentant, de commerce depuis 1.891. Secr. gén. du Comité permanent des fêles; anc. prés, de la société ((La Croix Verte»; anc. secr. et membre du Conseil d'administration de l'hôpital italien, de la Chambre.de commerce italienne et de la Société italienne de Bienfaisance. Livres publiés en italien : «Géographie astronomique», «Gôographia delta Tunisia, sunto per le scuole. di geographia delta Tunisia». En français : «Géographie de la Tunisie». Ancien membre du Conseil de l'Instruction publique en M'unisie; membre de la députaiion scolaire des écoles italien nés; ancien président de la délégalioi de la Colonie italienne pour le 25"" anniversaire de la prise de Rome. Administrateur du journal «L'Unione». Médailles d'argent, aux Expositions d'Amsterdam, de Bruges, Sidi-bel-Abbôs. Diplôme de médaille d'or à l'Exposition coloniale de Nogent-sur-Marne.",15,,0,0,1,1406,323,0.9368
L1912-02030,PERREAU,Louis,0,,1S72,1872,Paris,,"Médaille de Madagascar. Sous-inspecteur des Monopoles, ",administration,administration,"26, av. Bab-Djedid, T'unis: Mai 1906",,,,1,palmes_academiques,0,0,"Ecole d'application des Manufactures de l'Etat. Détaché de l'Administration des manufactures de l'Etal, à laquelle il appartient en qualité de contrôleur de culture des tabacs. Sergent d'infanterie (réserve). M'UAVAUX : auteur de divers travaux scientifiques seules tabacs, publiés au «Mémorial des manufacturés de l'Etal» et d'une note publiée aux «Comptes rendus de l'Académie des Sciences».",,,,0,,0,0,0,525,324,0.9479
L1912-02031,PERRET,Jules,0,,8 sept. 1.864,1864,Chalonsur-Saône,Saône-el-Loire,"Médaille d'argent de la Mutualité. Chef de division à. la. Direction des Finances; Secrétaire du Conseil d'administration, de la Société cla prévoyance des fonctionnaires et employés tunisiens, M'unis. Nov. ",administration,administration,,Kairouan,1893,1893,3,palmes_academiques;merite_agricole;nichan_iftikhar,0,1,,,baccalaureat,,0,,0,0,0,622,324,0.9067
L1912-02032,PERRIER,Fernand,0,,janv. 1854,1854,Ancenls,,"Médaille d'argent des épidémies. Médecin, ",medicine_health,medicine_health,"8, rue d'Alger, à M'unis",,,,2,palmes_academiques;nichan_iftikhar,0,1,"Ecole de Nantes et de Paris. Rayé des cadres comme aide-major de 1"" cl. Ancien doyen des aides-majors de réserve. Médecin à Nantes, puis à Béja. Rédacteur à «la Libre Parole», de Paris, au «Républicain», de Constantine. Livres : « Les Teignes» ; ((Médecine expérimentale» ; «L'hygiène de l'Afrique du Nord»; «L'assistance publique en Tunisie » ; « Comment on se défend contre la contagion». Nombreuses conférences. Promoteur de l'Assistance publique en Tunisie. Agriculteur. Ancien membre de la Confé 3 rence Consultative; fit voter le projet de l'assistance publique en Tunisie, la création de fermes-écoles pratiques et l'installation de l'internat primaire de Béja. Médecin de la gendarmerie, Mention honorable du Ministère de l'Intérieur.",Ecole de Nantes,,,0,,0,0,0,924,324,0.9412
L1912-02033,PERRIN,Antoine,0,,déc. 1877,1877,Ouilins,Rhône,"Médaille de Chine. Mécanicien au M'rocadéro, Sousse. 21 nov. 1898 (service militaire) et fixé le 1"" juillet 1902. Ancien mécanicien chargé de la. réserve à la Cie Rône-Guelma, à Sousse.",,,,Sousse,,,0,,0,0,,,,,0,,0,0,0,233,324,0.9301
L1912-02034,PERRIN,,0,,13 avril 1.875,1875,Montmirey-ta-Ville,Jura,Ancien avocat au barreau de Tunis.,justice_law,justice_law,,Tunis,,,1,nichan_iftikhar,0,1,"lycée de Besançon, Faculté de droit de Dijon, Ecole de droit d'Alger; bachelier es lettres; licencié en droit; diplôme de législation algérienne. Membre clu Conseil de l'ordre des avocats (1906-07). Plaidoiries dans les affaires : Ponc.eblanc, 1.902;. assassinat de la Siliana, 1903; affaire des syndicats ouvriers, 1905; des pêcheurs, 1.905; affaire de l'homme en morceaux, à VOuzara, 1.907; les troubles antisémites de Béja. 1.907; etc. Actuellement au Maroc.","lycée de Besançon;Faculté de droit de Dijon, Ecole de droit d'Alger",licence_droit;baccalaureat;diplome_superieur,,0,,0,0,0,591,324,0.8929
L1912-02035,PERROCHON,Henri-Auguste,0,,fév. 1860,1860,Buzançais,Indre,"coloniale avec agrafes : Algérie-M'unisie. Propriétaire, agriculteur, minotier à Ai'nSellain, près de Béja. 1"" nov. ",industry_crafts;agriculture,industry_crafts,,Béja,1892,1892,1,medaille_coloniale,0,0,"lycée de Châléauroux. Ancien adjudant de l'armée active; ancien secrétaire de contrôle civil. Membre de divers groupements républicains, de l'Association agricole, de la Caisse rurale. A fait les campagnes de l'Aurès en 1879 et, do Tunisie eh 1881-82. Ancien conseiller d'arrondissement à. Sancerre (Cher) pour le canton cl'Aubigny. Membre de la Chambre de Commerce de M'unis. Médaille d'argent à l'Exposition universelle de Paris 1.889.",lycée de Châléauroux,,,0,,0,0,0,638,324,0.9131
L1912-02036,PERROUD,André,0,,30 nov. 1.879,1879,Allinges,H.-Sav.,"Commis des Postes el, des Télégraphes, 'Tunis. Anc. secr. de l'Amicale des Employés français de l'Office postal tunisien.",administration,administration,,Tunis,,,0,,0,0,,,,,0,,0,0,0,173,324,0.9106
L1912-02037,PERRUT,Henri-Charles-Alfred,0,,17 août 1S59,1859,Metz,,"Architecte, av. Boucher, villa Met/.; dessinateur-opérateur à la Municipalité de Sousse. Fév. ",engineering_architecture,engineering_architecture,,Sousse,1885,1885,3,medaille_coloniale;merite_agricole;nichan_iftikhar,0,1,,,,,0,,0,0,0,552,324,0.8885
L1912-02038,PETIT,Régis,0,,17 mai 1.852,1852,Lyon,,"chev. de l'Etoile d'Egypte. Entrepreneur de peinturé et décors', Tunis. ",industry_crafts,industry_crafts,,Tunis,1884,1884,2,palmes_academiques;nichan_iftikhar,0,1,"école primaire et Ecole des BeauxArts. Engagé volontaire en 1,870, au 1"" zouaves. Membre de la Société des anciens combattants de 1870-71. contre l'Allemagne; prés, actif de la «Chorale» de Tunis; v.-secr. du Syndicat des Entrepreneurs de M'unis. Travaux de peinture et décors : hôtels des Postes, hôpital civil français; Palais de Justice, Ecole professionnelle; théâtre de Sfax, hôtel de ville de Sfax, théâtre de Sousse, Résidence française, agrandissement de -la Direction générale des-Travaux publics. A pris part à la campagne de 1.870. Chargé du service de désinfection. pendant l'épidémie dé choléra au Caire (Egypte), 1.882. PET - P1ÎA «Petit Bizertin (Le)». Organe républicain, hebdomadaire (ancien «Journal de Bizerte»), fondé par Paul Lafitle, rue d'Athènes, Bizerte. 1.0"" année. Direct. : M. Albert Guônard. Abonnement : 8 fr. par an; le numéro, 5 cent. Impr.-Papelerie française, Bizerte.",Ecole des BeauxArts,,,0,,0,0,0,1067,324,0.93
L1912-02039,PETITDIDIER,Marie-Léon,0,,12 août 1.870,1870,Châlons-sur-Marne,,"Professeur cie lettres au lycée Carnot, M'unis. Oct. ",education_science,education_science,,Tunis,1902,1902,3,palmes_academiques;nichan_iftikhar;medaille_coloniale,0,1,,lycée Carnot,agregation,,0,,0,0,0,634,325,0.9127
L1912-02041,PET-ITJEAN,,0,,4 sept. 1873,1873,Ceysey,,"Médaille de Chine et clu Maroc. Carilaine au 4' tirailleurs, M'unis.",,,,,,,1,legion_honneur,1,0,".' Ecole de Saint-Cyr (26 nov. 1S93).; so.islieutenunt, 1895; lieutenant, 1-897; Campagnes de Chine et du Maroc. Tué. au Maroc en 1911.",Ecole de Saint-Cyr,,,0,,0,0,0,289,325,0.8549
L1912-02043,PEUFAILLIT,Louis,0,,26 déc. 1871,1871,Caubeyres,L.-et-Gar.,"(L.-et-Gar.), off. clu NichanIftikhar, chev. de Saint-Grégoire. Ingénieur A. et M., Tunis. Sept. ",engineering_architecture,engineering_architecture,,Tunis,1893,1893,0,,0,0,,,,,0,,0,0,0,146,325,0.923
L1912-02047,PHEMOLANT,Pierre,0,,1862,1862,Couhé-Vérac,Vienne,"Méd. militaire. Entrepreneur de couchage 'le la troupe, ",industry_crafts,industry_crafts,"3, place Forgemol, Sousse",Sousse,,,0,,0,0,,,,,0,,0,0,0,280,326,0.884
L1912-02049,PHILIPPE-THOMAS,V. Thomas.,0,,,,,,"Thomas.) ; PHILIPPE-THOMAS. C. c. et caïdat de Gafsa. 'M (S) sur la 'igné S.-G. de Sfax (243 kil.) à Redeyef (42 kil.), à 38 ; kil. de Gafsa, à 2 kil. de Metlaoui-mines. 3 Le nom de Philippe-Thomas, n été don1 né à l'ancienne gare de Mellaoui en 5 mémoire de l'inventeur des mines do phosphates qui o",mining,mining,,Gafsa,,,0,,0,0,,,,,0,,0,0,0,657,326,0.9102
L1912-02050,PHILIPPEAU,Simon-François,0,,1.802,1802,,,Conu dûcleur des Ponts el Chaussées à Casa- bkuica. ,,,,,1884,1884,2,merite_agricole;nichan_iftikhar,0,1,"école primaire. Officier d'administration de 1"" cl. du génie (territoriale).",,,"conducteur des Ponts et Chaussées à Gabès, à ÏVIedjez-el-Bab et à M'unis. Anc. présid. de la section de M'unisie cie l'Association du personnel des Travaux publics de France et des Colonies ; anc. prés, de la Société amicale el, de secours mutuels du personnel des Travaux publics de Tunisie.",3,,0,0,0,563,326,0.9021
L1912-02053,PIAZZA,Henri,0,,25 août 1S57,1857,Poggio d'Olella,Corse,"Directeur des Contributions diverses, ",,,"1, place Garibaldi",,,,2,palmes_academiques;nichan_iftikhar,0,1,"lycée de Bastia, Facultés de droit d'Aix et de Paris ; licencié en droit. Ancien officier de territoriale.",lycée de Bastia;Facultés de droit d'Aix et de Paris,licence_droit,"receveur de l'Enregistrement, sous-inspecteur, inspecteur; inspecteur des Contributions diverses, 1.887; chef de division à la Direction générale des Finances. 1895; directeur des Contributions diverses, 1900.",4,,0,0,0,529,327,0.8506
L1912-02054,PICARD,François,0,,8 fév. 1867,1867,Paris,,"Ingénieur des Ponts et Chaussées à Constantinople. Ancien directeur des 'Travaux, de la. Ville de M'unis. ",engineering_architecture,engineering_architecture,,,1895,1895,5,legion_honneur;merite_agricole;nichan_iftikhar;nichan_ed_dem;palmes_academiques,1,1,,Ecole Polytechnique,,"ingénieur dé l'arrondissement TunisOuest, 1895-1905; de Tunis-Nord, 19051.908; de M'unis-Ville, 1.90S. Chargé depuis la. même date de l'inspection des Iravaux communaux de la Régence. Anc. prés, de l'Institut de Carthage; v.-prés. d'honneur cluclit Institut ; délégué du Touring-Club. '",8,"' roules, adductions d'eau, bâtiments civils, travaux des ports de Bizerte el de Tabarca. travaux de voirie, etc. PIGHON (Stephen-.tean-Marie), comm. de la Légion d'honneur, gr. cordon du Nichan-irtikhar et le l'Ahed, Médaille de Chine. Publicisle, homme politique et diplomate français. Né à. Arnay-le-Duc (Côle-d'Or). Etant étudiant en médecine, à Paris, M. Pichon collabora à. des journaux avancés, notamment à. «la Commune affranchie» (1878), à «la. Justice» (1880). 11 fut élu conseiller municipal de Paris. 1SS2-1884, député de Paris, 1.885, siégea à Vex.lrême-gijuche. lue relu en. 1889 par le XIV arr., mais il fut battu en .1.893. Il l'ut nommé ministre plénipotentiaire à Port-au-Prince on 1894; d'Haïti en 1.896"", il passa à Rio-de-Janeiro el en 1897 à Pékin. 11 eut à subir, lors de la rupture avec le Gouvernement chinois, le siège angoissant des légations du 20 juin au 1.5 août et à son retour de Pékin, le Gouvernement de la République, pour récompenser son représentant, qui avait I montré lanl d'énergie, de prudence el l'habilité au cours de négociations hérissées de difficultés, le nomma résident général de France en Tunisie. Il prit possession de son posle le 21 décembre 1.900. M. Pichon fut élu sénateur du Jura le 7 janvier 1906 et fut ministre des affaires étrangères dans le Cabinet Clemenceau et les Cabinets Briand. M. Pichon est resté quatre ans en M'unisie. On lui doit, en 1902 : création de la Chambre de Commerce de Bizerte, nomination d'une grande Commission de colonisation, l'emprunt de 40 millions destiné à la création d'un second réseau de chemins de fer tunisien d'interdiction d'enseigner à tout membre d'une congrégation, non autorisée en France; en 1903, réorganisation du Tribunal mixte dans un sens favorable à son autonomie et doté d'un personnel de magistrats spéciaux, réorganisation du Conseil de l'instruction publique, création des au- ■ xiliaires médicaux indigènes, établissement en M'unisie d'une banque d'émission par l'autorisation donnée à la Banque d'Algérie de créer des succursales dans la Régence; en 1904, modification du régime d'admission en France des céréales tunisiennes et la suppression des cautionnements des journaux; en 1905, l'importante réforme de la Conférence Consultative dont les membres furent alors élus au suffrage universel, par collèges, adduction des eaux du Bargou, création des commissaires français lires les tribunaux indigènes. M. Pichon est l'auteur du projet qui a abouti à. donner à la Conférence Consultative l'examen du budget. M. Pichon eut à recevoir le président Loubet, en 1903, el accompagna S. A. le .Bey à Paris, lors de sa visite au Président de la République en 1904. Enfin, c'est à M. Pichon que l'on doit le dernier emprunt de 75 millions. La. M'unisie gardera de M. Pichon le souvenir d'un résident simple et aimable, d'un diplomate, orateur de talent et remarquablement cloué, d'un sincère républicain, n'ayant pas craint d'introduire en M'unisie le suffrage universel et de prendre la défense de l'école laïque, d'un véritable ami de la Tunisie, travaillant à. sa prospérité, en préconisant l'union des races, des classes et des partis et l'union de la colonie avec le gouvernement.",1,0,1,3808,327,0.9412
L1912-02056,PICUT,Louis,0,,6 oct. 1S83,1883,Thonon-lesBains,Savoie,Directeur-propriétaire de «la Tunisie minière». ,,,,,1889,1889,0,,0,0,"lycée Carnot. PTCVILLE. C. c. et caïdat de Sfax, un les faubourgs de Sfax, habité principalement par des Français.",lycée Carnot,,,0,,0,0,0,231,328,0.9294
L1912-02057,PIERRINI,Pierre,0,,2 fév. 1.88S,1888,Putali,,"santon de Murato (Corse). Médaille de sauvetage (bronze). Représentant de commerce, 9,'rue du Boucher, M'unis. ",commerce,commerce,,,19 fév. 1905,1905,0,,0,0,école laïque et lycée de Bastia. Ancien employé aux écritures du Bureau commercial et contentieux à la Cie Bône-Guelma à. M'unis. Collaborateur à divers journaux de la Régence.,lycée de Bastia,,,0,,0,0,0,351,328,0.9199
L1912-02058,PIETRA,Charles,0,,14 déc. 1.SS2,1882,Toulon,Var,"Avocat au barreau de Tunis. Agent central de la Société des auteurs, compositeurs et éditeurs de musique. Villa M'zina, av. de Paris, M'unis. 1"" janvier 1896.",justice_law,justice_law,,Tunis,,,0,,0,0,"lycée de Toulon, lycée Carnot de Tunis et Faculté de droit de Paris; bachelier es lettres; licencié en droit. Lieutenant de réserve au 4"" zouaves. V.-prés. fond, de l'Association générale des""étudiants de M'unisie; membre du Comité permanent des fêtes de M'unis; anc. corresp. gén. en M'unisie de «L'Auto».",lycée de Toulon;lycée Carnot;Faculté de droit de Paris,licence_droit;baccalaureat,,0,,0,0,0,521,328,0.9402
L1912-02059,PIETRA,Paul-Victor,0,,22 déc. 1.853,1853,M'oulon,Var,Avocat au barreau de M'unis. ,justice_law,justice_law,,Tunis,18 nov. 1895,1895,3,palmes_academiques;merite_agricole;nichan_iftikhar,0,1,,,,,0,,0,0,0,1058,328,0.9377
L1912-02060,PIGNATARI,Aurelio,0,,1866,1866,Sousse,,"Agent de la, N. G. I. à Sousse; négociant en huiles d'olives; représentant de la Banque Commerciale Tunisienne: agent de l'Allianza, de Gênes. Député scolaire; conseiller municipal.",politics_native_admin;commerce;finance_banking,politics_native_admin,,Sousse,,,1,couronne_italie,0,0,,,,,0,,0,0,0,248,328,0.915
L1912-02062,PINARD,Jules,0,,19 juin 1861,1861,Besan çon,Doubs,"Agent général pour l'Algérie de la maison Menier, ",military,military,"1, rue Waisse, Alger",,,,1,nichan_iftikhar,0,1,école primaire jusqu'à l'âge de neuf ans.,,,"apprenti, puis ouvrier bijoutier, de dix à dix-huit ans; à dix-huit ans, service militaire; ensuite, employé de commerce, de chemin de fer, réporter au «lums Journal», commis-greffier, principal clerc de défenseur, et de nouveau agent commercial; président clu SyndiBca.t des Représentants de commercé d'AlKger; collaborateur au «Tunis Journal», K'premier journal français créé clans la f Régence; à «la. Revue Tunisienne»; rédacteur en chef pour la. partie tunisienne de «la. Revue Algérienne». Auteur de chroniques et contes tunisiens; correspondant tunisien de «l'Akhbar». d'Alger, de «l'Indépendant», de Constantine. À collaboré à un grand nombre de jouiv na.nx. algériens. Chroniqueur aux «Nouvelles», d'Alger, etc. Conseiller municipal d'Alger, ""mai 1908. A traité dans les journaux algériens toutes questions économiques relatives au Protectorat tunisien; puis, dans «la. Dépêche Tunisienne», a traité les .questions économiques algériennes. Pins d'Alep. Les massifs forestiers des plateaux calcaires de la Tunisie du.Centre, qui conservent des restes de boisement, se composent de pins d'Alep. La superficie que recouvre ce peuplement peut être évaluée à 200.000 hect. Le rôle du pin d'Alep est important. Il conserve à l'état boisé de vastes régions qui ne peuvent convenir à aucune autre essence el que la nature du sol ne permet pas de livrer à l'agriculture. La consommation actuelle clu. pin d'Alep est limitée aux indigènes qui, dans les régions voisines des forêts, en construisent les terrasses de leurs maisons et leurs gourbis, en font, des piquets destinés à soutenir les tentes, des bois de charrues, dès manches de pelles, des métiers pour tisserands, etc. D'autres utilisent l'écôrce pour le tannage des peaux et la coloration des filets de pêche. Sur certains points, il a été possible d'extraire de ces forêts des étais de mines, qui ont été utilisés pour le boisage des galeries de mines. Les ressources de ces massifs, au point de vue d'une exploitation régulière, sont très limitées et ne doivent guère être escomptées pour l'avenir. Il semble toutefois qu'on a. trop négligé jusqu'ici les ressources que pourraiï donner le traiteinentinduslriel des pins d'Alep au point de vue de la production du goudron, dont les indigènes font un grand usage.",34,,0,0,1,2491,328,0.9497
L1912-02063,PINHËDE,Paul-Benjamin,0,,5 juin 1876,1876,Rennes,,"Propriétaire et éleveur, domaine de Gliat-Redja (Mogod). Mars 1902.",agriculture,agriculture,,,,,1,nichan_iftikhar,0,1,"école Monge, lycée Jânson-de-Sailly, Paris. Propriétaire d'un domaine de 300 hect. à 2 kil. de la gare de Jèfna, sur la ligne des Nefza. Prés, du Comité de surveillance de la caisse locale de Mateur; V.-prés, de l'Association des agriculteurs et élev. de la région de Mateur. Concours régional de Mateur, 1906, médaille d'argent; Exposition de Marseille, 1906, médaille d'argent; Concours agricole de M'unis, 1907, médaille d'argent ; Concours apicole de Bizerte, 1.908, trois médailles d'argent et une médaille de bronzé.",lycée Jânson-de-Sailly,,,0,,0,0,0,674,329,0.9149
L1912-02064,PIOGEY,Pierre,0,,1846,1846,Rouvres,Côted'Or,"Capitaine de cavalerie en retraite. Inspecteur d'assurances à Alger. Incorporé -sn* 1867, sous-lieutenant en 1S76, lieutenant en 1.881, capitaine en 1888; a servi au 4"" spahis en Tunisie. Décédé à Alger, en mars 1908.",military;administration;finance_banking,military,,,,,1,legion_honneur,1,0,,,,,0,,0,0,0,290,329,0.881
L1912-02065,PIQJJOT,Joseph,0,,15 nov. 1861,1861,Toulouse,H.-Ga.r.,"- Iftikhar, Médaille de Chine, off. clu Cambodge, chev. du Dragon de l'Annam. Ancien m ê d ecin militaire à M'unis. Nov.1896 à oct. ",,,,,1900,1900,3,legion_honneur;medaille_coloniale;nichan_iftikhar,1,1,"Etablissements divers de Gap, Lille, Moulins, Fnnnit.é dp Médecine de Montpellier. Médecin; lauréat de la Faculté de Montpellier; diplôme de l'Institut médical colonial de Paris; médecin sanitaire maritime. A été médecin chef des hôpitaux militaires d'Aîn-Draham et Gafsa, 1896-1900; Médecin-major de 1.'° cl., médecin traitant à l'hôpital militaire du Belvédère, 1908. Campa1gnes du Tonkin (deux séjours), de M'unisie (2 séjours), d'Algérie.",Institut médical,diplome_superieur,,0,,0,0,0,759,329,0.9108
L1912-02066,PISANI,Arlhur,0,,25 déc. 1872,1872,Tunis,,"Sbus-chef de bureau à la Direction des Financés,",administration,administration,"16, rue d'Algérie, Tunis",Tunis,,,1,nichan_iftikhar,0,1,"lycée de Montpellier, Faculté de droit de Paris; licencié en droit. Inscrit au barreau de M'unis de 1S92 à 1897; entré en octobre 1897 à la Direction des Finances.",lycée de Montpellier;Faculté de droit de Paris,licence_droit,,0,,0,0,0,319,329,0.9111
L1912-02068,PLACE,Mario,0,,8 fév. 1.863,1863,Livourne,,Vice-consul d'Espagne. Négociant - commissionnaire à Sousse 1886.,diplomacy;commerce,diplomacy,,Sousse,,,1,nichan_iftikhar,0,1,"Institut 'Technologique; licencié. Agent de la Compagnie ""d'assurances contre l'incendie «La Foncière» (Iransports), à Paris. Membre f\u Comité des Assurances maritimes du Havre el d'autres Compagnies. Prés, de la. Croix-Verte et secr. de diverses associations.",Institut 'Technologique,,,0,,0,0,0,400,330,0.8962
L1912-02069,PLANCHE,,0,,,,,,"comm. du Dragon de l'Annam. Directeur honoraire des Douanes, 1.3, r. Raspail,M'unis.",,,,,,,2,legion_honneur;nichan_iftikhar,1,1,,,,,0,,0,0,0,154,330,0.929
L1912-02072,PLATEL,Arthur-César,0,,26 janv. 1.873,1873,Boyaval,P.-de-C.,Soirs-inspecteur des Contributions diverses à Sfax. ,administration,administration,,Sfax,15 oct. 1901,1901,1,nichan_iftikhar,0,1,"école primaire supérieure de Monlreuil-surMor (P.-de-C). collèges communaux de Saint-Pol et de Bélhune (P.-de-C); brevet simple;.certificat d'études primaires supérieures; baccalauréat es sciences complet. Entré dans l'administration métropolitaine en déc. 1.896, détaché en M'unisie en oct. 1.901. Prés, cl'honn. do l'Amicale des Services financiers (cercle de Sfax). A été receveur des Domaines à Jemmapes (Algérie) de 1.897 à 1.901, el receveur des Contributions diverses à Tunis.",,baccalaureat;certificat,,0,,0,0,0,642,330,0.9044
L1912-02073,PLESSIX,,0,,14 fév. 1881,1881,Versailles,,"Ingénieur civil, rue de Grèce. M'unis. ",engineering_architecture,engineering_architecture,,,1906,1906,1,palmes_academiques,0,0,"Ecole Polytechnique ; licencié en droit. Lieutenant de réserve au 5e du génie. A fondé «la 'l'uni sienne Automobile», société anonyme au capital de 400.000 fr., dont il est administrateur-di¬ recteur. Fondateur el directeur clu journal «la Tunisie Industri elle». Auteur de divers ouvrages scientifiques el, économiques : « Navires el Ports marchands», édit. Berger-Levraull, 1905; «Les moteurs à pétrole lampant», etc. Collaborateur à diverses revues scientifiques.",Ecole Polytechnique,licence_droit,,0,,0,0,1,589,330,0.93
L1912-02075,PLOUCHART,Alphonse,0,,2 avril 1872,1872,Caudrv,Nord,"(Nord), officier du Nichnnli'likhnr. Médaille de bronze dos épidémies. ' Compositeur et, chef de musicale, villa Jeanne, rue Broca, Belvédère, V u n i s. ",military,military,,,5 juin 1897,1897,0,,0,0,,,diplome_superieur,"chef de fan rare au 8""'hussards à Verdun, puis au 4"" chasseurs d'Afrique, à Tunis; anc. direct, de «l'Harmonie Française», à. Tunis; secrétaire de la Société des an- oiens chasseurs d'Afrique résidant en M'unisie; président de «lT-lairmonie de Medjez-el-Bab» (M'unisie); très, de la Société du «Club Nautique» (Tùnis-La Goulette); agent secret, bibbothéc. de la. section tunisienne de la Société de Géographie Commerciale de Paris.",7,"Théorie musicale; «Marche populaire des mutualistes»; nombreuses compositions pourla cavalerie ; revision et modifications apportées aux sonneries en usage. Ancien professeur de solfège et théorie musicale aux écoles de Paris: ancien soliste à. la. musique de l'école d'artillerie de Vincennes; professeur de solfège el, théorie musicale, cours subventionné par M. le Directeur général de l'Enseignement public en Tunisie.",1,0,1,1350,330,0.9451
L1912-02078,POINSSOT,Louis-François-Alberl,0,,1 juillet 1.879,1879,Paris,,"Inspecteur des Antiquités et Arts, M'unis. ",administration,administration,,,1901,1901,0,,0,0,"Ecole de Borne; licencié en droit et es lettres; diplômé de l'Ecole des hautes éludes historiques el philologiques. Fouilles à. Dougga en 1901, 1.903, et de 1905 à 191.1. Auteur de : «Les Inscriptions de M'hugga».",Ecole de Borne;Ecole des hautes,licence_droit;diplome_superieur,,0,,0,0,0,331,331,0.8743
L1912-02079,POINT,Paul-Etienne,0,,4 mars 1.859,1859,Feurs,Loire,"Représentant métallurgique, ",,,"23, rue de M'u, rin, Paris",,,,1,medjidie,0,0,lycée de Saint-Etienne (Loire). Médaillé aux Expositions de S'-Louis 1904 et - de Liège 1905. Voyage en Tunisie régulièrement tous les ans depuis septembre 1889.,lycée de Saint-Etienne,,,0,,0,0,0,319,331,0.8855
L1912-02080,POIRSON,,0,,,,,,"(M™"" la doctoresse Alexandre DE KAMINSKY), Kharkofî (Russie), off. du Nichan-Iftikhar. Médecin à Medjez-el-Bab. Dec. ",medicine_health,medicine_health,,,1902,1902,1,nichan_iftikhar,0,1,"Facultés de Médecine de Nancy et de Paris. À publié «Là Tuberculose chez les Arabes» (en, collaboration avec M. le D' Poirson). Médecin adjoint à l'infirmerie^ hôpital de Medjez-el-Bab.",Facultés de Médecine de Nancy et de Paris,,,0,,0,0,0,325,331,0.9126
L1912-02081,POIRSON,Henri,0,,,,,,Médecin à Medjez-el-Bab. Déc. ,medicine_health,medicine_health,,,1902,1902,1,nichan_iftikhar,0,1,"collège de Lunéville, Faculté de Médecine de Nancy. Aide-major de 2"" cl. de réserve.",collège de Lunéville;Faculté de Médecine de Nancy,,,0,"«Notice sur le caïdat de Medjezel-Bab»; ((La. Tuberculose chez les Arables» (en collaboration avec M"""" la doctoresse Poirson). En impression : «Projet de campagne contre le paludisme»; «L'hôpital-dispensaire de Medjez-el-Bab». Médaille d'argent à Béja, 1905; Médaille d'argent- à M'unis, 1907.",1,0,1,497,331,0.9482
L1912-02082,POIVRE,Pierre,0,,19 avril 1861,1861,Ouroux,S.-el-Loire,Secrétaire - archiviste à la Chambre de Commerce de Bizerte. ,,,,Bizerte,13 mars 1888,1888,0,,0,0,"collège de Bône, lycée Henri IV; brevet de grammaire; bachelier es lettres.",collège de Bône;lycée Henri,baccalaureat,"administrateur adjoint de commune mixte, secrétaire particulier du Résident Général à Tunis, contrôleur civil suppléant.",1,"«Monographie du Djerid», ouvrage récompensé d'une médaille d'or grand module, au Concours de 1907, par la Société de Géographie commerciale de Paris; «Vocabulaire arabe-français d'expressions tunisiennes» ; «Historique de la ville de Kairouan». Rédacteur correspondant à «la Dépêche Tunisienne», au «Journal» et au «Petit Journal», de Paris. Secrétaire général du Congrès républicain radical-socialiste et socialiste de Bizerte. Membre de la. Société de Géographie commerciale de Paris.",1,0,0,842,332,0.9384
L1912-02084,POLOMENI,Spiridion,0,,avril 1844,1844,Zanle,arch. grec,"(arch. grec). Evêque titulaire de Ruspe, élu le 27 février et sacré le 5 juin 1.892 dans la Primatiale de Carthage; archidiacre de Ruspe.",religion,religion,,Carthage,,,0,,0,0,,,,,0,,0,0,0,179,332,0.9082
L1912-02092,POROT,Antonin,0,,23 mai 1876,1876,Chalon-sur-Saône,,"Médecin, ",medicine_health,medicine_health,"5, rue d'Italie, M'unis",,1907,1907,0,,0,0,Université de Lyon. Médecin aide-major de réserve.,,,"interne des hôpitaux de Lyon, chef de clinique médicale à. la Faculté de Lyon. M'RAVAUX : 1902 à 1904 : conférences et. travaux pratiques d'analomie pathologique à la Faculté de Lyon; 1.905 à 1906 : conférences cliniques aux étudiants civils et militaires à l'Hôtel-Dieu de Lyon; de 1.900 à 1.907 : nombreux travaux médicaux concernant sur' tout les maladies nerveuses et les maladies infantiles : une soixantaine de publications.",6,,0,0,0,652,333,0.9181
L1912-02093,PORTE,Pierre,0,,1.855,1855,Ajaccio,Corse,Receveur municipal à Monastir. Mai 1888.,administration,administration,,Monastir,,,1,nichan_iftikhar,0,1,"collège Fesch, d'Ajaccio.",collège Fesch,,,0,,0,0,0,149,333,0.904
L1912-02094,PORTELLI,,0,,,,,,"ses frères Raphaël et Roger sont officiers clu même ordre. Propriétaires, industriels et banquiers à Tunis et à Sfax. M. Porlelli père est arrivé en 1.859 ci M'unisie, où il débarqua à Sfax, et où il lit en grand le commerce des cotonnades el des huiles. L'un des frères, Raphaël, est vice-consul de ",diplomacy;industry_crafts;finance_banking,diplomacy,,Sfax,,,1,nichan_iftikhar,0,1,,,,,0,,0,0,0,1248,333,0.9746
L1912-02095,PORTELLI,Raphaël,0,,5 oct. 1872,1872,Stax,,"Négociant et vice-consul de Belgique à Sfax. Récompenses à Paris, Liège, Londres, Sfax, Sousse; médaille d'or pour ses huiles d'olives.",diplomacy;commerce,diplomacy,,Sfax,,,1,nichan_iftikhar,0,1,,,,,0,,0,0,0,198,333,0.9757
L1912-02096,PORTERIE,Clément,0,,7 janv. 1862,1862,Bonrepos,,"Inspecteur dé Ja. voie, ",administration,administration,"28, av. de Carthage, 'Tunis",Carthage,,,1,nichan_iftikhar,0,1,écoles communales et cours organisés par l'Administration des Ponts el Chaussées. Sergent fourrier de réserve.,,,"expéditionnaire el opérateur aux. chemins de fer construits par l'Etat, au B.-G. et aux Ponts et Chaussées, chef de district, chef de section, sous-inspecteur, inspecteur de ta. voie et de l'exploitation au B.-G. depuis 1.892. Prés, de la Sociélé amicale et, d'assistance mutuelle du Personnel dirigeant de la Cie Bône-Guelma et prolongements. Membre de la Société archéologique de Sousse. • Campagne clu Sud-Oranais 1882-.IS83 (colonnes expéditionnaires pour la répression des mouvements insurrectionnels). Direction de travaux-de toute nature aux Ponts et Chaussées et à la Cie Bône-Guelma. A eu, pendant les années 1904 et 1905, la direction du service de la voie clu R. M'. V. E. Création d'une exploitation agricole en Algérie.",11,,0,0,0,1049,333,0.9386
L1912-02101,POSTH,Philippe,0,,7 sept. 1872,1872,Raincy,S.-et-O.,"agriculteur, domaine de la Sarre, Maknassy. ",agriculture,agriculture,,,26 nov. 1901,1901,1,nichan_iftikhar,0,1,""" école alsacienne de Paris. Poterie. (V. Céramique.)",,,,0,,0,0,0,206,334,0.9157
L1912-02102,POTERIE,René-Guillot DE LA,0,,10 juin 1S53,1853,Sainl-Culats,Sarllie,Propriétaire agriculteur à. Grombalia. ,agriculture,agriculture,,Grombalia,1895,1895,1,merite_agricole,0,0,"SainleBurbe, lycée d'Angers el Faculté de Droit de ' Paris; bachelier es lettres; licencié en droit. 25 ans de service comme lieutenant de territoriale. Avocat à la Cour d'appel d'Angers pendant 18 ans. Membre de la Conférence Consultative (l'° cire. 1."" coll.); membre de la. Chambre d'Agriculture ; suppléant du juge de paix de Grombalia; membre de plusieurs associations agricoles. . POTINVILLE. (V. Bordj-Côdria.)",lycée d'Angers;Faculté de Droit de ' Paris,licence_droit;baccalaureat,,0,,0,0,0,566,334,0.8818
L1912-02103,POUJADE,Raphaël,0,,24 avril 1877,1877,Evisa,Corse,Médaille d'honneur de la. Mutualité. Commis de l'Office postal à Sousse. ,administration,administration,,Sousse,19 mars 1900,1900,0,,0,0,,,,,0,,0,0,0,513,334,0.9196
L1912-02104,POULY,Pierre,0,,9 déc. 1.864,1864,Gennolles,S.-el-Loire,Comptable à la Cie du Gaz el des Eaux de M'unis. ,finance_banking,finance_banking,,,4 nov. 1885,1885,2,medaille_militaire;nichan_iftikhar,0,1,"Ecole normale d'inslilul.eurs de Vllleli-anche-sur-Saône (Rhône); Certificat d'études primaires; brevet élémentaire d'instituteur. Adjudant, au ()• bataillon territorial de zouaves. V.-prés. de la. section des médaillés militaires de France à M'unis.",Ecole normale,certificat,,0,,0,0,0,422,334,0.9393
L1912-02105,POYET,Joannès,0,,26 oct. 1868,1868,SainlJusl-en-Bus,Loire,"Môcanicien.au B.-G., à Sousse.. ",transport_maritime,transport_maritime,,Sousse,15 oct. 1889,1889,0,,0,0,,,,,0,,0,0,0,289,334,0.8631
L1912-02107,PRADIER,Emmanuel,0,,13 mai 1840,1840,Lorient,Morbihan,Janv. ,,,,,1907,1907,0,,0,0,"collège de Lorient. Entreprit la carrière militaire et commença à naviguer comme aspirant volontaire sous les ordres de son père, officier général dans la marine; démissionnaire en 1871. Fit ses débuts comme journaliste dans «la Gazette de France», au «Nain Jaune», au «Figaro»; fut un feuilletoniste de talent. A publié : «la Pleureuse»; «Jacques», «La Petite Main», «Un grain», «Suprême aveu». Décédé et inhumé le 1"" oct. 1.90S à Zarzis.",collège de Lorient,,,0,,0,0,0,544,334,0.935
L1912-02112,PRËVERAUD DE VAUMAS,WilliamCharles,0,,nov. 1.877,1877,Monlataire,Oise,"Agriculteur, propriétaire du domaine des Perriôres, Souk-el-Khemis. Oct. ",agriculture,agriculture,,,1901,1901,1,nichan_iftikhar,0,1,Institut national agronomique; ingénieur agronome; diplôme de l'enseignement supérieur de l'agriculture. Colonisation après deux uns de stage au domaine de Zaouem (Souk-el-Khemis). Membre de la Chambre d'agriculture; administrateur de la Caisse locale de crédit mutuel de Souk-el-Khemis.,Institut national agronomique,diplome_superieur,,0,,0,0,0,474,335,0.9476
L1912-02116,PROST,André-Louis,0,,nov. 1869,1869,Chauffa,,illes (S.-et-L.). Receveur des Postes à Monastir. ,administration,administration,,Monastir,8 nov. 1888,1888,0,,0,0,,,,"Commis de 1891. à 1897, receveur de 1898 à ce jour.",2,,0,0,0,169,335,0.8696
L1912-02119,PROUST,Paul-Eugène-Emile,0,,,,,,"agricole, comm. du Nichanirtikhar. Inspecteur au Service des éludes el, travaux neufs du B.-G.. 64. rue Abd-el-Wahab, M'unis. Juin 1892. ETU- . DES : collège de Chartres, école Tui-gol de Paris. Sous-officier au 1."" clu génie (1882-86):",military;administration,military,,,,,2,palmes_academiques;merite_agricole,0,0,,collège de Chartres,,"commis des Ponts el, Chaussées, dessinateur, chef de bureau au B.-G. Membre du Comité directeur de l'Institut de Carthage, 1.8951.897 ; commissaire général des Salons de peinture tunisiens 1895-1.S96-1.897 et 1898; vice-président des ((Prévoyants de l'Avenir», 1899; prés. fond, de la Société tunisienne cîes Beaux-Arts, 1904; secrétaire de la Société de Géographie commerciale de Paris, section tunisienne, 1904-05-06; commiss. gén. du Congrès national des Sociétés françaises de géographie . à Tunis, 1907. Correspondant du «Journal des Arts» de Paris. A collaboré à «la. Revue Algérienne», au ((Minaret», etc. Critique d'art. Diplômes el, médailles aux Expositions de Paris 1900, de Marseille 1906, M'unis 1.907, etc.",14,,0,0,0,1054,336,0.9183
L1912-02120,PROUST,Théodore-Auguste-GaspardOscar,0,,,,,,"- Iftikhar, off. de l'ordre des Saints Mau rice et Lazare d'Italie, chev. de Sainte-Anne de Russie, décoré de la valeur militaire d'Italie. Médaille de la campagne d'Italie, Médaille coloniale.",,,,,,,5,legion_honneur;palmes_academiques;merite_agricole;nichan_iftikhar;medaille_coloniale,1,1,"lycée de Toulouse et d'Aix, Ecole d'administration militaire de Virrcennes. Bachelier es sciences. Président honoraire de la Municipalité de Tunis. Oct. 1883. SUCCESS 1 : officier d'administration principal du service de l'Intendance militaire; directeur de la Compagnie Algérienne; directeur du Comptoir National d'Escompte de Paris en Tunisie; vice-président de la Municipalité de Tunis; président du Comité du Comptoir National d'Escompte de Paris; administrateur de la Banque de l'Algérie; président et organisateur de la Chambre de Commerce de Tunis: membre de ta Conférence Consultativependant dix ans; président de l'Harmonie Française. Auteur d'une brochure sur la, colonisation en M'unisie par les biens habous. A fait partie de la Commission de ta. toi douanière et de celle relative à la. loi sur l'immatriculation.",lycée de Toulouse,baccalaureat,,0,,0,0,1,1177,336,0.9517
L1912-02121,PROUX,Auguste,0,,19 mars 1.874,1874,Paris,,- Iftikhar. Co-direcleur clu Comptoir National d'Escompte de Paris à. l'unis. Viceconsul des Etats-Unis d'Amérique. 19 0 8. anc. sous.-dir. du Comptoir National d'Escompte de Paris à M'unis.,diplomacy,diplomacy,,,,,2,palmes_academiques;nichan_iftikhar,0,1,,,,,0,,0,0,0,277,336,0.8703
L1912-02122,PROVENCE,Henry,0,,4 avril 1875,1875,Marseille,,"Publicisle, rédacteur en chef du «Courriel- de M'unisie», M'unis. ",press_letters_arts,press_letters_arts,,,1910,1910,1,palmes_academiques,0,0,Lycée du Havre.,Lycée du,,"journaliste pendant trois ans au Havre, au sortir du Lycée; rédacteur à «la. Petite République» à. Paris (1.897-1901); chargé par «le Malin» d'assurer le service des informations concernant l'Exposition de 1.900; collaboration au ((Journal»; dirigea, en 1.900, les services d'information clu «Petit Bleu»; rédacteur à «l'Echo de Paris» (1.91.0); rédacteur en chef clu journal hebdoinadaire «La Famille», 1907-1908; rédacteur en chef du «Courrier de M'unisie» (sept. 1.910). Membre du Syndical de la Presse tunisienne.",12,"«Fleurs de rêve», vol. de vers (1895); ((La Tuberculose pinun Tuberculeux» (grand prix à l'Exposition d'hygiène de M'unis 191.1). Décédé à Tunis le 28 mai 1.91.1.",1,0,0,859,336,0.9015
L1912-02123,PUAUX,Gabriel,0,,19 mai 1S83,1883,Paris,,"Secr. d'ambassade ; chef de cabinet du Résident Général, Tunis, ",military,military,"57, rue de Naples",Tunis,,,3,merite_agricole;nichan_ed_dem;saints_maurice_lazare,0,0,"Ecole Alsacienne, Faculté des Lettres de l'Université de Paris; licencié en droit ; licencié es lettres ; diplôme de l'Ecole des Sciences, politiques. T .i en tenant, de réserve au 4"" tiraill.",Faculté des Lettres de l'Université de Paris;Ecole des Sciences,licence_droit;diplome_superieur,"attaché au cabinet du Ministre des Affaires élran- ] gères, attaché à l'ambassade de France à. Berne. Médaille d'or de la. Société des élèves et anciens élèves de l'Ecole des Sciences politiques.",3,,0,0,2,625,336,0.912
L1912-02124,PUCH,Elie-M'héodore-Albéric DU,0,,déc. 1839,1839,,,comm. de l'ordre royal de l'Etoile de KaraGeorges. Lieutenant - colonel en retraite. Propriétaire de l'ancien palais de Si NaceurBey à La Mail o u b a. et des terres environnantes (20 beclares). Dec. ,military,military,,,1882,1882,2,legion_honneur;nichan_iftikhar,1,1,"Ecole de S'-Cvr; bacli. es sciences. S""-lieul. de cavalerie en 1864; maintenu à la. disposition clu Ministre de la Guerre.",Ecole de S,,"en Algérie, officier d'ordonnance des généraux Colonieu et Walslein-Eslhôrasi; en France, pendant la guerre de 1.8707.1, du général Briand; commandait le 4"" chasseurs d'Afrique quand il a. pris sa retraite à. la limite d'âge. Propriétaire à. La. Manouba el à Gamarl. Président du Syndicat des Côlons français de La. Manouba. Depuis sa. sortie"" de Saint-Cyr en 1.S64, sauf trois années, toujours en Algérie, puis en M'unisie. A pris part aux diverses expéditions faites en Algérie, pendant ce temps et à la guerre de 1870-1871 en France. Nommé chevalier de la Légion d'honneur pendant, ta campagne de France, avec ta mention : «Brillante conduite au combat d'Etrépagny».",14,,0,0,1,1196,337,0.9251
L1912-02125,PUJAT,Frédéric,0,,11 août 184S,1848,Grenoble,,"coloniale (Algérie, Sahara), deux médailles d'honneur en or; comm. du Nichan-Iftikhar. Lieutenant-colonel en retraite à Gabès. ",military,military,,Gabès,1902,1902,5,legion_honneur;palmes_academiques;merite_agricole;medaille_coloniale;nichan_iftikhar,1,1,,,,"officier de corps de troupes en France; officier des Affaires indigènes en Algérie; commandant supérieur en Algérie; commandant militaire à Galles et clans la réserve : adjoint au général commandant militaire de Sousse. M'RAVAUX : travaux de roules; puits artésiens; lignes de points d'eau dans Je Sahara ; construction des bâtiments communaux à El-Oued et à Touggourl; assainissement des oasis de Oued-R'ir el déplacement, des villages de cette région; fixation de dunes; création de palmeraies ; travaux hydrauliques ; construction du fort Lall'emand et de la ligne de points d'eau reliant Touggourl à cet ouvrage avancé; création de li- ■ gnes de points d'eau de Fort-Lallemand à M'emassinine; détermina lion de remplacement clu fort Flalters; mission d'études sur le commerce transsaharien; étncle sur la création d'aulrucheries en M'unisie. Commandant de colonnes : BelHeyrane (soutien de la mission d'Atlanoux, 1894); M'emassinine (soutien de la mission Foureau-Lamy, 1899). o",19,,0,0,0,1264,337,0.9273
L1912-02127,QUEISEL,,0,,1859,1859,,,"Chef de section à l'Office postal, Sousse. Entré dans l'administration métropolitaine en 1878; détaché en M'unisie en 1.8S5.",administration,administration,,Sousse,,,1,nichan_iftikhar,0,1,,,,,0,,0,0,0,164,338,0.855
L1912-02128,QUILLIÉ,Pierre-Emile,0,,fév. 1846,1846,Clermont-VHérault,,"agricole, ol'f. du Nichan-Iftikhar. Agriculteur à M'ebourba. Août 1867.",agriculture,agriculture,,,,,2,merite_agricole;nichan_iftikhar,0,1,collège de Clermonl. (Hérault). Un des premiers colons français de M'ebourba; conseiller municipal de. celte ville. Médaille d'or pour les vins à VExposilion d'Anvers. Décédé à M'unis le 3 août 1.900.,collège de Clermonl,,,0,,0,0,0,356,338,0.9078
L1912-02129,QUINEL,,0,,1874,1874,,,Directeur de l'Internat de garçons de Béja. Brevet supérieur; élève-maître d'école normale; certificat d'arabe parlé. Enta-é dans l'Enseignement en 1892.,,,,Béja,,,0,,0,0,,école normale,brevet_superieur;certificat,,0,,0,0,0,167,338,0.9098
L1912-02130,QUINEL,Georges-Frédéric,0,,19 sept. 1.816,1816,Paris,,"publique, comm. du Nichan-Iftikhar. Econome du lycée Carnot, M'unis. 30 nov. -1884. Bre-. vet supérieur. SUCCESS 1 : instituteur en Algérie, professeur au collège Alaoui, 1884, au collège Sadiki, 1.885; économe du lycée Carnot depuis 1.889. V.-prés. clu Conseil supérieur de l'Assistance Mutuelle tun",education_science,education_science,"3, rue Es-Sadikia, Tunis",Tunis,,,6,legion_honneur;saints_maurice_lazare;nichan_iftikhar;saint_stanislas;palmes_academiques;ouissam_alaouite,1,1,,lycée Carnot;collège Alaoui;collège Sadiki,,,0,,0,0,1,2718,338,0.8976
L1912-02131,RACINE,Henry-Marie,0,,1876,1876,Marseille,,Anc. industriel à M'unis. ,industry_crafts,industry_crafts,,,1900,1900,1,nichan_iftikhar,0,1,"Ecole supérieure de Commerce de Marseille ; bachelier es lettres; diplôme de l'Ecole de Commerce. Ancien sous-officier. au 1.-41"" d'infanterie. Administrateur délégué de la Société des Grands Moulins de M'unis; membre de la. Maison Aug. Racine et fils, de Marseille. Ancien membre de ta. Chambre de Commerce de Tunis; ancien secrétaire de la Société pour la défense clu commerce des grains et dérivés à M'unis. Raisins secs. Le séchage des raisins est surtout pratiqué dans les localités du Khanguet, de Bou-Arkoub, Bou-Ficha, Reyville, Kelibia. Le muscat en fait à peu près exclusivement l'objet.",Ecole supérieure de Commerce de Marseille;Ecole de Commerce,baccalaureat;diplome_superieur,,0,,0,0,0,711,339,0.9392
L1912-02132,RADET,André-Amédée-Julien,0,,30 nov. 1885,1885,Ingénieur civil,,1.,engineering_architecture,engineering_architecture,"2, rue de Hollande",,,,0,,0,0,"lycée de Reims, Ecole oes Hautes Etudes' commerciales de Paris (section industrielle); bachelier es lettres et ôs sciences.",lycée de Reims,baccalaureat,"ingénieur à la Société Industrielle des téléphones (service des câbles électriques et câbles sous-marins), au Comptoir des Mines et Grands Travaux, à Tunis; directeur du service des mines de la maison Pellet, Azerm et Cie, 1909. Secrétaire adjoint de la .Société de géographie commerciale de Paris (section tunisienne). Le raisin sec vaut, suivant qualité, de 52 à 140 et 150 fr. le quintal rendu à Tunis. Son exportation est à peu près nulle. Les variétés préférées sont : le zebibo, dit «raisin sec courant», le muscat de Pantellaria, le muscat de Bizerte. Ramdane. Ce mot est prononcé à tort «Ramadan». Le mois de Ramdane est le mois de l'année hégirienne où tout bon musulman doit jeûner. Ce mois commence lorsque Von est certain que le mois de chaabane qui le précède est accompli, c'est-à-dire après le trentième jour.",11,,0,0,0,1091,339,0.9393
L1912-02134,RAGOUNEAU,Louis - Gaston - Maurice,0,,,,,,Sous-chef de bureau à la Direction générale des Finances. Mars 1899.,military;administration,military,,,,,2,palmes_academiques;nichan_iftikhar,0,1,"lycée de Nevers, de Caen et Michelet, de Paris; Faculté de droit de Paris, Ecole coloniale (breveté), Ecole des Langues orientales vivantes (diplômé); licencié en droit. Tous les hommes et femmes doivent jeûner; les enfants ne sont astreints au jeûne qu'à partir de l'âge de la puberté (boulourh).","lycée de Nevers;Faculté de droit de Paris, Ecole coloniale (breveté), Ec",licence_droit;diplome_superieur,,0,,0,0,0,455,339,0.9585
L1912-02135,RAIGHLEN,Louis-Jacques,0,,1862,1862,Genève,,"Directeur de la Banque de Tunisie Il est défendu, depuis le fedjer (le commencement de l'aube) jusqu'au coucher du soleil, de manger, de boire, de fumer ou de priser, de porter à la bouche aucun mets, d'accomplir l'acte conjugal ou même de donner un baiser ou dé fixer SAINT-RAPHAEL QUINQUINA = 340 R",finance_banking,finance_banking,,,,,0,,0,0,,,,,0,,0,0,0,926,339,0.9424
L1912-02136,RAMONET,Joseph,0,,27 avril 1.S64,1864,Chelle-Spou,H.-Pyr.,"Directeur d'écolo à. Sedjoumi. C mars 1889. Lycée de M'arbes; brevet, supérieur; certificat d'aptitude pédagogique.",,,,,,,2,palmes_academiques;nichan_iftikhar,0,1,,Lycée de M'arbes,certificat,"maître répétiteur aux lycées de Bayonne et do Périgucux. maître élémentaire à. l'école normale de M'unis, directeur de l'école franco-arabe de M'saken, El-Djem et Sedjoumi.",3,,0,0,0,400,340,0.8965
L1912-02137,RANCHIN,Louis-Valère-Placide,0,,1854,1854,Bourg-Saint-Andéo],Ârdèclie,"Cher de section à. l'Office postal, M'unis. Nov. ",administration,administration,,,1879,1879,1,nichan_iftikhar,0,1,,,,,0,,0,0,0,216,340,0.8422
L1912-02138,RANDET,Paul-Joseph,0,,21 fév. 1868,1868,,,acrricole. comm. du îNielian-Jllikbar. Vice-président du tribunal civil de M'unis. Mai 1898.,justice_law,justice_law,,,,,2,palmes_academiques;merite_agricole,0,0,lycée el Faculté de Grenoble ; licencié en droit. Lieutenant de réserve au 4° zouaves.,lycée el,licence_droit,"avocat attaché au Parquet, général à Grenoble, 1890-1893; suppieani, reirinuc cie ]uge ue paix a AinBoï'da (Constantine), 1S93; juge de paix à Aiii-el-Arba (Oran), 1.894 ; juge cie paix à Miliana (Alger), 1S95; juge suppléant au M'ribunal de Tunis et juge au 'Tribunal mixte, 1898; juge au M'ribunal civil de Tunis, 190Î-; substitut du Procureur de la République à M'unis, 1905; procureur à Sousse, 1.908, et vice-président à M'unis, 1.91.1. Anc. v.-prés. de la Société régionale « La Dauphinoise ». Memb. du ""Comité de la Société d'Horticulture de M'unisie. ,",11,,0,0,0,866,340,0.8731
L1912-02139,RANDON,,0,,août 1853,1853,Anduze,Gard,"Directeur des classes élémentaires du lycée Carnot, M'unis. Oct. ",,,,,1886,1886,2,palmes_academiques;nichan_iftikhar,0,1,,lycée Carnot,,"instituteur à Pau el à M'unis, directeur d'école à l'unis el, directeur du Petit Lycée. Président de la société régionale «Les enfants du Gard».",2,,0,0,1,350,340,0.923
L1912-02146,RAUCHER,Julien,0,,24 nov. 1S68,1868,Richebourg,S.-el-O.,"Agent de change, 1.",finance_banking,finance_banking,"9, rue de Marseille, 'Tunis",Tunis,,,3,palmes_academiques;medaille_coloniale;nichan_iftikhar,0,1,,,,"employé au Comptoir , National d'Escompte de Paris, à Paris, puis chef des titres à la succursale de cet établissement a Tunis; agent de change depuis 1902. Fondateur et directeur du «Capitaliste Tunisien»; ancien administrateur délégué de «l'Action Française»; collaborateur à «la. Dépêche M'unisienne»; fondateur de la société clu «Saint-Huberl.Club de M'unisie»; membre du Comité des l'êtes de M'unis. Campagnes clé guerre au Sénégal et au Soudan français (1890-91).",10,,0,0,1,726,340,0.8769
L1912-02147,RAVEL,Adolphe-Eugène,0,,4 mai 1.S62,1862,Tunis,,"ol'f. du NichanIflikhar. Directeur d'école, ",education_science,education_science,"4, rue de Suède, M'unis",Tunis,11 fév. 1889,1889,1,palmes_academiques,0,0,école supérieure de Marseille; brevet supérieur; brevet d'italien; certificat-d'aptitude pédagogique.,école supérieure de Marseille,brevet_superieur;certificat,"surveillant général du collège de Draguignan (Var); prés, .à Sousse de l'Association des membres de l'enseignement (baron Taylor).",2,,0,0,0,396,341,0.8978
L1912-02150,REBOUD,Victor,0,,,,,,"Médecin militaire. Fut attaché, comme botaniste à la Mission de l'exploration scientifique de la M'unisie du D'-Cosson, avec Philippe 'Thomas, en 1883. Il fit, partie, comme médecinmajor du 3' tirailleurs, en 1881-82, du corps expéditionnaire de M'unisie. Est mort vers 1.890, à Sainl.-Ma.reellm (Isè",medicine_health,medicine_health,,,,,2,legion_honneur;palmes_academiques,1,0,,,,,0,,0,0,0,621,341,0.9517
L1912-02151,REBOUL,Augustin - Chartes,0,,23 mai 1866,1866,Régusse,Var,"Propr. clu «Grand Hôtel de France», place de la Casbah, à Gafsa. ",administration;politics_native_admin;commerce;industry_crafts;hospitality_services,administration,,Gafsa,20 oct. 1889,1889,1,nichan_iftikhar,0,1,,,,,0,,0,0,0,532,341,0.9412
L1912-02153,RECLUS,Jacques,0,,24 août 1.879,1879,Paris,,"Chef de bureau au Secrétariat général du Gouvernement tunisien (section d'Etat), rue de Cronsladt, Tunis. Oct. ",military;administration,military,,Tunis,1897,1897,2,palmes_academiques;nichan_iftikhar,0,1,collège de Libourne . (Gironde) ; Université de Bâte (S u i s s e); étudiant libre à Cologne et à Berlin ; diplôme supérieur de lanaue arabe ei de traducteur.,collège de Libourne,diplome_superieur,"interprète-traducteur assermenté clu génie militaire a Bizerte, 1.901-1.902; interprète-traducteur à ta Direction générale des Travaux publics, 1.902-08. Délégué à la Section d'Etal de l'Administration générale du Gouvernement tunisien, 3 nov. .1.910; chargé de cours à la chaire publique de langue arabe, oct. 1910. Fils d'Onésime Reclus, neveu d'Elisée Reclus.",5,,0,0,0,767,341,0.9107
L1912-02155,REFALO,Salvator-François,0,,24 juillet 1.854,1854,Tunis,,"agricole, comm. clu NichanIflikhar, Médaille d'honneur du Travail. Inspecteur clu mouvement à la Cie B.-G., Sousse.",administration,administration,,Tunis,,,2,palmes_academiques;merite_agricole,0,0,école des Frères de la. rue de la Casbah. .,école des Frères,,"serre-freins, 1.87S, sous-chef de gare, 1885; agent de la. Compagnie à Sousse, 1.88S; inspecteur de 1.896 à ce jour. Conseiller municipal de Sousse; membre de la. Chambre mixte clu Centre; membre clu Conseil d'hygiène; officier de l'état civil en l'absence clu vice-président délégué.",11,,0,0,0,551,341,0.9128
L1912-02157,REIBELL,Emile,0,,3 nov. 1866,1866,Strasbourg,,"coloniale avec agrafe en or «Mission Saharienne», I Médaille de Madagascar. Colonel du 7' de ligne à Cahors, ancien lieutenant-co- ^ lonel du 4* zouaves à Bizerte.",military,military,,Bizerte,,,3,legion_honneur;palmes_academiques;medaille_coloniale,1,0,"r Ecole spéciale militaire, 31 oct. 1885 ; sous-lieutenant au 1"" tirailleurs algériens, 1"" oct. 1887; fit partie, en 18S9, < de la mission topographique du Sud al- 1 gérien; lieutenant, 1""' avril 1891. De 1891 à 1893, il commanda le peloton de méharistes du poste d'El-Goléa, créé par le capitaine Lamy. Au commencement de l'année 1895, il fut adjoint au même capitaine Lamy pour le recrutement et l'organisation du serv. des convoyeurs auxiliaires, du corps expéditionnaire de Madagascar. Le 9 avril, il partit pour Majunga avec le premier convoi et fut promu capitaine le 23 du même mois. Quand les opérations commencèrent, on le mit à la disposition du colonel Bailloud, directeur des étapes et commandant supérieur du Boéni. Reçu à l'école de guerre en 1898. Fut désigné en juillet 1898 pour ta mission Fourreau-Lamy; partie de Ouargla en oct. 1898, la mission arriva à In-Azaoua le 22 fév. 1899; elle alla ensuite à. Iferouane, à Aouderas, à Agadez, à Zinder (2 nov.) et enfin se trouva sur les bords du Tchad au commencement de l'année 1900. Au mois d'avril, le commandant Lamy marcha contre l'armée de Rabah, qu'il attaqua à 5 kilomètres au nord-ouest de Koussouri. Rabah fut tué et son armée dispersée; mais la victoire nous coûtait cher, el, le commandant Lamy, blessé mortellement, remit le commandement de la mission an capitaine Reibell. Celui-ci marcha rapidement contre les fuyards de Koussouri, ralliés par le fils de Rabah. La poursuite, habilement conduite, amena la prise des richesses et de la smala de Rabah (combats des 2 et 7 mai 1900) et la pacification du Chari. Chef de bataillon le 9 oct. 1.900, M. Reibell, qui avait été affecté au 4\ puis au 1"" tirailleurs algériens, rejoignit son bataillon à la colonne du Tonal. Le 18 fév. 1901, il commandait la garnison de Timmimoun, forte de 160 hommes, quand il fut attaqué, à 4 h. 30 du matin, par un millier de Berabers, qu'il parvint à repousser après avoir lutté pendant trois heures. Il fut cité à l'ordre de l'armée d'Afrique pour ce fait d'armes. Détaché à ta. présidence de la République le 1.0 mai 1.901. Breveté d'étatmajor (1903), lieutenant-colonel (30 mars 1904), M. Reibell resta à l'Elysée jusqu'au départ de M. Loubet; il occupa ensuite un emploi de son grade au 1."" régiment étranger. Nommé commandant supérieur du cercle de Mamia, il fut cité de nouveau, à ta suite des combats du mois de novembre 1907 à. Babel-Assa, à l'ordre de l'armée d'Afrique. Passé au 4"" zouaves le 24 septembre 1908. Colonel du 7° d'infant., à. Cahors. M. Reibell est un des plus jeunes colonels de l'armée française. Il a écrit un ouvrage : ((Le commandant Lamy», d'après sa correspondance et ses souvenirs de campagne. Son père était général d'artillerie.",école de guerre,,,0,,0,0,1,2990,341,0.9276
L1912-02158,REIX,Jean,0,,9 juin 1868,1868,Jumilhac-leGrand,Dordogne,Directeur d'école à Béja. ,education_science,education_science,,Béja,9 déc. 1891,1891,2,nichan_iftikhar;medaille_coloniale,0,1,"collège de Saint-l'riex (H .-Vieil-. ne), 1883-86; école normale de Périgueux, 18SC-89; brevets simple et supérieur; certificat d'aptitude pédagogique.",collège de Saint-l'riex;école normale,certificat,"instituteur adjoint en France, 1S90-91; à Tunis, 1891-93; directeur d'école à T'estour, 1893-95. à Enfrdaville, 1895-1.902, et à Béja, 19p2 à ce jour. V.-prés. du Cercle de Béja de la Ligue française de l'Enseignement; v.-prés. de la Société des Amis des arbres (section de Béja). Médailles d'argent à l'Exposition coloniale de Marseille (1906) et au. Concours agricole de Tunis, 1907, pour ses travaux agricoles.",9,,0,0,0,704,342,0.9045
L1912-02159,REMY,Victor-Henri-Adolphe,0,,3 sept. 1.852,1852,,,"comm. au i\icnan-mikhar. Avocat à Bizerte. 1"" juillet 1889.",justice_law,justice_law,,Bizerte,,,3,legion_honneur;palmes_academiques;nichan_iftikhar,1,1,"lycées de Vesoul et de Barle-Duc, Faculté de Droit de Paris; bachelier es lettres et es sciences ; licencié en droit. Sousintendant militaire en retraite. Actuellement de 2"" cl. (territoriale!. '",Faculté de Droit de Paris,licence_droit;baccalaureat,,0,"«Traité de 1a comptabilité publique étudiée au point de vue des dépenses» (1.894, Berger-Levrault, édit.); «Eludé sur les ports-francs : un porl-franc à. Bizerte» (1904, M'unis); auteur de plusieurs articles parus dans""«la Revue de l'Intendance» et dans «la-Revue tunisienne». Professeur du cours de législation militaire à l'Ecole d'administration militaire de Vincennes de 18S2 à. 1.889.",1,0,0,770,342,0.9227
L1912-02160,RENAULT,Jules,0,,29 janv. 1860,1860,,,"publique, ol'f. clu NichanIftikhar. chev. du Cnmbodae. Médaille de l'Etat souverain du Panama., off. du Buste du liber. (Venezuela). Architecte à la. Direction générale des M'ravaux publics, 6. place Sidi-elBohri,Tunis. Juin 1902.",military;engineering_architecture,military,,Tunis,,,2,palmes_academiques;nichan_iftikhar,0,1,"1 y c é e s d'Angouléme et Charlemagne de Paris; Ecole des Arts déco- ratifs, Paris; Ecole nationale des BeauxArts, Paris. Correspondant du Ministère de l'Instruction publique et des BeauxArts.",Ecole des Arts,,"architecte-conducteur des Bâtiments civils en Cochinchine, 1881-82; chef clu 4"" bureau technique à Panama, 1882-84; entrepreneur à Panama, 18S4-86. Entré au Conservatoire de Paris en octobre 1SS6, débute au théâtre à l'île de La Réunion en 1892; crée à Monte-Carlo le rôle de Tristan dans «Tristan et Yseult», de Wagner, 21 mars 1S93; puis aux théâtres d'Avignon, La Haye, G and, Liège, etc.; entre à l'Opéra de Paris et y débute, le 1.9 juillet 1897, dans le rôle de Samson, dans «Samson et Dalila»; quitte le théâtre en 1902, après avoir chanté «le Trouvère» à Paris, le 20 juin, pour prendre son service aux Travaux publics le V juillet, suivant. Il portait à l'Opéra le nom de Raynal. V.-prés. du groupe D de l'Assistance Mutuelle 'Tunisienne ; secr. de l'Institut de Carthage. Mention honorable de la Mutualité. Lettre de félicita ti on clu Préfet de police pour sa. conduite lors de la. catastrophe de SaintMandô. 1.S91.",16,"«Essais poétiques» , Saint - Pierre - de - La Martinique, 1.901, articles clans la ((Revue 'Tunisienne» et «le Bulletin de la. Société Archéologique de Sousse». «Cahiers d'archéologie tunisienne»; le 1"" cahier a paru en janvier 1908, le 2"" en juillet. ((Républicain (Le)». Organe radical-socialiste, 6, rue d'Italie, Tunis. 8 novembre 1903. 8"" année, hebdomadaire. Directeurfondateur : M. Paul Lambert. Paraît tous les mercredis. M'ôlôp. 1.06. Abonn', 5 fr, par an; le numéro 5 cent. Imprimerie Commerciale, 2, r. Malla-Srira.Tunis. Résident général. Ternie par lequel est désigné le représentant de la France en Tunisie. Le Résident général est en effet le représentant clu Gouvernement de -la République Française auprès du. Bey. 11 esl, l'intermédiaire dans les rapports de la. France avec les autorités tunisiennes pour toutes les affaires intéressant les deux pays. Il esl, ministre des affaires étrangères el président du Conseil des ministres du Gouvernement tunisien. Il est'dépositaire des pouvoirs de la. République dans la Régence et chef des armées de terre el de mer el de tous les services administratifs concernant les Européens -et les Indigènes.. Il approuve par délégation du Gouvernement Français la promulgation et la mise à exécution'des décrets beylicaux. 11 a seul le droit de correspondre avec le Gouvernement Français. Exception est l'aile pour les affaires d'un caractère purement technique et d'ordre intérieur dans chaque administration française. C'est le Résident, général qui présente à l'approbation du Bey le projet cie budget tunisien el qui présente tous les ans un rapport au Président de la. République sur la situation de la, M'unisie. Il préside les sessions de la Conférence Consultative. Le Résident général est, toujours au titre français, ministre plénipotentiaire. Les résidents qui se sont succédé à la tête de l'administration du Protectorat sont : MM. Rouslan (1882), Paul Cambon (1882-1.886), J. Massicault (1886-1892), Charles Rouvier (1892-1894), René Millet (1.8941900), Benoît (à litre intérimaire) (1.9001901), S. Pichon (1901-1907). Le Bésident actuel est M. G. Alapetile, qui fil son entrée solennelle à Tunis le 7 février 1907. Son jour d'audience a été fixé au samedi de chaque semaine. Les personnes qui désirent être reçues par le Résident général doivent en faire la demande par écrit au chef du Cabinet.",1,0,2,3800,342,0.9215
L1912-02161,RESFLANDY,Jean-Emile-Ferdinaild,0,,26 nov. 1866,1866,Perpignan,,"Architecte, ",engineering_architecture,engineering_architecture,"3, rue duContrôle-civil et 2, rue Barca",,1894,1894,2,palmes_academiques;nichan_iftikhar,0,1,"Ecole des Beaux-Arts de Paris. Architecte principal à la Direction des Trav a u x oublies de 1894 à 1900. Président du Comité des fêtes de Tunis. Prés, de la Société régionale «La Roussrllonnaise».",Ecole des Beaux-Arts,,,0,"Palais de Justice; hôpital civil ;. théâtre - casino municipal; Hôtel de Ville (1"" prix au Concours, en 1.899, en collaboration avec M. Bezencenet); la rue Léon-Roches; Hôtel du SfaxGafsa à Sfax; nombreux bâtiments publics et privés dans la Régence; groupe scolaire, rue Rouslan, etc. Grand prix à l'Exposition coloniale de Marseille 1.906.",1,0,0,727,343,0.9093
L1912-02162,REÙBEL,Maurice,0,,10 mars 1.861,1861,La Fère,Aisne,Capitaine d'artillerie. J^a Manouba. Actuellement au Maroc.,military,military,,,,,2,legion_honneur;palmes_academiques,1,0,"- Ecole nationale des Beaux-Arts. Délégué de l'Alliance Française en Annam ; président de la section tunisienne de ila «France prévoyante » ; secrétaire général de la Société de géographie commerciale (section tunisienne). Exudes de chemins de fer en Indo-Chine. «Réveil de Gabès (Le)». Gabès. Juin 1905. Défense des intérêts de l'ExtrêmeSud; mise en valeur de la région; créa- tion du port de Gabès. Administration : MM. Noyés, Benade, Joseph Attal. Rédaction : M. Dabrigeori el quelques rédacteurs bénévoles el occasionnels.Anc. directeurs-rédacteurs : MM. Patin, juin 1905 à décembre 1.906; Noyés, 1906; Patin, janvier à novembre 1907; Noyés, 1.908-1909.",,,,0,"en 1905-190S, nombreuses éludes et articles sur les questions sahariennes, sur le développement-économique de VExtême-Sud, suites questions agricoles, etc.",1,0,2,988,343,0.9013
L1912-02163,REVERDIN,Joseph,0,,1859,1859,Marseille,,Procureur de ta République à M'unis.,justice_law;religion,justice_law,,,,,1,palmes_academiques,0,0,,,,"avocat, 1.880; docteur en droit, 1.884; juge suppléant à Marseille, 1884; substitut à Draguignan, 1SS7; procureur à Sarlène, 1.S88; procureur à Ajaccio, 1889; procureur à. Albi, 1897; avocat général à M'oulouse, 1901; procureur à M'unis, 191.1.",10,,0,0,0,360,344,0.8499
L1912-02164,REVERTEGAT,Paul-Henri,0,,4 déc. 1851,1851,Le Beausset,Var,"off. du NichanIftikhar. Médaille coloniale, etc. Colonel au 4"" zouaves. ",military,military,"20, rue d'Angleterre",,1906,1906,3,legion_honneur;palmes_academiques;medaille_coloniale,1,0,"lycée de M'oulon. vin et ea.mnnpayiieb, ciuiiL nuis ue guerre.",lycée de M'oulon,,,0,,0,0,0,293,344,0.8453
L1912-02165,RËVOGAT,Louis-Gabriel,0,,18 février 1S68,1868,Bordeaux,,off. du NichanIflikhar. Publiciste à Tunis. ,press_letters_arts,press_letters_arts,,Tunis,5 décemb. 1886,1886,0,,0,0,,,,"colon dans la région de Sousse ; service militaire ; secrétaire de contrôle civil ; rédacteur au ((Promeneur». N'a jamais depuis quitté la presse tunisienne, à laquelle il appartient toujours. Syndic du syndical de la Presse tunisienne.",6,,0,0,0,358,344,0.842
L1912-02166,REVOL,Jean,0,,1858,1858,Lyon,,Sfax (Tunisie). ,,,,Sfax,13 fév. 1885,1885,3,palmes_academiques;merite_agricole;nichan_iftikhar,0,1,"lycée de Lyon jusqu'en 4°, collège Sa.inte-Ma.riedé-Saiht-Chamond jusqu'en philosophie.",lycée de Lyon;collège Sa,,"rédacteur à, «Tunis-Journal» en 1885, correspondant de plusieurs journaux de 'Tunisie de 1886 à 1895. Directeur et fondateur de «la Dépêche Sfaxierine», journal quotidien (1.895). «Bulletin Agricole de la Dépêche Sfaxienne», hebdomadaire en 1901. V.-prés. de l'Association des Journalistes français de M'unisie, 1908.",4,,0,0,2,563,344,0.9061
L1912-02167,REVOLON,Emile-Alexandre,0,,22 fév. 1S79,1879,Pélussin,Loire,"Quincaillier; roule de L'Aria.na, Tunis. ",commerce,commerce,,Tunis,1906,1906,0,,0,0,Ecole professionnelle pratique de commerce et d'industrie de Saint-Etienne; diplômé ouvrier d'art à Lyon en 1.899. A été électricien mécanicien à la Société de Construclions électriques de Lyon.,,diplome_superieur,,0,,0,0,0,309,344,0.9086
L1912-02168,REVOLON,Stéphane,0,,7 janv. 1.S60,1860,Pélussin,Loire,"Quincaillier. 6. rue de nome, lums. Sept. ",commerce,commerce,,,1886,1886,2,palmes_academiques;nichan_iftikhar,0,1,,,,"employé de commerce à Annonay et à Saint - Etienne et négociant à M'unis. Prés, du Comité du Congrôs républicain radicalsocialiste en 1906; très, de la Société française de bienfaisance ; memb. el, une. très, de l'Association commerciale el industrielle de la Régence de M'unis: memb. clu Bureau et, anc. v.-prés. de la société ((Région lyonnaise»; memb. du Comité du Cercle républicain; memb. du Comité permanent des fêtes; v.-prés. de la section tunisoise du Comité républicain du -commerce, de l'industrie el de l'agriculture. Membre de ta Conférence Consultative (1"" cire, 2"" coll.), élu en 1.907. A publié en 191.0 une brochure intitulée : «L'oeuvre des Français en M'unisie». «Revue de Khroumirie». 20 juillet 1.911. Littérature. Sciences, Economie politique et sociale. Tabarca. Mensuelle. Directeur : M. Pierre Giraudel. Abonn' : 1.0 fr. par an. Imp. Fortin, 'Tunis. «Revue Tunisienne». Publication littéraire, artistique et archéologique, fondée en 1.885. Rédacteur en chef, M. Ferdinand 1-Iua.rd; secrétaire de la. rédaction. M. Anlony Grégoire. Disparue en 1889! Mitre repris en ""1.894 par l'Institut de Carthage, avec adjonction du soustitre : Association tunisienne des Lettres, Sciences et Arts.",31,,0,0,0,1364,344,0.9022
L1912-02169,REY,Louis,0,,oct. 1.860,1860,M'unis,,"Entrepreneur de constructions, avenue de Paris, 35, M'unis.",industry_crafts,industry_crafts,,,,,3,couronne_italie;palmes_academiques;nichan_iftikhar,0,1,"école des Frères de la Doctrine chrétienne. V.-prés. de la Chambre de Gommer- ce Italienne; v.-prés. de ta Banque Commerciale Tunisienne. Constructeur des abattoirs, des bâtiments de ta Régie des tabacs, du Tunisia. Palace Hôtel et de quantité de maisons de rapport et villas. Diplôme de médaille d'urgent.",école des Frères,diplome_superieur,,0,,0,0,1,498,344,0.9476
L1912-02170,REY,Louis,0,,24 oct. 1S72,1872,Constantine,,officier du NichanIftikhar. Négociant à Gafsa. Novembre 1885.,commerce,commerce,,Gafsa,,,0,,0,0,lycée de Conlantine. Ancien viceprésident de la Municipalité à Gafsa. Membre de la Chambre mixte de Commerce el d'Agriculture du Sud.,lycée de Conlantine,,,0,,0,0,0,244,345,0.8845
L1912-02171,REYMOND,I-I.-L.,0,,22 fév. 1.871,1871,Saintilienne,Loire,"Agent générml de la Comoagnie des v a. p e u r s de charge français et de ta Société générale de Houilles et Agglomérés; agent clu Bureau «Veritas». Huiles et, céréales. 1.0. rue de Hollande, M'unis (Téléphone: 6.82)",military,military,,,,,2,palmes_academiques;nichan_iftikhar,0,1,,,,maréchal des logis de hussards ; agent commercial cie la Compagnie des Vapeurs de charge français; agent de la. Compagnie francotunisienne de Navigation; directeur de l'Esl-M'unisien. Membre du Comité de la. Société française de Bienfaisance; v.- prés. de la société la ((Région Lyonnaise».,8,,0,0,0,620,345,0.8704
L1912-02172,REYNAUD,Alphonse,0,,2 juin 1802,1802,Digne,B.-Alpes,Entrepreneur à Sfax. ,industry_crafts,industry_crafts,,Sfax,1896,1896,1,nichan_iftikhar,0,1,"Ecole professionnelle d'Aix. Attaché à la Direction générale des Travaux publics en 'Tunisie, au Sénégal et au Soudan. Membre de la Ligne de l'Enseignement et de la Ligue des Droits de l'Homme et du Citoyen. M'RAVAUX : égouls de Dakar (Sénégal).",,,,0,,0,0,0,358,345,0.8982
L1912-02175,RIBET,Jean-Pierre,0,,6 avril 1.864,1864,Pomarel,Piémont,Propriétaire à Tunis et à 1-lérimoncourt (Doubs). ,military;commerce;mining,military,,Tunis,24 février 1884,1884,1,legion_honneur,1,0,"lycée Louis-le-Grand, Faculté de Droit, École libre des Sciences politiques. Ecole des Langues orientales de Paris; licencié en droit; diplômé cie l'Ecole libre clés Sciences politiques (section diplomatique). Lieutenant d'artillerie de territoriale.","lycée Louis-le-Grand;Faculté de Droit, École libre des Sciences politiques;Ecole des Langues",licence_droit;diplome_superieur,"secrétaire d'ambassade à Berlin (trois fois), à Bucarest, au Caire, à ta deuxième Conférence de la Paix, au Ministre des Affaires étrangères.",1,,0,0,0,852,345,0.9228
L1912-02176,RICHARD,Àdric-Charles-Adolphe,0,,5 fév. 1853,1853,Saint-Denis,île de La. Réunion,Entrepreneur de travaux publics. Publicisle; directeur et propriétaire du «Nord-Tunisien». M'indja. et Ferryville. ,industry_crafts,industry_crafts,,Ferryville,1901,1901,1,palmes_academiques,0,0,,,,,0,,0,0,0,624,345,0.9232
L1912-02177,RICHARD-NICOLAS,Alphonse,0,,2 oct. 1843,1843,Metz,Lorraine,Avocat au barreau de Tunis. Juillet 1887.,justice_law,justice_law,,Tunis,,,0,,0,0,"Faculté de Droit de Paris, 1.S67-69. Engagé volontaire au 8"" cuirassiers pour la durée de la. guerre. A pris part aux charges de Morsbroun (dites de Reischoffen), 6 août 1.870; licencié avec l'armée de la Loire.","Faculté de Droit de Paris, 1",,"avocat-défenseur près le tribunal civil de Bougie; avocat au barreau de M'unis, 1.887; bâtonnier en 1.894 et 1.895. Décédé à Tunis le 18 oct. 1895, y inhumé.",5,,0,0,0,489,345,0.8765
L1912-02178,RICHARD-NICOLAS,Robert,0,,,,,,"Syndic de faillites, ",,,"16, rue d'Espagne, Tunis",Tunis,,,1,nichan_iftikhar,0,1,lycée de Tunis; bachelier es lettres; licencié en droit. Ancien avocat au barreau de Tunis. Officier d'administration de réserve.,lycée de Tunis,licence_droit;baccalaureat,,0,,0,0,0,236,345,0.9532
L1912-02179,RICHARD,,0,,17 juin 1874,1874,,,"(Paul-Antoine), 17 juin 1874, avocat à la Cour d'Appel de Paris, rédacteur au «Siècle», 4,",justice_law,justice_law,"9, rue de Lévis",,,,0,,0,0,"lycées de Marseille et de Mont-' néflier. Faculté de théologie de Montauban. Faculté de droit de Lille; licencié en droit; bachelier ôs lettres; bachelier en théologie. Service militaire au i' spahis, 1892-1896. Fondateur de la. Maison hospitalière pour les enfants abandonnés et Assistance par le Travail de Lille (subventionnée par l'Etat); fondateur d'une oeuvre analogue à Paris, 1908 : Petites familles d'enfants abandonnés; membre du Comité des enfants traduits en justice. Chargé de mission du Gouvernement en Guyanne française en 1905. Conférencier de la Ligue des Droits de l'Homme, du Comité républicain des Conférences populaires et du Comité des Conférences radicales. Candidat radicalsocialiste aux élections législatives dans la 1"" circonscription de Valence (Drôme). Rédacteur politique au «Siècle»; collaborateur à la «Revue judiciaire».",Faculté de théologie de Montauban;Faculté de droit de Lille,licence_droit;baccalaureat,,0,,0,0,0,986,345,0.9457
L1912-02180,RICHARD,Victor,0,,14 août 1859,1859,Marseille,,"agricole, gr. off. du NidiaxiTlftikhar. Ancien directeur du Comptoir National d'Escompte de Paris à. M'unis. ",,,,,1892,1892,3,legion_honneur;palmes_academiques;merite_agricole,1,0,"Lycée de Marseille, Faculté de droit d'Aix-e'n-Provence; licencié en droit. Lieutenant de réserve de cavalerie. S'occupe activement de colombophilie.",Lycée de Marseille;Faculté de droit d'Aix-e'n-Provence,licence_droit,,0,,0,0,0,390,346,0.959
L1912-02181,RICKLIN,Paul,0,,6 nov. 1851,1851,Guebwiller,H.-Rhin,"Agent général clu «Soleil», vie, incendies, secours, accidents. Cabinet de consultations juridiques, 7. rue de Danemark, M'unis. ",military;diplomacy,military,,Monastir,23 avril 1883,1883,2,merite_agricole;nichan_iftikhar,0,1,,collège à,licence_droit,,0,,0,0,0,540,346,0.9434
L1912-02182,RIETMANN,Edouard-Rodolphe,0,,avril 1860,1860,Bordeaux,,Négociant exportateur d'huile (Sousse). Octobre 1900.,commerce,commerce,,Sousse,,,2,palmes_academiques;nichan_iftikhar,0,1,"lycée de Bordeaux, Institut industriel du Nord.de la France (Lille), Ecole Duvigneau-de-Lanneau (Paris). Directeur de la Société coloniale Bordelaise de Madagascar, à Majunga. Membre de. la Chambre mixte de Commerce et d'Agriculture du Centre, Sousse.",lycée de Bordeaux;Institut industriel,,,0,,0,0,0,411,346,0.947
L1912-02185,RIOLS DE FONCLARE,Alexandre Henri,0,,29 janv. 1869,1869,Le Bousquet-d'Orl,Hérault,"Foudrier-charpentier, ",military,military,"6, rue Rêgulus, Tunis",Tunis,15 nov. 1897,1897,0,,0,0,,collège de Pézenas,baccalaureat,,0,,0,0,0,577,346,0.9023
L1912-02186,RIOU,Adolphe,0,,15 juin 1871,1871,Loudiac,C.-du-Nord,"Commissaire de police, Tunis. 1""' nov. ",,,,Tunis,1907,1907,2,palmes_academiques;nichan_iftikhar,0,1,"lycée d'Agen (L.-et-Gar.), collège de Mo'issac (T.- el-Gar.); bachelier es lettres.",lycée d'Agen;collège de Mo'issac,baccalaureat,"commissaire spécial au ministère de l'Intérieur de 1.89S à. 1.900; commissaire do police de 3' cl. à Morlaix (Finistère), 1900-06; à Brest, 2"" cl..1.906-07,et à M'unis. «Risveglio (II)». Journal en langue italienne, fondé le 8 mai 1.90S, paraissant tous les dimanches, à Tunis.",8,,0,0,0,678,346,0.8898
L1912-02188,RITE CHAEAI,,0,,,,,,"— Instauré par l'imam i Ech Cbafaï Mohamed ben Idris, né en 767 à Gaza. Ce- jurisconsulte qui avait suivi les enseignements de Malek et de j Bou Hanifa eut pour principal mérite - d'avoir réglementé l'analogie légale. =. Ses ouvrages sont à peu près introuva- 'blés. Sa doctrine est suivie en Egypte ",religion;diplomacy,religion,,,,,0,,0,0,,,,,0,,0,0,0,360,346,0.9011
L1912-02190,ROBAGLIA,Pascal-Nonce,0,,25 mars 1842,1842,Bonifacio,Corse,"- Iftikhar, comm. du Medjidié, comm. du Lion et du Soleil de Perse. Capitaine en retraite, La Goulette. 23 déc. 18 91.",military,military,,La Goulette,,,4,legion_honneur;saints_maurice_lazare;nichan_iftikhar;medjidie,1,1,"collège Fesch, Ajaccio, Retraité par suite de blessures reçues pendant la guerre de 1870; devint chef du Bureau de la presse, de la librairie, de l'Imprimerie à la Préfecture du Rhône, 1872-75. A publié en 1874, à Lyon, un «Manuel administratif de la' Presse, de la Librairie et de l'Imprimerie» qui fut approuvé par M. -""Welche, sous-secrétaire d'Etat à l'Intérieur. A reçu de la. Colonie italienne de La Goulette, en 1.891., une médaille d'or grand module offerte par souscription. ' A créé et dirigé à Paris, en 1879, le journal «Le Progrès agricole»; de 1.876 à 1880, a collaboré à Paris aux journaux «Le. Cultivateur», «Le Moniteur des sociétés industrielles et commerciales» et à: «l'Economiste franco-russe». En 1891, a fondé et dirigé, à Nice, le journal quotidien «Le Petit Niçois». Venu en M'unisie* comme; administrateur délégué de la. Société des Monts de Piété. Vice-Président délégué de la Municipalité de La Goulette de 1.896 à 1903. Fondateur de ta Société française de Bienfaisance de La Goulette et, président de ladite Société de 1:897 à 1.903: président de la Société de secours mutuels «l'Union des Travailleurs français», section de La Goulette. Décédé a Là Goulette, en août 1911; y inhumé.",collège Fesch,,,0,,0,0,0,1481,347,0.902
L1912-02191,ROBERT,Henri-Léon,0,,22 juin 1849,1849,Niéclerbroun,Bas-Rhin,"Médecin principal de 1"" cl. de l'armée; ancien directeur clu Service de Santé de la Division d'occupation de la Tunisie. Mars 1908.",medicine_health,medicine_health,,,,,4,legion_honneur;palmes_academiques;merite_agricole;nichan_iftikhar,1,1,"Ecole .- de Médecine de Nancy, Faculté de Médecine de Strasbourg, Faculté de Médecine de Paris (ancien élève à l'Ecole du Service de,_Santé militaire de Strasbourg (1868); bachelier es lettres et es sciences. Médecin de la Faculté de Paris.","Faculté de Médecine de Strasbourg, Faculté de Médecine de P",baccalaureat,"médecin en chef des hôpitaux militaires de La Rochelle et de Constantine ; directeur du Service de Santé de la division de Constantine, puis de la Division d'occupation de la Tunisie. Membre de la Société de Médecine de Nancy. Campagne de 1870 (siège de Strasbourg, armée de la Loire); campagnes en Algérie.",5,,0,0,1,867,347,0.9397
L1912-02192,ROBICHON,Ludovic,0,,,,,,"Cultivateur à Djerba. Mars 1893. Premier maître de timonerie en retraite. Garde pêche de 1893 à 1.896, puis cultivateur. Conseiller municipal depuis quatre ans.",politics_native_admin,politics_native_admin,,Djerba,,,2,medaille_militaire;nichan_iftikhar,0,1,,,,,0,,0,0,0,267,347,0.9009
L1912-02193,ROBINET,Pierre,0,,2 sept. 1878,1878,Binges,C.-cVOr,"Professeur à l'École d'Agriculture Coloniale, ",education_science,education_science,"1, rue d'Ajaccio, M'unis",,1900,1900,2,merite_agricole;nichan_iftikhar,0,1,"Ecole Nationale d'Agriculture de Grignon. Ingénieur agricole. Lieutenant de réserve au 4"" zoua.ves. Membre du bureau du Cercle de M'unis de la Ligue de l'Enseignement.",,,,0,,0,0,0,360,347,0.9227
L1912-02194,ROCHES,Léon,0,,,,,,"(Léon), fut consul général de , France à, Tunis de 1S55 à 186S.""- Fit de bonnes études classiques aux collèges de Grenoble et de Tournon et quelques études de. clroit. Son père, qui avait été attaché à l'Intendance lors de l'expédition d'Alger, s'était établi eh Algérie où il s'adonnait à des entrep",military;diplomacy,military,,Tunis,,,0,,0,0,,,,,0,,0,0,0,4195,347,0.9531
L1912-02195,RODERIE,,0,,21 août 1871,1871,Busserolles,Dordogne,"(Dordogne), propriétaire agriculteur, Saint-Micliel-du-Sud, par la Skhira. ",agriculture,agriculture,,,6 avril 1890,1890,0,,0,0,,,,,0,,0,0,0,743,348,0.8573
L1912-02196,ROEDERER,Léon-Georges,0,,9 août. 1S70,1870,Mulhouse,,"Agriculteur, domaine de Lérig, par Michaud. ",agriculture,agriculture,,,1899,1899,2,merite_agricole;nichan_iftikhar,0,1,,,,,0,,0,0,0,315,348,0.9291
L1912-02197,ROGER,Hubert-Louis,0,,18 avril 1870,1870,Chalanlre-la-Grande,,Commissaire de police à Mellaoui. Oct. ,,,,Tunis,1893,1893,1,nichan_iftikhar,0,1,,,,,0,,0,0,0,597,348,0.8233
L1912-02199,ROLLAND,Georges,0,,23 janv. 1852,1852,Paris,,"agricole, comm. du Nicban - Iftikhar. Ingénieur en chef des Mines, ",engineering_architecture;mining,engineering_architecture,"60, rue Pierre - Larousse, Paris",,1885,1885,4,legion_honneur;palmes_academiques;merite_agricole;nichan_iftikhar,1,1,"Ecole Polytechnique. Ancien chargé de mission en Tunisie, fît partie cle la mission de l'explora lion scientifique de l.n Tum'cir» ri11 docteur Cosson, avec Philippe Thomas. Il fui cliargé spécialement de la géologie. (Y. Cosson.)",Ecole Polytechnique,,,0,,0,0,0,466,349,0.8888
L1912-02200,ROLLAND,Pierre-Louis,0,,,,,,(Tunis). ,education_science,education_science,,Tunis,26 sept. 1888,1888,2,palmes_academiques;ouissam_alaouite,0,0,,collège Alaoui;école normale,,,0,,0,0,0,178,349,0.8874
L1912-02203,ROMDAN BEN ROMDAN,,1,,1864,1864,Mahdia,,"Banquier, propriétaire, industriel, agriculteur, fabricant d'huiles d'olives, d'huiles de grignons el de savons à Mahdia. Prés, de la Société indigène des huileries cle Z o u ï b a pour l'extraction des huiles de grignons au sulfure de carbone; V.-prés. du Cercl e international de Mahdia; administra",industry_crafts;agriculture;finance_banking,industry_crafts,,Mahdia,,,2,merite_agricole;nichan_iftikhar,0,1,,,,,0,,0,0,1,775,349,0.9118
L1912-02204,RONDEAU,Wilfrid,0,,17 mars 1875,1875,Nantes,Loire-Inf.,Banquier et négociant à FerryJilie. 25 sept. L9 02.,commerce;finance_banking,commerce,,,,,1,nichan_iftikhar,0,1,Scole laïque primaire le D jid jelli.,,,"employé de commerce; employé agricole à la Société du Nord de l'Afrique, caissier à la Compagnie Transatlantique (agence de Bougie), ancien v.-prés. d é 1 égué de la Municipalité de Ferryville. Très, de la Lyre Ferryvilloise; très, général du Comité du Monument du «Farfadet». Peintre amateur. Médaille de bronze de 1"". cl. au Concours agricole de Bougie.",8,,0,0,0,544,350,0.8772
L1912-02205,RONNE,Gustave,0,,,,,,"Vétérinaire municipal, juge de paix suppléant et colon à Kairouan. Dec. ",justice_law;medicine_health;agriculture,justice_law,,Kairouan,1904,1904,2,merite_agricole;nichan_iftikhar,0,1,Ecole vétérinaire de Lyon.,,,"vétérinaire municipal et inspecteur des .abattoirs de la ville cle Vienne (Isère); vétérinaire sanitaire de l'arrondissement de Vienne; secrétaire général du Comice agricole et de la Société d'élevage des cantons de Vienne et Roussillon (Isère). Prés, de la Société hippique de Kairouan; v.-prés. de la Ligue de l'Enseignement à Kairouan.",6,,0,0,0,531,350,0.9442
L1912-02206,ROQUES,Antonin-Hippolvle-Félix,0,,31 juillet 1S65,1865,Millau,Aveyron,"Commis expéditionnaire . cle 1"" cl. au contrôle civil de Sfax. Oct. ",administration,administration,,Sfax,1892,1892,1,nichan_iftikhar,0,1,collège de Millau.,collège de Millau,,"clerc d'avoué en l'élude de M. Lacroix, président de la Chambre des avoués, à Millau, pendant trois ans; employé à Kairouan, puis greffier intérimaire en cette ville, 23 juin 1893; secrétaire cle Contrôle fions de greffier-huissier à Gafsa, 29 janv. 1896-18 juill. 1898; secrétaire de Contrôle civil ffons de greffier-huissier à Mactar, 1S juill. 189S-8 mai 1903; commis expéditionnaire au Contrôle ci' vil de Sfax du 8 mai 1903 à ce jour. En tournée comme huissier, a rencontré en pleine nuit, le 25 sept. 1896, vers Feriana, une caravane de dix contrebandiers armés qui lui ont tiré dessus; leur a enlevé leurs huit cents kilos de tabacs et dix bêtes de somme; lettre de félicitations de la Résidence Générale, 26 décembre 1896.",12,,0,0,1,936,350,0.913
L1912-02207,ROSSI,Carlo,0,,27 déc. 1861,1861,Publiciste,,Tunis. 14 sept. 1908. Directeur-propriétaire du journal «La Guida Italiana».,press_letters_arts,press_letters_arts,,Tunis,,,0,,0,0,,,,,0,,0,0,0,117,350,0.8617
L1912-02208,ROSSIGNOL,Henri,0,,,,,,"Tours. Directeur, depuis son ouverture, de l'école secondaire libre, ",,,"5, rue de l'Algérie, Tunis",Tunis,1903,1903,0,,0,0,,,,,0,,0,0,0,162,350,0.9323
L1912-02209,ROTALIER,,0,,1880,1880,Besançon,,"Ingénieur civil, 14. Grande-Rue, Besançon. ",engineering_architecture,engineering_architecture,,,1903,1903,1,nichan_iftikhar,0,1,Ecole Centrale dé Paris. A été ingénieur de la fonderie des Mines du Chouichia (Tunisie). Actuellement ingénieur en chef de la fonderie des Mines de Balan-Banya (Hongrie). A quitté la Tunisie en 1907.,Ecole Centrale,,,0,,0,0,0,329,350,0.9264
L1912-02211,ROUDY,Athariase,0,,juillet 1875,1875,Angoulême,Charente,"Ingénieur des Arts et Manufactures. Ingénieur à la Compagnie Bône - Guelma, chef du Service du Mouvement, Tunis. ",engineering_architecture;industry_crafts,engineering_architecture,,Tunis,1898,1898,2,merite_agricole;nichan_iftikhar,0,1,Ecole centrale de Paris.,Ecole centrale,,,0,,0,0,1,268,350,0.893
L1912-02213,ROUQUIE,Alexandre,0,,8 janv. 1867,1867,Toulouse,,Pharmacien de l'hôpital civil français de Tunis. Fév. ,medicine_health,medicine_health,,Tunis,1899,1899,2,palmes_academiques;nichan_iftikhar,0,1,"Ecole primaire Michelet, lycée de Toulouse, . Faculté des Sciences de Toulouse, Faculté de Médecine de Toulouse: bachelier de l'enseignement moderne; licencié es sciences mathémati ques ; licencié ôs sciences phys., pharm. de 1"" cl., docteur en médecine; lauréat de littérature au concours général des lycées.","lycée de Toulouse;Faculté des Sciences de Toulouse, Faculté de Médecine de Tou",doctorat_medecine;baccalaureat,"répétiteur aux lycées de Foix'et de Toulouse, préparateur de chimie à la Faculté des sciences de Toulouse, pharmacien à l'hôpital civil français de Tunis. Ane. secr. gén. de la section toulousaine de la Ligue de l'Enseignement; a.nc. v.-prés. cle la, Société française cle Bienfaisance de Tunis; secr. de la sociôlô régionale «les Cadets de Gascogne», de Tunis, depuis 1S99.",4,Thèse d'hygiène coloniale; travaux divers dans les journaux de vulgarisation scientifique.,1,0,0,960,351,0.9027
L1912-02214,ROUSSET,Emile,0,,10 juillet 1870,1870,Beauzac,H.-Loire,"Ingénieur-constructeur, villa de la Laiterie du Belvédère, a Montpiaisir, près de Tunis. ",engineering_architecture;industry_crafts,engineering_architecture,,Tunis,27 janvier 1902,1902,0,,0,0,,,,"constructeur à. Saint-Etienne, nuis à Tunis et administrateur dans une société de construction. Créateur de diverses industries en Tunisie' (verrerie, brasserie, etc.). ;",3,,0,0,0,501,351,0.9012
L1912-02215,ROUSTAN,Théodore - Justin - Dominique,0,,,,,,"(Théodore - Justin - Dominique). Diplomate français né à Aix-enProvence en 1833. Le Dictionnaire Larousse dit de lui: «Consul général à Tunis depuis 1874, lorsque «par son habileté énergique», il sut sauvegarder les intérêts' de la France et assurer l'établissement de son protectorat sur la Régence.",military;diplomacy,military,,Tunis,,,0,,0,0,,,,,0,,0,0,2,1216,351,0.9549
L1912-02217,ROUVIER,Charles,0,,12 juillet 1849,1849,,,Ancien résident général de France à Tunis (1892-1894).,military,military,,Tunis,,,1,legion_honneur,1,0,,,,"rédacteur à l'Agence Havas; rédacteur, chargé du bureau cle la Presse au Ministère des affaires étrangères (I"". nov. 1879); secrétaire d'ambassade cle 2' cl. à Buenos-Ayres(2 mars 1880); de 1"" cl. à Rio-de-Janeiro (22 janv. 1881); ministre plénipotentiaire à Buenos-Ayres (4 nov. 1S83); cle 1"" cl. (6 janv. 1892) et ministre-résident général cle France en Tunisie (18 nov. 1892). M.Rouvier avait été nommé chevalier de la. Légion d'honneur le 5 mai 1871, à 22 ans. Chef du secrétariat à la Direction générale des Travaux publics, 21, avenue BabDjedid, Tunis. Fév. 1895. Entré dans l'administration le 1"" mars 1895.",12,,0,0,0,746,352,0.8879
L1912-02218,ROUX,Henri,0,,21 fév. 1864,1864,Compiôgne,Oise,"- Iftikhar, chev. de l'ordre M. Bouvier ne resta pas longtemps en Tunisie. Moins cle deux ans après son arrivée, il était, sur sa demande, nommé ministre plénipotentiaire à Stockholm, et remplacé à la Résidence Générale par M. René Millet, avec lequel il permutait. de l'Epée de Suède. Chef de batail",military,military,,,,,4,legion_honneur;palmes_academiques;nichan_iftikhar;merite_agricole,1,1,"Saint-Louis (Paris), Ecole militaire ■ de S'- r.vr F.p.olfi supérieure de guerre; bachelier es lettres et es sciences; second prix d'histoire an Concours général cle Paris; second prix de mathématiques élémentaires.-",,baccalaureat,"sous-lieutenant au 130"" d'infanterie, lieutenant au 46"", capitaine à SA.INT-RAPHA.EL QUINQUINA ; major de la 2° division d'infante:lu 1"" corps d'armée, puis du 7"" s d'armée. )Y (Léon), 21 août 1854, Paris, off. vférite agricole, off. du Nichan-Ifti'. -Colon à Ksar-el-Mezoual, près de iseja. Janv.isati. . Prés, du Cercle cle la Ligue de l'Enseignement de Béja ; prés, de la Libre pensée de B é j a ; prés, du Comité de défense républicaine aux colonies ; représ, de la Mission laïque. A créé de toutes pièces le domaine de Ksar-elMezoual, eonsiliprp rin-p IniiQ urne ferme modèle. Elevage et cèles tout spécialement. 4 premiers \- au Concours cle Béja. 1 médaille c, 1 médaille cle vermeil grand nioe des Agriculteurs de France, 4 nielles d'argent, 3 médailles de bronze. *OY (Jean-Baptisle-Bernard), 28 mai 5, ob. cle la. Légion d'honneur, off. l'Instruction publique, off. du Mérite agricole, gr.-cr. des ordres du NichanIftikhar et de l'Abed, titulaire de l'ordre cle l'Abed en bril1 a n t s. Secrétaire général pour la Justice du Gouvernement tunisien ; ministre plénipotentiaire, Tunis. services dans l'Administration des Télé•aphes cle 1864 à 1884; agent consu.ire de France au Kef en 1871; vicenisul et contrôleur civil en 1884; se•étaire général du Gouvernement dénis 18S9; consul, consul, général, miistre plénipotentiaire. Travaux d'éplraphie latine et d'épigraphie et de bi liographie arabes.",30,,0,0,2,2813,352,0.898
L1912-02219,ROYER,Alfred,0,,4 juillet 1861,1861,Sainttirons,Ariège,Brigadier tes Douanes à Mahdia. Octobre 1881. ÎTUDES : Collège de Saint-Girons. Briçadier de gendarmerie en retraite. A ait toute la campagne cle Tunisie en nialité de sous-officier.,military,military,,Mahdia,,,3,medaille_militaire;medaille_coloniale;nichan_iftikhar,0,1,,Collège de Saint-Girons,,,0,,0,0,0,327,353,0.8843
L1912-02221,RUPRICH-ROBERT,Edmoïid-Alberl,0,,20 février 1S67,1867,Paris,,"Secrétaire à la Municipalité de Tunis. 1"" août 1897.",,,,Tunis,,,1,palmes_academiques,0,0,"lycée Louis-le-Grand, Ecole des Beaux-Arts (section d'architecture), Paris ; bachelier es lettres, plusieurs récompenses à l'Ecole des BeauxArts. Lieutenant au • 15° bataillon territorial de zouaves. Ancien vice-président de la Municipalité de Nabeul. Colon, ' propriétaire, négociant en mégisserie. V.-prés. de la Société de Tir du CapBon; correspondant de «la Dépêche Tunisienne» et du Comité d'Hivernage. Médailles à Nabeul, Tunis, Marseille et Bizerte.",lycée Louis-le-Grand;Ecole des Beaux-Arts;Ecole des BeauxArts,baccalaureat,,0,,0,0,1,592,353,0.8228
L1912-02222,RUTILY,Adolphe-Mathieu,0,,11 février 1875,1875,Conslanline,,"Entrepreneur de travaux publics el uubliciste au Kef et, h Tunis (actuellem e n t au Maroc). ",industry_crafts,industry_crafts,,Tunis,1883,1883,1,ouissam_alaouite,0,0,lycée cle Toulon et collège Alaoui. Sous-officier de territoriale. Ancien entreposeur des Monopoles.,lycée cle Toulon;collège Alaoui,,,0,"Route de Soukel-Arba à Soukel-Khemis, école de BouArgoub, route de' la Merdja, route d'El-Aouina au Cap-Bon, route cle La Cebala du. Mornag, poste cle police de Massicault, route de Bab-Amine au Kef, route de Oued-Ramel. Directeur de «l'Avenir du Kef», correspondant de «la Tunisie Fran^ çaise» et de «l'Avenir du Centre». Membre. du comité de contentieux du Syndicat; des Entrepreneurs français en Tunisie:",1,0,1,681,353,0.9345
L1912-02223,RUTILY,,0,,oct. 1866,1866,Soccia,Corse,"Ëntrepré, neur, Tunis. Sept. ",,,,Tunis,1881,1881,1,nichan_iftikhar,0,1,,,,,0,"routes, chemins cle fer, entreprises diverses, : exécutés en Tunisie depuis 1882, date de la création cle la Direction générale:. i , des Travaux publics. Conseiller munici-' pal à Aïn-Abid, vice-président de la «Corse» (trois ans), président du Syndicat des Entrepreneurs français (trois ans). Directeur du «Libéral», quotidien, . - s",1,0,0,488,353,0.8274
L1912-02224,SAADA,Albert,0,,5 mai 1872,1872,Sousse,,"Entrepreneur de travaux publics.' Industriel-négociant. Sfax. Etait à Sousse tâcheron, puis est venu comme entrepreneur à Sfax. Délégué du Gouvernement près la Caisse de Bienfaisance Israélite.",commerce;industry_crafts,commerce,,Sousse,,,1,nichan_iftikhar,0,1,,,,,0,,0,0,0,254,354,0.9661
L1912-02225,SAADA,Jacques,0,,10 août 1882,1882,Sousse,,Industriel à Sfax.,industry_crafts,industry_crafts,,Sousse,,,0,,0,0,,,,,0,,0,0,0,57,354,0.9135
L1912-02226,SAADA,Victor,0,,"1"" décembre 1868",1868,Tunis,,"Avocat au barreau de Tunis, rue d'Espagne, 11). liTUDES : école primaire italienne de Tunis, Ecole protestante cle Tunis, Ecole de l'Alliance Israélite de Tunis, Faculté de droit d'Aix; gradué en droit. Juillet 1896. Bachelier en droit, J.898 ; licencié en droit, 1899; secrétaire d'avocat à Tunis, 1",justice_law,justice_law,,Tunis,,,1,nichan_iftikhar,0,1,,Ecole de l;Faculté de droit d'Aix,licence_droit;baccalaureat,,0,,0,0,0,469,354,0.8701
L1912-02227,SACGOMAN,Pierre,0,,11 avril 1872,1872,Sousse,,Transitaire à Sousse.,transport_maritime,transport_maritime,,Sousse,,,0,,0,0,,,,,0,,0,0,0,63,354,0.8845
L1912-02230,SADOK-BEY,Mohamed,0,Bey,1883,1883,,,"La Mars a, 1883, grand cordon de 1 ' o r d r e du Sang, grand cordon de l'ordre du NichanIftikhar. Prince de la famille beylicale.",,,,,,,0,,0,0,,,,,0,,0,0,0,151,354,0.9036
L1912-02231,SADOUN,Jacques,0,,11 sept. 1872,1872,Tunis,,"Artiste photographe, rue des Maltais, 41, Tunis.",press_letters_arts,press_letters_arts,,Tunis,,,1,nichan_iftikhar,0,1,Ecoles italiennes de Tunis.,,,"Surnuméraire à la Direction des Contributions diverses, 1S901891; comptable et caissier adjoint à la Recette Munioipale.1891-1903. En 1903 quitte définitiv. l'administration pour se consacrer à son art. Ane. membre fondateur et exécutant, puis administrateur et très, de la Société «l'Esludianlina»; anc. membre du Comité de propagande de la Société mutuelle Ouvrière israélite; membre de la Chambre italienne de Commerce et membre de l'Association des Anciens élèves des Ecoles italiennes de Tunis. TJMVAUX : le portrait de M. Massicault, résident général cle France en Tunisie, offert ù, ""la Résidence; le portrait cle M. René Millet, résident général cle France en Tunisie; le portrait de M. Loubet, président, de la République, offert à l'Ecole professionnelle EmileLoubet; le portrait de M. Falliôres, président de la République (pastel, grandeur nature, 2""x0""S0). Plusieurs diplômes d'honneur dans diverses Expositions; un premier prix à l'Exposition internationale des BeauxArts italienne (Turin 1911).",18,,0,0,2,1171,354,0.9155
L1912-02246,SAINT-ROMAS,Jea.n-Eugône-Etleilne,0,,4 décembre 1863,1863,Paris,,"agricole, ou. du NichanIftikhar. DirecI eur de la Compagnie des Chemins de fer de Bône-Guelma et prolongements, 4-",transport_maritime,transport_maritime,"5, av. de Paris, Tunis",Tunis,,,2,legion_honneur;merite_agricole,1,0,"lycée d'Alger, Eçuile Polytechnique.",lycée d'Alger,,"ingénieur des Ponts et Chaussées à Dax. Sétif, Bône, Alger, puis ingénieur en chef des Ponts et Chaussées à Alger, adjoint au Directeur des Travaux publics.Travaux d'agrandissement des ports de Bône el d'Alger; projet des chemins cle fer de Dax à Sainl-Sever et cle Bône à La Calle. Distributions d'eau des villes cle Dax el de Bône, etc. Médaille d'argenl à l'Exposition Universelle de 1900.",6,,0,0,0,709,356,0.923
L1912-02248,SAIZIEU,,0,,,,,,"(Ant,-E.-Laz.-Barth. DE), attaché d'ambassade à Vienne de 1.757 à 1761, secrétaire du comte de Choiseul à Versailles cle 1761 à 1762. Consul de France à Tunis de 1762 à. ",diplomacy,diplomacy,,Tunis,1778,1778,0,,0,0,,,,,0,,0,0,0,262,356,0.8764
L1912-02251,SAKKA,,0,,,,,,"agricole, comm. du Nichan - Iflikhar. Gouverneur desSouassi, Smala des Souassi (Tunisie).",politics_native_admin,politics_native_admin,,Monastir,,,3,palmes_academiques;merite_agricole;nichan_iftikhar,0,1,"école coranique de Monastir, 18801884 ; Ecole francoarabe de Monastir, 1884-86; collège Sadiki, à Tunis, 18861889; lycée Carnot. 1SS9-1S93 : certificat d'études primaires, 18S9 ; secrétaire-interprète au caïdat de Monastir, 1893-97; khalifat des Souassi, 4 nov. 1897; gouverneur des Souassi, 22 nov. 1907. Envoyé en mission scolaire à l'Exposition Universelle de Paris par le collège Sadiki (août 1889); président au recensement du canoun sur les oliviers du caïdat de Monastir (février 1896 à juin 1897); membre de !a commission vie délimitation des terres collectives du caïdat des Souassi (1907).",collège Sadiki;lycée Carnot,certificat,,0,,0,0,0,815,356,0.8334
L1912-02252,SAKKA,,0,,1S29,1829,,,"off. de l'ordre impérial du Medjidié, Médaille militaire t u rque.",,,,Monastir,,,4,nichan_iftikhar;medjidie;medaille_militaire;osmanie,0,1,"Ecole coranique et Grande Mosquée de Monastir, 1835-1844. Engagé volontaire (1260-1844) dans l'armée beylicale 3"" d'infanterie, à Monastir; sergentfourrier (baloukamin), 1262(soula-kalaghsi), 12- chaoual 126S-1852; lieutenant (mouluzem), 5 djoumad-elaouiil 1269-1853; capitaine affecté à l'état major du général de brigade (zouzbachi), 19 sfar 1271-1854; secrétaire-comptable de l'artillerie de forteresse cle Monastir; 1276-1860 ; notaire de la Dje "" niaïa à Monastir, 1380-1864; notaire pouvant exercer dans toute la Régence, 12 sfar 1288-1872; trésorier-comptable à Monastir, 1289-1.873. Il fut fait officier du Nichan-Iftikhar, 9 rabiâ-ellani 12981881: khalifat de Monastir, dépendant du grand caïdat du Sahel (1"" rabiâ-ettani 1302 (1.8 janvier 18S5); commandant (bimba.chi), S djoumad ettani 1303 (14 mars 18S6). Il fut nommé gouverneur cle Monastir lors du partage du caïdat du Sahel el cle l'instauration des contrôles civils, 26 ko ad a 1303- (18S6). A la création de la commission municipale de Monastir, 28 rabiâ ettani 1304 (24 janvier 1.SS7), la présidence lui en fut confiée, et il la géra seul, sans le concours d'un vice-président, jusqu'à sa mort. En 1272 (1856), il partit pour Constanlinople avec le général Si Osman el prit, pari à la guerre cle Crimée. Après un séjour cle dix mois de fatigues et de privations il rut désigné pour porter nu boy de Tunis un firman du Sullan lui annonçant les- conclusions du traité. 1272 (1S56). Trois jours après son arrivée à Tunis, il repartit pour Constanfinople. C'est alors qu'il obtint la. médaille militaire turque et la roselle du Medjidié. En 1285. (1869), il fut désigné avec le général Salini pour faire une élude sur la situation économique de la Régence. Décédé le 21 juin 1897 à Monastir.",Grande Mosquée,,,0,,0,0,1,1920,356,0.8465
L1912-02253,SAKKA,,0,,1860,1860,Monastir,Tunidu sie,"Dragon de l'Annam, gr. off. du Nichan - Iftikhar. Caïd-gouv. de Mahdia (Tunisie).",politics_native_admin,politics_native_admin,,Monastir,,,2,legion_honneur;nichan_iftikhar,1,1,"Ecole coranique et Grande mosquée de Monastir. Dès l'occupation française, s'est adonné à l'étude de la langue française par des leçons particulières. Iman a. Monastir,1880-83; percepteur daenour, 1884; trésorier-comptable au caïdat de Monaslir,18S5; khalifat à Monastir,1887; chargé de la gérance du caïdat de Monastir et de la présidence de la Municipalité, 1897; caïd-gouvern. aux Souassi, 1897; caïd-gouvern. de Djemmal, 1907; caïd-gouvern. de Mahdia,-1909; président cle la Municipalité de Mahdia, 1910.",Grande mosquée,,,0,,0,0,2,709,357,0.8911
L1912-02254,SAKKAT,Ahmed,0,,,,,,Caïd-gouverneur du Kef. Nommé caïd en 1899. A été nommé pour la première fois caïd en 1899.,politics_native_admin,politics_native_admin,,,,,2,legion_honneur;nichan_iftikhar,1,1,,,,,0,,0,0,0,197,357,0.8977
L1912-02255,SAKKAT,Ali,0,,1876,1876,Tunis,,"Inspecteur aux Habous, ",administration,administration,"8, rue Gharmouta, Tunis",Tunis,,,2,nichan_iftikhar;palmes_academiques,0,1,"collège Sadiki et lycée Carnot. Interprète, puis chef de bureau aux H a b o u s. Membre du Comité de la Khaldounia ; membre du Cercle Tunisien et, de nluI sieurs autres sociétés indigènes. S58",collège Sadiki;lycée Carnot;Khaldounia,,,0,,0,0,2,324,357,0.9319
L1912-02257,SALANCOURT,Paul GRENIER DE,0,,8 oct. 1853,1853,Festieux,Aisne,"Ancien Commissairepriseur à Tunis. Médaille d'argent à Anvers et diverses médailles à Tunis. Ancien contrôleur civil suppléant. Décédé à Tunis le 30 juin 1909, et y inhumé.",administration,administration,,Tunis,,,2,merite_agricole;medaille_coloniale,0,0,,,,,0,,0,0,0,303,358,0.9141
L1912-02258,SALIBA,Carmel,0,,28 décembre 1865,1865,Tunis,,"Libraireéditeur, papetier-imprimeur, ",commerce;industry_crafts,commerce,"17, avenue de ■France, Tunis",Tunis,,,2,palmes_academiques;nichan_iftikhar,0,1,"lycée de Marseille, éditeur du illustré de la Tunisie» « Dictionnaire etc., etc.",lycée de Marseille,,,0,,0,0,0,246,358,0.9126
L1912-02259,SALIÉGE,Henri,0,,2 avril 1.865,1865,Le Puy,H.-Loire,"Avocat au barreau de Tunis, rue Es-Sadikia, 26. Fév. ",justice_law,justice_law,,Tunis,1889,1889,1,nichan_iftikhar,0,1,lycées de Toulouse et d'Alger; lauréat cle l'Ecole de Droit d'Alger. Ancien officier d'artillerie cle territoriale. Membre du Conseil de l'ordre.,Ecole de Droit,,,0,,0,0,0,290,358,0.9451
L1912-02260,SALIH,Mohamed,0,,1874,1874,,,"(Mohamed), 1874-, Damas, oculiste, ",,,"4, rue des Femmes, Tunis",Tunis,25 nov. 1903,1903,0,,0,0,"Ecole militaire cle Médecine de Constantinople et hôpitaux de Paris; interne à la clinique ophtalmologique de l'hospice Saint-Victor d'Amiens, 1901 à 1903; oculiste attaché à la clinique du D1 Bouhajeb' de 1903 à ce jour. Membre de la Société sportive «la Musulmane» et du Cercle Tunisien.,",,,,0,,0,0,0,380,358,0.9044
L1912-02263,SAMAMA,Alberl-Chikli,0,,24 janvier 1872,1872,Tunis,,"chev. du Njchail-Iflikhur. Photographe amateur, ",press_letters_arts,press_letters_arts,"13, rue Sidi-Sifiane, Tunis",Tunis,,,0,,0,0,"Coll. S'-Louis de Cartilage et Lycée Saint-Charles à Tunis. Navigation ; exploration; aéroslation. A entrepris deux fois le tour du monde ; a suivi l'explorateur Gaston Méry au centre de l'Afrique; s'occupe de cinémalographie; a introduit en Tunisie les rayons X, lu, télégraphie sa,ns fil, le cinématographe. Quatorze diplômes d'honneur et médailles bronze et argent clans diverses Expositions pour lu photographie.",Lycée Saint-Charles,diplome_superieur,,0,,0,0,0,550,358,0.9246
L1912-02264,SAMPERI,Carmeo,0,,nov. 1880,1880,Troina,Italie,"Avocat au barreau de Tunis, publiciste, avenue de France, 4, Tunis. Sept. ",justice_law;press_letters_arts,justice_law,,Tunis,1890,1890,0,,0,0,lycée italien de Tunis et Faculté cle Droit do Catane. Diplôme de docteur en droit et d'avoué. Conseiller à la Société italienne de secours mutuels ouvrière. Directeur de la «Rivisla libéra» et du «Sans le Sou».,lycée italien,doctorat_droit;diplome_superieur,,0,,0,0,0,346,358,0.9198
L1912-02265,SANGÉS,Giuseppe,0,,20 sept. 1873,1873,Tunis,,"Pharmacien. «Pharmacie Anglaise», Tunis. Trésorier de l'Association des anciens élèves des écoles italiennes depuis 1.902.",medicine_health,medicine_health,,Tunis,,,1,nichan_iftikhar,0,1,,,,,0,,0,0,0,188,358,0.9188
L1912-02266,SANSONE,Ignace,0,,30 juillet 1S78,1878,Termini,Italie,"(Italie), off. du Niclinn-lITikhar. Arcliilecle-ingôriieur. ",,,,,5 fév. 1888,1888,0,,0,0,,,,"élève architecte chez M. Baldauff, ingénieur ; conducteur des travaux d'installation cle l'usine génératrice de Bab-Sâa.clouii et de la pose des voies de tramways de Tunis; conducteur des travaux du Casino-Théâtre, architecte de nombreuses constructions particulières.",5,,0,0,0,401,358,0.9246
L1912-02267,SANTILLANA,Léon,0,,1865,1865,Tunis,,officier du Nichan-Iftikhar. Médecin-chirurgien à Tunis.,medicine_health,medicine_health,,Tunis,,,1,nichan_iftikhar,0,1,Ecoles privées; lycées de Livoume et de Florence; école supérieure de Médecine de Florence.,école supérieure de Médecine de Florence,,médecin de la. Communauté israélite portugaise et de l'hôpital israélite; directeur de l'hôpital israélite; médec. cle la Britisch Benevolent Society; vice-président du Conseil d'administration de l'hôpital israélite.,5,"«Infiuenza. délia sifibse sulla pa.zzia, para.litica» (thèse cle doctorat). Conférences sur la syphilis par l'allaitement et sur l'alcoolisme. Communications à la Société des sciences médicales et à l'Institut de Cartilage : 1. Ascesso epa.lico operato col metodo de! Dutroudau ; 2. Hystérectomie abdominale pour fibromyome de l'utérus; 3. Thoracotomie pour adhérences pleurales; 4. Fistule stercorale-enterorranhie, guérison; 5. De la syphilis par l'allaitement: 6. Abcès de fixation clans un cas d'infection générale; 7. Un cas d'appendicite d'origine vermineuse.",1,0,0,1022,358,0.9163
L1912-02268,SANTONI,SimonJean-Pierre,0,,8 mars 1SS0,1880,Ajaccio,,"Professeur d'italien au lycée Carnot. i"" oct. ",education_science,education_science,,,1899,1899,1,nichan_iftikhar,0,1,Certificat d'aptitudes à l'enseignement de l'italien. Ancien répétiteur au lycée cle Tunis.,lycée cle Tunis;lycée Carnot,certificat,,0,,0,0,0,227,359,0.9092
L1912-02269,SANTSCHI,Félix,0,,"1"" déc. 1.872",1872,Bex,,canton de Vaud (Suisse). Médecin-chirurgien à Kairouan. Nov. ,medicine_health,medicine_health,,Kairouan,1901,1901,0,,0,0,Université cle Lausanne. Médecin.,,,assistant d'anatomie et d'embryogénie à la Faculté cle Médecine de Lausanne ; assistant de physiologie près le professeur Herzen ; assistant a. la clinique cle l'Université de Lausanne ; médecin à Finshaut (Suisse) ; médecin a J-imis. Membre de la Société Vaudoise des Sciences naturelles; membre à vie cle la Société-Entomologique cle France; membre cle missions scientifiques dans l'Amérique centrale et l'Amérique du Sud.,9,"différentes publications en physiologie, bactériologie et entomologie.",1,0,1,671,359,0.9184
L1912-02270,SARABUSI,Camille,0,,7 juin 1871,1871,,,"Sous-inspecteur des Contributions diverses, ",administration,administration,"23, rue d'Italie, Tunis",Tunis,1889,1889,1,nichan_iftikhar,0,1,"lycée de Constantine; Faculté de droit d'Aix; licencié en droit. Memb. lion, de la société artistique «l'Essor». Collaborateur à différents journaux et revues.",lycée de Constantine;Faculté de droit d'Aix,licence_droit,,0,,0,0,0,307,359,0.9374
L1912-02271,SAUNIER,Henri-Louis,0,,8 mai 1856,1856,Alger,,"Ancien greffier en chef du Tribunal civil de Tunis, rue I-Iannon, Tunis. 27 mai 188».",justice_law,justice_law,,Tunis,,,0,,0,0,"Pensionnat laïque S i m o n d (Alger) ; Diplômes, certificat d'études de droit administratif et de coutumes indigènes. Sousofficier de territoriale. SUCCESSIVEMENT ■ second, puis premier commis d'enresistrement à Alger, 1874; greffier de chambre à la Cour d'Appel d'Alger. 1882; greffier en chef du Tribunal civil de Sousse (création), 188S; greffier en chef du Tribunal civil de Tunïs,1901. Prés, actil du Cercle sportif d'escrime «Jean-Louis» ; fond., très., puis v.-prés. de la Société Hippique du Sahel; fond, et prés, cle la Société «La Patriote» cle Sousse; fond, et prés, cle la Société des anciens sous-officiers, Sousse; fond, et prés, de «HadrumèteJuventus», Sousse ; fondateur de plusieurs salles d'armes.",,diplome_superieur;certificat,,0,,0,0,1,853,359,0.9017
L1912-02272,SAURIN,Jules,0,,"1"" oct. 1863",1863,Cuen,Var,Directeur et administrateur délégué cle la Société des Fermes Françaises de Tunisie. Oct. 18 87.,administration,administration,,,,,1,merite_agricole,0,0,"collège d'Aixen - Provence : Faculté de Droit et des Lettres de Lyon.Ancien professeur au Lycée Carnot, à Tunis. A publié : «L'avenir de l'Afrique du Nord», «Le peuplement français» et «La Tunisie : manuel de l'émigrant en Tunisie». Fondateur des centres français de SaintCyprien, du Munchar et cle Guermanez.",collège d'Aixen;Faculté de Droit et des Lettres de Lyon;Lycée Carnot,,,0,,0,0,1,481,359,0.8975
L1912-02273,SAUTEREAU,Pierre,0,,18 mars 1849,1849,Ni en!,H.-V.,"Arbitreexpert près le Tribunal Civil de Tunis, ",military;industry_crafts,military,"7, rue Thiers",Tunis,1896,1896,0,,0,0,,,,,0,,0,0,0,210,360,0.8954
L1912-02274,SAUX,Alexandre-Simon,0,,17 oc,1706,,,"Inspecteur de l'Exploitation des chemins de fer (Direction générale des Travaux publics). 1"" déc. ",military;administration;transport_maritime,military,,,1897,1897,2,palmes_academiques;nichan_iftikhar,0,1,,,,,0,,0,0,0,202,360,0.9033
L1912-02275,SAVARIAU,Norbert,0,,1879,1879,La Limouzinière,L.-Inf.,"(L.-Inf.), ancien professeur de chimie à l'Ecole coloniale d'Agriculture de Tunis.",education_science,education_science,,Tunis,,,0,,0,0,"Ecole normale de Saint-Cloud, Institut agronomique, Laboratoire de Technologie. Fut nommé professeur à l'Ecole d'agriculture de Tunis (1902) et ensuite chef du Service agricole au Dahomey, où il mourut en 1908.",Ecole normale;Institut agronomique;Ecole coloniale,,,0,,0,0,0,344,360,0.9117
L1912-02277,SAYAH,Mohamed,0,,7 sept. 1873,1873,,,Secrétaire-interprète cle l'Administration du lycée Carnot.,administration,administration,,,,,3,palmes_academiques;nichan_iftikhar;legion_honneur,1,1,"Grande Mosquée; collège Sadiki; lycée cle Tunis; diplôme d'arabe et de français. Membre cle l'Association amicale des membres cle l'Enseignement; membre de la Société de Géographie commerciale de Paris; fond, de la Ligue antialcoolique indigène. Allié à une famille illustre de Bône, dont le chef actuel, le caïd Si Tahar Maïza, est commandeur de la Légion d'honneur.",Grande Mosquée;collège Sadiki;lycée cle Tunis;lycée Carnot,diplome_superieur,,0,,0,0,1,520,360,0.9666
L1912-02281,SBRANA,Franceseo-Toqueto-Vigilio,0,,1.865,1865,Pise,Italie,"off. d'Académie. Docteur en médecine, Monastir. ",medicine_health,medicine_health,,Monastir,18 juillet 1890,1890,2,nichan_iftikhar;palmes_academiques,0,1,"Lycée et Université do Pise (écolo médicale). Un des médecins qui en 1891 ont fondé l'hôpital italien à Tunis. Médecin fions de môd. municipal à Monastir. Membre effectif de la. Société italienne cle Pédiatrie; vice-prés, cle la Dante Alighieri de Monastir; président du cercle «l'Union Internationale» de la même ville. Auteur de plusieurs monographies médicales, nola.mmenl de-«La. fièvre typhoïde des enfants dans les pays chauds» ; collabore à «l'Unione» sous le pseudonyme C. Brenno-Fracassa; a écrit aussi dos pièces pour le théâtre; un de ses monologues. «U Pjcde» (Le Pied), a été joué pendant, plus do douze ans sur loiis les théâtres d'Italie et trois fois à Tunis.",Lycée et,doctorat_medecine,,0,,0,0,0,832,360,0.9152
L1912-02282,SBRANA,Richard,0,,13 juin 1854,1854,Piso,Italie,"- Iftikhar. Médecin vétérinaire, ",medicine_health,medicine_health,"10, rue Es-Sadikia",,27 octobre 1875,1875,3,couronne_italie;merite_agricole;nichan_iftikhar,0,1,"Université de Pise, Ecole supérieure de Médecine vétérinaire. Exvétérinaire du Gouvernement Tunisien. Vétérinaire de la Municipalité de Tunis et du Haras de Sidi-Tabet. Professeur d'un cours pratique de vétérinaire à la ferme-école cle Djedeïda. Médaille d'or à l'Exposition d'hygiène de Tunis (1911) el médailles d'argent au Concours agricole cle Mateur (1906) et au Concours général de Tunis (1907) pour son sérum préservatif et curatif cle la jaunisse contagieuse et du charbon symptomalique (Bou-Soufir) pour les espèces bo-. vine el ovine indigènes. Prix du flacon : 5 francs. SGEMAMA (Jacques), 1."" mai 1.877,Tunis, off. du Nichan-Iftikhar, avocat au barreau de Tunis, 2, rue Ha.nnon. Lycée Carnot; Faculté cle Droit el Faculté des Lettres d'Aix-en-Provence; bachelier; docteur en droit (es sciences juridiques); lauréat des concours de la Faculté de Droit d'Aix (un premier el un deuxième prix). A publié «Les Hypothèques en Tunisie», droit musulman et loi foncière (1902). SGETBON (Victor d'E.), 1"" août 1873, Mahdia. Négocianb.-comrn.iss., Mahdia. Lycée cle Tunis. Médaille d'argent grand module Concours de Sousse 1.910. Créateur d'une grande savonnerie, créateur des achats d'huiles sur nos places par les Marseillais el, les Niçois, qui étaient habitués à recevoir les huiles en consignation. Conseiller au Comité du Cercle international cle Mahdia. Correspondant de la «Revue Oléicole» cle Paris. Associé à. MM. Piacenlino et Borfino, qui dirigent actuellement une minoterie : « les Petits Moulins , du Centre ».",Ecole supérieure de Médecine vétérinaire;Lycée Carnot;Faculté des Lettres d'Aix-en-Provence;Faculté de Droit d'Aix (un premier el un deuxième prix);Lycée cle Tunis,doctorat_droit;baccalaureat,,0,,0,0,0,1741,360,0.928
L1912-02283,SCHEMBRI,Emmanuel,0,,fév. 1S78,1878,,,"Agent de bureau de première classe du 2"" arr. des chemins cle fer, 1.",,,"5, rue Victor-Hugo, Sousse",Sousse,,,2,nichan_iftikhar;ouissam_alaouite,0,1,"collège Alaoui; membre du Comité du Cercle républicain. THAVAUX : surveillant aux travaux d'adduction d'eau de l'oued Koceïno pour l'arsenal de Sidi-Abdallah (1895); chef de brigade des éludes des chemins de 1er Ponl-du-Fahs, Kalâat-esSenam et Le Kef 1897; études des chemins cle fer de Bizerte-l'Ouenza 1900 ; études des chemins de fer cle Kairouan à Aïn-Moularès 1904; études du chemin cle fer de Bizerte aux Nefza 1905; études du chemin de fer de Sousse-Sfax 1907.",collège Alaoui,,,0,,0,0,1,642,361,0.9196
L1912-02284,SCHEMBRI,Jean-Joseph,0,,25 décembre 1855,1855,Palma-de-Majorque,Baléares,"Interprète judiciaire près le Tribunal de 1"" instance de Sousse. ",administration,administration,,Sousse,1890,1890,2,merite_agricole;nichan_iftikhar,0,1,,,,,0,,0,0,0,395,361,0.9577
L1912-02285,SCHILLING,Rodolphe,0,,25 janv. 1870,1870,Alger,,"Chef du bureau des affaires commerciales et industrielles à la Direction générale de l'Agriculture, du Commerce et de la Colonisation, Tunis. ",military;industry_crafts,military,,Tunis,31 décembre 1892,1892,3,palmes_academiques;merite_agricole;nichan_iftikhar,0,1,"collège de Bône et d'Oloron, Ecole nationale d'Agriculture de Montpellier. Ingénieur agricole. Off. d'administration de 2"" classe du cadre auxiliaire du service de santé. Secrétairearchiviste de la Chambre d'Agriculture de Tunis (de 1S93 à 1905); sous-chef de bureau à la Direction de l'Agriculture, du Commerce et de la Colonisation (1905).",collège de Bône,,,0,"chargé de mission par la Direction de l'Agriculture et du Commerce (1.900); éludes sur la législation phylloxerique algérienne, la police sanitaire vétérinaire, les primeurs, et les plantes à essence en Algérie. Publications : Rapport sur la production el l'exportation des primeurs dans le département d'Alger et en Tunisie; Rapport sur l'exploitation cle certaines plantes à essence en Algérie; Rapport sur le concours culturel et cle spécialités agricoles de Tebourba en 1904; le Congrès oléicole cle Niée et le régime douanier des huiles tunisiennes en France; la loi du 19 juillet 1904 et le renchérissement des farines ; les mistelles étrangères, etc.",1,0,0,1290,361,0.95
L1912-02286,SCHLUMBERGER,Raoul,0,,1.856,1856,Thann,Alsace,"- Iftikhar. Consul général de .Monaco el expert maritime près le Tribunal civil et le Consulat de France, S, rue de Sparte.",military;diplomacy,military,,,16 janv.1903,1903,3,palmes_academiques;merite_agricole;nichan_iftikhar,0,1,"lycée de Colmar, lycée Louis-leGrand, lycée cle Besançon ; bachelier es lettres. Ancien chancelier du Consulat de Danemark. Membre du Conseil supérieur de l'Assistance Mutuelle Tunisienne; membre du bureau cle la Société des AlsaciensLorrains. Dix-huit années de navigation dans tous les pays : Europe, Amérique, Asie, Afrique.",lycée de Colmar;lycée Louis-leGrand;lycée cle Besançon,baccalaureat,,0,,0,0,1,601,361,0.9035
L1912-02287,SCHUH,François,0,,8 nov. 1873,1873,Alger,,"médaille d'argent de sauvetage. Constructeur-métallurgiste, Bizerte, Septemb. ",industry_crafts,industry_crafts,,Bizerte,1901,1901,1,palmes_academiques,0,0,"Ecole s u p ô r i e u r e de Mustapha (Alger). Ouvrier serrurier et mécanicien, puis entrepreneur depuis 1S9 4, Membre de la Conférence Consultative (2* cire, 2- Collège), élu. en 1905, réélu en 1907. Ane. prés, de la Société Coopérative d'Alimentation de Bizerle: Prés, de la Soc. Amicale l'Algérienne de Bizerte; v.-prés. du Syndicat des Entrepreneurs français de Tunisie; v.-pr. de l'Union des Travailleurs français de Bizerle; membre du Conseil d'administration de l'Action républicaine,Bizerte: fondateur cle plusieurs Sociétés de gymnastique. TRAVAUX divers de métallurgie pour le compte des principales administrations tunisiennes el françaisesréparations mécaniques de travaux maritimes; chaudronnerie fer et cuivre,etc Collaborateur du «Nord Tunisien» de Bizerle et sa région.",,,,0,,0,0,1,933,362,0.8968
L1912-02289,SCIALOM,David-Dario,0,,5 mai 1880,1880,Tunis,,"Docteurmédecin, ",medicine_health,medicine_health,"20, rue de Constantine, Tunis, et à L'Ariana",Tunis,,,1,nichan_iftikhar,0,1,"Pensionnat defsoeurs cle Saint-Joseph, Ecole de l'Alliance Israélite, Lycée Carnot, Faculti' de Médecine de Montpellier, Institut de Médecine coloniale de Paris. Cours d< perfectionnement médical à Paris. Doc leur en médecine. Diplômé de l'Institul de Médecine coloniale de Paris, ancien médecin-chirurgien-accoucheur titulaire de l'hôpital israélite de Bizerte, ancien médecin légiste du caïdat de Bizerte médecin des hôpitaux israélite et italien de Tunis; membre de la Société tropicale de Paris; prés, de la Soc. desAne. Elèves de l'Alliance israélite; pré skient honoraire de l'Alliance Sportive; membre du Comité de la Société de Secours mutuels et de la Section espérantisle de l'Institut de Carthage; médecin cle la. sect. mutualiste des Ane. Elèves do l'Alliance israélite, de la Soc. de Secours mutuels, de l'Alliance Sportive, des Anciens Elèves de l'Alliance, de la Naceuria, de l'Urbaine et Seine, de la Police de L'Ariana. Titulaire d'une médaille d'argent de la Société nationale d'Encouragement au Progrès.",Ecole de l;Lycée Carnot;Institut de,diplome_superieur,,0,,0,0,0,1160,362,0.9606
L1912-02290,SCIALOM,,0,,16 janv. 1871,1871,Tunis,,"Avocat au barreau de Tunis, 1. rue Es-Saclikia.",justice_law,justice_law,,Tunis,,,1,nichan_iftikhar,0,1,"Collège royal italien de Tunis, Alliance israélite cle Tunis, Institution Springer à Paris, Collège Rolhn, Paris, Faculté cle droit de Paris; bachelier es lettres et es sciences; licencié en droit; ancien membre du Conseil cle l'ordre des avocats de Tunis, bibliothécaire de l'ordre des avocats et, délégué du Conseil de l'ordre à la Conférence des avocats stagiaires. A été président du Conseil de surveillance cle l'Hôpital israélite de Tunis et de l'Association des Ane. Elèves de l'Alliance israélite et eo-direcleur du «Défenseur», organe de défense des intérêts Israélites, disparu en juin 1911.",Collège royal;Collège Rolhn,licence_droit;baccalaureat,,0,,0,0,0,736,362,0.9541
L1912-02292,SCIPION L'AFRICAIN,,0,,,,,,"général romain, qui s'illustra pendant la deuxième guerre punique : il détruisit la dernière armée de Cartilage et vainquit Annibal clans les plaines"" de Zama et, gagna ainsi son surnom de «l'Africain». Zama. devait être située probablement orès -de Souk-el-Arba, dans le bassin que traverse la Medjo",military,military,,Souk-el-Arba,,,0,,0,0,,,,,0,,0,0,0,348,362,0.9667
L1912-02293,SCIPION,Emilien,0,,,,,,"(Emilien), général romain qui, lors de la troisième guerre punique, acheva la destruction de Carthage.",military,military,,Carthage,,,0,,0,0,,,,,0,,0,0,0,110,362,0.9177
L1912-02295,SEBAG,Victor,0,,"1"" oct. 1878",1878,Tunis,,"Avocat au barreau de Tunis, ",justice_law,justice_law,"8, rue des Tanneurs",Tunis,,,0,,0,0,"Lycée de Tunis, Faculté de droit, de l'Université de Paris; bachelier ôs lettres; licencié en droit.","Lycée de Tunis;Faculté de droit, de l'Université de Paris",licence_droit;baccalaureat,,0,,0,0,0,195,363,0.8944
L1912-02297,SEBASTIANI,Amédée,0,,9 mai 1872,1872,Tunis,,"Agent consulaire d'Italie, Mahdia.",diplomacy,diplomacy,,Tunis,,,0,,0,0,écoles italiennes de Tunis.,,,,0,,0,0,0,111,363,0.8493
L1912-02299,SÉCHERESSE,Aristide-Marcel,0,,5 mai 1874,1874,Brizambourg,Ch.-Inf.,"Professeur ■ au lycée Carnot, villa Jeannette, Millelville, Tunis. ",education_science,education_science,,Tunis,6 février 1908,1908,2,palmes_academiques;nichan_iftikhar,0,1,"collège de Bergerac, lycée cle Borde aux, lycée Louis-le-Grand, Faculté des Lettres de Bordeaux el de Paris; lauréat du Concours général des départements, 1891; du Concours général des lycées de Paris, agrégé de grammaire. Ancien boursier de licence et d'agrégation à la Sorbonne.",collège de Bergerac;lycée cle Borde;lycée Louis-le-Grand;Faculté des Lettres de Bordeaux el de Paris;lycée Carnot,agregation,"professeur aux lycées de Rochefort-surMer, cle Toulon, cle Montpellier; délégué et membre cle l'Alliance Française.",2,"«Traité élémentaire de prononciation latine», Paris A. Colin, 1902. «De la prononciation du latin» («Revue universitaire», janv. 1902). «L'enquête de l'Académie cle Toulouse sur la prononciation du latin». («Revue universitaire», fév. 1.903). «Cours public d'histoire de l'art antique» professé à Rochefort-sur-Mer, 1.902, sous les auspices de la Municipalité et de la Société de Géographie. «Le latin et les Latins», conférence au «Circolo filologico» de Na.ples (1903), sous les auspices de l'Alliance française, de la Chambre cle Commerce française et du Consulat Général cle France. ""«Contribution à l'étude de la. question du latin langue internationale», communication au Congrès international des Sciences historiques. Rome, 1903. «Histoire des idées au XIX' siècle», conférences publiques, Toulon, 1905, sous les auspices de l'Alliance franc. «L'idée latine», conférence. Toulon. 1905. sous les auspices de la «Dante Alighieri» el du Consulat, d'Italie. Conférences littéraires : «L'art et la vie»,Tunis,1.9091910. Médaille d'argent de la Société Républicaine des Conférences populaires. Chargé de mission en 1902, par «l'Alliance française »,. pour fonder à Naples un Comité de «l'Alliance».",1,0,1,1817,363,0.9148
L1912-02309,SEGUIN,Camille,0,,3 mars 1.871,1871,Metz,,"Inspecteur du travail, Tunis. Janvier 1896.",administration,administration,,Tunis,,,2,palmes_academiques;nichan_iftikhar,0,1,Lycée Charlemagne (Paris) el Collège de Saint-Mihiel (Meuse).,Lycée Charlemagne;Collège de Saint-Mihiel,,"à. la Direction de l'Agriculture, du Commerce et de la Colonisation depuis mars 1.896, rédacteur au service des Domaines, au service de la Colonisation, au bureau du Commerce, cle l'Industrie et du Travail. Inspecteur du tra.vail (1"" janvier 1909); au Maroc (1904-1906) chef 'de bureau à. la délégation des Porteurs de titres de l'emprunt marocain 1904. Lieutenant de réserve au 4"" zouaves.",7,,0,0,0,598,364,0.9248
L1912-02311,SELDJA,,0,,,,,,"(gorges du). Ces gorges, situées à 7 kil. de Philippe-Thomas (Metlaoui), constituent une des belles curiosités naturelles de la Régence. Nous empruntons la description qui va suivre au «Guide Joanne» (édition de 1911) : « la, voie ferrée de Metlaoui à Henchir-Soualir les suit de bout à bout et on le",mining,mining,,Gafsa,,,0,,0,0,,,,,0,,0,0,0,1445,364,0.9457
L1912-02318,SEPHAR,Aron,0,,,,,,"Chef cle la publicité à «la Dépêche Tunisienne», ",,,"15, av. de Paris, Tunis",Tunis,,,2,palmes_academiques;nichan_iftikhar,0,1,Alliance israélite. Ancien employé cle l'Agence Havas à Tunis et administrateur du «Journal Officiel».,,,,0,,0,0,0,263,364,0.9506
L1912-02319,SÉRE,DE,0,,,,,,"(DE).' Ancien officier appartenant à une très honorable famille du Midi, M. de Sère vint à Tunis pour enseigner dans une école militaire, sans doute celle du Bardo, créée par le bey Ahmed; il ôlail aussi, paraît-il, précepteur des enfants du prince. Plus tard, il entra comme professeur au collège Sa",education_science,education_science,,Tunis,,,0,,0,0,,collège Saint-Louis,,,0,,0,0,0,436,365,0.9607
L1912-02321,SERRES,Jean-Victor,0,,21 mars 1860,1860,Paris,,"agricole, gr. off. du NicbanJitikJiar, ou. au Dragon de l'A imam,off. de l'Etoile du Bénin, off. cle l'Etoile cl ' A n j o u a n. Contrôleur civil de 1"" classe, ",religion;administration,religion,"2, rue de Moscou, Tunis, 1"" juillet 1890",Tunis,,,2,palmes_academiques;merite_agricole,0,0,"lycée Louis-le-Grand (Paris); Ecole spéciale des Langues orientales vivnnt.es. Faculté des Lettres (Paris); bachelier es lettres; breveté do l'Ecole spéciale des Langues orientales vivantes; diplôme d'études supérieures de la Faculté des Lettres de Paris. Dans le service des communes mixtes en Algérie (administrateur adjoint, 3 juillet 1887); dans les Contrôles civils depuis 1890; ancien chef du bureau des contrôles civils n la Résidence Générale. Président de l'Institut de Carthage en 1903 et 1.905. A publié : «Journal de la première expédition cle la ilolte grecque (avril-mai T.S21>; lexle grec inédit publié avec traduction française (1885); «Mecra el Melki. chronique tunisienne de Mohammed Seghir ben Youssef (1705-1.771)», traduction françai. se, en collaboration avec M. Lasra.ni (1.900); «Voyage au pays des Senoussia effectué, en 1S96, par le cheikh Si Mohammed el Hachaïchi»; traduction française, en collaboration avec M. Lasrair Mohammed (1903).",lycée Louis-le-Grand;Faculté des Lettres (Paris);Faculté des Lettres de Paris;Institut de,baccalaureat;diplome_superieur,,0,,0,0,1,1266,365,0.8914
L1912-02322,SERRESSÈQUE,Armand,0,,28 avril 1874,1874,Gradignan,Gironde,"Mécanicien au B.-G., ",,,"8, rue des Chiens",Tunis,1897,1897,0,,0,0,"école primaire de Bordeaux; certificat d'études. Ancien q u a rtier-maîlre mécanicien de la flotte. Membre. de la Conférence Consultative (""I"" circonscr.. 2"" Collège), élu en 1907.",,certificat,,0,,0,0,0,309,365,0.9038
L1912-02327,SESSELEGO,Henri,0,,12 juillet 1862,1862,Cagliari,,"Médecin honoraire du Consulat de France à Cagliari; médecin-chirurgien, ",medicine_health;diplomacy,medicine_health,"22, av. de France, Tunis",Tunis,11 oct. 1910,1910,0,,0,0,"collège Vanzo el lycée Becca.ria, de Milan; Facultés de Médecine cle Pise. cle Cagliari et de Naples; agrégé de l'Université de Cagliari. Ancien médecin de 2"" classe dans le corps sanitaire de la Marine italienne; lieutenant-médecin dans la réserve de l'armée italienne.",collège Vanzo;lycée Becca;Facultés de Médecine cle Pise,agregation,,0,,0,0,0,445,366,0.9278
L1912-02328,SETBON,Clément,0,,28 sept. 1875,1875,Monastir,,Sousse. 1904.,medicine_health,medicine_health,,Monastir,,,0,,0,0,Faculté cle Médecine de Paris.,,,,0,,0,0,0,105,366,0.874
L1912-02330,SFAR,Béchir,0,,1863,1863,Tunis,,gr. off. du Nichan-Iftikhar. Caïd-gouvern e u r de -Sousse.,politics_native_admin,politics_native_admin,,Tunis,,,3,legion_honneur;palmes_academiques;nichan_iftikhar,1,1,collège Sadiki et lycée SaintLouis de Paris.,collège Sadiki;lycée SaintLouis,,"interprète au Gouvernement Tunisien, chef du bureau de la comptabilité à. l'Administration générale, délégué aux I-Iabous, président du Conseil d'administration des I-labous: président honoraire cle la Khaldounïa; membre de l'Institut de Carthage. cle la Société de Géographie, du Comité do la Colonie agricole cle Lausanne, du Conseil cle perfectionnement ou collège Sadiki; président honoraire de la Naceuria., etc.",5,"Un traité cle géographie (en arabe) à l'usage cle la Khaldounia, une élude sur l'assistance publique musulmane, une élude sur m géographie chez les Arabes, une étude sur les sociétés de prévoyance en Tunisie, un rapport sur l'institution des habous.",1,0,0,876,366,0.9208
L1912-02331,SFAR,Mohamed,0,,1882,1882,Mahdia,,Directeur de l'école coranique.,,,,Mahdia,,,0,,0,0,"Grande mosquée, école normale, certifient d'études, brevet de capacité.",Grande mosquée;école normale,,,0,,0,0,0,142,366,0.9203
L1912-02334,SGARRINI,,0,,18 mai 1878,1878,Palerme,Italie,Chirurgiendentiste à Sousse.,medicine_health,medicine_health,,Sousse,,,1,nichan_iftikhar,0,1,,,,,0,,0,0,0,94,369,0.9313
L1912-02335,SICARD,François - Pascal - Fortuné,0,,1.842,1842,Sousse,Tunisie,"Receveur des Douanes, en retraite, irons de receveur des Contrib. diverses à Monastir.",administration,administration,,Sousse,,,2,palmes_academiques;nichan_iftikhar,0,1,"école primaire. Prés, du groupe de l'Union des employés des Services financiers à Monastir.",,,,0,,0,0,0,293,369,0.9515
L1912-02336,SICAULT,Firmin,0,,25 sept. 1875,1875,Lezay,Deux-Sèvres,"Professeur de 10° au lycée Carnot, Tunis. Oct. ",education_science,education_science,,Tunis,1899,1899,2,palmes_academiques;nichan_iftikhar,0,1,lycée Louis-le-Grand; Faculté de Droit de Paris; Ecole des Langues irien laies vivantes (diplômé pour l'arabe); licencié en droit. Ancien secrétaire des Contrôles civils de Souk-el-Arba et de Bizerle.,lycée Louis-le-Grand;Faculté de Droit de Paris;Ecole des Langues;lycée Carnot,licence_droit;diplome_superieur;certificat,,0,,0,0,0,693,369,0.9295
L1912-02337,SICRE DE FONTBRUNE,Alphonse,0,,25 nov. 1838,1838,Brest,Finistère,"Propriétaire, ",,,"32, rue Thiers, Tunis",Tunis,1893,1893,0,,0,0,"lycée Sainte-Barbe, Paris. Ancien président de la Chambre d'Agriculture de l'île de La Réunion; ancien membre titulaire du Conseil supérieur du Ministère des Colonies.",lycée Sainte-Barbe,,,0,,0,0,0,283,369,0.9221
L1912-02338,SICRE DE FONTBRUNE,Pierre,0,,9 avril 1.869,1869,Saint-Denis,Réunion,Juge à 'l'unis.,justice_law,justice_law,,,,,0,,0,0,,,,"juge suppléant à Saigon, 18 août. 1897; juge suppl. à Tunis, 26 juin 1901; juge d'instruction, 1"" mars 1904; juge d'instruction à Sousse, 30 avril 1.904; juge à Tunis ffrib. mixte).",6,,0,0,0,275,369,0.8651
L1912-02385,SIGNORETTY,Gustave,0,,24 août 1846,1846,Saint-Martin-de-la-Cluze,Isère,"propriétaire, ",military;politics_native_admin;commerce,military,"23, rue du Maroc, Tunis",Tunis,,,1,nichan_iftikhar,0,1,,,,,0,,0,0,0,386,372,0.9434
L1912-02387,SILVE,Léon,0,,28 janv. 1871,1871,Montelan,,"canton de Seyne (B.-Alpes). Ancien chef aiguilleur au Bône-Guelma, secrétaire du groupe de Tunis du Syndicat national des Travailleurs des chemins de fer de France el des colonies, directeur de «la Voix des Cheminots», route de La Soulcra, villa Marie-Louise, près de Tunis. 29' août 1900. Conférence",transport_maritime,transport_maritime,,Tunis,,,0,,0,0,,,,,0,,0,0,0,448,372,0.9478
L1912-02388,SIMIER,Joseph-Pierre,0,,9 août 1869,1869,Le Mans,Sarllie,"Ancien constructeur -mécunicienéleclricien à Béja (Tunisie), actuellement en Algérie.",industry_crafts,industry_crafts,,Béja,,,1,nichan_iftikhar,0,1,"Ecole supérieure indusli'ielle el commerciale du Mans; diplôme de l'Union scientifique, industrielle, agricole et vinicole cle France. Maître-ouvrier du génie cle réserve. Ancien chef d'atelier el directeur de service électrique. Membre du bureau de la Ligue cle l'Enseignement; trésorier du Comité de Défense républicaine aux colonies.",Ecole supérieure indusli'ielle el commerciale,diplome_superieur,,0,"Eclairage électrique du Palais cle Justice de Tunis; conduite des essais du «Bou-Korn», sous-marin pour la pêche des éponges; éclairage électrique cle la ville cle Sousse.",1,0,0,696,372,0.9597
L1912-02389,SIMONNET,Alfred-Louis-Alexandre,0,,26 fév. 1864,1864,,,"agricole, ol'f. du NichanIftikhar. Viceconsul de France H. c; chef du Bureau cle Notariat au Vice-Consulat de France à Tunis, ",diplomacy,diplomacy,"182, avenue cle Paris, Tunis",Tunis,26 février 1895,1895,2,palmes_academiques;merite_agricole,0,0,"collège de Vitrj'-le-Français (Marne); Faculté de. Droit de Paris; bachelier es lettres; brevet de capacité. Sergent cle terr. SUCCESS 1 : professeur cle S"" et 7° au collège de Provins; répétiteur chargé de cours au collège de Château-Thierry; principal clerc de notaire a Châlons-surMarne. Auteur d'un ouvrage cle législation tunisienne à l'usage des notaires cle France (subventionné par le-Gouvernement). Secr. de la Société philanthropique «Les Gaudes»; secr. du Cercle Tunisien de la Ligue de l'Enseignement; secr. du Conseil supérieur de surveillance cle l'Assistance Mutuelle Tunisienne; v.-prés. de la société amicale «la Marne en Tunisie». Membre fondateur cle la Ligue des Droits de l'Homme et du Citoyen (section tunisienne); membre fondateur de la Libre Pensée de Tunis; membre de la Société de Bienfaisance de Tunis; membre fondateur cle la Mission Laïque (section cle Tunis); membre du Cercle républicain démocratique cle Châlons-sur-Marne, etc.",collège de Vitrj'-le-Français;collège de Provins;collège de Château-Thierry,baccalaureat,,0,,0,0,1,1257,372,0.936
L1912-02390,SINIGAGLIA,J.-R.,0,,4 avril 1S45,1845,Tunis,,"Pharmacien, place cle la Bourse, Tunis.",medicine_health,medicine_health,,Tunis,,,1,nichan_iftikhar,0,1,"Faculté de Rome. Pharmacien du Gouvernement Tunisien et des souverains Sadok-Bey, Ali-Bey, Mohamed el HadiBey, En Naceur-Bèy.",,,,0,,0,0,0,240,373,0.9383
L1912-02391,SITBON,Moïse,0,,1873,1873,Tunis,,"Représentant de commerce, ",commerce,commerce,"3, rue Ed-Drina, Tunis",Tunis,,,1,nichan_iftikhar,0,1,"école de 1 Alliance Israélite Universelle. Vice-prés, du Conseil d'administration de la Mutualité maternelle israélite ; prés, cle la Commission des honneurs el memb. consultatif cle la Société cle secours matrimoniaux et mutuels; memb. du r.nnReîl d'ndministration de la Société des Cuisines populaires. Directeur du journal «Ez-Zamane» (le Temps), organe judéo-arabe, littéraire, scientifique et d'informations. Médaille d'honneur cle la Société nationale d'encouragement au Progrès.",,,,0,,0,0,1,598,373,0.9189
L1912-02392,SIVAN,Edouard-Paul,0,,2 déc. 1.878,1878,Sainl-Maximin,Var,"Sons-chef de bureau à la Direction générale des Finances, rue de Marseille, 22, Tunis. ",military;administration,military,,Tunis,25 juillet 1905,1905,2,palmes_academiques;nichan_iftikhar,0,1,"Faculté de Droit d'Aix - en - Provence ; licencié en droit. SUCCESS 1 : receveur cle l'Enregistrement, el, rédacteur à la Direction des Finances.",Faculté de Droit d'Aix - en - Provence,licence_droit,,0,,0,0,0,358,373,0.8838
L1912-02397,SMADJA,Isaac,0,,oct. 1873,1873,,,Interprète judiciaire au Kef. ,administration,administration,,,1885,1885,3,palmes_academiques;nichan_iftikhar;ouissam_alaouite,0,1,"lycée d'Alger, collège .Alaoui cle Tunis ; brevet supérieur cle français: diplôme d'arabe. Ancien interprète auxiliaire à Tunis et secrétaire au Parquet de cette yille. i",lycée d'Alger,brevet_superieur;diplome_superieur,,0,,0,0,0,276,373,0.8177
L1912-02398,SMAJA,Isaac,0,,22 mai 1882,1882,Tunis,,"Avocat au barreau de Tunis, rue cle Bussie. 1.1.",justice_law,justice_law,,Tunis,,,0,,0,0,"lycée Carnot cle Tunis et Faculté de Droit de Paris: bachelier es lettres, diplôme commercial et licencié en droit.",lycée Carnot;Faculté de Droit de Paris,licence_droit;baccalaureat;diplome_superieur,,0,,0,0,0,208,373,0.9257
L1912-02443,SOF,,0,,,,,,"Agriculteur-propriétaire, Bizerle. Membre de la Chambre d'Agriculture, élu en 1906, réélu en 1909; membre de la. Conférence Consultative ('!"" coll., 2' cire.), élu en 1905, réélu en 1907.",politics_native_admin;diplomacy;agriculture,politics_native_admin,,,,,1,merite_agricole,0,0,,,,,0,,0,0,0,235,381,0.886
L1912-02444,SOGNO,Eugène,0,,4 juin 1863,1863,Les Allingos,H.-S.,"Ingénieur civil des mines, ",engineering_architecture;mining,engineering_architecture,"21, av. cle Paris, Tunis",Tunis,,,0,,0,0,"Ecole nationale des Mines cle S'- Elienne, 1S81-84.",,,"de 1885 à 1898, Ingénieur cle la Cie Royale Asturienne : missions et éludes, exploitation et direction de mines en France el en Tunisie; à partir cle 1898, ingénieurconseil à; Tunis. TIÎAVAUX : «Notes sur l'avenir des Mines en Tunisie», Congrès , de la Société de Géographie commerciale de Paris en Tunisie, 1904. Propriétaire à Aïn-Blarka, près de Sidi-NasserAllah (contrôle civil cle Kairouan).",4,,0,0,0,583,381,0.8988
L1912-02445,SOLAL,Eugène,0,,20 février 1880,1880,Marseille,,"Receveur de. la. fourrière municipale, ",administration,administration,"34, av. de Madrid",,,,0,,0,0,Lycée Oarnot. Ancien rédacteur à «la Tunisie Française». Membre de l'Association des journalistes français.,Lycée Oarnot,,,0,,0,0,0,217,381,0.9398
L1912-02452,SOTJBRANE,Antoine-Marie,0,,22 mai 1.872,1872,,,"Chef de division à la Direction des Finances, à , Tunis. ",administration,administration,,Tunis,25 juillet 1905,1905,2,palmes_academiques;nichan_iftikhar,0,1,,,,,0,,0,0,0,265,381,0.8313
L1912-02453,SOUCIET,M.-A.-Joseph,0,,22 fév. 1864,1864,SOti Crézancy,,"agricole, off. dû Nichan-Iftikhar. Agriculteur à La Mornagliia. Août 1890.",agriculture,agriculture,,,,,2,merite_agricole;nichan_iftikhar,0,1,"Lycée Fontanes, Paris; bachelier es lettres.",Lycée Fontanes,baccalaureat,"officier de Trésorerie; secrétaire clu receveur principal des Postes de la Seine; rédacteur au Gouvernement tunisien (deux ans). Ane. prés. fond, de l'Association des colons de La Mornaghia; anc. dir. fond, de la Caisse locale de .crédit agricole de la région. Membre de la Chambre d'Agriculture. Décédé en France en 1909.",8,,0,0,0,564,381,0.8921
L1912-02454,SOUILHAG,Jules,0,,20 mars 1856,1856,,,"(Jules), 20 mars 1856. Propriétaire du «Grand Hôtel de l'Amiraulé», Ferryville. 1895. • SOUILLER (Edmond), 10 juin 1872, Tunis. Publiciste; secr. de la rédaction du «Libéral», quotidien, ",press_letters_arts,press_letters_arts,"6, rue d'Alger, Tunis",Ferryville,,,1,ouissam_alaouite,0,0,"école chrétienne des Frères, collèges Saint-Charles, SaintLouis de Carthage et Alaoui.",,,"commis des Douanes, commis des Contributions diverses, commis à la Recette générale des Finances, commis aux Postes et Télégraphes, représentant d'entreprise de travaux, entrepreneur de travaux publics; publiciste, fondateur du «Libéral», hebdomadaire.",2,,0,0,0,578,382,0.93
L1912-02461,SOULIER,Charles-François,0,,17 sept. 1852,1852,Paris,,"coloniale, comm. du NichanIftikhar. Colonel commandant l'artillerie et le train des équipages militaires en Tunisie, ",military,military,"20, rue d'Espagne, Tunis",Tunis,1900,1900,2,legion_honneur;medaille_coloniale,1,0,"collège Sainte-Bar be, Ecole Polytechnique, Ecole d'application de Fontainebleau, Ecole supé rieure de guerre; bachelier es science! et es lettres; breveté d'état-major. Ane directeur d'artillerie à Bizerte, de jan vier 1906 à mars 1907.",collège Sainte-Bar;Ecole Polytechnique,baccalaureat,,0,,0,0,0,488,383,0.9236
L1912-02462,SOULIVET,Auguste-Flaviers,0,,15 déc 1847,1847,Saintes,Ch.-Inf.,"Maiso] Soulivet, père et fils, «Comptoir Agricole», G, rue d'Italie, Tunis. Fondateurs dudit Comptoir ; introducteurs d'un grand nombre de variétés potagères, fourragères et de fleurs nouvelles et intéressantes pour la Tunisie; éditeurs du «Précis d'HorticuJltirre nord-a:fjricaine», de J. Brichet. O",agriculture,agriculture,,Tunis,,,2,merite_agricole;nichan_iftikhar,0,1,,,,,0,,0,0,0,775,383,0.9654
L1912-02464,SOUTEYRAN,Albert-Henri,0,,6 nov. 1858,1858,Le l'uv,H.-Loire,"Administrateur délégué de la Soc. anonyme des Verreries de Tunis, propriétaire des verreries d'Anarezieux, directeur cle la caisse d'Epargne de S'-Elienne.",administration,administration,,Tunis,,,1,palmes_academiques,0,0,"lycée du Puy. V.-pr. cl prés du Comité radical et radical-socialiste cle Samt-Etienne.- Plusieurs prix (Saint-Etienne el Paris) el, hors concours (Paris).",lycée du,,,0,,0,0,0,397,384,0.8843
L1912-02467,SPECIALE,Ernest,0,,,,,,Janv. ,medicine_health,medicine_health,,Kairouan,1908,1908,1,nichan_iftikhar,0,1,,,,,0,,0,0,0,106,384,0.911
L1912-02468,SPEZZAFUMO,U.,0,,janv. 1873,1873,St?I — STË La Marsa,Tunisie,"(Tunisie), off. du Nichan-Iftikhar. Médecin, ",medicine_health,medicine_health,"4, rue d'Italie, Tunis",La Marsa,,,1,nichan_iftikhar,0,1,"collège Saint-Charles, lycée italien. Facullô de Rome. Médecin de S. A. le Bey.",collège Saint-Charles;lycée italien,,,0,,0,0,1,215,384,0.8803
L1912-02469,SPIRE,Maurice,0,,"1"" oct. 1855",1855,Thionville,,gr. off. du Nichan-Iftikhar. Ane. procureur de la République à Tunis.,justice_law;religion,justice_law,,Tunis,,,3,legion_honneur;palmes_academiques;nichan_iftikhar,1,1,,,,"avocat 1877, docteur en droit 1879, lauréat cle la Faculté de Nancy, substitut à Segré 7 fév. 1880, à Cholet 24 avril, à Laval 2 juillet, à Agen 30 sept. 1.881, procureur à Sainte-Menehould 8 février 1883, à Troyes 10 mars 1888, avocat général à Amiens 21 juin 1890, procureur à Tunis 28 avril 1.891. Décédé en France en 1908.",4,,0,0,0,496,385,0.8636
L1912-02470,SPITZ,,0,,1853,1853,,,"agricole, comm. du NichanIftikhar. ' Inspecteur principal des Contributions diverses; directeur adjoint des Contributions diverses à Tunis. ",administration,administration,,Tunis,1896,1896,2,palmes_academiques;merite_agricole,0,0,,,,,0,,0,0,0,279,385,0.9204
L1912-02473,STAITY,S.,0,,2 fév. 1866,1866,,,"Entrepreneur de peinture, rue du Soudan, 19, Tunis. ",industry_crafts,industry_crafts,,Tunis,1887,1887,1,nichan_iftikhar,0,1,,,,,0,,0,0,0,206,385,0.918
L1912-02474,STALIO,,0,,,,,,"(Matteo di Vincenzo), Citlaventria, Dalmasia (Autriche), ",,,,Djerba,20 mai 1854,1854,0,,0,0,,,,,0,,0,0,0,123,385,0.8452
L1912-02475,STALLA-BOURDILLON,Camille-Laurent-Gustave-Léon,0,,26 juin 1879,1879,Marseille,,"Avocat au barreau de Tunis, II, rue d'Italie, Tunis. Oct. ",justice_law,justice_law,,Tunis,1904,1904,1,nichan_iftikhar,0,1,"lycée cle Marseille, école supérieure de Commerce de Marseille, Faculté des Sciences de Marseille; licencié en droit; diplômé et médaillé de l'Ecole supérieure de Commerce de Marseille» : diplômé es sciences et es lettres-mathémaliques. Ancien membre du Conseil de l'ordre des avocats; a fait son stage à la Cour d'appel d'Aix. "" '","lycée cle Marseille;école supérieure de Commerce de Marseille, Fac;Ecole supérieure de Commerce de Marseille»",licence_droit;diplome_superieur,,0,,0,0,0,504,385,0.9086
L1912-02476,STEFANINI,Giuseppe,0,,"1"" fév. 1862",1862,Livourne,,"Propr. du «Stefanini-Bar», Tunis. ",,,,Tunis,1878,1878,0,,0,0,,,,,0,,0,0,0,348,385,0.9232
L1912-02477,STELLA-COSTA,,0,,5 mai 1876,1876,Bertrange,,"grand-duché de Luxembourg. Publiciste, Tunis. ",press_letters_arts,press_letters_arts,,Tunis,1899,1899,0,,0,0,"Ecole normale o'Arlon (Belgique), collaboratrice au «Courrier de Tunisie», à «la Dépêche Tunisienne», à «la Tunisie Libérale» , etc.",Ecole normale,,,0,"Est la première femme qui ait fait une conférence en Tunisie à la Bourse du Travail novembre 1906, sur le «syndicalisme». «Stella d-Italia». Société philharmonique, 10, rue du Caire, Tunis. BUREAU : MM. Gagliardo, prés.; A. Di- segni, v.-prés.; D1 Montefiore, secr.; X. d'Angelo, très.",1,0,3,545,385,0.9295
L1912-02478,STOFATI,Jacques-François,0,,7 janv. 1S57,1857,Bocognano,Corse,Dignitaire de la Primatiaîe de Carthage. Curé de Monastir. ,religion,religion,,Carthage,1900,1900,0,,0,0,collège et grand séminaire d'Àjaccio. Ancien aumônier militaire à Sfax.,collège et,,,0,,0,0,0,206,386,0.8408
L1912-02479,STOLL,Jacques-Marie-Alphonse,0,,20 mars 1880,1880,La Goulette,Tunisie,"commis des Posles,Tunis. «Etant cuirassier, s'est distingué par un acte de sauvetage : trois de ses camarades étant en danger de mort à la suite d'un essai cle passage de iiviôre, s'est jeté à l'eau et a réussi à en retirer deux.» Ce sauvelaee a été reproduit en illustration dans «le Petit Parisien»",administration,administration,,La Goulette,,,1,nichan_iftikhar,0,1,,,,,0,,0,0,1,440,386,0.9326
L1912-02480,STRESINO,Aureliû,0,,"1"" juillet 1879",1879,La Goulette,Tunisie,"Médecinchirurgien, avenue de France, 22, Tunis.",medicine_health,medicine_health,,La Goulette,,,0,,0,0,"lycée Andréa Doria (Gênes), Université de Gênes. Médecin-chirurgien à l'hôpital italien.",lycée Andréa,,,0,,0,0,0,213,386,0.9262
L1912-02481,STRESINO,Charles-Pascal,0,,19 avril 1843,1843,Tunis,,"off. cle rOsnianié.Médecin-chirurgien-aceouclieur, rue Bab-Souika, 92, Tunis.",medicine_health,medicine_health,,Tunis,,,2,couronne_italie;nichan_iftikhar,0,1,"lycée de Marseille, Université de Pise et de Bologne. Ane. interne des cliniques de Bologne; ancien médecin de Sadok-Bey, d'Ali-Bey, de Mohamed el Hadi-Bey; actuellement médecin de Sidi Naceur-Bey. Médecin légal (Consulat d'Italie); médecin de la Navigation italienne Florio-Rubattino; médecin consultant de l'hôpital italien. Ane. co-propriôtaire et co-direcleur de l'infirmerie Margherita. Ancien membre de la Commission municipale des logements insalubres.",lycée de Marseille,,,0,,0,0,0,659,386,0.9546
L1912-02482,STUREL,François,0,,17 fév. 1886,1886,Toulouse,H.-Gar.,"Publiciste et dessinateur humoristique, ",press_letters_arts,press_letters_arts,"6, rue d'Italie, Tunis",Tunis,,,0,,0,0,"lycée de Toulouse et lycée de Tunis; bachelier es lettresphilosophie (prix d'honneur). A collaboré au «Républicain», au «Courrier de Tunisie», à la revue «Tanit», au «Cri de Tunis» et au «Scorpion». A- exposé plusieurs dessins et aquarelles humorisuV tiques au dernier Salon du «Scorpion», 1907,",lycée de Toulouse;lycée de Tunis,baccalaureat,,0,,0,0,0,435,386,0.912
L1912-02483,SUCH,Antonin,0,,14 nov. 1S74,1874,Agde,Hérault,"Pharmacien, ",medicine_health,medicine_health,"3, av. de Paris",Tunis,10 oct. 1901,1901,0,,0,0,écoles libres; Ecole de Pharmacie de Marseille; Faculté cle Montpellier ; diplôme de pharmacien. Membre de l'Institut cic Carthage.,Ecole de Pharmacie;Institut cic,diplome_superieur,,0,,0,0,0,236,386,0.8941
L1912-02485,SURDON,Rômi-Elie,0,,8 août 1868,1868,S'- Etienne-de-Sainl-Geoirs,Isère,"Directeur de l'école annexe clu Collège Sadiki, ",,,"1, place Bab-Souika, Tunis",Tunis,13 oct. 1887,1887,2,palmes_academiques;nichan_iftikhar,0,1,Ecole normale d'instituleurs de Grenoble; brevet supérieur.,Ecole normale;Collège Sadiki,brevet_superieur,"maître élémentaire au collège Ala.oui, 1S87-8S ; directeur de l'école mixte de Schuiggui, 1888-89: de l'école arabe-française clu Kef, 1889-93; de l'école arabe-française cle Djerba, 1893-99. Secr. du Comité de la. fédération clés Cercles tunisiens de la Ligue de l'Enseignement ; anc. prés, de l'Association amicale des Membres cle l'Enseignement primaire de Tunisie; fondateur de la Bibliothèque populaire de Kairouan et du .Cercle kairouanais de la Ligue française cle l'Enseignement.",9,,0,0,0,769,386,0.9248
L1912-02487,SUSINI,Jean-Paul,0,,17 juillet 1S52,1852,,,"Greffier de la Justice de paix, Sousse. ",justice_law,justice_law,,Sousse,2 avril 1883,1883,2,palmes_academiques;nichan_iftikhar,0,1,"écoles communales laïques. Membre de la Société de Bienfaisance, de la « Patriote », cle la Société des Corses, de la Société Archéologique, de «la Corse» el de la Ligue de l'Enseignement.",,,,0,,0,0,0,350,387,0.9029
L1912-02488,SUSINI,Paul,0,,26 nov. 1870,1870,Ciamamiacci,Corse,Directeur du Service municipal des pompes funèbres. Avril 1908.,,,,,,,1,nichan_iftikhar,0,1,"lycée cle Bastia. Prés, de «l'Union des Corses» et des «Amis de la Corse»; secrétaire général de la «Société des Amis dès Arbres».",lycée cle Bastia,,,0,,0,0,0,299,387,0.946
L1912-02500,TABONE,Salvator,0,,7 janv. 1865,1865,Tunis,,"Industriel, ",industry_crafts,industry_crafts,"53, rue Al-Djazira à Tunis",Tunis,,,1,couronne_italie,0,0,école clés Frères de la Doctrine .chrétienne. Propriétaire de la Minoterie cle « l'Ancre ».,,,,0,,0,0,1,245,389,0.8681
L1912-02503,TAHAR,,0,,15 juillet 18.42,1842,Tébessa,Algérie,titulaire cle plusieurs autres ordres étrangers. Ancien directeur de l'école francoarabe de Sfax. Mars 1892.,,,,Sfax,,,2,palmes_academiques;nichan_iftikhar,0,1,"Collège arabe-français de Conslantine. Instituteur à Tébessa, 1S6S-72; instituteur libre, 1872-74; professeur au collège Sadiki, 1875-85; directeur cle l'Ecole cle Kairouan, 18S5-88; directeur du collège Sadiki, 1888-92, administrateur du collège Sadiki, 1S92-9S; directeur de l'école . franco-arabe de Sfax, 1S93.",Collège arabe-français;collège Sadiki,,,0,,0,0,0,546,390,0.881
L1912-02504,TAHAR-BEY,,0,Bey,1875,1875,La Marsa,,"d'honneur, gr. cordon de l'ordre du Sang et du NichanIftikhar. gr. croix de l'ordre de SaintCharles-'de-Monaco, prince de la famille beylicale.",,,,La Marsa,,,1,legion_honneur,1,0,"Collège Sadiki. Lieutenant el aide de camp de feu son grandpère S. A. Ali-Pacha-Bey, bey de Tunis, commandant d'artillerie el aide de camp cle feu son père S. A. El Hadi-Pacha-Bey, bey de Tunis. Nombreux voyages en France et en Europe.",Collège Sadiki,,,0,,0,0,0,444,390,0.959
L1912-02506,TAIEB,,0,,1863,1863,Tunis,,"Négociant au souk El-Altarine, à Tunis.",commerce,commerce,,Tunis,,,0,,0,0,,,,,0,,0,0,0,73,390,0.786
L1912-02507,TAILLARD,Eugène-Marino,0,,21 nov. 1869,1869,Saint-Pierre-d'Allevard,Isère,"agricole. off. du NichanIftikhar. Interprète - traducteur assermenté pour la langue arabe près le Tribunal mixte, Sousse, rue Jules-Ferry. Nov. 18 8 9.",administration,administration,,Sousse,,,2,palmes_academiques;merite_agricole,0,0,"brevet supérieur de l'enseignement primaire; diplôme supérieur d'arabe. Instituteur nuis pro. fesseur darabe. Près, de la Socieie «la Dauphinoise».",,brevet_superieur;diplome_superieur,,0,"traduction publiée par «le Dalil» (guide de l'arabisant), sous la direction de M. Machu'el. Tarn. Ordre de mission écrit délivré aux spahis de l'oudjak, soit à la requête d'un particulier pour lé recouvrement d'une créance, soit d'office par le contrôleur civil, le caïd ou le khalifat pour les enquêtes administratives ou judiciaires, le recouvrement des impôts ou la convocation des indigènes. Chaque taïn donne lieu à la perception d'un droit dit «khedma», recouvré pour le compte du Trésor. C.V.",1,0,1,924,390,0.9243
L1912-02513,TAPIA,Sion,0,,20 janv. 1S76,1876,,,"(Sion), 20 janv. 1S76, 'l'unis. Encaisseur el, gérant d'immeubles, ",,,"46, rue do Nnples, 'J'unis",,,,0,,0,0,,,,,0,,0,0,0,187,390,0.8738
L1912-02518,TAUCHON,Charles,0,,24 sept. 1843,1843,Paris,,"- Iftikhar, cornm. de l'Etoile noire du Bénin. Contrôleur civil, viceconsul de France à Tunis. ",administration;diplomacy,administration,,Tunis,19 avril 1881,1881,6,legion_honneur;medaille_coloniale;palmes_academiques;merite_agricole;nichan_iftikhar;etoile_noire_benin,1,1,"collèges de Conslantine et de Philippeville. SUCCESS 1 : interprète militaire jusqu'au grade rie nrincinn.1: chef du Service des Renseignements ; contrôleur civil à Nabeul, Kairouan et Sousse. A créé à Sousse la première société d'aide mutuelle entre agriculteurs; a créé aux Souassi le centre aujourd'hui très important de la Smala (V. Souassi); a. créé à Kairouan la première école du . travail pour jeunes filles indigènes. Décédé à Tunis en 1.90S.",,,,0,,0,0,0,737,392,0.9176
L1912-02520,TAUPERT,Alcide,0,,13 mars 1.861,1861,Royan,Ch.-Inf.,"Menuisier, rue Hammam-er-Remimi. ",industry_crafts,industry_crafts,,,23 déc. 1892,1892,1,nichan_iftikhar,0,1,,,,,0,,0,0,0,193,392,0.9095
L1912-02521,TAVERNE,,0,,,,,,"Etait lieutenant - colonel dans l'armée française quand le bey Mohammed es Sadok lui confia, en 1.859, la direction de l'Ecole militaire clu Bardo, qui venait d'être rétablie.Il mourut dans ces fonctions, qu'il ne paraît pas avoir occupées longtemps. E. V.",military,military,,,,,0,,0,0,,,,,0,,0,0,0,265,392,0.966
L1912-02522,TAVOLA,Carlo,0,,23 mai 1.873,1873,Milan,,Pharmacien à Sousse. 8 nov. 1906.,medicine_health,medicine_health,,Sousse,,,0,,0,0,"Université de Pavie. Docteur en chimie, officier sanitaire.",,,,0,,0,0,0,139,392,0.901
L1912-02523,TAYEB,Nyssem,0,,5 août 1SS0,1880,Tunis,,"Secrétaire d'avocat' 'et publidiste, -4Si, avenue de Paris, Tunis.",justice_law,justice_law,,Tunis,,,0,,0,0,"lycée cle Tunis, Faculté de Droit d'Aix et de Paris; bachelier de l'enseignement secondaire; breveté d'arabe régulier; gradué en droit. Collabore à divers journaux tunisiens. Fondateur et' secrétaire du «Patronage des écoles laïques de Tunis ».",lycée cle Tunis;Faculté de Droit d'Aix et de Paris,baccalaureat,,0,en préparation : « L'organisation de l'enseignement public en Tunisie ».,1,0,1,439,392,0.9028
L1912-02539,TERRAILLON,Maxime-Jea.n-Margueritc-Louis,0,,28 janv. 1869,1869,Cra,,"Noire du Bénin. comm. du Nichan-Iftikhar. Ingén. E.C.P., ",,,"18, rue Es-Sachkia, Tunis",Tunis,,,2,etoile_noire_benin;nichan_iftikhar,0,1,"collège de Millau, lycées de Carcassonne, do 'Toulouse, de Tournon. de Lyon; Ecole centrale des Arts et Manufactures ; bachelier es lellres et es sciences; lauréat, en 1S90 du. Concours général des lycées de Paris pour la cl. de mathématiques spéciales. Lieutenant d'artillerie cle réserve.",collège de Millau;Ecole centrale,baccalaureat,inspecteur principal du matériel et cle la Iraclion des chemins de fer B.-G.; chef d'exploitation des chemins cle fer du Nord do l'Espagne ; ingén. en chef des chemins cle fer B.-G. à Tunis.,3,,0,0,0,696,394,0.916
L1912-02542,TERRYN,Paul-Jean-Alberf,0,,16 mars 1.883,1883,Tourcoing,Nord,"Publiciste. 15. avenue de Paris, Tunis. ",press_letters_arts,press_letters_arts,,Tunis,10 nov. 1909,1909,1,nichan_iftikhar,0,1,"Ecole pratique d'Agriculture de Ohesnay; Ecole coloniale d'Agile, cle Tunis. Sergent de -réserve au 4' zouaves. Secrétaire de la Direction de la «Dépêche Tunisienne»: 1res. du Syndicat cle la Presse tunisienne.",Ecole coloniale,,,0,,0,0,0,358,394,0.913
L1912-02543,TERTULLIEN,,0,,,,,,"célèbre polémiste de l'époque chrétienne, né el, ayant vécu à Carthage. Il dédia son «Apologie du Christianisme» au proconsul romain en l'an 200. puis embrassa l'hérésie avec autant d'ardeur qu'il avait soutenu et défendu l'orthodoxie.",diplomacy,diplomacy,,Carthage,,,0,,0,0,,,,,0,,0,0,0,247,394,0.97
L1912-02545,TESTAPERRATA VIANI,,0,,,,,,"d'Italie). chevalier de l'ordre nobiliaire de l'empire romain, patr. de' Rome el de Messine, fils de feu Rienre-Paul, doct. en droit. Propriétaire cle plusieurs domaines en Tunisie. « La famille Testaterrata est originaire de Rome. Son fondateur Pa.ndolphus fut prince régnant cle Bénévenl el de Capo",military,military,,Tunis,,,1,couronne_italie,0,0,,,,,0,,0,0,0,1958,395,0.9565
L1912-02547,TEULIÉRE,Baptiste,0,,4 avril 1.851,1851,Meaux,Ariège,Propriétaire et rentier à Souk-el-Arba.-. ,,,,Souk-el-Arba,4 septembre 1882,1882,1,nichan_iftikhar,0,1,,,,,0,,0,0,0,202,395,0.899
L1912-02550,THELLER,Victor-Joseph,0,,7 mars 1861,1861,Alcer,,"off. du Mérite agricole, off. du Nichan-Iftikhar. Contrôleur civil à Grombalia. ",administration,administration,,Grombalia,1882,1882,5,legion_honneur;medaille_coloniale;palmes_academiques;merite_agricole;nichan_iftikhar,1,1,"lycée de Constantine. Offic. interprète cle 1"" classe cle réserve. Ancien contrôleur civil a, biax.",lycée de Constantine,,,0,,0,0,0,304,396,0.9032
L1912-02551,THERMES,Jules-Léon-Pierre,0,,28 oct. 1.863,1863,Albi,,Fabricant de chaux à. Hammam-Lif et à Albi (Tarn). ,industry_crafts,industry_crafts,,,1900,1900,1,nichan_iftikhar,0,1,lycée d'Albi; certificat d'études.,lycée d'Albi,certificat,"représentant cle commerce et directeur (créateur) de l'usine à chaux d'Hammam-Lif du 1"" août 1.902 au 30 avril 1908 (vendue à la Société anonyme des Chaux et Ciments Thermes). Actuellement administrateur de la Société civile minière de La Mohammêdia.",3,,0,0,0,437,396,0.9271
L1912-02553,THIBAUDET,Camille,0,,7 nov. 1851,1851,Hermé,S.-et-M.,"Ingénieur-expert près les tribunaux, agent général des Compagnies d'assurances «le Phénix» et «l'Urbaine». Juillet 1894.",military;engineering_architecture;finance_banking,military,,,,,1,nichan_iftikhar,0,1,"lycée de SaintQuentin, lycée Saint-Louis de- Paris. Ecole centrale des Arts et Manufactures, fngénieur des Arts et Manufactures",lycée de SaintQuentin;lycée Saint-Louis;Ecole centrale,,"ingénieur chez MM. Sautter et C'°, à Paris (éclairage électrique); ingénieur de l'entreprise d'éclairage des théâtres de Paris; fabricant de cuivreries pour chemins cle fer et étalages ce magasins à Paris; ingénieur de la C* des Ports T.-S.-S.",5,,0,0,2,589,396,0.953
L1912-02555,THOMAS,Ferdinand,0,,2 juillet 1855,1855,La Roche-de-Gluri,Drôme,"Industriel et entrepreneur à Turis, de 1881. à 1907. Décédé à Vichy, le 24 mai 1907. Tout jeune. Ferdin. Thomas quitta le foyer paternel pour chercher une situa.lion, et,comme tousles ouvriers de 1 époque, accomplit le classique tour de France, successivement apprenti, ouvrier mécanicien. C'est en 1",industry_crafts,industry_crafts,,Tunis,1905,1905,3,legion_honneur;palmes_academiques;nichan_iftikhar,1,1,,,,,0,,0,0,1,6535,396,0.9617
L1912-02556,THOMAS,Philippe,0,,,,,,"publique organisa, sous la direc- Tiiô . tion du D' Cosson (V. ce nom), une mission d'exploration cle la Tunisie. D'abord uniquement composée de botanistes, puis de zoologistes, on lui adjoignit, en 18S5, deux géologues : l'ingénieur Rolland et M. Philippe Thomas et, en 1886, ce dernier y fit entrer",engineering_architecture,engineering_architecture,,Gafsa,,,3,legion_honneur;merite_agricole;palmes_academiques,1,0,,"Faculté des Sciences, à l'Ecole cle Médecine et de Pharmacie",,,0,,0,1,1,9385,398,0.9509
L1912-02558,THORRAND,François-E.,0,,1863,1863,S'- Nizier-de-Pariset,Isère,"(Isère), off. du NichanIftikhar. Industriel ; matériaux de construction; travaux en ciment armé. Tunis. ",industry_crafts,industry_crafts,,Tunis,23 mars 1891,1891,0,,0,0,,,,,0,,0,0,0,227,400,0.9215
L1912-02562,TIBI,Samuel,0,,,,,,"Tunis. Avocat au barreau cle Tunis, ",justice_law,justice_law,"8, rue d'Alger",Tunis,,,0,,0,0,"lycée Carnot, Faculté de Droit d'Aix.",lycée Carnot;Faculté de Droit d'Aix,,,0,,0,0,0,113,401,0.921
L1912-02564,TIPHAINE,Lambert,0,,3 décemb. 1859,1859,Lyon,,"Chef du Service des Monopoles au Maroc. 1"" sept. ",,,,,1894,1894,2,legion_honneur;nichan_iftikhar,1,1,"lycée de Lyon; prix de mathémathiques au Concours général des départements, 1878; licencié es sciences.",lycée de Lyon,,"sous-ingénieur à Riom, sousingénieur à Paris; ingénieur à Nice, puis à Tunis; directeur des Monopoles à Tunis jusqu'en 191.0.",3,,0,0,0,405,402,0.8921
L1912-02567,TIRET,Eugène,0,,8 nov. 1883,1883,Tabarca,,Répétiteur au» lycée Carnôt; chargé des cours de français dans les écoles italiennes de Tunis et de La Goulette.,,,,Tunis,,,0,,0,0,lycée Carnot; bachelier es lettres; certificat d'arabe. SUCCESS 1 : instituteur à Sfax et à Aïn-Draham. Officier d'administration de réserve.,lycée Carnot;lycée Carnôt,baccalaureat;certificat,,0,,0,0,0,301,402,0.9069
L1912-02568,TIXADOR,François,0,,4 oct. 1884,1884,Trôvillah,,"canton deSournia, arr. de Prades (Pyr.-Or.). Courtier en vins à Trévillah. 1"" avril 1904. Membre de la société «Delta», à Alger. Ancien membre du Cercle - Républicain de Tunis. Parti de Tunisie le 30 mars 1908.",commerce,commerce,,Tunis,,,0,,0,0,,,,,0,,0,0,0,254,402,0.8916
L1912-02569,TIXIER,Louis-Jules,0,,2 janv. 1870,1870,Amberl,Puy-de-Dôme,"Pharmacien cle lr° cl. de l'Université de Paris. Droguiste, Sousse. ",medicine_health,medicine_health,,Sousse,1902,1902,0,,0,0,Ecole de Pharmacie de Paris.,Ecole de Pharmacie,,"chef du laboratoire de chimie biologique à l'hôpital Péan, à Paris (189.5-96); phai'macien chef de l'hôpital de Djibouti (1898-99).",2,,0,0,0,312,402,0.899
L1912-02571,TLILI,Mohamed,0,,1S80,1880,,,Relieur-imprimeur.,industry_crafts,industry_crafts,,,,,1,nichan_iftikhar,0,1,collège Sadiki et Ecole professionnelle. Ancien contremaître relieur à l'Ecole professionnelle de Tunis. Propriétaire de l'Imprimerie du Succès; gérant du journal «Ez-Zohra».,collège Sadiki,,,0,,0,0,0,252,402,0.9504
L1912-02574,TOUCON,Jacques-Marie,0,,0 mai 1848,1848,Galéchan,H.-Pyr.,"cnev. d'Isabelle d'Espagne, ofr. du Nichan-Iftikhar. Avocat, bâtonnier de l'ordre des avocats, juge de paix suppl. à Sousse. 14 , nov. ",justice_law,justice_law,,Sousse,1904,1904,2,palmes_academiques;nichan_iftikhar,0,1,Institution Poucin et lycée de Lyon; bachelier es lettres et es sciences; licencié en droit.,lycée de Lyon,licence_droit;baccalaureat,"combattant de 1870 aux zouaves (armées du Rhin et de la Loire); secrétaire d'avocat à la Cour de Cassation; avocat-défenseur à Diégo-Suarez (Madagascar); président par intérim du tribunal; secrétaire du Syndicat de la presse périodique du Sud-Ouést: (en France); secrétaire général des Sauveteurs Mé- TOÙ — TRÀ daillés du Gouvernement, à Toulouse; •■• membre de l'Association des Publicistes, délégué général pour la Tunisie; sociétaire de la Presse républicaine départementale de France depuis 1881. Publication de chroniques judiciaires et d'ar-. ticles de Droit pendant 20 ans dans de grands périodiques français. Rédacteur en chef de «la Fraternité du Rouergue», 1881-83; de « l'Impartial du Midi» et du «Midi» de 1884 à 1901. Correspondant de journaux français en Tunisie. Membre fondateur de l'Amicale de la Presse à Sousse. A sauvé 72 personnes lors des inondations de Toulouse (23 juin 1875).",15,,0,0,1,1283,402,0.9222
L1912-02579,TOURNIER,Jean-Joseph,0,,25 déc. 1842,1842,Bonneville,H.-Sav.,"Èvêque titulaire d'Hippone-Zaryte, élu le 27 février 1892 et sacré dans la Primatiale cle Carthage le 5 juin suivant; archidiacre de Carthage. Trésorier du Syndicat obligatoire des Viticulteurs de la Régence cle Tunis.",agriculture,agriculture,,Carthage,,,0,,0,0,,,,,0,,0,0,0,278,403,0.9107
L1912-02585,TREMSAL,Paul,0,,8 déc. 1872,1872,SaintDié',Vosges,"Médaille de la Mutualité, off. du •jNiicn.-iiîUKnar. Chef de division ; chef -in Cabinet à la Direction de d'Enseignem' public, ",,,"9, rue de Belgique, Tunis",Tunis,28 avr. 1898,1898,1,palmes_academiques,0,0,"lycée de Chaumont (HauteMarne) ; lycée Janson-de-Sailly (Paris); Sorbonne ; boursier de licence pt, d'ncfrp.sTflt • licencié es lettres; lauréat du Concours général, Paris. V.-prés. de la Section de Tunis de l'Alliance française; memb. du Comité de la Société des Alsaciens-Lorrains.",lycée de Chaumont;lycée Janson-de-Sailly,,,0,organisation de conférences populaires; collaboration aux conférences et cours dans les corps de troupe; articles divers. Titulaire du diplôme d'honneur et de. la médaille d'argent du Ministère de l'Instruction publique pour ses oeuvres post-scolaires.,1,0,0,805,406,0.8858
L1912-02587,TRIBAUDEAU,Jules,0,,18 oc,1806,,,"(Jules) (le D'), 18 oct. 1876, Neuvy-Sautour (Yonne), off. du Nichan-Iftikhar. Médecin. Fév. ",medicine_health,medicine_health,,,1904,1904,1,nichan_iftikhar,0,1,"Faculté de Médecine de Paris. Aidemajor de 1"" cl. de réserve; chirurgien titulaire à l'hôpital civ. français. Ane. Secrétaire gén. du Cercle français républic, de Sfax ; anc. prés, du Sporting-Club sfaxien.",Faculté de Médecine de Paris,,,0,Installation privée dune clinique chirurgicale pour indigènes en ville arabe.,1,0,0,413,406,0.9372
L1912-02595,TRIDON,Henri,0,,18 mars 18S6,1886,Paris,,"off. du Medjidié. Publiciste, ",press_letters_arts,press_letters_arts,"4, rue Hannon, Tunis",Tunis,1892,1892,3,palmes_academiques;nichan_iftikhar;medjidie,0,1,"Collège Sainte-i Barbe et Lycée LouisJe-Grand, Paris ; bachelier es lettres. Officier de cavalerie démissionnaire. A créé et dirigé, de 1.896 à 1900, le Bureau de la Tunisie à l'Union coloniale française à Paris. A élé rédacteur en chef à «la Dépêche Tunisienne» pendant sept ans. Actuellement directeur de «la Tunisie Française» depuis le 1"" mai 1907.",Collège Sainte-i;Lycée LouisJe-Grand,baccalaureat,,0,A donné dix conférences sur la Tunisie à l'amphithéâtre de la Sorbonne en 18981899.,1,0,0,593,408,0.9334
L1912-02596,TRIOLO,,0,,19 sept. 1871,1871,Castelvetrano,prov. de Trapani,(prov. de Trapani). Médecin à Tunis. Mai 1898.,medicine_health,medicine_health,,Tunis,,,0,,0,0,"Universités de Bologne et de Païenne ; certificat d'élève interne à la Clinique médicale cle Bologne et à l'Institut d'hygiène de Palerme. Officier sanitaire. Médecin particulier de S. A. le Bey. THAV. : Plusieurs articles originaux publiés dans di fférentes revues; communications à la Société de Biologie de Paris, au Congrès des médecins italiens, etc.; douze brochures.",Institut d'hygiène,certificat,,0,,0,0,0,486,408,0.9549
L1912-02597,TRIONFO,César,0,,10 juillet 1.855,1855,Livoume,Italie,"Négociant en pianos, instruments cio musique, machines à écrire Adler, grumûphones. ",commerce,commerce,,,1801,1801,2,palmes_academiques;nichan_iftikhar,0,1,"écoles italiennes. Directeur de théâtres en Tunisie et en Algérie ; co-propriélaire du Théâtre Rossini et du Skating. Présidenl de l'Association amicale des Anciens élèves des écoles italiennes de Tunis, 'initiateur de la Société civile pour la construction clu Théâtre Rossini. Médaille -d'argent à l'Exposition de Milan, 1900.",,,,0,,0,0,3,523,408,0.9105
L1912-02599,TROJANI,Jean-Simon,0,,21 mars 1853,1853,,,"Inspecteur chef des gardes de police à cheval, Tunis. 20 déc. 18881.•SUCCESS* ! brigadier de gendarmerie à Béja,1.888; maréchal des logis à Tunis, 1890; maréchal des logis chef 1893 ; retraité le 13 janvier 1900. Pr'em. et an'e. orés. de la Société Fraternelle de secours mutuels du personnel de la P",military;administration,military,"2, avenue de Paris et 1",Tunis,,,2,medaille_militaire;nichan_iftikhar,0,1,,,,,0,,0,0,0,648,408,0.885
L1912-02600,TROUILLET,Alexis,0,,10 avril 1S65,1865,Grenoble,Isère,"publique, off. clu Nichan-Iftikhar, Médaille des épidémies. Médecin, à Kairouan. Juillet 1898.",medicine_health,medicine_health,,Kairouan,,,4,legion_honneur;palmes_academiques;nichan_iftikhar;croix_rouge,1,1,"lycée de Grenoble. Faculté de Lyon, Val-de-Grûce; lauréat de l'Académie de Médecine de Paris. Médecin-major cle l'armée -territoriale. Ancien médecin militaire. Médecin municipal, médecin de la C"" B.-G, cle l'Office postal; médecin expert près les tribu- naux. Président de la Société de Bienfaisance et de la Bibliothèque populaire. Travaux chirurgicaux, et bactériologiques à Paris, Dijon, Lyon, Grenoble et Tunis. Conférencier de la Société, française de la Croix-Rouge, Dijon et Kairouan.",lycée de Grenoble,,,0,,0,0,2,710,408,0.9746
L1912-02602,TULLIER,Louis-Agna.n,0,,27 janvier 1866,1866,Toulouse,,"Médecinvétérinaire, directeur des Abattoirs de Tunis. ",medicine_health,medicine_health,,Tunis,1892,1892,2,merite_agricole;nichan_iftikhar,0,1,"collège de Blois, lycée cle Toulouse, lycée Saint-Louis (Paris), école vétérinaire de Toulouse, bachelier es sciences. Diplôme de vétérinaire. Vétérinaire en second cle réserve au 4"" chasseurs d'Afrique. Ancien directeur des abattoirs de La Goulette, La Marsa et Sidi-bou-Saïd. Ancien président cle la Société française cle bienfaisance cle La Goulette."" Membre du Comité cle la Ligue de l'Enseignement, vice-président du groupe C. de la Mutuelle tunisienne. Ancien conseiller municipal cle Porlet (canton ouest de Toulouse).",collège de Blois;lycée cle Toulouse;lycée Saint-Louis,baccalaureat;diplome_superieur,,0,,0,0,0,697,409,0.9637
L1912-02603,TUNIS,,0,,,,,,"capitale de la Tunisie, siège du Gouvernement tunisien el de toutes les Directions des différents Services du Protectorat, ainsi que des grandes compagnies et des banques. Résidence du Ministre de France, Résident général, du Général, commandant la. Division d'occupation cle Tunisie (Dar-Husseïne).",military;finance_banking,military,,,,,0,,0,0,,,,,0,,0,0,0,306,409,0.9949
L1912-02612,TUSSAC,Emile,0,,13 fév. 1862,1862,Vaison,Vaucluse,"Ingénieur des Travaux publics, ",engineering_architecture,engineering_architecture,"1, rue Léon-Roches, Tunis",Tunis,,,3,palmes_academiques;merite_agricole;nichan_iftikhar,0,1,,,,,0,,0,0,0,275,414,0.8058
L1912-02615,USANNAZ-JORIS,Marcel,0,,28 nov. 1878,1878,Saint-Julien,H.-Savoie,"Avocat au barreau de Tunis, ",justice_law,justice_law,"1, rue de Rome",Tunis,1902,1902,2,nichan_iftikhar;palmes_academiques,0,1,"internat cle Saint-François de Sales, à Chambéry ; Faculté de Droit de Paris; Ecole libre des Sciences politiques, à Paris. Docteur en droit ; diplômé de l'Ecole libre des Sciences politiques (section diplomatique); mention «très bien» devant la Faculté de Grenoble à l'occasion du baccalauréat (1895), 1"" mention d'histoire du Droit (concours cle la Faculté de Paris, 1.S96); mention au concours de thèses (Faculté de Paris, 1901).",Faculté de Droit de Paris,doctorat_droit;baccalaureat;diplome_superieur,"avocat à la Cour de Paris, 1898-1901; avocat à la Cour de Chambéry, 1901-02; avocat au barreau de Tunis, 1902. Memb. corresp. de l'Académie, de Savoie; memb. de la Société savoisienne d'histoire et d'archéologie.",5,"«De la neutralité de la Savoie», étude d'histoire diplomatique et de droit international, Paris, 1901, 252 pages. Diverses communications historiques à la Société savoisienne d'histoire et d'archéologie. V.-prés. de la Société régionale « Les Savoyards».",1,0,1,1075,416,0.9328
L1912-02618,UZAN,Clément,0,,12 août 1862,1862,Sousse,,"d'Italie, ""off. du Nichan-Iftikhar. Médecin à Sousse.",medicine_health,medicine_health,,Sousse,,,2,couronne_italie;nichan_iftikhar,0,1,"Gymnase et lycée Nicolini à Liyourne; Université de Pise; éludes supplémentaires à Florence. Aide chirurgien de la Faculté de Pise. Capitaine médecin de réserve. Praticien depuis 1SS7. Médecin fiscal près le Vice-Consulat d'Italie; médecin de la.Colonie et du Consulat de S. M. Britannique; médecin titulaire de la C"" de Navigation italienne.",lycée Nicolini,,,0,,0,0,0,464,417,0.953
L1912-02619,UZAN,,0,,20 avril 1889,1889,Sousse,,"Magasinier et dégustateur d'huile à la Banque cle Tunisie, Sousse. Ancien agent théâtral. Membre fondateur de la «Mutualité Soussienne». Percepteur de l'Assistance Mutuelle Tunisienne depuis 1908 et de diverses autres sociétés françaises. Organisateur bénévole des . fêtes des sociétés d'assistance o",administration;commerce;finance_banking,administration,,Sousse,,,0,,0,0,,,,,0,,0,0,0,364,417,0.9438
L1912-02620,UZAN,Michel-Micaël,0,,16 fév. 1881,1881,Tunis,,"Ingénieur agronome, ",engineering_architecture,engineering_architecture,"52, rue des Glacières, Tunis",Tunis,,,1,nichan_iftikhar,0,1,"Alliance Israélite, lycée Carnot, lycée SaintLouis (Paris), Institut national agronomique ; certificat d'arabe parlé, 1897; bachelier de l'enseignement second, moderne, 1899; ingénieur agr. 1904 ; Direct.- proprâétaire d'une grande laiterie, 19051908; chimiste (analyses de phosphates, minerais); expert près Je tribunal de 1"" instance et près l'Ouzara et le tribunal de la Driba pour les expropriations pour cause d'utilité publique. Memb. actif de l'Institut de Carthage; memb. du Conseil de T«Alliance Sportive»; memb. du Conseil de l'«Asile de nuit et Maternité israélite»; memb. de l'Amicale des Anciens élèves, de l'Institut national agronomique; etc. 1"" prix (Médaille de vermeil) au Concours agricole de Mateur (1906). iPremier et seul ingénieur agronome indigène tunisien. Petit-fils du caïd Micaël Uzan, conseiller municipal, membre. de la Chambre de Commerce. *vVACHER (Jean LE), religieux de l'ordre de Saint-Vincent-de-Paul, missionnaire à Tunis au xvir siècle. U fut élevé à la dignité consulaire de 1648 à 1666. C'est lui qui construisit le Fondouk français, demeure du consul de France et dos marchands français. Une rue de Tunis, longeant la Municipalité et allant de l'avenue de Carthage au port, porte son nom.",lycée Carnot;lycée SaintLouis;Institut national agronomique;Institut de,baccalaureat;certificat,,0,,0,0,1,1356,417,0.9277
L1912-02621,VACHEROT,Pierre-Charles,0,,,,,,"1"" oct. ",education_science,education_science,,Tunis,1898,1898,3,palmes_academiques;merite_agricole;nichan_iftikhar,0,1,,lycée Carnot,agregation,"professeur aux lycées de Montluçon, Barle-Duc et Orléans.",1,,0,0,0,281,418,0.8932
L1912-02622,VAIARELLO,Michel,0,,5 janv. 1.846,1846,Favignana,Sicile,"Négociant, route cle Monastir,Sousse. ",commerce,commerce,,Monastir,20 nov. 1862,1862,0,,0,0,,,,,0,,0,0,0,382,418,0.9291
L1912-02623,VAISSIË,Louis-Raymond,0,,1866,1866,La-CImpelle-Marival,Lot,"publique, comm. du Nichanliiucnar. substitut du Procureur cle la République, 4-2. avenue JulesFerry, Tunis. Fév. 19051 E'rnDES : Facultés de Toulouse el de Paris ; lie. en droit.",justice_law;religion,justice_law,,Tunis,,,1,palmes_academiques,0,0,,,,"Juge de Paix en Algérie, juge suppléant et substitut.",1,"Sous le nseudonvme de Raymond Marival : «Le Çof», roman de moeurs algériennes, 3° édit. «Chairs d'Ambre», roman kabyle, 2"" édit.; édités par «le Mercure de France», Paris.",1,0,1,517,418,0.8735
L1912-02624,VALENSI,Albert,0,,1.875,1875,Tunis,,"Médecin-chirurgien, rue de Naples, 64, Tunis.",medicine_health,medicine_health,,Tunis,,,1,nichan_iftikhar,0,1,"lïcole italienne Viltorjo Emmanuel o II, à Tunis, jusqu'au baccalauréat ; Université de Rome ; diplômé mentii-m «très bien » ; grand prix de la Faculté de Rome. . Médecin-chir. titulaire à l'hôpital israélite; médecin à l'hôpital italien. Conseiller à la société «Dante Alighieri»; conseiller à l'hôpital israélite; secr. du Conseil sanitaire de l'hôpital israélite; anc. secr. adj. à la Société médicale.",,baccalaureat;diplome_superieur,,0,«Sur les albuminuries produites par cause psychique».,1,0,0,588,418,0.9183
L1912-02625,VALENSI,Alfred,0,,25 janv. 1878,1878,,,"Avocat au barreau de Tunis, ",justice_law,justice_law,"14, rue des Tanneurs",Tunis,,,1,nichan_iftikhar,0,1,"Collège Suint-Charles, lycée Carnot, ; Faculté do Droit de Montpellier. Docteur en droit (es sciences juridiques) (1905); prix cle philosophie ; prix dîionn. offert par la Municipalité de Tunis; lauréat de la Faculté de droit de Montpellier (1900); prix de thèse de la même Faculté (1905). Anc. secr. du groupe des Etudiants Sionistes de Montpellier; anc. memb. do la Société de l'Enseignement populaire de l'Hérault.",Collège Suint-Charles;lycée Carnot;Faculté de droit de Montpellier (1900),doctorat_droit,,0,"«L'Application de la loi'du divorce en France», étude de droit, cle législation et de sociologie (Lib. Larose et Tenin, Paris, 1905); «Le Sionisme», in «Revue Politique et Parlementaire», 10 juin 1906; «La Réforme du divorce», même Revue, 10 sept. 1907; «Le divorce et M. Paul Bourget», in «Le Censeur politique et littéraire», 29 fév. 1908; «L'autonomie économique et juridique de la. femme mariée», in «Revue Pol. et Pari.», 1.908. Collaborateur : de la «Revue Pol. et Pari.»; du «Relèvement Social», organe de la Ligue de la moralité publique en France; cle «La Française», journal de progrès féminin, Paris; de la «Revue pratique de droit international privé», Paris. Correspondant cle «Neue Judische Korrespondenz»,Berlin; de «Die Well», Cologne; du «Corriere Israelilico», Trieste.",1,0,2,1341,418,0.9056
L1912-02626,VALENSI,Gabriel,0,,18 déc. 1.845,1845,Tunis,,"d'Autriche, off. de Léopold de Belgique, gr. off. du Bolivar cle Venezuela, gr. off. du Lion et clu Soleil de Perse, comm. du Faucon Blanc, gr. off. de Saxe-Cobourg-Gotha, comm. de Wasa de Suède, comm. du Cambodge. Général de division, directeur clu Protocole et premier interprète du Palais de S. A.",military;administration,military,,Tunis,,,9,legion_honneur;nichan_iftikhar;isabelle_catholique;saints_maurice_lazare;charles_iii;christ_portugal;saint_sauveur_grece;francois_joseph;leopold_belgique,1,1,' collège Saint-Louis. ;,collège Saint-Louis,,": Attaché au Ministère des Affaires Etrangères; 2"" interprète; 1"" interprète; général de brigade; général de division, chef du Protocole. Chef du Bureau de la Chancellerie du Nichan-Iftildiar.",6,,0,0,1,1031,419,0.9633
L1912-02627,VALENSI,Joseph,0,,6 déc. 1856,1856,Tunis,,"d'Italie, gr. off. du Nichan-Iftikhar. Directeur des Services administratifs de la Municipajité de Tunis dep. 1.897.",,,,Tunis,,,4,palmes_academiques;merite_agricole;couronne_italie;nichan_iftikhar,0,1,"lycées Charlemagne et Condorcet, Paris : Faculté de Droit de Pa ris ; certificat d'arabe parlé",Faculté de Droit de Pa ris,certificat,"en 1.884, attache a l'Aclm. générale du Gouvernement tunisien;- en 1889, chef du Bureau des Communes.",3,"«La législation communale cle la Tunisie»; «Le dictionnaire de la législation municipale de la ville de Tunis»; «La valeur loca.live des immeubles à Tunis; sa répartition: le capital immobilier». Secr. depuis seize ans de la Société française ""de Bienfaisance; du «Photo-Cercle»; fondateur cle la Société des Courses de Tunis. A illustré par la. photographie « Au Pays des lîeys», le guide Conty, le guide Jou.nne,la «Renaissance Nord Aricaine». Il est un des principaux collaborateurs photographiques de la « Tunisie Illustrée» . M. Joseph Valensi appartient à une famille qui, depuis 1790, est, de père en fils, au service du Gouvernement français. Son trisaïeul, courtier de la Nation française, s'est signalé . pendant la. période de 1800 à 1812 par lès services rendus à la France en rapatriant plus de trois mille prisonniers de guerre français sortant des prisons de l'ennemi et par l'expédition dans les postes de France, d'Italie et du Royaume de Naples de plus de trente parlementaires/ Son grand-père, R. Valensi, et son père, Gabriel Valensi, furent nommés par le département des Affaires étrangères interprètes auxiliaires près le Consulat général de France. Ils rendirent de signalés services en traitant avec la Cour du Bardo l'obtention d'importantes concessions h la France, notamment la concession des lignes télégraphiques, l'adduction à Tunis des eaux de Zaghouan, etc., etc. Le même Gabriel Valensi fut, en 1846, attaché par le Gouvernement français à la personne du duc de Montpensier quand, jeune encore, il fît un voyage en Tunisie; à Ahmed-Bey, surnommé le Petit Napoléon, quand il rendit visite, à Paris, à Louis-Philippe, et enfin fui désigné pour accompagner, en qualité d'interprète, Saclok-Bey à Alger lors de la présence de l'Empereur des Français dans cette ville. 11 fut encore chargé des fonctions cle premier commissaire pour la Tunisie aux Expositions Universelles de 1867 et 1878.",1,0,1,2407,419,0.9435
L1912-02628,VALENSI,Joseph,0,,,,,,"de Grèce, off. cle la branche Ernesline de Saxe-Co bourgGotha, chev. de la Couronne d'Halle, Médaille d'honneur de S. M. l'Empereur d'Autriche p' 40 ans de fidèles services. etc. Consul I. et R. d'Autriche-Hongrie à Tunis, en retraite. Décédé en 1909.",diplomacy,diplomacy,,Tunis,,,3,francois_joseph;nichan_iftikhar;saint_sauveur_grece,0,1,,,,,0,,0,0,1,434,420,0.9495
L1912-02629,VALENSI,Moïse,0,,1825,1825,,,"Commissaire général de la Tunisie à l'Exposition de Chicago. Décédé à L'Ariana, le 20 fév. ",military,military,,Tunis,1909,1909,1,nichan_iftikhar,0,1,,,,,0,,0,0,0,183,420,0.9318
L1912-02630,VALENSI,Raoul,0,,1865,1865,Tunis,,Vice-président du tribunal civil de Marseille.,justice_law,justice_law,,Tunis,,,2,palmes_academiques;nichan_iftikhar,0,1,lycée de Marseille et Faculté de Droit d'Aix-en-Provence; grand prix d'honneur du lycée de Marseille; prix aux -concours généraux; licencié en droit. Officier de réserve.,lycée de Marseille;Faculté de Droit d'Aix-en-Provence,licence_droit,"avocat au barreau de Marseille; membre du Conseil de l'ordre; juge d'instruction à Toulon; juge de 1"" cl. au tribunal de Marseille.",5,,0,0,0,441,420,0.9708
L1912-02631,VALENSI,Robert,0,,10 août 1884,1884,Tunis,,off. du Nichan-Iftikhar. Médecin à Paris.,medicine_health,medicine_health,,Tunis,,,1,nichan_iftikhar,0,1,lycée Carnot de Tunis; Faculté de Médecine de Montpellier; bachelier es lettres; lauréat de la Faculté de Médecine de Montpellier; thèse de doctorat reçue avec la mention «très bien» et félicitations du Jury; grand prix d'honneur offert par la Direction de l'Enseignement (lycée Carnot).,lycée Carnot;Faculté de Médecine de Montpellier,baccalaureat,,0,«Un médecin arabe au moyen âge : Albucasis»; conférences médicales à Montpellier.,1,0,0,476,420,0.9647
L1912-02632,VALENSI,Rodolphe,0,,1881,1881,Tunis,,"Publiciste, rue Sidi-bou-Mendil, 27, Tunis.",press_letters_arts,press_letters_arts,,Tunis,,,2,palmes_academiques;nichan_iftikhar,0,1,,,,"attache a 1 Administration générale du Gouvernement tunisien,1900; attaché à la Chancellerie du Nich.-irt3kh.ar. 1901 ; secr. de la Chancellerie du Nichan-Iftikhar, 1907. Secrétaire de la Société de Géographie commerciale, 1903; secr. de la Comrniss. clu Congrès cle géographie coloniale, 1904; Délégué de la Section tunisienne au Congrès de géographie de Saint-Etienne, 1905; memb. corresp. du Syndicat de la Presse tunisienne; memb. ' du Syndicat de la Presse coloniale cle Paris; ""memb. de la Ligue des droits cle l'Homme et du Citoyen; memb. do lu. Jeunesse radicale et radicale-socialiste de France.Corresp. cle «la Revue Diplomatique»; du ««Moniteur des Consulats»; des «Echos Parisiens», des «Annales diplomatiques et coloniales ». Collaboration au Rapport des travaux du Congrès de géographie commerciale, 1.904.",15,,0,0,0,932,420,0.914
L1912-02633,VALENSI,Théodore,0,,21 juin 18S6,1886,Tunis,,Avocat à la Cour d'appel cle Paris et publiciste.,justice_law;press_letters_arts,justice_law,,Tunis,,,1,nichan_iftikhar,0,1,lycée Carnot de Tunis ; lycée de Marseille; Ecole de Droit rie Marseille ; Faculté de Droit et des Lettres d'Aix-en-Provence ; bachelier ôs lettres; licencié en droit ; docteur en droit. Anc. attaché au Ministère du Travail (Ministères ueorges uemenceau et Aristide Briand; memb. tilul. du Syndicat de la Presse tunisienne; fondateur de l'Association générale des Etudiants de Tunis; correspondant du journal «La Lanterne»; anc. dir. de «l'A.»; anc. ré'd. en chef du «Progrès de Tunis».,lycée Carnot;lycée de Marseille;Ecole de Droit;Faculté de Droit et des Lettres d'Aix-en-Provence,licence_droit;doctorat_droit;baccalaureat,,0,conférence sur la Tunisie et ses moeurs (Marseille); ouvrage sur «La politique d'association en Tunisie». Médaille d'honneur de la Société nationale d'Encouragement au Bien.,1,0,0,795,420,0.9266
L1912-02634,VALENTIN,Louis,0,,27 nov. 1879,1879,Mons,Belgique,"Constructeur-électricien, ",industry_crafts,industry_crafts,"16, avenue de r-aris, runis",,14 févr. 1899,1899,1,nichan_iftikhar,0,1,"lycée de Tunis. Fut l'un des fondateurs de la Société sportive des élèves du lycée de Tunis; prit l'initiative, en juin 1894. cle la création d'une Société française de gymnastique «La Gauloise»; Médaille. â'nv. . gent du Ministère de l'Intérieur au Concours fédéral de Roubaix (1897); moniteur adjoint de «La Gauloise» au Concours fédéral de Saint-Etienne, où il remporte un prix de tir et le diplôme d'honneur de l'Union des Sociétés cle Gymnastique de France. A la suite d'un accident quille la gymnastique pour s'adonner à J'escrime. Membre fondateur (1900) de l'Association des Anciens Elèves du lycée de Tunis, où il crée une section des sports en plein air. Organise, avec le maîlre Peyrard . comme professeur, une salle d'escrime. De 1900 à 1905, prend part à cle nombreux assauts pour des fêtes de bienfaisance et soutient des rencontres avec les maîtres San-Malalo, Pini et Kirchoffer: en mai 1905, remporte le championnat international d'épôe, à Bône (Algérie); en avril 1.906, vainqueur du championnat international d'Italie, à Païenne; membre fondateur clu Cercle Jean-Louis, 1.907; vice-président fondateur cle la Sociélô française «l'Orientale». 1907 ; fut l'un dos organisateurs des premiers championnats de foot-ball association en 1907-08-09; se classe premier des Tunisiens aux tournois d'escrime de Tunis 1907-190S ; prend part au tournoi d'Alger, 1.909, où il est blessé; fut un des créateurs du mouvement, en faveur du foot-ball rugby, 1910-1.911. Collaborateur sportif ail «Courrier cle Tunisie» el, à «la, Tunisie Sportive». Médaille d'honneur de la Société nationale d'Encouragement au Bien,,",lycée de Tunis,diplome_superieur,,0,,0,0,2,1770,420,0.9382
L1912-02635,VALENTINI,Jean-Baptiste,0,,9 sept. 1.862,1862,"Cor lé""",Corse,Receveur des Douanes (Ta.ba.rcn.). Juillet 1881.,administration,administration,,,,,2,medaille_coloniale;nichan_iftikhar,0,1,"collège Paoli, de Corté. Sôus-officier de réserve.",collège Paoli,,,0,,0,0,0,212,421,0.8932
L1912-02636,VALÉRY-MAYET,,0,,,,,,"zoologiste, professeur d'histoire naturelle à l'Ecole d'Agriculture de Montpellier. A fait partie do la Mission d'exploration scientifique de la Tunisie du D' Cosson. avec Philippe Thomas et Doumet-Adanson, en 1884. A publié : «Voyage dans le Sud cle la Tunisie», chez A. Challamel, Paris,. in-18, 2""",education_science,education_science,,,,,0,,0,0,,,,,0,,0,0,1,510,421,0.9013
L1912-02637,VALITON,Jules-Eugône,0,,13 mai 1870,1870,Boudeval,Doubs,"Commis des Postes el Télégraphes, Mahdia. ",administration,administration,,Mahdia,5 mars 1892,1892,1,nichan_iftikhar,0,1,,,,,0,,0,0,0,350,421,0.9093
L1912-02638,VALLETTA,Joseph,0,,24 janv. 1.880,1880,Malte,,Médecin du Consulat général d'Angleterre. ,medicine_health;military;diplomacy,medicine_health,,,5 avril 1907,1907,0,,0,0,Lycée et Université de Malte; Ecole médicale de Middlesex-; Hôpital de LucenCharlotte's (Angleterre). M. A. ma.glster arlium. M. D. Grand prix de l'Université. Ex-interne de l'hôpital civil de Malte. Attaché au Consulat général d'Angleterre; chargé de la bienfaisance et clu rapatriement des Maltais.,Lycée et,,,0,,0,0,0,415,421,0.9438
L1912-02639,VALOIS,Jean-Francois-Henrî DE,0,,15 juillet 1S79,1879,Lunel,Hérault,Sous-chef de bureau à la Direction des Finances. Tunis. Octobre 1880.,administration,administration,,Tunis,,,1,nichan_iftikhar,0,1,"lycée Carnot de Tunis, lycée Thiers cle Marseille et Faculté de Droit d'Aix : licencié en droit. Entré"" dans l'Administration des Finances on mars 1900: services antérieurs à la Section d'Etat du Gouvernement tunisien (déc. 1S97 à 1900).",lycée Carnot;lycée Thiers;Faculté de Droit d'Aix,licence_droit,,0,,0,0,0,409,421,0.8803
L1912-02641,VANNEY,Jean-Baptiste,0,,23 janvier 1875,1875,Saint-Chamond,Loire,"Dessinateur ; clief de section au Service Topographique, 15, r. Thiers, Tunis. Janv. ",,,,Tunis,1899,1899,1,palmes_academiques,0,0,,,,,0,"Auteur d'un plan de Tunis et ses environs et de la carte des chemins de fer routiers et minière cle la Régence, édiles par la librairie C. Saliba aîné (Tunis).",1,0,0,384,422,0.9193
L1912-02642,VAQUIË,Paul-Louis,0,,16 nov. 1877,1877,Louben,Ariège,"Juge rapporteur du Tribunal mixte, à Sousse.",justice_law,justice_law,,Sousse,,,0,,0,0,,,,"Juge suppléant rétribué à Nemours, déc. 1903; juge de paix à Tiarel, avril 190S ; juge suppléant au tribunal de Sousse, oct. 1908, et à Tunis, nov. 1909.",4,,0,0,0,261,422,0.8964
L1912-02643,VAQUIER,,0,,,,,,"Médecin. 1. bis, r. Es-Sadikia, Tunis. Octobre 1903.",medicine_health,medicine_health,,Tunis,,,1,nichan_iftikhar,0,1,"lycée de Toulouse ; Faculté des Sciences et de Médecine de Toulouse ; deux fois lauréat de l'Université. Aidemajor de 2° cl. de réserve: Médecin de l'hôpital civil français (maladies de la gorge, du nez et des oreilles); de l'Office Postal, de la Cie Bône-Guelma, de la Société de Bienfaisance.",lycée de Toulouse;Faculté des Sciences et de Médecine de Toulouse,,,0,"Publications diverses intéressant l'oto - rhino - laryngologie. Membre titulaire de la Société française d'otologie, de rhinologie et de laryngologie.",1,0,1,620,422,0.9259
L1912-02644,VARATASSI,Alexandre,0,,27 oct. 1864,1864,Chalcis,"Euli.ée, mer Egée","(Euli.ée, mer Egée), chev. de l'ordre du Sauveur, comm. du Medjidié. 25 août 10UB. Anc. consul de Grèce à Tunis.",diplomacy,diplomacy,,Tunis,,,2,medjidie;osmanie,0,0,Docteur en droit.,,doctorat_droit,"magistrat juge consulaire à Constantin ople; juge président à Cardin, consul à Sniyrne, consul général à Pliilippopoli el à Bukarest, à 'J'unis el à Gènes: de 1905 à 1906. agent officieux du Gouvernement, hellénique à Bukarest, les ministres de Grèce et de Roumanie étant partis en congé avant la rupture des relations diplomatiques. Parti cle Tunis en août 1908.",4,,0,0,0,559,422,0.8839
L1912-02645,VASSEL,Marie-Joseph-Eusôbe,0,,3 juillet 1844,1844,Forceville,Somme,"publique, chev. du Mérite agricole, comm. du Nich.-Iftikhar, Maxuja-Radès. ",,,,,1888,1888,3,palmes_academiques;merite_agricole;nichan_iftikhar,0,1,,,,"capitaine au long cours ; maître de port, pilote clu canal puis capitaine d'armement el do navigation au canal de Suez, retraité à la suite d'une maladie nerveuse ; réda.c• teur-ttraduct. à l'Agence Ha vas, à. Paris; rédacteur en chef de «la Dépêche Tunisienne»; représentant d'usines et inspecteur du do■ maine de Oued-Melah; directeur do la Société d'Aïn-Garci. Anc. memb. du bureau du Comité de défense des intérêts français d'outremer; anc. prés, du Syndicat des propriétaires de Maxula-Radès; v.-prés. du Salon tunisien de 1.898; président du Salon tunisien do 1.901: anc. secr. gén. et anc. prés, de l'Institut de Carthage, actuellement v.-prés. d'honneur. Membre du Syndicat de la presse tunisienne.",14,"A donné au Muséum cle Paris une importante collection formée en I Egypte. — Un des créateurs de ' Maxu- la.. — A dirigé quatre ans la «Revue Tunisienne». — Livres : «Les Phosphates tunisiens, leur port de sortie et la défense nationale», 1 vol.; «La littérature populaire des Israélites tunisiens», 1. vol. — Mémoires et articles économiques, scientifiques et littéraires.— A obtenu pour ses éludes sémitiques un diplôme de grand prix à l'Exposition franco-britannique cle Londres (1908); anc. administ. cle l'hôpital français de Suez; anc. memb. cle la Chambre consultative d'Agriculture de Tunisie; membre du jury clu Concours régional agricole de' Tunis (1.893) el du Comité des fêles de l'inauguration du Port; v.-prés. délégué adjoint cle la Commission municipale de Maxula-Radès; expert marilime près le tribunal civil de Tunis depuis 1.S92. Second-maître dans la Flotte pendant la guerre, officier aux volontaires bretons sous la Commune; en 1899, au moment de l'affaire de Faclioda, inscrit comme volontaire, lieutenant .d'artillerie.",1,0,2,1945,422,0.9275
L1912-02646,VEIGY,Paul-Emile DE,0,,"1"" juillet 1869",1869,Alger,,"off. du NichanIftikhar. Avocat, Juge de Paix suppléant à Sfax. Juin 1896. Ancien Prés, de la Société de sec. mutuels de Sfax;. prés, de .«l'Algérienne»,",justice_law,justice_law,,Sfax,,,0,,0,0,,,,,0,,0,0,0,199,423,0.9162
L1912-02647,VENDEL,Georges,0,,2 mai 1867,1867,Anc,,publiciste et imprimeur à Tunis. ,industry_crafts;press_letters_arts,industry_crafts,,Tunis,4 nov. 1885,1885,3,palmes_academiques;nichan_iftikhar;ouissam_alaouite,0,1,"lycée cle Caen; bachelier Titulaire d'une médaille à l'Exposition de Marseille. es lettres, b*- oflicier de réserve. Ecole normale primaire cle Grenoble: brevets élémentaire et supérieur; diplôme supérieur d'arabe.",lycée cle Caen;Ecole normale,baccalaureat;diplome_superieur,"■'Fonctionnaire des Travaux publics, 1SS902; imprimeur et publiciste, 1892-1908. Pr. de l'Union des Travailleurs Français à Sousse, 18951901; Prés, de l'Union Musicale de Sousse. 1896-1902; syndic VAUDAINE (Elienne-Jean-Baptisle), 2S mars 18(12. Faromano (Isère), off. d'Académie, off. du Nichan-Iftikhar. Professeur au collège Sadiki et à l'école Emile-Loubel, rue ""Bou-Cbenak, Tunis. 28 nov. 1884. directeur de l'école franco-arabe de Sousse, de l'annexe du collège Alaoui. de l'annexe du collège Sadiki à Tunis. Président de la Société d'assistance mutuelle en cas cle décès outre les fonctionnaires cle l'Enseignement public en Tunisie; anc. v.-prés. de l'Amicale de l'Enseignement primaire. pour la Tunisie du Syndicat de la Presse Coloniale, siège à Paris, 1904-08.",15,"«Etude sur la culture de l'olivier» (Imprimerie Centrale, 1897), vol. de 216 p. in-S""-raisin :. Direction de: «Le Progrès du Sud», 1S92-95; «Le Progrès du Centre», quotidien, 1895-1900; «L'Indépendant», hebdomadaire, 1900-08. Secr. clu Syndicat du Sahel, 1.894-96; membre de la Chambre cle Commerce du Centre, 1898-1904; secrétaire cle ladite Compagnie 1902-04; membre de la Conférence Consultative, 1901-03. Entreprit le commerce des primeurs (magasin : rue d'Italie, à Tunis) et imprima le «Journal Officiel Tunisien» (Imprimerie Centrale, passage de Bénévent, à Tunis). VAYSSIÊRE (Marius), 1.0 nov. 1861, Arles (B.-du-Rh.). Propriétaire du Grand Hôtel de Gabès. Janv. 1880. Très, de i Avenir ua Prolétariat, e;> I mité de Gabès; très, de la. Société EscrimeSports ; secr. do l'Union ' commerciale et agricole. Dir. de chasses et cle voyages d'études : préparateur naturaliste. M. lion, à l'Exp. col. de Marseille.",1,0,0,2040,423,0.8893
L1912-02649,VENTRE,Joseph-Auguste,0,,29 avril 1S45,1845,Tunis,,d'hom. .'SÀHJMAPBAELOWKBIBA» nèur. héeùciant. 12. rue d'Allemaene. Tunis.,,,,Tunis,,,1,legion_honneur,1,0,"lycée de Marseille ; bachelier es sciences. Anc.prés. et prés. non. de la Chambre de Commerce de Tunis ; président du Syndicat pour la défense du comm. des grains et de leurs dérivés; anc. juge consulaire; ancien député de îa nation, conseiller du commerce extérieur de la France. La maison Ventre existe depuis 1823. Elle fut fondée par Joseph Ventre, qui vint s'installer à celte époque à Tunis. Il fut suivi en 1833 par son frère Marius, précédemment fixé à Alger, où il était entré avec le corps expéditionnaire, au commencement cle juillet 1.S30. Les deux frères, Joseph et Marius, s'établirent alors sous la raison sociale Marius Ventre et C"" et s'adonnèrent dès le début au commerce des céréales, huiles, laines et peaux à l'exportation. De plus, représentants de plusieurs maisons de France, ils importèrent pour le compte de celles-ci les principaux articles de consommation tels que soieries, lainages, cotonnades, vins, denrées coloniales. L'association dura jusqu'en 1848, époque où M. Joseph Ventre se retira des affaires et rentra à Marseille. Son frère resta seul propriétaire de la maison et continua le même commerce sous la raison Marius Ventre, jusqu'en 1879, date de son décès. Il avait été depuis 1833, c'est-à-dire pendant quarante-six ans, . juge, consulaire, et député de la nation à plusieurs reprises. Ses fils Auguste et Henri lui succédèrent et prirent comme raison sociale : Les Fils de Marius Ventre. Ils s'occupèrent du. même genre d'affaires et lui adjoignirent une nouvelle branche, celle de la représentation maritime. Ils devinrent notamment les agents de la Société générale des Transports maritimes .à vapeur. Depuis 1879, la maison n'a subi aucune modification et fonctionne encore sous la même raison sociale. Elle a donné une plus grande extension à sa partie céréales.",lycée de Marseille,baccalaureat,,0,,0,0,3,1959,423,0.9441
L1912-02650,VERDELET,Henry,0,,,,,,Propriétaire du Domaine de Bir-Magda. près de Sfax. ,,,,Sfax,1903,1903,0,,0,0,,,,,0,,0,0,0,76,424,0.8243
L1912-02651,VERDIER,,0,,22 janv. 1884,1884,Paris,,Publiciste et explorateur à Alger. Nov. ,press_letters_arts,press_letters_arts,,,1900,1900,0,,0,0,collé-- . ge Chaptal. Rédacteur au «Courrier de Tunisie» en 1906.,,,,0,"Mission (février à juillet 1.905) au Maroc pour le Comité des colons français; correspondant de la Société de Géographie commerciale de Paris; nombreuses conférences coloniales à Bizerte, Sousse et Paris.",1,0,1,390,424,0.9107
L1912-02652,VERRIER,Jean-Marie-Joseph,0,,18 juin 1865,1865,Rougemont-le-Château,,off. clu NichanIftikhar. Professeur au lycée Carnot. Déc. ,education_science,education_science,,,1889,1889,1,palmes_academiques,0,0,,lycée Carnot,,"instituteur à Giro-Magny, à Belfort, à. Tunis,- à Maxula-Radès.",2,,0,0,0,256,424,0.9304
L1912-02654,VERSINI,Bernard,0,,4 avril 1879,1879,Vico,Corse,"Huissier à Thala. 1"" octobre 1896. Ancien secrétaire au Parquet de 'J'unis.",justice_law,justice_law,,,,,0,,0,0,,,,,0,,0,0,0,122,424,0.9125
L1912-02655,VERSINI,Dominique-Séraphin,0,,10 sept. 1863,1863,Cristinacce,Corse,"Juge au Tribunal mixte de Tunis, 0, r. d'Alger. ",justice_law,justice_law,,Tunis,1890,1890,2,palmes_academiques;nichan_iftikhar,0,1,"coll. Fesch, à Ajaccio; Faculté de Droit de Paris; bachelier es lettres; licencié en droit.",Faculté de Droit de Paris,licence_droit;baccalaureat,"juge de paix suppléant à Souk-el-Arba,. 1892; juge de paix suppléant à Tunis, 1S95; juge de paix du canton Nord de Tunis. Membre de l'Institut de Carthage.",4,"publication d'oeuvres poétiques dans des revues cle Paris et dans la «Revue Tunisienne» : «Les Chemins d'Exil», poésies, 1 vol., chez Lemerre.",1,0,0,589,424,0.9235
L1912-02657,VEYRIER,Jean-Etienne,0,,23 septembre 1.855,1855,Toulaud par Saint-Peray,Ardèche,"Professeur à l'école primaire supérieure, ",education_science,education_science,"7, rue d'Arles, Tunis",Tunis,30 sept. 1885,1885,2,palmes_academiques;nichan_iftikhar,0,1,"élèvemaître boursier de l'Etat, 1872-75; école modèle cle Dieulefit (Drôme); brevet supérieur.",,brevet_superieur,"instituteur adjoint à l'école communale de Dieulefit, 1875-76; maître adjoint à l'Ecole modèle de Dieulefit, 187C-S1; délégué maître adjoint à l'Ecole normale de Tulle, 1881-83; Econome de l'Ecole normale du Rhône (1883-84) ; commis des Ponts et Chaussées (service du Rhône-fleuve), à Lyon, 1SS4-85; maître adjoint à l'école normale cle Tunis (1885). Fond, et dir. de l'école de Bizerte (1885-91); maître adj. à l'Ecole normale de Tunis (1S91-92); fondateur et directeur cle l'Ecole payante de la rue de Suède (Tunis) (1892-1900); directeur de l'annexe de l'Ecole Normale, rue d'Arles, Tunis (1901-1908). De janvier 1.889 à janvier 1891, viceprésident cle la Municipalité cle Bizerte; trésorier du Comité tunisien de l'Orphelinat de l'enseignement primaire depuis que l'oeuvre fonctionne en Tunisie (1892); très, adjoint, membre du Conseil d'administration de la coopérative l'Epargne Tunisienne (1905-1908). A fondé la Caisse d'Epargne scolaire à Bizerte (1.886). Un des trois fondateurs de l'Amicale de l'Enseign. primaire (1904) ; vice-prés, des «Enfants clu Vivarais»; président délégué de la Mission laïque (1902-1903). A maintes reprises a.rempli les fonctions d'expert en écriture près le Tribunal de Tunis. Conférences aux 'instituteurs et institutrices sur l'enseignement cle l'écriture; délégué de renseignement au Conseil de l'instruction publique (1.904-1905-1906); secr. adj. de la. loge maçonnique de Villefranche-surSa.ône (1.SS4-1S85); secrétaire de la loge. Nouvelle Carthage (1892-1893) ; médaille de bronze (Tunis 1888), d'argent (Paris 1889), d'argent gr. module (Tunis 1895), d'argent (Paris 1909), diplôme d'honneur et médaille de bronze de l'orphelinat cle. l'enseignement. Etant vice-prés, délégué de la. Municipalité de Bi7erte, a fait construire les abattoirs en dehors de la ville et fait établir le cimetière arabe, à Sidi-Salem.",35,,0,0,0,2190,424,0.9281
L1912-02658,VIALAR,Anne - Marguerite - Adélaïde-Emilie DE,0,,,,,,"(Anne - Marguerite - Adélaïde-Emilie DE). Née. à Gaillac (Tarn), le . 12. ",,,,Tunis,septembre 1797,1797,0,,0,0,,,,,0,,0,0,0,515,425,0.9497
L1912-02659,VIDAL,Martial-Camille,0,,13 juin 1868,1868,,,"Directeur cle l'Ecole primaire supérieure de garçons, Sousse. ",,,,Sousse,7 novembre 1888,1888,4,palmes_academiques;nichan_iftikhar;ouissam_alaouite;medaille_coloniale,0,1,Collège de Montélimnr; école normale cle Valence; brevet supérieur; certificat d'aptitude pédagogique.,Collège de Montélimnr;école normale,brevet_superieur;certificat,"surveillant général au collège Alaoui à Tunis; directeur de l'école franco-arabe à Moknine; directeur de l'Ecole primaire super, de Sousse; membre fondateur du Cercle de la Ligue de l'Enseignement à Sousse; trésorier dudit cercle pendant plusieurs années. Médaille d'argent à l'Exposition coloniale de. Marseille.",7,,0,0,0,596,425,0.9392
L1912-02660,VIEU,Léon-Antoine-Louis,0,,13 octobre 1S73,1873,Saint-Martin-de-Londres,Hérault,"Instituteur à l'Ecole de la rue d'Italie, Tunis. ",education_science,education_science,,Tunis,15 oct. 1898,1898,3,nichan_iftikhar;ouissam_alaouite;medaille_coloniale,0,1,"école primaire supérieure de Toulouse; Ecole Normale de Gap; brevet supérieur ; certificat d'aptitude pédagogique. Sergent cle réserve. SUCCES' : maître surveillant au collège Alaoui, 1.898-99; directeur d'école à Zarzis, 1S99-1900; directeur d'école et receveur des Postes et Télégraphes à Ras-el-Djebel, 1900-03; directeur d'école et recev. des Postes aux Nassen, 1903-09. Médaille de bronze à l'Exposition d'Horticulture cle Tunis, 1905; médaille d'argent et médaille de bronze à l'Exposition coloniale de Marseille, 1905; médaille d'argent et médaille de bronze air Concours agricole de Tunis, 1.907.",Ecole Normale;collège Alaoui;Ecole de la,brevet_superieur;certificat,,0,,0,0,0,780,425,0.9224
L1912-02661,VIGIER,Jean,0,,22 oct. 1859,1859,Agris,,Médaille d'argent de sauvetage de la Marine. Commissaire de police à Teboursouk. 7 sept. 18891.,,,,Teboursouk,,,1,nichan_iftikhar,0,1,collège de La Rochefoucauld. SUCCESS 1 : inspecteur cle police à Tizi-Ouzou et à Tiout (Algérie); commissaire de police à Monastir.,collège de La,,,0,,0,0,0,341,425,0.9321
L1912-02663,VILLATTE,Pierre-Auguste,0,,2 sept. 1.850,1850,La Rochelle,Charente,"La vigne ne fructifie guère en Tunisie d'une façon appréciable qu'à partir de la quatrième feuille, autrement dit au boul cle quatre ans cle plantation. Elle est en plein rapport deux ou trois ans après. Son rendement s'élève alors, en moyenne, à une trentaine d'hectolitres par hectare, mais atteint",justice_law,justice_law,,Tunis,,,2,palmes_academiques;nichan_iftikhar,0,1,lycée d'Angoulême; Faculté de droit de Poitiers ; Faculté de droit de Paris; bachelier es sciences êtes lettres ; licencié en droit.,lycée d'Angoulême;Faculté de droit de Poitiers;Faculté de droit de Paris,licence_droit;baccalaureat,"avocat Quant aux fraie culturaux,ils ne sont généralement pas inférieurs à 350 francs par hectare.",1,,0,0,0,936,426,0.9191
L1912-02664,VILLATE,Louis-Edgard,0,,15 mars 1854,1854,Saumur,M.-et-Loire,"Attaché . à la Résidence Générale, professeur ae sténographie et de 'dactylographie, comptable, rue de la Kasba, Tunis. ",military;education_science;finance_banking,military,,Tunis,janv. 1890,1890,2,palmes_academiques;nichan_iftikhar,0,1,"lycées de Chambéry, Lyon, Grenoble, Auxonne, Douai; Faculté cle Droit et Faculté cle Médecine de Paris; externe à la. Maternité et à l'hôpital du Midi, à Paris ; certificat d'enseignement secondaire; diplôme oes hautes études commerciales. SUCCESS 1 : employé de commerce et deuxième acheteur dans une maison de commission et exportation à Paris; directeur d'une mine d'ardoise clans les Ardennes; dessinateur chez un architecte; directeur d'un bureau de vente cle matériaux cle construction et d'entreprises de travaux; sous-chef du mouvement des titres au crédit Lyonnais à Paris; agent technique cle la Compagnie du Canal interocéanique de Panama; souschef de brigade volante et chef du bureau des archives à la même compagnie; agent technique de la. Cie FiveLille à Santa-Fé et interprète officiel entre la Compagnie et le Gouvernement argentin; agent comptable de la Cie des Ports T.-S.-S., à Tunis; collaborateur à «l'Indicateur Tunisien»; employé de commerce à Tunis;- attaché à la Rési dence Générale. Prés, cle l'Associatior Sténographique unitaire (groupe de Tu nis) ; membre des Sociétés suivantes Gauloise, . Franco-Arabe, Tunisienne Lyre Tunisienne, la Fraternité, la Vie toire, Jeunesse Artistique. TRAVAUX Expansion en Tunisie de la sténogra à Augoulême; notaire à Blanzac; suppléant du juge de paix et juge de paix à Ruzles, Vernon et Montargis ; juge à Chûtillon-sur-Seine; juge d'instruction à Bar-sur-Seine; procureur de la République à Louhans; puis à Château-Thierry. Anc. prés, de l'Association du .Centenaire de 89 à Blanzac (Charente); prés! de l'Amicale des Deux-Charentes; memb. de la Ligue .de l'Enseignement et de l'Ecolière prévoyante; artc. délégué cantonal;: ancien conseiller municipal cle Blanzac.",,diplome_superieur;certificat,,0,causeries agricoles dans le journal «la Charente».,1,0,0,2034,426,0.9587
L1912-02665,VILLEJACQUES,Menilba,0,,,,,,"C. o. de Tunis, caïdat de la banlieue, à 8 kil. de Bab-Souika. D. A. Ecole mixte, a'côté du Bardo.",,,,Tunis,,,0,,0,0,,,,,0,,0,0,0,122,426,0.966
L1912-02667,VINCENSINI,Antoine,0,,26 mars 1855,1855,Baslia,Corse,"Médaille coloniale, off. du Nichon-Ifliikhar. Contrôleur clés Douanes à Tunis. ",administration,administration,,Tunis,24 avril 1881,1881,4,legion_honneur;medaille_militaire;medaille_coloniale;nichan_iftikhar,1,1,"école chrétienne des Frères. Capitaine cle réserve, 15° bataill. territorial de Zouaves. 14 campagnes militaires; a pris une part active à la. pacification du pays; a marché avec les colonnes Logerot en Kroumirie; Forgemol et Saussier à Kairouan, Gafsa et El-Aïchu; Jamais clans le Sud de la Régence. Etait adjudant au 4° zouaves; a quitté le corps en 1SS8, après avoir accompli seize années de service.",,,,0,,0,0,0,609,427,0.9132
L1912-02668,VINCENT,Claude,0,,6 mars 1871,1871,Laives,S.-et-Loire,Sous-chef de bureau à la Direction générale de' l'Enseignement. ,military;administration,military,,,12 oct. 1895,1895,2,palmes_academiques;nichan_iftikhar,0,1,brevet cle capacité (enseignement primaire).,,,rédacteur à la Direction générale cle l'Enseignement (comptabilité) jusqu'au 30 sept. 1906; économe à l'école EmileLoubet à partir de 1.906 jusqu'en 1909.,3,,0,0,0,393,427,0.9043
L1912-02669,VINCENT,Henri-Marie,0,,12 fév. 1857,1857,Pompey,M.-et-Mos.,"chev. de l'ordre de Saint-Grégoire. Professeur de mathématiques au lycée Carnot,Tunis. Mai 1886. Licencié es sciences.",education_science,education_science,,Tunis,,,1,nichan_iftikhar,0,1,,lycée Carnot,,"professeur à Bar-le-Duc, Vesotil, Vandôme et Tunis. Anc. prés, de l'Association amicale des professeurs et répétiteurs de l'enseignement secondaire, à Tunis.",2,,0,0,0,399,427,0.9384
L1912-02670,VINCENTI,,0,,,,,,"Médaille de Chine, chev. du Mérite agricole. Chef de bataillon au 4"" tirailleurs.",military,military,,,,,3,legion_honneur;medaille_coloniale;merite_agricole,1,0,,,,"élève h l'Ecole militaire de Saint-Cyr, souslioutenunl au 4° d'infanterie, a servi en cette qualité au 112' d'infanterie, au 2"". zouaves et au 3' tirailleurs; chef de bataillon uu 1"" tirailleurs et au 4* tirailleurs. Campagne de guerre de Bou Amama, 1S81-82; campagne de Chine, 1900-01; campagnes d'Algérie et cle Tunisie.",6,,0,0,1,475,427,0.8912
L1912-02671,VIOLANTE,Gioacchino,0,,20 avril 1866,1866,Mahdia,,Agent consulaire de S. M. Britannique. Propriétaire et négociant à Mahdia.,diplomacy;commerce,diplomacy,,Mahdia,,,1,nichan_iftikhar,0,1,lycée de Marseille. Conseiller municipal de Mahdia.,lycée de Marseille,,,0,,0,0,0,206,428,0.9482
L1912-02672,VIQUIER,Ernest,0,,8 avril 1877,1877,Ingénieur civil des Mines à Metlaoui,,"1"" oct. ",engineering_architecture;mining,engineering_architecture,,,1906,1906,0,,0,0,Ecole des Mines de SaintEtienne.,Ecole des Mines,,"ingénieur aux houilJières de Rive-de-Gier; 1900-06; ingénieur chef de service de la. mine dé Metlaoui, Compagnie de Gafsa.",3,,0,0,0,259,428,0.89
L1912-02673,VIRZI,Mineo-Paolo,0,,3 mai 1855,1855,Trupani,Sicile,Conducteur-typographe à. Tunis.. ,military,military,,Tunis,27 avril 1880,1880,1,nichan_iftikhar,0,1,,,,,0,,0,0,1,1458,428,0.9073
L1912-02675,VIVONA,Nicaise,0,,1864,1864,Castelvetrano,prov. cle Trapani,"(prov. cle Trapani), off. du NichanIftikhar. Entrepreneur cle travaux publics, av. de Lyon, Tunis. ",industry_crafts,industry_crafts,,Tunis,1880,1880,0,,0,0,,,,,0,,0,0,1,554,428,0.9035
L1912-02678,VUILLAUME,Raymond,0,,26 janv. 1.857,1857,Varnôville,Meuse,"Professeur d'escrime, S, rue Sidi-Zahnioul, Tunis. ",education_science,education_science,,Tunis,22 sept. 1882,1882,4,legion_honneur;medaille_militaire;palmes_academiques;nichan_iftikhar,1,1,,,,,0,,0,0,0,628,429,0.9404
L1912-02679,VULLIEN,Marie-André,0,,10 août 1881,1881,Epinal,Vosges,Médaille d'honneur des épidémies en bronze;-médaille d honn.. des épidémies en vermeil; off. du Niclian-litikhar. Doyen des internes de l'hôpital civil français. ,,,,,10 fév. 1905,1905,2,nichan_iftikhar;palmes_academiques,0,1,"collège d'Epinal ; lycées de Saint-Quentin et de Vesoul; Faculté des Sciences de Nancy; Faculté de Médecine de Bordeaux. Médecin. Aide-major de 2"" cl. de réserve:",collège d'Epinal;Faculté des Sciences de Nancy;Faculté de Médecine de Bordeaux,,,0,"A soutenu en 1908 devant la Faculté de Bordeaux une thèse de doctorat en médecine sur les injections intramusculaires de quinine dans le traitement du paludisme, thèse qui lui a valu le titre de Lauréat de la Faculté de médecine de Bordeaux. RÉCOMPENSES : Prix Godard (médaille de bronze) et mention honorable de Prix Desportes, en '1.909, à l'Académie de médecine; Médaille d'Jionneur des épidémies en bronze (Tunis, 1906), épidémies de variole et de fièvre typhoïde; 2 médailles d'honneur des épidémies < n vermeil (Tunis, 1909), épidémie de typhus exanthématique. Décoré de ces deux médailles comme interne du service des contagieux de l'hôpital civil français depuis 1905. '""W 1",1,0,1,1102,429,0.9205
L1912-02680,WARREN,,0,,4 avril 1.871,1871,Rouen,S.-lnf.,"Ancien officier de cavalerie. colon a licnaniûnes, au Mornag, près de Tunis, el ",agriculture,agriculture,"5, rue Newton, près de l'avenue Marceau, à Paris",Tunis,1901,1901,1,legion_honneur,1,0,,,baccalaureat,,0,,0,0,0,949,430,0.942
L1912-02681,WARREN,,0,,mai 1877,1877,Nancy,,"Colon à Ecbamunes, au Mornag, près de Tunis. 209, boul. SaintGermain, à Paris. ",agriculture,agriculture,,Tunis,1899,1899,0,,0,0,,,baccalaureat,,0,,0,0,0,249,430,0.937
L1912-02682,WARTELLE,Eugène,0,,14 mai 1845,1845,Lieusaint,S.-et-Marne,"Agriculteur à Aïn-Rhelal (Tunisie), septembr. ",agriculture,agriculture,,,1900,1900,1,legion_honneur,1,0,,,,"capitaine adjudant-major à l'armée de Ducro't en 1870; capitaine de territoriale; agriculteur de 1868 à 1873 ; manufacturier de 1873 à 1900; à partir de 1900, colon en Tunisie. Viceprés, de l'Associât, agricole de Tunisie.",6,"Mise en valeur du domaine d'Aïn-Rlielal, caïdat de Tebourba; publications diverses sur l'agriculture tunisienne et l'économie rurale. Campagne de 1870, sous Paris, a été décoré sur le champ de bataille lé 30 nov. 1S70. Membre cle la Conférence Consultative (1"" cire, 1"" coll.); élu en 1907.",1,0,2,748,430,0.9165
L1912-02683,WARZÉE,Charles,0,,8 août 1858,1858,Civet,,"comm. du NichanIftikhar, Médaille d'argent de sauvetage. Huissier à Sousse.",justice_law,justice_law,,Sousse,16 nov. 1888,1888,1,palmes_academiques,0,0,,,,"militaire en Algérie, 1879-83; huissier en Algérie, 1SS3-88; v.-prés. lion, dû Comité des Courses du Sahel (société hippique); anc. délégué à la Conférence Consultative (3° coll. de Sousse). Adjudant d'intendance de réserve, fclJ»'-*•! r ■ -^!• .^ii.aiC3ÏS!^^1""-5>r^VJr°t",7,,0,0,0,425,430,0.8489
L1912-02684,WARZÉE,Victor-Charles,0,,1S69,1869,Wadelincourt,Ardennes,Huissier à Kairouan. ,justice_law,justice_law,,Kairouan,16 janv. 1891,1891,1,nichan_iftikhar,0,1,,,,,0,,0,0,0,321,430,0.9258
L1912-02685,WATRIN,Ernest-Dominique,0,,21 août 1861,1861,,,"2, rue Saint-Charles, Tunis. 1"" octobre 1886.",,,"2, rue Saint-Charles, Tunis",Tunis,,,1,nichan_iftikhar,0,1,"lycée :de Nancy, Faculté de Droit de Nancy; licencié en droit; accomplit trois années de doctorat en droit. SUCCESS 1 : juge suppléant au tribunal de Tunis, juge au tribunal mixte, substitut à Valence-sur-Rhône. Administrateur cle plusieurs sociétés commerciales ou industrielles de Tunisie. Ancien membre de la Conférence Consultative (1905-1909).",Faculté de Droit de Nancy,licence_droit,,0,,0,0,0,470,430,0.8994
L1912-02686,WEBER,Jean-Frédéric,0,,3 mars 1858,1858,Colmar,Alsace,"Coloniale (agrafe Algérie-Maroc, 1881), Médaille cle la Mutualité, com. du Nichan-Iftikhar. Maître imprimeur, ",industry_crafts,industry_crafts,"11, rue de Constantine, Tunis",Tunis,1896,1896,3,palmes_academiques;medaille_coloniale;nichan_iftikhar,0,1,"collège de Strasbourg (école normale). Adjudant de territoriale. Vice-prés, de l'Union des Travailleurs Français; secr. gén. de la Société des Alsaciens-Lorrains; anc. v.-prés. de la Société «La Légion »; memb. du Conseil d'admin. de l'Assistance Mutuelle Tunisienne. Propriétaire de «la Tunisie Illustrée». A publié en 1906 «Les Italiens en Tunisie» et «Tunis l'hiver», en 1911, comme éditeur. Médailles d'or : Milan, 1906; Tunis, 1907; Bruxelles, 1910; Médaille d'argent : Bruxelles, 1910.",collège de Strasbourg;école normale,,,0,,0,0,0,727,430,0.9034
L1912-02687,WEISSEN-SZUMLANSKI,Wilfrid,0,,7 mai 1882,1882,Annecy,H.-Savoie,"Professeur et compositeur de musique, ",education_science,education_science,"48, rue des Silos, Tunis",Tunis,1902,1902,0,,0,0,"lycée de Poitiers, institution Szumlanski, lycée de Guéret; baccalauréat classique et moderne; lauréat du Conservatoire de Genève. Correspondant de différents journaux poétiques et littéraires; membre de la Société Astronomique de France.",lycée de Poitiers;lycée de Guéret,baccalaureat,,0,"«Lôandre et Héro», opéra en un acte, poème de M. le commandant Quiriel; «Aspasie», poème lyrique en un acte, paroles de M. le D' Arragoil. Quantité de romances, valses, czardas, ballets, etc., etc.",1,0,0,587,430,0.952
L1912-02688,WILLOT-BEAUCHEMIN,,0,,1863,1863,Verdun-sur-Meuse,,"Médaille de bronze de la Mutualité. Ingénieur adjoint des Travaux publics, 7, pass. Bessis, Tunis. Déc. ",engineering_architecture,engineering_architecture,,Tunis,1891,1891,3,palmes_academiques;merite_agricole;nichan_iftikhar,0,1,,,,conducteur des Ponts et Chaussées à Paris et à Boulogne-sur-Mer; chef adjoint clu Service des Travaux cle la Ville cle Tunis. V.-prés. gén. de l'Assistance Mutuelle Tunisienne.,3,parc du Belvédère; publication : «Elude sur le fonctionnement des sociétés mutuelles d'assurance en cas de décès ».,1,0,0,619,431,0.9268
L1912-02689,WISSEMANS,Maurice-Mario-Joseph,0,,15 août 1.S55,1855,Cbaumonl,Haute-Marne,Médecin principal de 1™ classe de l'armée; directeur du Service do Santé de la division d'occupation de Tunisie. Tunis. ,medicine_health,medicine_health,,Tunis,5 juillet 1911,1911,3,legion_honneur;palmes_academiques;nichan_iftikhar,1,1,"Lycée de Troyes, Faculté cle Médecine do Paris; école du Val-de-Grûce. Méd. aide-major aux hôpitaux de la division d'Alger (1880-1884); médecin du service réginienlaire (1884-1901), membre cle la section technique du service cle santé (190.1.-1908); secrétaire de la commission supérieure consultative d'hygiène et d'épidémiologie militaires au Ministère de la guerre (1904-1908), chirurgien de l'hôpital Saint-Martin à Paris (1906-1908); médecin-chef de l'hôpital militaire du Dey à Alger (1908-1911) ; directeur du service cle santé à Tunis (1.0 juin 1911),",Lycée de Troyes,,,0,diverses publications sur des sujets d'hygiène et de chirurgie mili-' lai'res. 7 campagnes.,1,0,0,969,431,0.897
L1912-02690,WITASSE,Pierre DE,0,,6 août 1878,1878,Senlis,Oise,"Ancien chef adjoint de cabinet au Gouvernement tunisien. Mars 1900. Licencié ôs lettres, diplôme de l'Ecole des Sciences politiques.",,,,,,,2,palmes_academiques;nichan_iftikhar,0,1,"collège de Dreux (E.-et-L.). A 18 ans, engagé volontaire au S° hussards, à LyonJ ; libéré, comme adjud. Commissaire spécial des chemins de fer à la. frontière cle l'Est, Pagny-sur-Mo- selle, Belfort, Toul. Chef des services administratifs de la Sûreté pulilique depuis 1899. Membre du bureau de la Société des Alsaciens-Lorrains.. ■",collège de Dreux;Ecole des Sciences,diplome_superieur,"attaché à l'Agence diplomatique de France au Caire, puis au Consulat général à Gênes. WIRTENSOHN (Eugène), 9 août 1862,. Buhl (Alsace-Lorraine), off. d'Académie, off. du Nichan-Iftikhar. Commissaire de police, lunis. Juillet 1899.",7,,0,0,1,764,431,0.9059
L1912-02693,YOUSSOUF-KHODJA,,0,,,,,,Envoyé extraordinaire _ du boy Hosseïn auprès clu roi Louis XV en juillet 1728. Son voyage en France aboutit à un traité de «paix el commerce».,,,,,,,0,,0,0,,,,,0,,0,0,0,160,432,0.866
L1912-02700,ZAKARIA,Mohsen,0,,1876,1876,,,"(Mohsen),1876, palais TaïebBey, à La Marsa. Publiciste arabe, La Marsa.",press_letters_arts,press_letters_arts,,La Marsa,,,0,,0,0,"collôce Sadiki et Ivcée Carnot. Rédacteur cle la revue sociale arabe « Kheïreddine». Membre du Comité de la. société sportive « La •'Musulmane » ; membre actif de l'Association des Anc. Elèves du collège Sadiki ; membre corr. du Cercle Tunisien. TRAV. : brochures et articles cle journaux en langue arabe (biographie dès hommes célèbres; critique sociale). Collaboration aux journaux «Essaouab», «El-Morched» et «El Asad», clu Caire.",collège Sadiki,,,0,,0,0,0,522,433,0.9314
L1912-02701,ZAKARIA,Saïd,0,,1878,1878,La Marsa,,"Aide de camp de S. A. le Bey de Tunis, La Marsa.",,,,La Marsa,,,1,nichan_iftikhar,0,1,"collège Sadiki et lycée Carnot. Certificat d'études primaires français. Capitaine de la garde bejdicale. A voyagé en France avec son grand-père, S. A. le prince Taïeb-Bey.",collège Sadiki;lycée Carnot,certificat,,0,,0,0,0,288,433,0.9574
L1912-02704,ZAMMIT,Jean-T.,0,,2 fév. 1S67,1867,Malte,,"Médecin, ",medicine_health,medicine_health,"5, rue Amilcar, Tunis",Tunis,,,0,,0,0,lycée et Faculté de Malte. Certificat des sciences de la Faculté de Malte.,lycée et,certificat,,0,,0,0,0,171,434,0.902
L1912-02706,ZAOUCHE,Abdelaziz,0,,fév. 1875,1875,La ■Marsa,,"Propriétaire-agriculteur, ferme de Chouchana, à Mateur.",agriculture,agriculture,,,,,2,merite_agricole;nichan_iftikhar,0,1,"collège SaintCharles, lycée Carnot, Ecole pratique d'agriculture cle Rouiba (Algérie) ; diplôme de cette Ecole. Deux médailles de bronze aux Concours agricoles. Membre cle la Commission technique el de la Commission d'examen de la Colonie agricole indigène de Lansarine.",collège SaintCharles;lycée Carnot,diplome_superieur,,0,Rapport sur des questions agricoles; consultations prat. d'Agriculture,1,0,0,511,434,0.9472
L1912-02707,ZAOUCHE,Abdeljelil,0,,15 déc. 1873,1873,La Marsa,,"Industriel, minotier, ",industry_crafts,industry_crafts,"24, av. cle France, Tunis",La Marsa,,,2,legion_honneur;nichan_iftikhar,1,1,"collège SaintCharles, lycée Carnot, Faculté de Droit de Paris ; licencié en droit. Administrateur du «Tunisien»; anc). prés, du « Cercle Tunisien», ancien administrateur de la société «Le Gros Tourteau». A fondé des sociétés coopératives indigènes dont il est le président : Es-Sâadia et «L'Union commerciale». Membre et ancien secrétaire indigène de la Conférence Consultative; conseiller municipal de la ville de Tunis; membre du Conseil d'administration, de «la Dépêche Tunisienne»; membre clu Conseil supérieur du Gouvernement (1911-1912); membre de la Commission de rénovation des arts indigènes.",collège SaintCharles;lycée Carnot;Faculté de Droit de Paris,licence_droit,,0,"deux brochures : «L'Instruction des Indigènes», «La propriété indigène el la colonisation » ; nombreux articles de journaux.",1,0,2,895,434,0.9369
L1912-02708,ZAOUCHE,Abdulhamid,0,,22 fév. 1.S79,1879,Tunis,,"Propr.. 10, boul. BabMenara,Tunis.",,,,Tunis,,,0,,0,0,lycée Carnot. Directeur cle la Société coopérative «La Sâadia» ; membre fondateur du Cercle Tunisien.,lycée Carnot,,,0,,0,0,0,189,434,0.877
L1912-02709,ZAOUCHE,Sellam,0,,15 avril 1.878,1878,La Marsa,,Propriétaire à La Marsa.,,,,La Marsa,,,1,nichan_iftikhar,0,1,"lycée Carnot. ' Deux mentions honora 1)1 es ^t médailles de bronze à dos concours agricoles el, horticoles. Membre du Cercle Tunisien, membre du bureau de la Société des Amis des Arbres el de la Société d'Horticulture ; quatre récompenses à leurs expositions. Auteur d'une brochure sur «La culture maraîchère; la culture frulière et la floriculture chez les indigènes de Tunisie» (1.911).",lycée Carnot,,,0,,0,0,1,491,434,0.9343
L1912-02724,ZARRI,André-Baptiste,0,,"4"" mars 1.S69",1869,Digne,B.-Alpes,"Chef de train, rue Sidi-el-Bidi, Tunis. ",military;administration,military,,Tunis,1896,1896,0,,0,0,,,,,0,,0,0,0,188,435,0.8198
L1912-02725,ZARROUK,Abou Baker,0,,18 fév. 1862,1862,Tunis,,"off. du Nichan-Iftikhar. Propriétaire, rue des Juges, 5, Tunis.",,,,Tunis,,,3,merite_agricole;medjidie;nichan_iftikhar,0,1,"collège Sadiki, institution Duvigneau de Laneau, à Paris, collège cle Constantinople; diplôme de fin d'études cle ce collège. Membre du Comité des Courses, de la Colonie agricole de Lansarine, du Cercle Tunisien, de la Commission des Stud-Book et de plusieurs autres sociétés. A accompli plusieurs voyages en Europe et en Orient.",collège Sadiki;collège cle Constantinople,diplome_superieur,,0,,0,0,0,491,435,0.9658
L1912-02740,ZUMMO,Joseph,0,,juin 1869,1869,Païenne,,Oculiste à Sousse. ,,,,Sousse,1902,1902,2,nichan_iftikhar;croix_rouge,0,1,Faculté cle Païenne. Ancien assistant de la Clinique cle l'Université de Païenne. Lieutenant cle la. Croix-Rouge. Trésorier de la Dante Aiighieri.,,,,0,"dirige depuis huit ans une clinique pour maladies des yeux où les pauvres, quelle que soit leur religion ou leur nationalité, sont soignés gratuitement. Zouaves (4* régiment). Le 4' zouaves provient du régiment de zouaves de la garde et du régiment de zouaves de marche créé en 1870 pendant la campagne contre l'Allemagne. Ce régiment cle marche fut formé avec deux détachements de renforts destinés aux deux premiers régiments et débarqués dans les premiers jours d'août d'Algérie, régiments qu'ils n'avaient pu rejoindre; enfin, avec les débris des régiments échappés de Sedan. La plus belle page du V zouaves est Champigny. A cette bataille, les zouaves, bien que jeunes soldats pour la plupart, chargèrent à la baïonnette et le régiment fut mis à l'ordre de l'armée.",1,0,0,1022,436,0.9511
L1912-02741,ZURETTI,Louis,0,,,,,,"Ingénieur-conseil, architecte-expert agréd près les tribunaux, ",engineering_architecture,engineering_architecture,"20, rue de Russie, Tunis",Tunis,1890,1890,9,palmes_academiques;nichan_iftikhar;ouissam_alaouite;medaille_coloniale;legion_honneur;saint_sauveur_grece;osmanie;merite_agricole;leopold_belgique,1,1,"collège cle Bône, lycée cle Conslanline, école Duvignenu cle Lanneau à Paris, Ecole centrale des Arts et Manufactures à Paris; diplôme d'ingénieur des Arts et Manufactures. A été chef de section des travaux neufs à lu C"" Bône-Guelma, puis entrepreneur de travaux publics. Membre cle la Conférence Consultative (2e coll., 5"" cire), élu en 1909; administrateur de la Société des Mines de Guelma; co-propriétaire et directeur des Mines clu Koudiatel-I-Iamra (Tunisie). A été vice-président clu Syndicat des. Entrepreneurs français de la Régence; est président du Comité de la Bibliothèque populaire de Ferryville. En Algérie, le 4° zouaves fit l'expédition de là grande Kabylie, se couvrit de gloire au combat d'icberiden, inscrit à son drapeau; il participa ensuite à la . campagne de l'Aurôs, à celle de Tunisie; il se fixa définitivement en 1.8S2 à Tunis. En 1900, il envoyait en Chine un bataillon qui se fit remarquer par son entrain et sa belle ardeur guerrière. SUPPLÉMENT _=_. AIN-HAMERAIA. C. c. de. Souk-ei-'\rba, annexe de 'J'ubarca, caïdat d'AïnDra.liuiu. Poste forestier, ù 20 k. d'AïnDraham. «Avenir de la Tunisie (L')», 14 oct. 1911; M'unis. Organe hebdomadaire des intérêts économiques du Protectorat, : commerce- — agriculture — industrie. G. Champromis,. directeur. Rédaction el administration, 49, avenue de Paris, à Tunis. Le numéro 5 cent. Impr. Fortin, 7, rue Amilcur, Tunis. 1EÎ «Bataille (La)», avril 1911. Journal hebdomadaire, paraissant le jeudi. Adiiiinislralion : 6, rua do Suède, 'J'unis. Abonnement annuel : 6 fr. Le numéro : .10 cent.-Imprimerie Commerciale, 2, rue Malla-Srira, Tunis. CAMPS (Damicn), 3 nov. 1.S54, Béziers (Hérault), ingénieur similaire, 9, avenue do Paris, Tunis. 1887. Collège Henri IV, Béziers, ancien maréchal des logis d'artillerie, ancien v.- présidenl de «la. Roussillonna.ise». TUAVAUX : Doublement clu siphon do BouNouuru; Iruvaux do la Compagnie Sl'axGufsa; hangar partie sanitaire Palais de Justice el Ecole professionnelle el divers. Grand prix à l'Exposition d'Hygiène de Tunis 191:1. CAPELLANO (Halo). 14 août 1S72. Tunis, olf. du Nichan-Iftikhar. Agent commercial et immobilier; agent général du i.hani. pagne «Prieur», etc., .1.5, rue d'Allemagne (Family Hôtel), 'l'unis. Hautes éludes commercia'les Institut V. E, de Gênes ; ■ membre de la Ligue i'ranco\ Italienne (Section cle 'l'unis); membre du Conseil d'administration uu L.omue ci Hivernage ; loncialeu-r et secrétaire général dû Syndicat des Hôteliers, Restaura leurs et Commerçants de Tunisie; vice-président cle l'Association des A. E. des Ecoles italiennes ; membre clu Syndicat de la Presse italienne ; correspondant de nombreux journaux et revues de tourisme en France el à l'étranger; collaborateur littéraire de plusieurs ouvrages concernant la Tunisie. GHA VANNE (Lionel), 1.1 mai 1874, Bienne (Suisse), off. d'Académie, off. clu Nichan-Iftikhar, Médaille de Sauvetage. Antiquaire, rue de Rome, n° 1, Tunis. 1886. collège Alaoui. TRAV.- : S'est adonné d'une façon toute spéciale aux collections d'antiquités, à la. fabrication el à la vente des bijoux indigènes dont il s'est fait une spécialité. GHODOROWIZ (Emile-Louis), 25 août 1.8S3, JBône (département de Conslanline), officier du Nichan-Iftikhar. Publiciste. Rédacteur en chef du « Courrier de Tunisie», 3, avenue cle France, Tu- - nis. lycées cle Tunis et d'Alger. Bachelier es lettres; breveté d'arabe, ancien interprète-traducteur au Service. Topographique. Membre du Syndicat de la Presse tunisienne; membre du bureau de la. Société l'Algérienne. CHOLET, 18 mai 1S69, off. clu NichanIftikhar, mécanicien à la. Compagnie du' Sl'ux-Gafsu, Sfnx. Membre de la' Conférence Consultative {2' coll., T cire), élu en 1909. __> Décorations tunisiennes (suite). — En plus des décorations tunisiennes énuméréos à la page 1.49 nous devons mentionner : 1"" la « Médaille de Crimée», instituée en 1.866 par le bey Mohammed es Sadok. à la suite de la guerre de Crimée, pour les sujets tunisiens .qui avaient combattu contre les Russes. Le ruban est le même que celui du Nichanll'likliar; 2° la «Médaille contre les Arabes», créée en 1.865 en mémoire de la répression cle la rébellion des Arabes. Elle comprend deux classes : en or, pour les officiers supérieurs, en argent pour les officiers el soldais. Le ruban de celle médaille est le même que celui du Nichan-Iftikhar. Ajoutons enfinque, jadis, les fréquentes incursions faites par les habitants des Etats barbaresques sur les côtes européennes cle la. Méditerranée donnèrent lieu à la création cle nombreux ordres destinés au rachat des captifs amenés en Tunisie ou dans la Barbarie. Au xif siècle Jacques I"", roi d'Aragon, créa successivement les ordres de « Notre-Dame des Grâces», de «Sainte-Marie de Mérude» et l'ordre militaire de «Notre-Dame de la Merci». Le pape Léon, en 1520, créa l'ordre de Saint-Pierre et le pape Paul III en 1528 créa l'ordre de SaintPaul, pour «former une milice capable cle défendre les côtes maritimes des Etats romains contre les incursions des pirates barbaresques». Ces deux ordres furent réunis en 1529. Monastir. Pharmacien de 1"" classe à Sotissei Lycée Carnot, Gr. Prix d'Honneur, bachelier es lettres, assistant-directeur des travaux de microbiologie à l'Université de Genève 1910. Pharmacien de première classe. Pharmacien biologiste. S'adonne spécialement à l'étude de l'enzymologie. Des ordres furent également, institués en commémoration des différentes expéditions contre .la Tunisie : en 1.269, Saint-Louis créa l'ordre de «la Coquille de Mer», appelé aussi ordre «d'OutreMer» ou du «Navire» ou encore du «Double Croissant». Le collier de cet ordre était composé dédoubles croissants d'argent et de. doubles coquilles d'or, attachés ensemble cle doubles chaînes d'or; à ce collier était suspendu un médaillon ovale représentant un navire armé et frété d'argent en champ de gueules, à la pointe ondoyôe d'argent el cle sinbple., En 1535, Charles-Quint, en souvenir du siège cle Tunis, créa «l'Ordre de Tunis» ou la «Croix de Bourgogne». En 1.893, la France a créé une médaille coloniale avec agrafe Tunisie, pour rappeler le souvenir cle la campagne entreprise en 1881-83. DOMINICI (Jacques), Tunis 1885, chevalier du Nichan-Iftikhar. Agent général de la maison Pernod fils en Tunisie, rue de Naples, n"" 35, Tunis. écoles chrétiennes des Frères. Médaille d'or avec félicitations du jury Exposition d'hygiène cle Tunis 1911. DOWLATRAM-FATHACHAND, Bombay DOUMET-ADANSON (Paul-Napoléon), 1834, Guérel (Creuse), chevalier de la Légion d'honneur. Naturaliste français. Etait le petit-fils cle l'illustre naturaliste Adanson. Fil une partie cle ses études on Corse de 1840 à 1845. A l'âge de 22 ans, il publiait en 1856, le «Catalogue raisonné des poissons i\u golfe du Lion, suivi de quelques idées sur la possibililé cle réenipoissonner les côtes françaises de la Méditerranée». En 1860, il herborisait avec lu Société botanique de ;'r,rice sur le mont Viso el fut désigné pour, publier le compte-rendu de cette herborisation. Il lit de 1.871 à 1.884 des voyages d'explorations en Algérie et on Tunisie'. En 1883 il fui nommé membre cle la mission do l'exploration scientifique cie Tunisie avec le D' Cosson et Philippe Thomas. Il visita avec la mission les environs do Tunis, le cap Bon, le littoral jusqu'à El-Djem et le plateau central jusqu'au Kef ainsi que la Kroumirie. En 1.884, il dirigea le groupe qui explora le sud entre Sfax cl Gafsa, la rive nord des Chotts, Gabès, les îles cle Djerba, Korkenna el Zembra. Après la mort du D"" Cosson, survenue on 1889, il fut chargé par le Ministère de l'Instruction publique des Travaux de la Mission cle Tunisie. Il mourul on 1897. (Inde anglaise), 1882. Agent-directeur de Uessos Pohoomull Brothers, de Bombay, maison de Tunis, ' 17, avenue de France. Articles orientaux. :__! DIACONO (Albin), 28 janvier 1883. Monastir. Docteur en médecine, rue cle Naples, 57, Tunis. collège S'- Charles el lycée Carnot cle Tunis. Ecolo de Médecine de . Marseille, Faculté de Montpellier, djpl. de grammaire, baccalauréat es lettres, certificat cle sciences physiques, chimiques el naturelles. Thèse 1909, Montpellier. Traitement du cancer par la ■ fulguration. Spécialité des maladies des voies urinaires el dos maladies vénériennes. EDDAOUNl DIACOMO (Hector), 7 février 1889, (Ainor), commandeur de l'ordre beylical du Nichan-Iftikhar, binbaehi à l'armée tunisienne, commandant du bataillon dïnfanlerje cle la garde ljeyli cale, Tunis. URODONAL - JUBOL — GLOBÉOL FELICI (Jean-Olivier), 13 avril 1862, Ajaccio (Corse). Chevalier de la. Légion d'honneur, off. d'Académie, Médaille commemoraiive du Maroc, officier du Nichara-lftikhar ; capitaine en retraite, 111, r. de Portugal Tunis. Bureaux : 4,, av. de France, Tunis. Mars 1889. collège d'Ajaccio. Capitaine cle réserve. Agent général de la Coinnasnie d'assurance sur la vie et contré l'incendie «la Nationale» el cle la Compagnie d'assurance contre les accidents « la Prévoyante»; président de l'Union géné. raie des Corses et des amis cle la Corse; président de la Société «l'Epée»; président du Comité permanent, de la Semaine des armes. 23 campagnes dont une de guerre. «Franc-Parleur (Le)». S avril 1.909. Organe radical-socialiste clu parti cle la prépondérance française en Tunisie, paraissant le jeudi, 8, rue cle Marseille, 'l'unis. 2* année. Directeur : M. Henry Giron. Imprimerie Commerciale. Abonnement. : 6 fr. par an. Le numéro : 5 cent. A cessé cle paraître le 1.8 juin 1910. «Franc-Tireur (Le)». 22 février 1911. Organe radical indépendant, paraissant te dimanche, 2, rue Mallu-Srira, Tunis. Première année : M. Henry Girou, directeur. Abonnement : 6 fr. par an. Le -numéro : 5 cent. Imprimerie Commerciale. A cessé de paraître le 5 février 1911. FUCHS (Edmond), 1"" avril 1.837, Strasbourg, off. cle la Légion d'honneur. Professeur de géométrie descriptive et de topographie à, l'école des Mines. Fil ses éludes à l'Ecole polytechnique (1.856) et à l'école des Mines (1858). Sorti n"" 2 de ces doux écoles. Participa à l'organisation cle l'exposition universelle de 1:867. Fait chevalier de la Légion d'honneur à celte occasion il reçut la croix d'officier on 1870, pour faits de guerre, comme .s'éta.nt distingué par son courage et son sang-froid à la bataille du. Mans en qualité de chel' du génie auxiliaire du 16"" corps d'armée, commandé par l'amiral Jauréguiberry. Plus tard, il essuya le feu de l'ennemi, sous les murs d'Hanoï, au Tonkin, pays où il était allé dans le but de rechercher el de découvrir des richesses minérales, mais il contracta en même temps les germes de l'impaludisme, qui devait briser brusquement et prématurément sa belle carrière à l'âge de 52 ans, en 1889. 11 avait été nommé ingénieur eh chef de 1"" classe en 1885. Il fit de nombreux voyages d'études : il parcourut notamment la Suède, la. Russie, la. Gallicie, la Tunisie, le Colorado, la Sottvra, lé Tonkin. C'est en 1.873 qu'une décision ministérielle le mit à la disposition clu Gouvernement tunisien « pour reconnaître la nature et la richesse des gisements qui se trouvent dans la Régence et pour indiquer les conditions pratiques de leur exploitation». Il visita au prix, de mille fatigués, à. cheval, sous - un soleil torride et dans des conditions déplorables au point de vue confort, des gîtes cle fer, cle manganèse, de plomb, notamment ceux du Djebél-Reças ; il étudia les sables aurifères, fit l'ascension du Zaghouan, arriva enfin à Tabarca où il définit le premier les puissants gisements de minerai de fer de la côte de Krotimirie. Fuchs revint en Tunisie en 1874,, dirigeant son attention vers la Tunisie méridionale. C'est à lui qu'on doit la connaissance exacte de la structure géologique de la région des Chotts : il mit au point la question de la dépression saharienne, démontrant que le niveau de la sebkha était au-dessus clu niveau cle la Méditerranée. Il a publié « Note sur l'isthme cle Gabès et l'extrémité orientale cle la dépression saharienne» (Bull. Société de Géographie cle Paris t. xiv). Les archives du Service des Travaux publics cle la Régence doivent conserver de lui un manuscrit précieux : «Notes préliminaires sur les explorations faites en mai, juin et juillet 1.873, dans la partie septentrionale de la Régence de Tunis». I «Indépendance agricole et mutualiste (L')», 19.11. Première année. Journal paraissant foules les deux semaines. Directeur-administrateur : Louis Garçon, 2, rue Annibal à Tunis et à Peisez,""par Medjez-el-Bab. Abonnement : 10 fr. par an. Le numéro : 1.0 cent. Imp. Fortin. ]£_: Karaka. Terme employé autrefois pour désigner les établissements pénitentiaires du Bardo el de Porto-Farina. Signifie : bagne, prison. Q y. Kalâa. Sens étymologique : rocher séparé des autres sur une montagne d'un accès difficile. Signifie également : place forte, citadelle, forteresse, ville protégée par des remparts. Kalâa-Seghira : la petite citadelle. Kalâa-Kebira. : la grande citadelle. Kalâa-Djerda ; le rocher nu, où rien I ne croît. C. V. Kef. Signifie sommet d'une montagne, rocher escarpé. La ville du Kef est en effet"" placée en nid. d'aigle sur le sommet d'une montagne. C. V. KELLER (Paul-Adolphe), 30 janvier 1875, Oran, off. du Nichan-Iftikhar. Arbitre-expert près les tribunaux; chargé de cours au Lycée Carnot, professeur à l'école cle Commerce cle Tunis, 1.5, av. de Paris, Tunis. Août 1902. Ecole cle Commerce d'Oran. Sergent de réserve. Professeur à l'école pratique de Commerce d'Oran cle 1900 à 1902. Président de l'Association des Comptables de Tunisie. Lettre de-félicita lion du Ministre de l'Instruction publique en juillet 1.902 pour cours cle sténographie et comptabilité. Médaille d'honneur de la Société nationale d'encouragement au Bien (section cle l'Enseignement). X_ LETOURNEUX (Arlistide-Horace), 21 Tévrier 1820. Rennes (Ille-et-Vilaine), officier cle la Légion d'honneur, de l'Instruction publique, de l'ordre du Sauveur de Grèce, comm. de TÔsmanié. Magistral el savant français. Issu d'une très ancienne famille de magistrats de Nantes, chez laquelle se perpétuaient depuis le xv-i"" siècle les fonctions de sénéchal cle Go.iimme. J* J t ses éludes el son droit clans su. ville natale où il devint secrétaire du Procureur général. Fut successivement substitut du roi. puis procureur do lu République (184-8) à Châteaulin,S'-Flouv, Brioutle et à Bône (1851), puis conseille]' à la cour d'Alger (1852-1876), conseiller el vice-président de la cour internationale d'Alexandrie el enfin conseiller honoraire à Alger. Polyglotte distingué, il avait su s'assimiler foules les finesses des dialectes, turc et arabe. II a publié «la Kabylie el les Coutumes kabyles» et une élude sur le «Déchiffrement des inscriptions libyco-berbères». 11 étudia particulièrement la botanique, la malacologie, l'entomologie. Il visita l'Espagne, la. Suisse, l'Italie, la Bavière, l'Autriche, la Hongrie, la Grèce. Il explora, pendant trois années consécutives les îles ioniennes et la. plupart de celles cle l'archipel. 11 visita en oui ré la. Croatie, la Serbie, la Slavonie, la Bulgarie, une par' lie de l'Asie mineure. l'Egypte, la Nubie, la. Tripoli laine, l'Algérie, la Tunisie et le Maroc. Pendant 4,0 ans il parcourut son pays cle prédilection, l'Afrique'du Nord. Il fit partie cle la mission de l'exploration scientifique cle la Tunisie avec le D' Cosson el Philippe Thomas. 11 constata la présence sur les côtes de Tunisie de plus cle 390 mollusques vivants, el clans tout te pays, la présence cïe 250 espèces d'Arachnides. 11 a publié eh 188(5 un «Prodrome cle la malacologie terrestre et fluvialjle cle la Tunisie. On peut dire qu'il a exploré la Tunisie en tous sens pendant des années de 1.SS3 à 1887 notamment. Il -fut l'un des tondu leurs de la Société des Sciences physiques, naturelles et climulologiques d'Alger dont il fut longtemps président actif, puis honoraire. 11 mourut à Alger en 1S90, à l'âge cle 70 ans. LICARI (Emmanuel), 1S69, Malle, officier cle l'ordre beylical clu Nichan-lflikhar, négociant-proprié¬ taire, S, rue d'Espagne, Tunis. ' LICARI (Giuseppe),- 1859, Malle, chevalier clu Mérite agricole, officier do l'ordre beylical du i\'ichnn-li'lfikhar, . négocia nlf-piropriétaire, S, rue d'Espagne, Tunis. MM. G. cl. 1.'.. Licari sont propriétaires de la Grande Distillerie Tunisienne, liqueurs et spiritueux, usine à vapeur, maison l'ondée en 1877, 8, 'rue d'Espagne. Chois et entrepôls : rues cle Colninr, cle Besançon et de Strasbourg. Vins rouges el blancs, muscals, mistelles, alcools. Huit comptoirs en ville. Succursales à Sousse el Sfax. Propriétaires des domaines Bellevuo à Manouba, 600 hectares, dont 185 en vignes, le reste on céréales, et Néféris à Khonguclel-l-ludjadj, 1.100 hectares, donl 200 on vignes. Récompenses aux expositions : Tunis 1888. Médaille d'argent; Paris 1889, doux Médailles de vermeil; Bône 1890. deux médailles vermeil et or: Chicago 1.893.Médaille d'argent: l.von 1891. Médailles d'or; Paris 1903, Médaille d'or; I Médaille de vermeil; Paris 1900, deux Médailles d'or; Paris 1903, Médaille d'or; Paris 1904, Hors Concours membre du jury; Liège 1.905, Médaille d'or; Marseille 1906, (\oi\^ Médailles d'or; Exposition Franco-Britannique Londres 1.900, deux Médailles d'or; Bruxelles 1910, diplôme d'honneur et Médaille d'or. JVI Maghreb désigne l'occident africain le plus éloigné, c'esl-à-dire le Maroc. Megherbi, c'est-à-dire Marocain, originaire du Maroc. Meghreb, c'esl-à-dire coucher du soleil, moment où tonne le canon pendant le mois cle Ramdane. C. V. MAHOMET. Nom du Prophète Mohammed, c'est-à-dire le loué, le comblé de louanges,1e digne d'éloges. Mahomet naquit à La Mecque vers 571. et mourut à. Médine en juin 632. Sa famille avait exercé à La Mecque, les plus grandes charges politiques et religieuses. Le père de Mahomet mourut quelques mois avant la naissance de son fils. Mahomet perdit sa mère peu après sa venue au monde et il fut, élevé par ses oncles qui faisaient du commerce avec la. Syrie. A 25 ans Mahomet épousa une riche veuve, Kliadidja, qui approchait de la quarantaine. 1) cul huit enfants qui moururent en bas âge. Mahomet- se crut appelé à restaurer ""dans l'Arabie la. religion, monothéiste. Il oui sa première révélation à 40 ans : l'ange Gabriel lui aurait révélé les six premiers versets cle la 96' sourate du Korun. Plus fard Mahomet prétendit, être envoyé par son dieu Allah pour èlro le chef spirituel de tous les hommes. La. ville cle Médine accepta, la première l'islamisme. Mahomet s'y retira (hégire), mais la lutte fut ouverte enIro Médine et La Mecque qui persislail dans l'idolâtrie. En 630, Mohamed s'empara de La Mecque. En plus de Kliadidja, le Prophète avait épousé 14, femmes., fl mourut de la fièvre en revenant d'un pèlerinage à La Mecque. C. V. MEDINA (Gabriel), 1.842, Smyrne. école dos Frères do la Doctrine chrétienne à Smyrne, jusqu'à neuf ans: fréquentation depuis des bibliothèques.' ■Eut l'honneur d'écrire le premier article scientifique paru dans la Revue Tunisienne : «Flore et faune du nord cle l'Afrique à l'époque quaternaire ». Ce travail fut complote par un autre sur la «Formation géologique des lorrains quaternaires du nord de l'Afrique», stii- vi de : «l'Atlantide et la ra.ee de Cro-Magnon». Abordant l'aurore cle l'histoire, M. Médina, dans une note sur la « Nécropole prétendue phénicienne de SaintLouis de Carthage » (.1894), étudiait les tombeaux à dalles buttées que venait de découvrir le P. Delatfre. 1] établissait d'une façon très nette que ce type de tombeaux, inconnu dans la Phônicle, se trouvait, au contraire, dans le monde ôgéen. D'ingénieux rapprochements venaient appuyer sa thèse. Médina la développait à nouveau dans un mémoire intitulé : « La, Thalassocratie égyptienne» (1895). et-surtout clans une étude sur «Les fouilles cle Carthage» (1897). Un essai d'interprétation de l'inscription clu «tombeau de Iachnalek» à Carthage lui parut confirmer la thèse qui lui était chère. Iadmalek aurait eu, selon lui, le sens de la «main du roi». Ce serait non pas un. nom propre, mais un titre équivalent à celui de gouverneur. Ce gouverneur aurait agi au nom de l'Egypte, suzeraine de cette partie cle l'Afrique, depuis sa thalassocratie. La doctrine de Médina s'affirmait davantage d'ans trois mémoires suivants : « Un peuplement syro-héléen dans le nord cle l'Afrique'avant la colonisation phénicienne (1899); L'âge clu bronze en Libye et clans le bassin occidental de la Méditerranée (1900) ; Les origines des peuples égéens alliés des Libyens, d'après les inscriptions égyptiennes et les inonumcnls figurés cle l'Asie Mineure (1908). Dans ces divers mémoires, Médina s'efforçait d'attribuer aux Hôféens, ce peuple dont il avait vu les monuments aux environs de Smyrne pendant son enfance, un rôle prépondérant' clans le peuplement du nord cle l'Afrique.: On doit encore à Médina. : un magistral exposé de l'«Hisloire clu Christianis-, nie dans le nord cle l'Afrique avant l'Islam» (1.901); une reconstitution; avec les mémoires du temps, de «l'Expédition de Charles-Quint à Tunis» (1906); des documents peu connus sur les «Karamanh (le la Tripolitaine et l'occupation de Tripoli par Ali Boulgotir» (1907). «L'étude critique» de Médina sur «rétablissement, d'une zone franche à Bizerte» (1904) étaitune protestation contre l'idée mise en, avant cle faire de Bizerle un port franc. Selon lui, tout port franc est.un nid de fraudeurs. La nation qui a. détruit les ■ ■nids de pirates de la Méditerranée se déshonorerait par la. création proposée. • M. Gabriel Médina correspondait dans neuf langues européennes. Il était litu-. la'iro d'une douzaine de décorations dont plusieurs lui furent remises par des malins royales. Les palmes académiques, demandées pour lui par l'Institut de Cartilage, lui furent remises, par le Président Emile Loubet, en la Maison cle France de Tunis. Décédé et inhumé à Tuins, oct. 1910. Méhari. Le méhari, qu'il ne faut pas confondre avec le dromadaire commun, le «djemel», est également un dromadaire à une bosse mais il est cle couleur blanchâtre et est apte à. faire des courses longues el rapides. Dans les territoires militaires du sud, notamment à Douz. les officiers des Affaires indigènes forment quelquefois des. « goums » qui ne comprennent que des cavaliersmontés à méhari. • Menzel. Lieu où l'on descend, où l'on met pied à terre, où l'on fait halte. Station, relais sur une roule très fréquentée. C. V. MIFSUD (Joseph), 21 janvier 1844, Tunis, banquier-propriétaire, 25, rue de. la Commission, Tunis. Président de la Société britannique de Bienfaisance, viceprésident de la Chambre de Commerce britannique. Minaret. En arabe «menara», désigne la tour d'une mosquée d'où le muezzin appelle les fidèles à la. prière. Bab-el-Menara : la porte du minaret. C. V, Moufeqed. Employé pour désigner un inspecteur d'administration: Moufeqed idarat El Mal, c'est-à-dire inspecteur de la. Direction des Finances. C. V. Mourakeube. Contrôleur, désigne en Tunisie le Contrôleur civil. Contrôleur civil se traduit mot à mot par El Mourakeube El Madani. C. V. isr NAAMÉ (Chucri), 26 novembre 1.869, Beyrouth (Syrie). Docteur en médecine, 1.2,, rue Es-Sadikia, Tunis. 4 novembre 1900. Lycée national ' et Faculté française cle Médecine (Beyrouth). Médecin aide-major cle réserve cle 2f classe. Ancien médecin de l'hôpital civil, cle Jérusa,- lem. Ecole Centrale de Paris. Promotion cle 1908. PONDEVAUX (Georges), 12 mars 1882, Lyon, oh. du Nichan-Iftikhar. Publiciste. Rédacteur à la « Dépêche Tunisienne », Tunis. Octobre 1900. Bachelier . es lettres - philosophie.. Coauteur de là revue «'As-tu vu mon zèbre», •représentée sur la scène clu pavillon municipal clu Belvédère en 1.909. SAINSOUS (Marcelin), 28 oct. 155.1, Saint-André de Cubsac (Gironde), off. du Nichan-Iftikhar. Courtier en vins, rue de Hollande, n° 7, Tunis' 1898. Ancien maître de cliaix à Bordeaux. SALIBA (Joseph), 1839, Malle. Fondateur de la première distillerie et fabrique de liqueurs cle Tunis, en 1.859, actuellement. Maison L. et S. Saliba fils, 3, rue de Bab-Carlhagène, Tunis. Décédé à Tunis en octobre 1.9:1.0. TUOR (Florin), 28 décembre 1863, Sontoiz, canton des Grisons (Suisse). Officier du Nichan-Iftikhar, propriétaire du Tunisia-Palace-Hôtel et du Dissentisherof, à Dissenlis (Suisse). Président honoraire 1 de la Société des Hôteliers, Restaurateurs et Commerçants cle Tunis. ""V VUARNET (Lucien), 2 juin 1870, Messiry, près Thonon-les-Bains (Haute-Savoie), off. du Nichan-Iftikhar. Hôtelier. 12, rue d'Italie, Tunis. 15 septembre 1908. collège de Genève (Suisse). école des Frères. Anc. membre de la Chambre de Commerce I anglo-maltaise. AIGROT (Charles) AUDEMARD (B.-J.) Biogr. page 5 Biogr, page 40 BRUSSIAU (Albert) CHAUFFIN (Léon) Biogr. page 7S Biogr. page 109 JULIEN (C.-E.-P.) LOTH (Gaston) Biogr. page 245 Biogr page 270 BOUCHET (L.-M.) Biogr. p. 71 DJAIBI (Mohamed) Biogi\ page 15S RIOU (Adolphe) Biogr. page 346 ADDITIONS ET. RECTIFICATIONS 1 — -A. ajouter Pages 1 (i AIN-SBAA : poste forestier. ! .12 ANGLADE {Louis-Guillaume) : chev. clu Mérite agricole. 27 Armée française : i-' chasseurs d'Afrique (i""~ colonne, 21.' ligne). 41 AUNIS : off. cle l'Instruction publ. 59 BERTRAND (Marius-Louis-Joseph) : ol'f. d'Académie. 71 BOUCHET (Léopold-Marius), négociant en vins. «La Carthaginoise», vieux vins cle Carthage. Médailles d'or : Bruxelles 19.10 et Paris 1911. Auteur cle «Regrets d'amour».valse chantée, créée nu Belvédère; paroles et musique, el, de la «Carthaginoise», polka-marche. 84 CAILLAT (Philippe) : décédé à Tunis on août '1911. 87 CAMUSI (Henri) : oif. cle l'Insi ruelion publique. 102 GHAILLEY (Raoul) : ol'f. d'Acaclém.' 105 CHAMPAVER (F.-M.-G.), Oif. de l'Instruction publique. 113 CHER VIN (Pierre) : chev. cle l'Ordre du Cambodge. J1S CLOTTEAU (Auguste-Lucien) : off. cle l'inslruction publique. 119 COEYTAUX (Alfred-Henri) : comm. du Nichan-Iftikhar. 1!3S DJARRA. C. c. cle Gabès. 185 FAGOT (Ch.-Louis). off. d'Académie. 188 FESLER (Antony). «Moscova», pièce en un acte (1905), en collaboration avec Pierre Elzéar. IS9 FESQUET (Malliilde) : off. d'Acacl. 191 FISGHEL (Félix) : off. d'Académie. 193 FLEURY (E.), président cle la Société des Courses. 199 GABÊS : hôtels.. 20:1. GAILLARD (Jacques) : lieutenant cle réserve au 4° tirailleurs. d'or à Paris. SOS GERMONNEAU (D.), chev. du Mérite agricole. 245 lournaux : «le Tunisien» (5' ann.), «la Justice» (•!' ann.), «l'Avenir» (■V ann.), «l'Avenir de la Tunisie» (1"" ann.), «le Phare» (1™ année), «l'Indépendance agricole et mutuelle» (1™ année). 245 JOYEUX (Emile) : off. d'Académie. 254 LACLOTTE (Faust) : actuellement principal du collège de Ponl-l'Evôque. 2G3 LELU (Lucien-Victor) : off. de l'Ins, Iruclion publique. 26G LÉVY : (J. V.) en journalisme ,1. Vehel. Directeur cle l'Agence Vehol, 32. av. cle Madrid; membre du Club Gullonberg, correspondant cle «la. Vie maritime el, fluviale»; rédacteur en chef clu journal humoristique «le Siroco»; président fondateur cle l'Amical Club cle Tunis; membre de l'Institut do Carthage; conférencier; représentant de commerce. 2(19 LODS (Ernest), off. de l'Instruction publique. 270 LOTH (Gaston) : articles dans la «Revue Bleue». 274 MAIRE (Ch .-Aristide) : décédé à Marseille en septembre 1911. 31.3 ORDINAIRE (Maurice),.off. cle la Lé-"" gion d'honneur. 347 ROBAGLIA (Paccal-Noncé) : décédé à La Goulette en août 1911. 3S0 Société de Secours mutuels et de Retraite des Sapeurs-Pompiers de Tunis. 80 membres participants, 48 membres honoraires. Bureau •: MM. Duplay, président; Bàudin el Corras, vice-présidents; Barsolti, secr.; Bastid, très.; Joubert, Léger, Cajeri, Atlard, administrateurs. 3 membres admis à la retraite. Avoir de la Société : 48.752 fr. Médaille d'or à Vichy, Médaille de vermeil à Nancy, Médaille d'or ; grand module à Royal, Médaille 446 ADDITIONS ET RËCtlPiCÀTÎONS (Suite) II — .A. rectifierPages Pages 1 ABITA (Joseph), 15e ligne, lire : sociétaire au lieu cle secrétaire. • Section tunisienne de la Société de préservation contre la tuberculose; vice-président cle l'Association sioniste tunisienne; Médecin du Club Gymnastique français.",collège cle Bône;lycée cle Conslanline;Ecole centrale;Collège Henri;Institut V;collège Alaoui;Lycée Carnot;collège S'-;collège d'Ajaccio;école des Mines;Ecole polytechnique;Institut de;Lycée national;collège de Genève;école des Frères;collège de Ponl-l'Evôque;Institut do,doctorat_medecine;baccalaureat;diplome_superieur;certificat,"secrétaire particulier de M. Besson, maire d'Evian-1 esBains, fondateur du grand Etablissement thermal qu'il dirige actuellement,' secrétaire général de cet établissement en 1892; journaliste à Thonon; puis directeur de la Société des dragages cle l'Indo-Chine, à Saigon, mars 1.897. Rentré en France pour cause de maladie devint de nouveau journaliste et collabora aux journaux et revues de la Haute-Savoie. Fondateur à Genève du «Journal Français», organe de la. colonie française en Suisse, dont il fui pendant deux ans le Directeur administrateur. En 1.908. il arrivait à Tunis pour exploiter le Tunis-Hôtel. Viceprésident cle la Société des Hôteliers. 3_. XERRI (l'abbé). Curé de la paroisse Saint-Joseph, Houmt-Souk (île de Djerba, Sud-Est tunisien). XERRI (Carmel), 1"" août 1879, Tunis, . cliev. du Nichan-Iftikhar. Placement de capitaux sur hypothèques, vente et gérance d'immeubles, receveur de rentes, mines, 7, rue d'Italie, Tunis. Ancien caissier-comptable de la régie E. BerLbier, cle 1897 à 1907, - • -■ XUËREB (Salvator), 2 avril 1859, Tunis. Pharmacien ; propriétaire de la Pharmacie anglaise, 8, rue des Maltais, Tunis.",18,"Auteur cle différents mémoires sur la pathogénie et le traitement de l'hystérie, de l'épilepsie, du mal de mer, les vomissements de la? grossesse, du syndrome cholérique, etc., sur le traitement de la coqueluche et cle la lièvre de Malte, etc., etc. NANI (Elconide), 1856, Malte. Industriel, rue Amilcar, Tunis. Vice-président de la Chambre cle Commerce britannique; président du Conseil d'administration de la Société anonyme des Mines de Sidi-Driss. Administrateur cle la Société civile des Mines clu Djebel-beuAmar. O Oulad. Oulad signifie fils, enfant. Au pluriel aoulad. On désigne aussi par oulad les enfants d'une même tribu, les hommes appartenant à telle ou telle tribu. C. V. Outika. On désigne sous le nom d'oufilca un acte cle notoriété destiné à remplacer un titre de propriété absent. Les outikas sont établis par des notaires après une publicité au « Journal Officiel ». C. V. JE 3 PATTI (Pietro), Favignana (Italie), 28 janvier 185 5. Négociant en vins, rue de La Valette, n' 3. 18 7 8. SUCCESSIVEM'' : marchand de tissus el vins: Conseiller de la Société de Bienfaisance Italienne; conseiller k la Société de la. Croix-- Verte ; membre de la Société Dan- - le Alighieri, membre bienfaiteur cle la Société Ouvrière Italienne; membre cle la Chambre de Commerce-Italienne. Médailles d'or aux Expositions de Rome et dé Gênes. «Phare (Le)». Septembre 1911. Journal hebdomadaire, portant en manchette, au-dessous du titre : Réformes, Progrès. Directeur politique : Christian Dominguez; rédacteur en chef : Raoul Fargeon. Bureaux : 8, r. des Tanneurs, Tunis. Abonnement : 5 fr. Le numéro : 5 cent. Imp. Modèle, Di Prospero et C"", 'l'unis. PISANI (François), 1"" janvier 1884, Tunis. Ingénieur, anciennement directeur des Mines de GueJma à Aïn-Imara, actuellement ingénieur attaclié à la Société d'Etude du Chabet-el-I-Iammana à Sottk-Ahras. Eludes sur la fièvre méditerranéenne dans la «Revue cle Médecine et d'Hygiène tropicales cle Paris», «Le Caducée», « la Gazette médicale de Paris », «la Province médicale»; la lièvre dite boutonneuse; les associations nevroso-organiques (hystérie et neurasthénie);, les maladies .fébriles en Tunisie; les fièvres pendant l'été 1907 ; traitement des différentes fièvres en général el cle . la fièvre méditerranéenne en particulier; les caractères physiques, mentaux et morbides des indigènes tunisiens. 41. AURÈS (Paul) : lire Valleraugue au lieu de Valleranges; 21* ligne : lire l'un des fondateurs de l'Amicale primaire et co-auleur de «la Petite Histoire», etc. 108 CHASSAGNY (A.-A.-B.) : supprimer «ancien répôlileur au lycée de Gafsa». 183 Essor (L'), 1, rue cle Grèce, Trouillot, trésorier. 130 CORDIER (M.) : actuellement juge à, Grenoble. 219 HADJEB-EL-AIOUN : Henchir Soualir au lieu cle Metlaoui. 330 PROUX (Auguste), commandeur du Nichan-Iftikhar, direct, du Comptoir d'Escompte ù. Tunis, 1903. 373 SITBON (Moïse), S, rue Ed-Drina au lieu de 3. Secrétaire général au lieu de vice-président du Conseil d'administration cle la Mutuelle maternelle israélite; président de la Commission des honneurs et membre consultatif de la Société de Secours matrimoniaux et mutuels (1909-10); ancien membre du Conseil d'administration cle la. Société des Cuisines popul. ; membre du Conseil d'administration du « Tunisia » ; correspondant de la «Mutualité Algérienne». 302 SCIALOM (David-Dario), S, rue des Tanneurs à Tunis au lieu de 20, rue de Constantine, à l'Ariana (au printemps), à La Goulette (l'été). Spécialiste diplômé des maladies des pays chauds. Médecin des hôpitaux el asiles. Directeur sanitaire de l'Asile des Vieillards. Médecin consultant des maladies cutanées et syphilitiques ù. l'hôpital israélile; membre du Comité cle la C: <_> ivt _=• >_. C3- iv i __: DES CHEMINS DE FER DE BONE-GUELMA et Prolongements ^_.I_Ci__I=lI__ ET TTJT<r ISIE3 FACILITES GENERALES DE CIRCULATION POUR LES TOURISTES Voyages circulaires à itinéraires fixes De France en Algérie et en Tunisie : 1° Par Marseille; 2° Par l'Espagne et l'Italie. Billets à prix réduits valables 90 jours avec faculté cle prolongation de 30 à 90 jours. Arrêts facultatifs à foutes les gares du parcours. Délivrés toute l'année par les gares françaises, algériennes el tunisiennes et par les agences cle voyages. Voyages circulaires à itinéraires facultatifs De France en Algérie, en Tunisie, aux Echelles clu Levant et vice versa. Carnets de toutes classes valables 90 jours avec faculté de prolongation de 30 à 90 jours. Réduction sur les carnets collectifs à partir de trois personnes. Itinéraire établi par le voyageur, avec un parcours minimum cle 300 kilomètres (ou comptant pour ce chiffre) sur les réseaux français. Faculté d'arrêt à toutes les gares du parcours. Délivrés toute l'année par les gares françaises, algériennes et tunisiennes et par lés Agences cle voyages. Voyages internationaux Carnets individuels de toutes classes valables 60, 90 ou 120 jours, selon la longueur du voyage, sans faculté de prolongation.' Parcours minimum 600 kilomètres, à effectuer partie sur les réseaux français, algériens ou tunisiens, et partie sur les réseaux étrangers. Faculté d'arrêt à tontes les gares du parcours. FACILITES SPECIALES AU RESEAU BONE-GUELMA Billets d'aller et retour délivrés : d'une part, cle toutes gares à toutes gares du réseau algérien de la Compagnie, et, d'autre part, de toutes gares à toutes gares de son réseau tunisien. ' Des billets d'aller et retour sont, en ""outre, délivrés au départ des principaux centres du réseau algérien pour certaines gares du réseau tunisien et du réseau de l'Etat-Algérien. Cartes d'abonnement d'un mois, trois mois, six mois ou un an, valables sur l'ensemble ou sur une partie seulement des réseaux algériens d'intérêt général. 448 ; .""..... Il est également délivré des cartes d'abonnement de même durée valables sur tout ou partie du réseau tunisien de la Compagnie. Cartes d'abonnement de familles valables dans les mêmes conditions que les précédentes.et dont les prix comportent, sur ceux des abonnements individuels, des réductions de 20, 30 et 40 %, selon le nombre de personnes d'une même famille ayant souscrit ensemble un abonnement. Abonnements mensuels entre Tunis, Maxula-Radès et Hammamel-Lif, avec des prix spéciaux considérablement réduits. Carnets de billets de saison de Tunis à Maxula-Radès et à Hammam-el-Lif, pour 40, 50 ou 60 voyages aller et retour, avec réduction cle 40 à, 50 % suivant la classe et le nombre cle voyages. Carnets de billets de famille de Tunis à Maxula-Radès et à Hammam-el-Lif, de 40 voyages aller et retour, pour 2, 3, 4 et 5 personnes, avec réduction variant cle 40 à 70 % suivant le nombre de personnes et les classes. Billets collectifs d'aller et retour à prix réduits et validité prolongée, délivrés clu l 01' juin au 30 septembre par certaines gares clu réseau tunisien pour les stations estivales, thermales, etc., du même réseau. Validité des billets simples à longs parcours. — Dans un but cle commodité ou d'agrément pour les voyageurs, la Compagnie BôneGuelma a décidé que les billets simples comportant un parcours cle plus de 200 kilomètres ou cle plus cle 300 kilomètres auraient une validité supplémentaire cle vingt-quatre heures clans le premier cas el, cle qnaranle-huil heures clans le second cas, avec faculté d'arrêt dans les gares, intermédiaires clu parcours. Les voyageurs peuvent profiler cle cet intervalle pour un seul séjour .en route d'égale durée ou pour plusieurs arrêts successifs, à. leur choix. Billets collectifs pour excursions de Sociétés voyageant par groupes de dix personnes au minimum ou payant pour ce nombre. — Il est délivré clans toutes et pour toutes les gares du réseau Bône-Guelma, pour les promenades et excursions d'au moins 30 kilomètres, aux Société cle Gymnastique, de Tir, cle Pompiers, de Musique, de Vélocipédistes, aux élèves des lycées, collèges, pensions, écoles, orphelinats, ou à tout groupe de personnes appartenant d'une manière permanente à une même Société et voyageant en uniforme ou avec un insigne distinclif identique pour tous les membres, des billets collectifs de 2° et 3e classe comportant, sur le prix ordinaire des places, une réduction de 50 % qui, sur le réseau algérien, peut atteindre, dans certains cas, 66 et 75 %. La durée de validité, qui est de trois jours, plus un jour par 100 kilomètres en . sus, peut être, à deux reprises, prolongée de moitié, moyennant un supplément de 10 % du prix pour chaque prolongation. '. ■ .__—, _ ___ —,—______—_—__.—. (Idltapie ta Pliospliates et du (llicmlii de Fer de Gafsa (Tunisie) Société anonyme au capital de 18.000.000 de francs SIÈGE SOCIAL A PARIS : 60, rue de la Victoire (IXe arrondissement) Conseil d'administration MINE DE REDEYEF .MM.Molinos. président, 15. rue Eugène-FIaclial. MM.Descous,ingénieur delaminedeRedeyef. Espaignol, ingénieur-adjoint de lamine ' Lanrans, vice-président, 12, rue 'J'iiôodiile-Uibot. de Redeyef. Boue, maître mineur chef. Berrouillier, chef géomètre. Ueigbedcr, 125, avenue de Villiers. cle Billy, G, rue Rembrandt. Bordefj 181, boulevard Saint-Germain. d'Eieblhal, 15, place Malesbevbes. l-lay, 20. Abcliurcli-Laue, à Londres. Ilél'y d'Oissel.l.rue de la Manutention. Leroy-Beaulieu', 27, avenue du Bois-cloBo'ulogne. Service du chemin de fer Sfax, adresse télégraphique : Cheminfer Téléphone 33 DIRECTION • Mirabaiiu A., 5(j, rue de Provence. Mirabaud G., 50, rue de Provence. .Marquis cle Monlaigu, 18, rue de Marlignac. MM.Tronchèrc, ingénieur-directeur du clie- - min de fer. Boizel, ingénieur du service central. Grange, chef du bureau de dessin. Richard, chef de la comptabilité. Renard, chef des approvisionnements. Baron dc>iorvo,22, avenuecloFriedland. Roux, 87, avenue/de Wagrani. Sauller, 15, rue cle Tooqueville. MOUVEMENT COMMISSAIRES DES COMPTES MM. Casanova,chef du mouvement. Vial,inspecteur de l'exploitation. Monuier, sous-iusp. de l'exploitation. .Mil. iïal)ignon,3'),riio d'Amsterdam. Rislelliuobei', 20, rue Choron. MATÉRIEL ET TRACTION Direction générale MM. Glichv,ingénieurdumatériel et fraction. Gourdéry, chef des ateliers, à Sfax. Glmvrier, chef do dépôt, à Sfax. Barcf, chef do dépôt, à Gafsa. 60, ruo de la Victoire, Paris Adresse télégraphique : Gafsax Téléphones : 150-04,150-00 MM.Pelle, ingénieur en chef des niines, directeur général de la Compagnie. VOIE MM.Cruel, ingénieur de la voie Boilcau, ingénieur principal des services techniques. Gouvét.chef de section prin'll™ section), do Planque, — (2° section). uulmisson,chol'du service commercial. Thévenin, — (iic section). Millier, chef clu bureau de la comptabilité générale. ALIMENTATIONS REPRÉSENTANT A TUNIS M.Beauvais. chef du laboratoire cl-des alimentations. M. de Robert, 1(>, avenue de Cartilage; téléphone 99. SERVICE DES EMBARQUEMENTS Sfax, adresse, télégraphique : l^osj'at Service des exploitations Téléphone 44 Sousse, adresse télégraphique : FosJ'al Metlaoui, adresse télégraphique : Jlnim DIRECTION Téléphone 07 MM.Bureaux., ingénieur-directeur dos exploitations. Oevoti, chef de la comptabilité. MM.Coudei'CjChef des embarquements de la Compagnie à Sfax. Renet, agent dos embarquements à Sousse. Lafont, chef de bureau à Sfax. MINE DE METLAOUI Domaine du Chahal ■ Mil.llcaiigô,iugéniem'delà mhiedeMcllaoui. Martin, ingénieur-chef du service do la MM. Salavy,directeur du domaine do Bordjde-la-Croix. mine. Le Cornée, ingénieur. Fabrègue, mat Ire mineur chef. Gnilbaminoud, — —- Loloup, gérant de la ferme de l'OuedCbabal. Mathieu, gérant de la ferme de SaintMichel. Aussel, chef géomètre. Raymond, gérant de la ferme Dollfus. CHEMIN DE FER D'ORLÉANS Ce qu'on peut visiter, en France, en empruntant les lignes du Réseau d'Orléans au départ de Paris Par la. vallée de la Loire les lignes clu réseau d'Orléans permettent la. visite cle nombreux châteaux historiques (Mois, Amboise, Clienonceuux, Chamborcl, etc.), de belles villes d'art (Orléans. Tours, Angers), et conduisent aux plages si iilIravanles de la côte Sud cle Bretagne (Le Croisic, Guérande, Quiberon, etc.). Au centre de la France, elles traversent les paysages pittoresques cle la vallée . cle la Creuse, du Cantal el de l'Auvergne (Hôtels de la Compagnie à Vic-sur-Cère et au Lioran) et mènent aux stations thermales du Puy-de-Dôme (La Bourboule, le Mont-Dore, etc.). Plus loin, ces mêmes lignes conduisent dans le Haut-Quercy (gouffre et rivière souterraine cle Padirac, grottes de Lacave) et aux merveilleuses gorges clu 'l'uni; enfin dans le Midi et le Sud-Ouest de la France, pur les grandes voies cle Toulouse el, cle Bordeaux, elles donnent accès à la région des Pyrénées desservie par la Compagnie des Chemins cle fer du Midi et si captivante par ses stations thermales, hivernales et balnéaires, ainsi que par ses merveilles naturelles (Vernel-les-Bains, Ludion, Pau, Biarritz, Arcachon, etc.). Afin de faciliter le tourisme dans ces diverses parties de son réseau, la. Compagnie d'Orléans accorde aux voyageurs cle noml)reuses facilités : billets d'aller et retour individuels el de famille, billets spéciaux d'excursions à. prix réduits, billets de voyages circulaires, cartes d'excursions individuelles et de familles, ciuiis Je Centre de la France et les Pyrénées, etc. Ci-après, à. titre d'exemple, quelques-unes des combinaisons les plus pratiques utilisables pour visiter la Touraine et l'Auvergne : I. To _L_-a.i__e | ont été créées pour répondre au désir des touristes qui se proposent soit de faire un voyage d'excursion sans programme arrêté d'avance, soit de s'installer dans une localité pour rayonner librement à leur guise dans toute la région et en revenant sur leur pas autant cle fois qu'ils le désirent, pour revoir pur exemple une localité qu'ils ont vue une première fois dans de mauvaises conditions, ou admirer ù. nouveau un château qui les a particulièrement séduits. Billets d'excursions en Touraine, aux châteaux des bords de la Loire et aux stations cle la ligne de Salnt-Nazaire au. Croisic. — Délivrance toute l'année. Premier itinéraire. — Durée : 30 jours, avec faculté de prolongation de 3 périodes de 10 jours, moyennant paiement d'un supplément de 10 % pour chaque période. PRIX DES BILLETS : 1"" classe : 86 fr.; 2"" classe : 63 fr. Paris, Orléans, Blois, Amboise, Tours, Chononceaux et retour à Tours, Loches el retour à Tours, Langeais, Saumur, Angers, Nantes, Saint-Nazaire, Le Croisic, Guérande, et retour à Paris via Blois ou Vendôme, ou via Angers et Chartres, sans arrêt sur le réseau de l'Ouest. Elles sont délivrées toute l'année au départ cle Paris et des principales gares clu réseau et comportent la faculté de circuler a. volonté sur les lignes d'Orléans à. Tours, 'de Tours à Langeais, cle Tours à Buzançais, cle Tours à Gièvre, cle Buzançais à Romorantin, et de Romorantin à Blois. Elles donnent, en outre, droit à, un voyage aller et retour, avec arrêts facultatifs et suivant un itinéraire défini au tarif, entre la gare cle départ du voyageur et le point d'accès à ladite zone. Deuxième itinéraire.— Durée : 15 jours, sans faculté de prolongation. PRIX DES BILLETS : Validité : 15 jours,non compris le jour du départ à l'aller ni celui de l'arrivée au retour, avec faculté de prolongation à, deux reprises de quinze jours moyennant supplément. 1"" classe : 54 fr.; 2° classe : 41 fr. Paris, Orléans, Blois,Amboise, Tours, Chenonceaux et retour à Tours, Loches el retour à Tours, Langeais et retour à Paris, via Blois où Vendôme. Les cartes de famille comportent une réduction de 10 à 15 % sur les prix' des cartes individuelles, suivant le nombre ùe cartes souscrites. Cartes d'excursion en Touraine Ces cartes, individuelles et de famille, Prix des cartes individuelles CLASSES l'oinls du départ 1 ''c 2° 3° Paris 75 » 35 » 35» Angers 7u » 50 » 35» ' Nantes 80» 60 » 40 » ! Le Mans 75 » 55 » 35 » Bourges 70 » 50 » 35 » Montiuçon 75 » 55 » 35 » Poitiers 75 » 55 » 35 » Moulins 95 » 65 » 45 » Ciniogos 90 » 65 » 40 » Angoulême 90» 65» 40» Péri gueux .100 » 75 » 45 » Bordeaux (Bastide on Saint-Jean) 105 » 75 » 50 » Clermont-Ferrand 10b» 75» 50» Montauban 125 » 85 » 55 » Toulouse ■ 135 » 9b » 00 » Des billets pour parcours complémentaires réduits de 40 % sont délivrés de toute station du réseau à une des gares situées sur l'itinéraire desdites cartes. II. Auvergne Carte d'excursion en Auvergne Ces cartes, délivrées du 1"" juin au 15 septembre au départ des gares ci-après, donnent droit : 1"" à un voyage aller et retour, par des itinéraires désignés, avec arrêts facultatifs, entre le point cle départ et le point d'accès à une zone d'excursions ; 2"" ù la libre circulation sur les lignes cle Clermont-Ferrand à Eygurande, cle LaqUeille au Mont-Dore, d'Eygurande à Aurillac, d'Aurillac à Arvant, de Neussargues ù. Bort, d'Aurillac à Saint-Denis près Martel et de Saint-Denis près Martel ù Rocamadour. CLASSES l'oints lit départ 1™ 2° 3° Paris MO » 80 r 55 » Orléans \ Tours / Poitiers > 9b » 65 » 45 » Bordeaux (Bastide ou \ Saint-Jean) ) Le Mans 105 » 73 » 50 » c_ïï2£™_::::::::ï 80» ss» 40» Moulins ) Limoges > 75 » 50 » 35 » Périgueux ) ■Augoulênie 1 Monïauba,i:::::::::: 8S» °°» 40» Toulouse ) Validité :■ un mois avec facilité de prolongation. Des cartes complémentaires sont délivrées pour excursions dans le département du Lot. Billets d'excursions en Auvergne et flans le Limousin Permettant de visiter : le Mont-Dore, la Bourgogne, Royat, Clermont-Ferrant, les vallées de la Cère et de l'Alagnon, le Lioran, les monts d'Aubrac, etc., avec arrêt facultatif à toutes les gares du parcours. La Compagnie d'Orléans délivre, du i"" juin au 30 septembre, des billets d'EXCURSION en AUVERGNE et dans le LIMOUSIN, valables pendant 30 jours au départ des gares dénommées ci-dessous, ainsi qu'aux gares et stations intermédiaires, aux prix réduits ci-après et comportant les itinéraires A, B et C, déterminés comme suit : Ces itinéraires comprennent : 1° Les parcours entre les points de départ : Paris, Orléans, Blois, Tours, Le Mans, Angers, Nantes, Périgueux, Poitiers, Angoulême, Bordeaux, Agen, Montauban, Toulouse et les points de contact ci-dessous des parcours circulaires ci-après définis; 2° Le parcours circulaire A : Vierzon, Bourges, Montiuçon, Chamblet - Néris (Bains cle Néris), Evaux-les-Bains (Bains d'Evaux), Eygurande, La Bourboule - (Bains cle La Bourboule), Le Mont-Dore Bains- du Mont-Dore), Royat (Bains de Royat), Clermont-Ferrand, Largnac, Ussel, Limoges (par Tulle, Brive et SaintYrieix, ou par Eymoutiers), Vierzon; 3° Le parcours circulaire B : Vierzon, Bourges, Montiuçon, Chamblet - Néris (Bains de Néris), Evaux-les-Bains (Bains d'Evaux), Eygurande, La Bourboule (Bains de La Bourboule), Le Mont-Dore (Bains du Mont-Dore), Royat (Bains cle Royat), Glermond-Ferrand, Largnac, Arvant (via Vic-sur-Cère ou Riom-ès-Montagnes), Figeac, Rodez, Decazeville, Rocamadour, Brive, Limoges (par SaintYrieix ou. par Uzerche), Vierzon. 4° Le parcours circulaire C : LimogesBénédictins, Mèymac, Eygurande, La Bourboule (Bains de La Bourboule), Le Mont-Dore (Bains du Mont-Dore), Royat (Bains de Royat), Clermont-Ferrand, Largnac, Arvant (via Vic-sur-Cère ou Riom-ès-Montagnes), Figeac, Rodez, Decazeville, Rocamadour, Brive, et Limoges (par Limoges (par Sâint-Yrieix ou par Uzerche). "" CLASSES Points do départ t™ 2° i™ 2e Itinéraire A Itinéraire 11 Paris 98» 73» 120» 90» Orléans 86 » 64 » 108' » 81 » Blois 86 » 64 » 108 » 8i » Tours 91 » 68 » 113 ""». 85 » Le Mans .'. 103» 77» 123» 94» Angers 103 » 77 » 123 » 94 » Nantes 113 » 87 » 133 » 104 » Itinéraire A Itinéraire C Poitiers 91 » 68 » ' 91 » 68 » Angoulême 91 » ""68 » 86 » 64 » Périgueux 86» 64» 81» 60» Bordeaux 98 » 73 » 98 » 73 » Agen... 98» 73» 91» 68» Montauban .... 98 » 73 » 86 » 64 » Toulouse 103 » 77 » 91 » 68 » 452 .'■ ■' III. _3il_e-ts dt'etllei' e_ retour collectifs dte famille j>o_i.-_"" les saisons dte _=*_,i___e___jps e-t c_*_H__é Ces billets, de toutes classés, sont délivrés aux'familles d'au moins trois personnes, à toute gare et pour toute gare clu réseau d'Orléans du jeudi qui précède la fête des Rameaux au 25 juin pour les Billets de Printemps et du 25 juin au 1"" octobre pour les Billets d'Eté. Faculté d'arrêt à. tous les points du parcours. Minimum de parcours exigé : 60 kilomètres- pour les stations balnéaires et thermales, 125 kilomètres pour toutes autres stations. Faculté pour le chef cle famille de revenir seul à son point cle départ, et faculté pour une ou plusieurs personnes cle la famille d'obtenir une.carte .d'identité permettant au titulaire de voyager isolément à prix réduit cle 50 % entre le point de départ et le lieu de destination mentionnés sur le billet. Réduction : Pour les trois premières personnes, prix des billets d'aller et retour ordinaires; pour la quatrième personne, réduction de 50 % sur le prix des billets simples; pour la cinquième et les suivantes, réduction de 75 % sur le prix des mêmes billets. En outre, avec les billets d'été, voyage collectif obligatoire pour trois personnes seulement de la famille. Validité : Pour les billets de printemps, 33 jours avec faculté de prolongation moyennant supplément. Pour les billets d'été, jusqu'au 5 novembre sans supplément, quelle que soit l'époque de la délivrance. NOTA. — Pour plus amples renseignements, consulter le, «Livret-Guide Officiel» cle la Compagnie d'Orléans, en veille au prix de 0 fr. 30 dans ses principales gares et stations ainsi que dans ses bureaux de ville, et adressé franco contre l'envoi de 0 fr. 50 cent. à. l'Administration Centrale, 1, place Valliubert, à Paris. Bureau du Trafic-Voyageurs (Publicité). . CHATEAU DE BLOIS : LA COLONNADE CHEMINS DE FER DU MIDI Les voyageurs peuvent effectuer des voyages sur le réseau du Midi (notamment dans les Pyrénées et aux Gorges du Tarn) au moyen d'une des combinaisons suivantes, comportant cle notables réductions sur les prix ordinaires des places : r Billets d'aller et retour individuels et de famille (de toutes classes); 2° Billets de voyages circulaires Paris — Centre de la France — Pyrénées — Provence et Gorges du Tarn (cle 1"" el 2° classes) ; 3° Billets d'aller et retour de famille pour les vacances ; A"" Cartes d'excursions dans le Centre de la France et les Pyrénées donnant droit à la libre circulation dans les zones à explorer. Ces cartes sont délivrées du 15 juin au 15 septembre, au dépari de toutes les gares des réseaux du Midi et cle l'Orléans. Durée cle validité : un mois avec faculté de prolongation moyennant supplément. 11 existe cinq zones d'excursions sur lesquelles le voyageur a droit à la libre circulation. Les prix varient suivant le point cle départ et la zone choisie. Des réductions allant de 10 % pour la deuxième personne, jusqu'à 50 % pour la sixième et les suivantes sont consenties à toute personne qui souscrit en même temps plusieurs cartes de même nature en faveur cle membres cle sa famille. 5° Billets spéciaux d'aller et retour, de toutes classes, pour LOURDES. Pour renseignements, consulter le Livret-Guide Officiel Illustré dont il est fait mention ci-dessous. VENTE DE DOCUMENTS PAR LA COMPAGNIE DU MIDI a) Au Service Commercial à Paris b) Dans toutes les bibliothèques des gares du réseau du Midi I ° Livret-Guide Officiel Illustré, contenant '..me notice descriptive du réseau des renseignements généraux sur les différentes combinaisons de voyages et l'horaire des trains , 0 50 2° Pyrénées : 1. De l'Océan nu Gave d'Ossau 0 50 11. Du Gave d'Ossau à la Garonne 0 50 III. De la Garonne à l'Ariôge 0 50 IV. De l'Ariège à la Méditerranée 0 50 3"" Carnet de caries postales illustrées sur les Pyrénées.... 0 50 CHEMINS DE FER DE PARIS A LYON k A LA MÉDITEllKANÉË Direction et Service des Titres : 88, rue Saint-Lazare, PARIS Exploitation et Service commercial : 20, boulevard Diderot, PARIS Agent commercial pour F Algérie et la Tunisie : M. DE MAZIÈRES, n"" 1, rue Berthezène, Alger Renseignements au Commerce sur les tarifs de transport. — Etude de tarifs pouvant faciliter les relations commerciales entre la Tunisie et la Métropole. — Examen des litiges et réclamations.— Renseignements sur les voyages en France et à l'étranger, circulaires et à itinéraires facultatifs. La Compagnie des Chemins de fer P.-L.-M., dans le but de faciliter les transac- - lions entre la Tunisie et les grands marchés situés sur son réseau, a mis en application, depuis quelque temps, de concert avec les Compagnies maritimes françaises, plusieurs tarifs communs pour le transport des produits du pays, notamment les vins, pour lesquels un nouveau tarif a été mis en application depuis le 20 juin 1901. Aux ternies de ce tarif, connu du commerce sous le n° 206, les prix par tonne cle mille kilos sont de 39 francs pour les expéditions de dix mille kilos ou payant pour ce poids et de 38 francs pour les expéditions de cinquante mille kilos. Ces prix comprennent le transport des luts vides en retour et l'assurance maritime du plein et du vide et s'entendent des ports de Tunis et de Sousse à. Paris-Bercy et gares intermédiaires. Tarif P. V. 216, pour le transport des huiles d'olives. Tarif P. V. 203, pour le transport des oranges et citrons. Tarif G. V. 214, pour le transport des fruits et légumes frais, etc. L'Agent commercial de la Compagnie P.-L.-M. à Alger (pour l'Algérie et la Tunisie) se tient à la disposition du Commerce pour fournir tous les renseignements voulus concernant ces tarifs et autres. Services directs entre PARIS et l'ALGÉRIE, la TUNISIE et MALTE [via MARSEILLE) Billets simples valables pour quinze jours PRIX PAR LES PAQUEBOTS DE PARIS AUX PORTS CI-APRÈS i.dolaC..&.. 2°de ]n Ode Navig^oT -OU VWC versa Transatlantique Mixle (Touachej l""cl. 2' cl. l'°cl. I 2» cl. 3- cl _________________ j Alger.. ...... 192 » 13i » 176 » 1-18 » 68 » Bizerte, Bône, Bougie, Plrilippeville, Cran, T'unis [via Bizerte) 177 » 124- » » » « « . » » Oran ' » »' » » 161 » 108 ■» 6» « Tunis (direct) ' 192 » 131 » 166 » 113 ■» 67 » Malle (La Valette) 247 » 174 « » » m » » -» Bône, Philippeville » » » » 176 » 118 » 68 » Ces prix comprennen l la nourri Une à liorcl des paquebots. Paris P.-L.-M., au bureau des passages de la O Glc Transatlantique, 12, boulevard des Capucines, et à. l'agence cle la Ode Navigation .Mixte (Touaclic),cliez M.Dosbois,'.), rite de Rome. Arrêts facultatifs sur le réseau P.-L.-M. à toutes les gares cle l'itinéraire.Franchise de bagages cle 30 leilogr. eu chemins cle l'or et, sur les paquebots,de 100 kilogr. en. Isolasse'. de 60 leilogr. en 2e classe et cle 30 kilogr. eii 3eclasse. Enregistrement direct des bagages cle Paris aux ports algériens et tunisiens. . NOTA.— En prévision des cliaugeinenls qui pourraient être apportés parles compagnies de navigation dans leurs prix de passage, consul Ici- les tarifs des prix de passage de ces compagnies. Délivrance des billets à Paris ; a la gave de Voyages à. itinéraires facultatifs de FRANCE en ALGÉRIE, en TUNISIE et aux ECHELLES du LEVANT ou vice versa La Compagnie délivre toute l'aimée des carnels, individuels ou collectifs,de 1™,2°et 3° classe, pour elfectuer, à prix réduits, des voyages pouvant comporter des parcours sur lès réseaux suivants : l°Pavis-Lvon-Méiliferrauée. Est. Etat. Midi. Nord. Orléans. Ouest. P.-L.-M.'Algérien. Est-Algérien, Etat dignes algériennes). Ouest-Algérien. BôneGuelina, Sfax-Gal'sa : 2» sur les lignes mariliines desservies par la O «'«Transatlantique, parla Gic de, Navigation .Mixte(Touache) par la S 1» G'° de Transports maritimes à vapeur: par la Odes Messageries maritimes ou par la O marseillaise de Navigation à Vapeur (Fraissinet el O). Ces vovages, don t. les itinéraires sont établis à l'avance par les voyageurs eux-mêmes, doivent comporter, en'mênie temps que des parcours français, soit des parcours maritimes, soit des parcours maritimes et algériens ou tunisiens; les parcours sur les réseaux français doivent être de 300 kilomètres au m'oins ou. comptés pour 300 kilomètres. Cette publication contient, avec de nombreuses illustrations, clos notices sur les points du réseau intéressants à visiter. La Compagnie mot également à la disposition du public, dans les bibliothèques des principales gares, aux prix indiqués ciaprès : d°La carie itinéraire de Marseille à Vinlimille avec notes historiques, géographiques, etc., sur les localités situées sur le parcours Fr. » 25 2» Les plaquettes illustrées désignées ciaprès, décrivant les plus intéressantes localités desservies par le réseau P.-L.M. : (Editées on langues française, anglaise et allemande) : a) Monuments romains et villes du moyen àgo du réseau P.-L.-M Fr. » 25 b) Monl-Blanc-Chauionix » _ a) Savoie-Suisse » 25 Ces parcours mardi mes doiven I être effectués exclusivement sur les paquebots d'une même Compagnie: ils peuvent cependant être effectués à la fois par les paqueliots de laC^des Messageries maritimes ou de la O marseillaise de Navigation A'Vapeur (Fraiss'uiet el. O) el par ceux do l'une quelconque des trois autres Compagnies do navigation. d) Dauphiné » 25 (Editée en français) : «; La. Corse » 25 (Editées en langues française, anglaise el allemande) : Validité.— Los carnets sont valables pendant iio jours, à compter du jour du départ, ce jour non compris; mais ils sont valables 120 jours lorsqu'ils comporte»t. des parcours sur les lignes desservies par la O des Messageries mari finies. Faculté de prolongation moyennant paiement (l'un supplément. /)Le Rhône, do sa source à la nier, avec illustrations hors texte en couleurs Fr. » 50 cdLa Côte d'Azur, brochure entièrement polychrome » 50 (Editées en français): h) L'A uvergne » 50 Arrêts facultatifs dans toutes les gares du parcours. /J A Uni m de vues du réseau P.-L.-M. » 50 j) Album Côle-d'Azur, Corse, Algérie si Tunisie, avec 10 cartes postales. » 50 11) Album Banlieue de Paris » 25 Demandes de carnets.— Los demandes do carnels peuvent être adressées aux chefs de toutes les gares des réseaux participants; elles doivent leur parvenir S jours au inoins avant la date du départ. L'envoi de ces documents est fait par la poste, sur la demande adressée au Service central de l'Exploitation, 20, boulevard Diderot,:! Paris, et accompagnée do 0 fr.85 en • timbres-poste pour le Livret-Guide Horaire P.-L.-M., de 0 h'. 60 en timbres-poste pour chacune des brochures : Le Rhône, de sa source à la nier; l'Auvergne; la Côte d'Azur; l'Album devnes du réseau P.-L.-M.jl'Albuin Côte d'Azur, Corse, Algérie et Tunisie; — de 0 fr. 35 en timbres-poste pour chacune des autres publications énumérées ci-dessus. Los renseignements les plus complets sur les voyages circulaires (prix, conditions el itinéraires) ainsi que sur les billets simples cl (l'aller el retour, cartes d'abonnement, relations internationales.horaires,etc..sont renfermés dans le Livrel-Guide-llo'raire P.-L.-.M., mis en vente au prix de 0 fr. 50 dans toutes les gares, les bureaux de ville et-les bibliothèques des gares de la Compagnie. Billets d'aller et retour individuels ou collectifs pour toutes les STATIONS THERMALES du réseau P.-L.-M. NOTAMMENT : Aix-les-Jiaim, ClmteUjwion (lîioni), Einan-les-Bains, Genève, Menlhon (lac d'Annecy), ' Urimje (Grenoble), Royat (Cleriuonl-Fei'raud), Thonon-les-Bains, Vichy, etc. . •i"" Billets d'aller el retour individuels valables 10 joHi's.avcc faculté do prolongation, cléli vrés du. {■» mai au 31 octobre, dans toutes les gares du réseau; réduction do 25»/.eu Ir° classe et de 20 »/■> en 2G et 3» classes ; 2"" Billets d'aller el retour cle famille va- lahles 33 jours, avec faculté de prolongation, délivrés du lcr'mai au 15 octobre,dans toutes les gares du réseau P.-L.-M., sous condition d'effectuer un parcours simple minimum de 150 kil., aux familles d'au moins trois personnes voyageant ensemble. Le prix s'obtient en ajoutant au prix de 4 billets simples ordinaires (pour les 2 premières personnes), le prix d'un billet simple pour la 3» personne, la-moitié de ce prix pour la 4e et chacune dos suivantes. Arrêts facidlatil's. — Faire la demande de billets (individuels ou collectifs) 4 jours au La Compagnie délivre.dans les principales Rares situées sur les itinéraires, des billots de voyages circulaires à itinéraires fixes, extrêmement variés, permettant de visiter, à prix très réduits, eu ■l™. 2e ou 3e classe, les parties les plus intéressantes do la France notamment l'Auvergne, la Savoie, le Daupliiné, la Tarentaise, la Maurienno, la Provence, moins à l'avance à la gare où le voyage doit être commencé. NOTA.— Il peut être délivré, à un ou plusieurs des voyageurs inscrits sur un billet collectif de stations thermales et en même temps que ce billet, une carte d'identité sur la, présentation de laquelle le titulaire sera admis à voyager isolément (sans arrêt), à moi lié prix du tarif général, pondant la durée de la villégiaturé de la famille entre le point, de départ el. le lieu de destination mentionné sur le billet collectif. Voyages circulaires à itinéraires fixes les Pyrénées, cle), l'Ilal ic, la Suisse et l'Espagne. Arrêts facultatifs à toutes les gares cl localités indiquées sur les coupons du billot. La nomenclature de tous ces voyages,aveu les prix el. conditions, ligure dans lé LivrclGuide Horaire P.-L.-M.', vendu au prix de 0 fr. 50 dans les principales librairies el agences de voyages de Tunis.",1,1,20,62481,436,0.9015
